:020000040800F2
:1000000050DC002045010008BB260008150200084E
:10001000B9260008C90A0008B52A00080000000037
:100020000000000000000000000000005701000870
:10003000CB0A000800000000970100080127000813
:100040005F0100085F0100085F0100085F01000810
:100050005F0100085F0100085F0100085F01000800
:100060005F0100085F0100085F0100085F010008F0
:100070005F0100085F0100085F0100085F010008E0
:100080005F0100085F0100085F0100085F010008D0
:100090005F0100085F0100085F0100085F010008C0
:1000A0005F0100085F0100085F0100085F010008B0
:1000B0005F0100085F0100085F0100085F010008A0
:1000C0005F0100085F0100085F0100085F01000890
:1000D0005F0100084D2A00085F0100085F01000869
:1000E0005F0100085F0100085F0100085F01000870
:1000F0005F0100085F0100085F0100085F01000860
:100100005F0100085F0100085F0100085F0100084F
:100110005F0100085F0100085F0100085F0100083F
:100120005F0100085F0100085F0100085F0100082F
:10013000DFF80CD000F01CFC00480047EB09000879
:1001400050DC00200648804706480047FEE7FEE7EF
:10015000FEE7FEE7FEE7FEE7FEE7FEE7FEE7FEE777
:10016000FD27000831010008EFF3108072B67047D8
:1001700080F310887047344A1368012B04D04FF085
:1001800001031360314A1060314A116031484FF069
:10019000805101607047EFF3108272B62A480168FF
:1001A00091B14FF0000101602848016829B1EFF3D7
:1001B000098121E9F00F0068016025490968096893
:1001C000B1E8F00F81F3098882F310884EF0040E35
:1001D00070471F4908601D494FF0000008601A4928
:1001E0004FF0010008601C481C49D0F8002041EA8B
:1001F0000201016017484FF0805101601848006803
:10020000006880F3088861B662B6BFF34F8FBFF312
:100210006F8F70471EF0040F0CBFEFF30880EFF3F1
:10022000098020E9F00F40F804ED1EF0040F0CBF28
:1002300080F3088880F3098800B528F0B7F95DF8E5
:1002400004EB4EF0040E7047BC000020B400002008
:10025000B800002004ED00E020ED00E00000FFFF0A
:1002600008ED00E02DE9F05F0546002092469B4630
:1002700088460646814640241BE0284641464746BC
:10028000224600F051F853465A46C01A914110D305
:1002900011461846224600F085FA2D1A67EB010830
:1002A0004F4622460120002100F07CFA17EB00099E
:1002B0004E41201EA4F10104DFDC484631462A46A7
:1002C0004346BDE8F09F2DE9F0410024061B25467A
:1002D00071F1000605DA01240027D0EB070067EB77
:1002E0000101161E73F1000605DA0027D2EB0702A2
:1002F000012567EB0303FFF7B5FF86460E46174659
:100300009C46AC4204D00025D0EB050E65EB0106FF
:1003100024B10020D2EB000760EB030C704631469D
:100320003A466346BDE8F081202A04DB203A21FAF0
:1003300002F00021704721FA02F3D040C2F12002FE
:10034000914008431946704740EA01039B0703D0D8
:1003500009E008C9121F08C0042AFAD203E011F804
:10036000013B00F8013B521EF9D27047D2B201E0C6
:1003700000F8012B491EFBD270470022F6E710B5AA
:1003800013460A4604461946FFF7F0FF204610BD03
:100390002DE9FE4F804681EA0300C00F0C46009015
:1003A00021F0004123F00045B8EB0200A94105D23D
:1003B0004046214690461C460B46024623F000402C
:1003C000104347D0270DC7F30A00C3F30A51029028
:1003D000401A019040286BDAC3F3130040F4801BED
:1003E0000098924620B10023D2EB030A63EB0B0B7B
:1003F00001985946C0F14002504600F0D3F9064634
:100400000D4650465946019A00F0DBF910EB080002
:100410006141002487EA115284EAE7731A4340D00D
:10042000009A62B3019A012A4FEA075215DC001BB9
:1004300061EB02014FF0004202EA0752CDE90042AF
:10044000001C41F5801132462B4600F012FA03B031
:10045000BDE8F08F40462146F9E7001B61EB020141
:10046000001C41F5801300185B412018A2F500170D
:1004700047EB030140EAD570B6196D4111E06D08F4
:100480004FEA360645EAC0754FEA0752001B61EB9A
:100490000201001C41F5801149084FEA30000019A3
:1004A000514132462B4603B0BDE8F04F00F0D2B9BF
:1004B0000098012240000023D0EB020263EBE073BE
:1004C000009821464FEAE074B8EB000061EB0401AC
:1004D000E9E783F000435BE781F0004158E72DE94D
:1004E000FE4F81EA030404F0004421F0004100942F
:1004F0004FF0000B23F0004350EA01045ED052EAB3
:1005000003045BD0C3F30A54C1F30A552C44A4F28C
:10051000F3340194A0FB0254C1F3130141F48011A0
:10052000C3F3130343F4801301FB024400FB034EA7
:10053000840A970A44EA815447EA8357A4FB076870
:1005400002958D0A05FB07854FEA932C04FB0C549A
:100550002705029D4FEA065847EA1637B5EB08050E
:100560006EEB070C870E920E47EA811742EA831260
:10057000A7FB0201B6EB0B0164EB00042B0D43EA71
:100580000C335E1844EB1C50DA465146E7FB02017F
:10059000C5F313044FEA0B3343EA14534FEA043212
:1005A000019C43EA0603A4F10C040294009CCDE9EB
:1005B00000B400F05EF903B0BDE8F08F0020014602
:1005C000F9E72DE9F04D81EA030404F0004B21F036
:1005D000004514464FF0000A23F0004150EA05029E
:1005E00020D054EA01021DD0C5F30A570246C5F3D4
:1005F0001303C1F31300C1F30A5640F4801543F40A
:100600008013A7EB0608101BD64608F2FD3873EBE3
:10061000050002D308F1010801E092185B41B8F12E
:10062000000F03DA00200146BDE8F08D00204FF4F2
:100630008011064684460EE0171B73EB050705D3B1
:10064000121B63EB050306434CEA010C49084FEA11
:10065000300092185B4150EA0107EDD152EA0300E5
:1006600012D082EA040083EA0501084305D0101B7A
:10067000AB4106D20122002306E000224FF00043E6
:1006800002E06FF0010253101AEB06004CEB085128
:1006900010EB0A0041EB0B01BDE8F04D00F0DAB8B9
:1006A0000EB5C10F80EAE0700844CA07002140F28D
:1006B00033438DE80E000A460B4600F0DAF803B02B
:1006C00000BD0EB540F2334102910021CDE9001189
:1006D0000A460B4600F0CDF803B000BD70B5C1F37B
:1006E0000A5201F000450024C1F3130140F2FF3328
:1006F00041F480119A4201DA002070BD40F2334388
:100700009A42A2F2334203DC5242FFF70DFE00E0B0
:1007100090402C43F1D0404270BD00F0004230F0D8
:1007200000400AD0C10D01F56071C0F3160042EA25
:100730000151C2084007114370470020014670472D
:1007400001F0004330B421F0004150EA010206D02C
:100750000A0DA2F56072C1F31301002A02DC30BC5D
:1007600000207047440F44EAC104C100E01830BCC7
:1007700000EBC25000F037B830B50B460146002000
:100780002022012409E021FA02F59D4205D303FA53
:1007900002F5491B04FA02F52844151EA2F10102D4
:1007A000F1DC30BD202A04DB203A00FA02F10020FF
:1007B00070479140C2F1200320FA03F3194390409F
:1007C0007047202A06DBCB17203A41FA02F043EAB1
:1007D000E07306E041FA02F3D040C2F120029140FA
:1007E0000843194670470029A8BF7047401C4900BC
:1007F00008BF20F00100704710B4B0FA80FC00FA86
:100800000CF050EA010404BF10BC704749B1CCF1B0
:10081000200421FA04F411FA0CF118BF012121433C
:100820000843A3EB0C01CB1D4FEA00614FEA1020F7
:1008300042BF002010BC704700EBC3501044002999
:10084000A4BF10BC7047401C490008BF20F0010045
:1008500010BC704710B5141E73F1000408DA401C78
:1008600041F1000192185B411A4301D120F00100CF
:1008700010BD2DE9F04D92469B4611B1B1FA81F2BF
:1008800002E0B0FA80F220329046FFF78BFF044678
:100890000F4640EA0A0041EA0B0153465A46084314
:1008A00013D0114653EA010019D0C8F14002504656
:1008B000FFF73AFD05460E46504659464246FFF7B9
:1008C00071FF084305D0012004E020463946BDE809
:1008D000F08D0020054346EAE0762C4337430A9822
:1008E0006305E40AA0EB08000022FD0A44EA47542D
:1008F0000A3002D500200146E9E7010510196941D7
:10090000DDE9084500196941BDE8F04DA2E7C1F3F2
:100910000A52C1F3130140F2FF3341F480119A42AD
:1009200002DA00200146704740F233439A42A2F2B5
:10093000334202DC5242FFF7F7BCFFF733BF00003F
:1009400030B5041E71F1000404DB4FF00044404256
:1009500064EB0101141E73F1000405DB1C464FF02B
:100960000043524263EB0403994208BF904230BDFA
:10097000064C074D06E0E06840F0010394E80700EC
:1009800098471034AC42F6D3FFF7D6FB64960408C0
:100990008496040870B58C1810F8015B15F00703F5
:1009A00001D110F8013B2A1106D110F8012B03E008
:1009B00010F8016B01F8016B5B1EF9D12B0705D410
:1009C0000023521E0DD401F8013BFAE710F8013B59
:1009D000CB1A921C03E013F8015B01F8015B521E75
:1009E000F9D5A142D8D3002070BD10B528F002FE81
:1009F000002010BD70B5044600688168C943C9076E
:100A000017D1816821F00101816000F0EFFC0546FB
:100A10000AE000BF00F0EAFC401B022804D920686D
:100A20008068C043C00706D020688068C043C00704
:100A3000F0D0002070BDA06A40F01000A062E06A13
:100A400040F00100E062012070BD0000F8B5002612
:100A50000446009600688168C943C9072DD08168A3
:100A600041F001018160164816490068B0FBF1F0C1
:100A700000E0401E00900028FBD100F0B7FC0546C6
:100A800016E000BF00F0B2FC401B022810D920681D
:100A90008068C043C0070BD0A06A40F01000A0627D
:100AA000E06A40F00100E06284F824600120F8BDB3
:100AB00020688068C043C007E4D10020F8BD000072
:100AC0002400002040420F00FEE7704772B6FEE7A8
:100AD00030B5B3F5804F05D06FF0704140F822106B
:100AE000002030BD8C690B688D6823434C68898970
:100AF000240144EA0524234343EA014150F822300B
:100B0000014C23401943E9E70000F0CF10B50A6813
:100B100050F8223023F0010340F822308C68082C72
:100B200023D000234A682243CC681C430B6922432C
:100B30001A434B690E4C1A43CB691A430B6A1A438A
:100B40004B6A1A438B6A1A43CB6A1A430B6B1A43DC
:100B50008B6913434A6B09681A4350F82130A34349
:100B6000134340F82130002010BD4023DAE7000095
:100B70007FFF0F0030B5D1E9003443EA04138C68DD
:100B80008D89240244EA054423430C8A074D00EB77
:100B9000820005EB045423430C7D6D0105EB0464D6
:100BA000896923430B434360002030BD0000F0FF00
:100BB000F8B50024009490F824202546012A12D08C
:100BC000012280F824204A681F23072A0DD20668D4
:100BD000776B521E02EB820293409F430B68934057
:100BE0001F43776319E00220F8BD06680D2A0AD278
:100BF000376BD21F02EB820293409F430B689340F6
:100C00001F43376309E0F76A0D3A02EB8202934013
:100C10009F430B6893401F43F7620A6807230668E7
:100C20000A2A0AD3F7680A3A02EB420293409F432A
:100C30008B6893401F43F76008E0376902EB42027C
:100C400093409F438B6893401F4337610A68102A83
:100C500001D0112A20D1124B02689A4217D1936811
:100C60001B0219D4936843F40003936009681029A8
:100C700012D10C490C4A0968B1FBF2F101EB810178
:100C8000490000E0491E00910029FBD104E0816A7F
:100C900041F020018162012480F824502046F8BDF3
:100CA000002401402400002040420F000068C06C76
:100CB000704700002DE9F04104004FF000057FD09F
:100CC000A06A002628B9E66284F82460204600F075
:100CD00081F82046FFF78EFEA16AC90600D420B134
:100CE000A06A40F01000A0626AE0A16A21F4885175
:100CF00041F00201A162334923688B42E16904D1CA
:100D0000B1F5402F01D14FF40021277B4FF4807CB7
:100D100041EA470261680A43A168614508D0012998
:100D200006D0002194F814E0BEF1010F02D00AE0D1
:100D30006146F7E7C7B1A76A47F02007A762E76AED
:100D400047F00107E7625F6827F469470F435F6078
:100D5000236899681C4F394011439960A168614527
:100D60000BD0012909D00CE0DFF860E0A7690EEB99
:100D700047370F4347F40061E5E7218A0D05A5F5E4
:100D800080152168CB6A23F470032B43CB62216862
:100D900089680F4B1940914208D1E662A16A21F09F
:100DA000020141F00101A162BDE8F081A06A20F0DA
:100DB000020040F01000A062E06A40F00100E06232
:100DC0000120F1E7003C0140FDF7E1FF00E0FFFFFB
:100DD000FE0E1FFF08B500680649884208D1064884
:100DE000816941F400718161806900F400700090B4
:100DF00008BD000000240140001002402DE9F84326
:100E000000270D460446009700F0F0FA804620685F
:100E10008168C90508D5A06A40F02000A06284F866
:100E200024700120BDE8F8834168C90503D4C06A75
:100E300010F4700F2AD0022000F06EFB3B490968C5
:100E4000B1FBF0F62068036939490B424FEA6101B2
:100E50004FEAA1121FD1C3684FEA611C13EA0C0FBD
:100E600019D103690B4225D1C068104222D1142048
:100E700023E0681C0AD02DB100F0B8FAA0EB0800FE
:100E8000A84203D920680068800725D5206800683B
:100E90008007EED52DE003690B4202D1C1681142F3
:100EA00006D0026923490A4206D1C068084203D12C
:100EB000542002E0292000E0FC204643009816E080
:100EC000681C11D02DB100F091FAA0EB0800A842E7
:100ED0000AD90098B04207D2A06A40F00400A0628C
:100EE00084F8247003209DE70098401C0090B042D5
:100EF000E6D321686FF012000860A06A40F4007029
:100F0000A06220688068C0F3424007280CD1207B93
:100F100050B9A06A20F48070A062A06AC00403D413
:100F2000A06A40F00100A06200207BE724000020BE
:100F3000244992244992240070B5044690F8240074
:100F400001280DD0012084F824002046FFF77EFD03
:100F500002004FF0000005D084F82400104670BD58
:100F6000022070BDA16A40F20123994341F48071CF
:100F7000A1621F4D23681F49AB4218D10E6816F4B9
:100F8000702F14D0A66A46F48016A6620E68760505
:100F900005D5A66A26F4005646F48056A662A66ACF
:100FA000F6040AD5E66A26F00606E66206E0A66AB8
:100FB00026F48016A6625E68E9E7E06284F8240001
:100FC0006FF00200186020688368C3F34243072B68
:100FD00005D1A84208D1096811F4702F04D08168A6
:100FE00041F480118160B9E7816841F4A001F9E71B
:100FF000002801400424014010B590F8211000227F
:10100000022905D00421816380F82020012010BD31
:1010100001680B6823F00E030B6001680B6823F076
:1010200001030B6090F84030C46B012101FA03F317
:10103000636080F8211080F82020104610BD000069
:101040002DE9F05F90F821100024022903D004213B
:101050008163012485E001680A6822F00E020A60BB
:1010600001680A6822F001020A603F4E3E4FB21545
:10107000DFF8F4C0DFF8F090DFF8ECA0DFF8E8B0BC
:10108000DFF8E4E00168783F13011502ACF1640C6D
:10109000A9F15009AAF13C0AABF1280BAEF1140EEC
:1010A0004FF48018B14227D9B9420ED0614512D011
:1010B00049451DD0514518D0594518D0714501D129
:1010C000424615E0294EB14201D1012210E0274EDF
:1010D0001436B14201D110220AE0244E2836B14222
:1010E00006D0224A3C32914201D11A4600E02A46FB
:1010F0001E49091F0A602BE0B94213D0614517D081
:10110000494522D051451DD059451DD0714501D1C9
:1011100042461AE0B14202D14FF0807215E0134E00
:10112000B14201D1012210E0104E1436B14201D17A
:1011300010220AE00D4E2836B14206D00B4A3C324E
:10114000914201D11A4600E02A46074980394A6097
:10115000012180F82110002180F82010416B01B19D
:1011600088472046BDE8F09F800002400804024006
:1011700030B585B000200090019002900390124895
:10118000016800291ED1012101601048416941F424
:10119000807141614069022400F4807004904FF630
:1011A0008070CDE90004032569460395084800F0E6
:1011B00013F84CF6B370CDE9000469460395054871
:1011C00000F00AF805B030BD100000200010024009
:1011D00000180140001401402DE9F84FDFF8C891D4
:1011E0000024A9F1040B23460F2709F1040AABF1EF
:1011F000040ED1E00125A54006EA0502AA4276D1F7
:10120000DFF8A8C14E68A6EB0C0866452BD00DDCB4
:10121000032E34D005DC36B3012E19D0022E2FD187
:101220001BE0112E16D0122E2AD119E0B8F5881F16
:1012300019D006DCB8F5803F15D0B8F5801F1FD156
:1012400011E0B8F5001F0ED0B8F5041F18D10AE060
:10125000CB6815E0CB681B1D12E0CB6808330FE0AC
:10126000CB680C330CE08B682BB1012B4FF00803DB
:1012700003D0456104E0042302E0056100E000239F
:10128000FF2A01D8064601E000F104064FEA840572
:1012900001D9A5F12005D6F8008007FA05FC28EA57
:1012A0000C0803FA05F548EA0508C6F800804D6801
:1012B000ED0070D53E4DAE6946F00106AE61AD69F8
:1012C00024F0030605F0010500953A4D06EB050CE8
:1012D000DCF80850A607360F07FA06F825EA0805D5
:1012E000DFF8D480404503D14FF0000825E052E0FC
:1012F000DFF8C880404502D14FF001081DE0DFF85B
:10130000C080404502D14FF0020816E0DFF8B480FB
:10131000404502D14FF003080FE0DFF8AC804045B4
:1013200002D14FF0040808E0DFF8A080404502D168
:101330004FF0050801E04FF0060808FA06F848EA01
:101340000508CCF808804D68D9F80060ED024D46DC
:1013500001D5164300E096432E604D68DAF8006030
:10136000AD02554601D5164300E096432E604D6808
:10137000DBF80060AD035D4601D5164300E09643FF
:101380002E604D68DEF80060ED03754601D516430A
:1013900000E096432E60641C0A681646E2407FF423
:1013A00029AFBDE8F88F00000804014000001110CB
:1013B000001002400000014000080140000C014004
:1013C000001001400014014000180140001C0140C1
:1013D000C26821EA02030A4043EA02410161704700
:1013E0000AB1016170470904FBE700000148806809
:1013F0007047000018000020074810B5016841F050
:1014000010010160032000F075F8002000F006F8DC
:1014100000F024F8002010BD0020024070B50D4DF2
:1014200004464FF47A712878B1FBF0F00A49096854
:10143000B1FBF0F000F0E8FB48B9102C07D2002215
:101440002146501E00F036F800206C6070BD01206F
:1014500070BD000018000020240000200C4808B5D2
:10146000816941F001018161816901F0010100910F
:10147000C16941F08051C161C06900F080500090A5
:101480000448416821F0E06141F00071416008BD0D
:101490000010024000000140002809DB00F01F029C
:1014A000012191404009800000F1E020C0F80011C6
:1014B00070470000F0B40E4B1B680C46C3F30223C8
:1014C000C3F10705042D00D90425191D072901D2F0
:1014D000002300E0DB1E012606FA05F1491E21402B
:1014E00099409E40761E16403143F0BC01F0F8BA98
:1014F0000CED00E0064900F0070208684FF6FF0314
:10150000184040EA0220034A104308607047000078
:101510000CED00E00000FA0510B501460020284C53
:1015200004292FD00BDC012930D0022929D100F069
:1015300071F96168C1F38131491C49001FE0082934
:1015400020D010291DD161682268D20119D51D480B
:10155000C1F38342C903805C0AD56168194AC1F3AB
:101560004041921E515C184AB2FBF1F1484301E040
:10157000164948436168490203D440000321B0FB87
:10158000F1F010BDBDE8104000F054B9226AC2F37A
:101590000121012903D1920701D5C80310BD0229F9
:1015A00005D1626A920702D549F6404010BD032971
:1015B000FCD121688903F9D54FF2244010BD000009
:1015C0000010024086FD020800127A0000093D006A
:1015D0002DE9F84305460078354CC00754D0E06942
:1015E0000026C00008D4E06940F08050E061E06966
:1015F000012600F0805000902E480168C90512D4E1
:101600000168804641F480710160FFF7EFFE0746F4
:1016100005E000BFFFF7EAFEC01B642823D8D8F816
:101620000000C005F6D5206A10F4407021D0A988CA
:1016300001F4407181421CD0206A1F49012220F42C
:1016400040700A6000220A602062C00711D0FFF7D4
:10165000CDFE074641F2883808E000BFFFF7C6FE1E
:10166000C11B414502D90320BDE8F883206A8007E9
:10167000F4D5206A696820F44070084320621EB1E6
:10168000E06920F08050E0612878800705D5606827
:10169000A96820F44040084360602878C00605D55A
:1016A0006068696920F48000084360600020DBE71F
:1016B0000010024000700040400442422DE9F04713
:1016C0000F46050061D0434E306800F00700B84275
:1016D00009D2306820F0070038433060306800F0ED
:1016E0000700B84251D128683B4C810712D540070A
:1016F00003D5606840F4E06060602878000703D597
:10170000606840F4605060606068A96820F0F00094
:10171000084360602878C00728D06868012810D086
:101720002168022810D0890700292EDA616821F08B
:10173000030101436160FFF759FE804641F2883999
:101740000DE021688903EFE78901EDE7FFF74EFE21
:10175000A0EB0801494502D90320BDE8F087606885
:10176000696800F00C00B0EB810FEFD1306800F039
:101770000700B8420BD9306820F0070038433060CA
:10178000306800F00700B84201D00120E5E7287872
:10179000400705D56068E96820F4E06008436060B0
:1017A0002878000706D56068296920F4605040EA6F
:1017B000C100606000F03EF86168084AC1F303119F
:1017C000515CC8400649086006480068FFF726FEDD
:1017D0000020C2E7002002400010024096FD0208EF
:1017E000240000201C000020014800687047000011
:1017F000240000200448054900684968044AC1F3F0
:101800000221515CC84070472400002000100240B3
:10181000A6FD02080448054900684968044AC1F366
:10182000C221515CC84070472400002000100240D3
:10183000A6FD02080E4A51680E4801F00C03042B65
:1018400011D0082B0FD10C48C1F38343C903C05CEE
:101850000AD55168084AC1F34041921E515C054ABD
:101860005043B0FBF1F07047044948437047000013
:101870000010024000127A0074FD020800093D00C9
:101880002DE9F84F040070D02078C04DC00749D032
:101890006868C0F38100012807D06868C0F3810040
:1018A000022809D16868C00306D52868800339D5A5
:1018B00060680028E7D035E06068B0F5803F0BD065
:1018C00010B1B0F5A02F11D0286820F48030286026
:1018D000286820F4802002E0286840F480302860E6
:1018E000606890B1FFF782FD06460AE0286840F480
:1018F00080202860F0E700BFFFF778FD801B642898
:1019000073D828688003F7D50CE0FFF76FFD064613
:1019100005E000BFFFF76AFD801B6428F0D8286847
:101920008003F7D420789A4E80074FF001094FF0DA
:10193000000839D5686810F00C0F07D06868C0F34C
:101940008100022809D16868C00306D4286880078E
:1019500014D52069012808D110E02069B0B1C6F87B
:101960000090FFF743FD074605E00AE1FFF73EFD63
:10197000C01B0228C4D828688007F7D52868616989
:1019800020F0F80040EAC10028600DE0C6F80080B1
:10199000FFF72CFD074604E0FFF728FDC01B0228D7
:1019A00023D828688007F7D4207800072CD57948F9
:1019B000A169D9B1C0F80090FFF718FD074604E00F
:1019C000FFF714FDC01B02280FD8686A8007F7D5FF
:1019D00071484FF4FA510068B0FBF1F0009000BF7D
:1019E0000098411E0091FAD20EE080E0C0F800801D
:1019F000FFF7FCFC074604E0FFF7F8FCC01B0228D9
:101A000075D8686A8007F7D42078400760D5E86900
:101A10000027C00008D4E86940F08050E861E86918
:101A2000012700F0805000905C480168C90513D47C
:101A30000168834641F480710160FFF7D7FC82465C
:101A400006E000BFFFF7D2FCA0EB0A0064284ED8E6
:101A5000DBF80000C005F5D5E06801280AD008B120
:101A6000052813D0286A20F001002862286A20F097
:101A7000040002E0286A40F001002862E06841F2B8
:101A8000883B98B1FFF7B2FC82460BE0286A40F031
:101A900004002862EEE700BFFFF7A8FCA0EB0A01F4
:101AA00059455AD8286A8007F6D50CE0FFF79EFC06
:101AB000824605E0FFF79AFCA0EB0A0159454CD895
:101AC000286A8007F6D41FB1E86920F08050E861E9
:101AD000E06988B36968C1F38101022944D0022812
:101AE000C6F8608004D0FFF781FC044638E034E09B
:101AF000FFF77CFC074604E0FFF778FCC01B0228D8
:101B00002BD828688001F7D4206AB0F5803F05D132
:101B10006868A16820F4003008436860D4E90801CF
:101B20000843696821F4741108436860C6F860903E
:101B3000FFF75CFC044606E025E000BFFFF756FC1B
:101B4000001B022809D828688001F7D51BE000BFD8
:101B5000FFF74CFC001B022802D90320BDE8F88FD8
:101B600028688001F4D40EE00128F7D06868226A62
:101B700000F48031914204D1616A00F4701088420F
:101B800001D00120EAE70020E8E700000010024051
:101B900000004242800442422400002000700040C5
:101BA00070B515460E46040007D0A069B0F5807FD9
:101BB00003D094F8410010B107E0012070BD00206F
:101BC00084F84000204600F01DF804F10801206868
:101BD000FEF79CFF3146A2682068FEF7CBFFD4E9F0
:101BE00001022946236BFEF773FFA168206850F8B5
:101BF000212042F0010240F82120012084F8410018
:101C0000002070BDFFF7B4BA10B5401EB0F1807F60
:101C100001D3012010BD4FF0E02460610F21601757
:101C200000F05EFF0020A06107202061002010BDB1
:101C300070477047F8B5016804460868CA684B6980
:101C400010F00F0F4FF0000559D003F0010602F419
:101C50009077374365D0C10705D0D10503D5616CB6
:101C600041F001016164410705D5D90703D0616CDA
:101C700041F002016164810705D5D90703D0616C89
:101C800041F004016164010707D502F020013143EE
:101C900003D0616C41F008016164616C00293AD0A5
:101CA000800604D5900602D5204600F0D7FD2068B6
:101CB0004069616CC0F38010090700D460B320460E
:101CC00000F0A5FD20684069400621D52068143049
:101CD00050E8001F21F0400140E80012002AF5D131
:101CE000E06BA8B16D494163E06BFFF7A9F90028EB
:101CF00011D0E06B416B01B0BDE8F04008478306AE
:101D00000FD593060DD52046BDE8F84000F0A6BDDE
:101D10002046FFF78EFFF8BD2046FFF78AFF656477
:101D2000F8BD266B2023012E7CD1C6067AD5D606B7
:101D300078D508684868009048694FF00206400668
:101D400040D5E16B086840680004000CE8D0A28D23
:101D50008242E5D9E085886920282DD020680C30A2
:101D600050E8001F21F4807140E80012002AF5D1EC
:101D70002068143050E8001F21F0010140E80012F3
:101D8000002AF5D12068143050E8001F21F04001EE
:101D900040E80012002AF5D184F84230256320681B
:101DA0000C3050E8001F21F0100140E80012002A1A
:101DB000F5D1E06BFFF720F96663A08DE18D401A45
:101DC00081B22AE0A08DE18D401A81B2E08D002819
:101DD000A6D00029A4D022680C3252E8000F20F4CB
:101DE000907042E80007002FF5D12068143050E8C9
:101DF000002F22F0010240E80027002FF5D184F8DF
:101E00004230256320680C3050E8002F22F0100289
:101E100040E80023002BF5D166632046FFF708FF5A
:101E2000F8BDFFE705062BD5150629D594F8410026
:101E30002128F5D1A068B0F5805F01D12069B0B14B
:101E4000206A411C2162216800784860E08C401EB5
:101E50000004000CE084E3D12068C16821F0800117
:101E6000C1602068C16841F04001C160D8E7206AC4
:101E70000088C0F308004860206A801C2062E5E703
:101E80004006CDD55006CBD5CA68204622F0400288
:101E9000CA6084F8413000F01EF9C1E7FF2700084E
:101EA00070B5040004D094F84100002510B106E09C
:101EB000012070BD84F84050204600F023F8242013
:101EC00084F841002068C16821F40051C1602046B7
:101ED00000F026FD2068016921F49041016120682D
:101EE000416921F02A0141612068C16841F4005133
:101EF000C1606564202084F8410084F84200656375
:101F0000002070BD30B585B0002400940194029487
:101F100003940068184988422CD11848816941F41B
:101F200080418161816901F480410491816941F0BE
:101F3000040181618069124D00F0040004904FF4A7
:101F4000007000900220019003200390694628460B
:101F5000FFF742F92815CDE90004694628460294A6
:101F6000FFF73AF9002211462520FFF7A3FA2520B2
:101F7000FFF792FA05B030BD003801400010024072
:101F8000000801402DE9F84F044690F842009A46B7
:101F900016460D46202802D00220BDE8F88FB5B1C4
:101FA000AEB100206064222184F842102063FFF764
:101FB0001DFAA6858146E685A0684FF48058202743
:101FC000404501D1206920B12E46002529E001209D
:101FD000E3E7002625E04B46002220212046CDF8ED
:101FE00000A000F0F9FC18B184F842700320D4E797
:101FF00026B1A06840451AD038B108E02068406892
:10200000C0F3080025F8020B08E0206978B12068C9
:10201000406800F07F0000BF06F8010BE08D401E15
:10202000E085E08D0028D6D184F84270B5E72068BD
:102030004068F1E770472DE9F843044690F8410005
:10204000984616460D46202802D00220BDE8F883A7
:1020500085B17EB100206064212084F84100FFF743
:10206000C5F9A6848146E684A0682027B0F5805F84
:1020700002D003E00120E9E7206910B12E460025D7
:102080000EE000260CE08021204600F0A5FCA8B957
:10209000C6B116F8010B21684860E08C401EE08450
:1020A000E08C4B464FF00002CDF800800028EAD1CA
:1020B0004FF04001204600F08FFC40B184F84170A1
:1020C0000320C3E735F8020BC0F30800E3E784F808
:1020D00041700020BAE7704710B54FF0C0410420AE
:1020E0000880052026F048FF0B48018801880188F8
:1020F0004FF6FF72008802EA01210843A0F5134160
:10210000413905D0A0F50541523903D0002010BD5A
:10211000012010BD022010BD000002602DE9F05F1B
:1021200000224FF48051B948FFF75AF9642026F095
:1021300023FFB74C002202212046FFF751F964200B
:1021400026F01AFF012202212046FFF749F97820E4
:1021500026F012FFFFF7C0FFAE494870B8B1002269
:10216000A404AD49C1233027032512264FF064098A
:102170004FF0CF084FF0ED0C4FF0810A4FF0E80E12
:102180004FF0850B012803D002287CD1A1E0FEE7A7
:10219000A4F800800A800B800F80A4F800C0A1F88A
:1021A00000900D800E80A1F800A0A4F800E0A1F836
:1021B00000B04FF01008A1F800807A200880CB20F2
:1021C0002080392008802C2008800A803420088054
:1021D00002200880F720208020200880EA2020802C
:1021E0000A800A80C02020801B20088023800E8067
:1021F000C52020803F2008803C200880C720208008
:10220000912008804FF0360EA4F800E04FF0480B04
:10221000A1F800B03A20208055200880B12020800D
:102220000A8018200880B62020800A200880A2207A
:102230000880F22020800A8026202080012008804B
:10224000E02020800F20088031260E802B270F8071
:102250004FF00C0AA1F800A00E270F804FF00809DC
:10226000A1F800904FF04E0CA1F800C04FF0F10C17
:10227000A1F800C04FF0370CA1F800C04FF0070CD8
:10228000A1F800C000E0B8E0A1F800800D800F8048
:102290004FF00908A1F800800A804FF0E108A4F887
:1022A00000800A800F8014220A800D8011220A808B
:1022B000A1F800C00E800B80A1F800B0A1F800903A
:1022C0000880A1F800A00E80A1F800E00880292075
:1022D00092E0A4F800800A800B800F80A4F800C070
:1022E000A1F800900D800E80A1F800A0A4F800E0F5
:1022F000A1F800B01020088078200880CB20208032
:10230000392008804FF02C0AA1F800A00A80342060
:10231000088002200880F725258020250D80EA25E9
:1023200025800A800A80C025258021250D802380F4
:102330004FF01109A1F80090C52323804FF02D081C
:10234000A1F8008033230B80362323800A803A23B0
:10235000238055230B80B12323800A8017230B8011
:10236000B62525800A250D80A2250D80F62525801D
:1023700001250D800F80F22727800A8026272780DD
:102380000D80E0252580D0270F800A8008804FF03F
:10239000070CA1F800C00B250D801A250D803125F2
:1023A0000D8054250D8040250D8029250D800E803F
:1023B0000E800E800B80E12323800F800A8008802E
:1023C000A1F800C00520088025200880A1F8008021
:1023D00044200880452008801C20088018220A809C
:1023E00016220A8008801D200880A4F800909620FC
:1023F00026F0C2FD258050462080BDE8F05FEF2228
:10240000002140F23F13084600F008B800140140D4
:1024100000180140000000200000026070B54FF07D
:10242000C0452A242C800B4C060A2680C0B220808E
:10243000100A2080D0B220802B202880080A20801B
:10244000C8B22080180A2080D8B220802C20288092
:1024500070BD0000000002603EB5002411480094E9
:10246000019402940E49846001600473047501258F
:1024700005614FF460214460C161FEF71BFC08B1A7
:10248000FEF724FB1020CDE90005694602940548BB
:10249000FEF78EFB002801D0FEF718FB3EBD0000C2
:1024A00000240140D015002000B587B01C216846EB
:1024B000FDF763FF17484FF02041102201601649D5
:1024C000416000218160C160C0E904128161C16185
:1024D00013020162C0E90913C162016341638163B0
:1024E0000F20FF230090CDE90103CDE90302112065
:1024F000CDE90501002269460648FFF751FB08B106
:10250000FEF7E4FA0548C16941F48061C16107B092
:1025100000BD000000160020040100A000000140E2
:102520002DE9F04F85B000264F480096019602969F
:102530000396816941F040018161816901F04001A8
:102540000491816941F010018161816901F01001FC
:102550000491816941F004018161816901F0040104
:102560000491816941F020018161816901F02001BC
:102570000491816941F0080181618069DFF8EC8094
:1025800000F008000490012217214046FEF728FFC2
:10259000DFF8DCA001224FF470515046FEF720FF17
:1025A000DFF8D0B0012243F24C015846FEF718FF85
:1025B0000122DFF8C490D70339464846FEF710FFE2
:1025C000012238212D48FEF70BFF01241720CDE909
:1025D0000004032569464046CDE90245FEF7FCFDAF
:1025E0004FF45050CDE9000469465046CDE902450C
:1025F000FEF7F2FD0C20CDE900066946484602963A
:10260000FEF7EAFD43F24800CDE90004694658466A
:10261000CDE90245FEF7E0FDCDE900746946484684
:10262000CDE90245FEF7D8FDE0021126CDE900060E
:1026300069465046CDE90245FEF7CEFD0420CDE9BE
:10264000000669465846CDE90245FEF7C5FD38202B
:10265000CDE9000469460948CDE90245FEF7BCFD15
:1026600005B0BDE8F08F00000010024000180140E6
:10267000001001400014014000080140000C01401E
:102680000C4810B50A4901604FF4E1314160002166
:1026900081600C22C160C0E904128161C161FFF751
:1026A000FFFB002803D0BDE81040FEF70FBA10BDB5
:1026B0000038014048160020FEE7FEE710B50C4B3D
:1026C0000C4A0D490D482CF055F90C482CF041FDF1
:1026D00000210A482CF04DFD08482CF028F84FF452
:1026E0007A7026F049FCBDE8104004482CF012BC7A
:1026F0001DEE020815F20208D85703083C15002009
:1027000010B526F069F826F011FD012021F03AFA03
:10271000BDE8104026F07AB830B595B0282168465B
:10272000FDF72BFE14210AA8FDF727FE18210FA89C
:10273000FDF723FE01210804CDE9001000250295D4
:1027400002240491CDE907404FF4E0100990684657
:10275000FFF796F808B172B6FEE70AA90F2081E8E4
:1027600031004FF48060CDE90D0502210AA8FEF783
:10277000A5FF08B172B6FEE74FF4004011900F9428
:102780000FA8FEF725FF002801D072B6FEE715B0AE
:1027900030BD0000144910B54868144A10F00C030D
:1027A000134803D0042B01D0082B09D002604968DC
:1027B000104AC1F30311515C0268CA40026010BDA7
:1027C0004A684B6802F470124FF0020413F4803F21
:1027D00004EB924202D04B689B0301D5064B00E00C
:1027E000024B5A43E2E700000010024000127A0058
:1027F0002400002096FD020800093D00704710B536
:10280000406A0021C185C184FFF713FA10BD016839
:102810000C3151E8002F22F4907241E80023002B84
:10282000F5D10168143151E8002F22F0010241E88E
:102830000023002BF5D1016B012909D101680C316E
:1028400051E8002F22F0100241E80023002BF5D1BF
:10285000202180F8421000210163704708B590F8EC
:102860004210222901D0022008BD82684FF4805313
:102870009A4201D1016921B1816A9A421BD04AB1C1
:102880000AE00268816A5268C2F308020A80816A1B
:10289000891C08E0026972B10268526802F07F0286
:1028A0000A70816A491C8162C18D491E0904090CA4
:1028B000C18503D01BE002685268F1E70168CA686D
:1028C00022F02002CA600168CA6822F48072CA60DD
:1028D00001684A6922F001024A61202180F8421011
:1028E00000214163026B012A03D0FFF7A3FB002004
:1028F00008BD016301680C3151E8002F22F010027D
:1029000041E80023002BF5D101680A68D20602D500
:102910000A6849680091818DFFF78AF9E7E70000AE
:1029200070B5044600680169E26821F44051114322
:1029300001612169A0680843616908432168CA6888
:1029400041F20C639A430243CA6020684169A2695C
:1029500021F44071114341611E492068884202D12F
:10296000FEF758FF01E0FEF745FF00EBC00101EB69
:102970000012606864218000B2FBF0F3B3FBF1F356
:102980006FF018067343B2FBF0F5B2FBF0F605EBFF
:102990008305322303EB0515B5FBF1F5B6FBF1F624
:1029A00005F0F00505EB0615B2FBF0F6B2FBF0F012
:1029B000B0FBF1F06FF01802504306EB800003EB20
:1029C0000010B0FBF1F0216800F00F00284488608F
:1029D00070BD0000003801402DE9F84398461746C5
:1029E0000D460446089E24E0701C22D0FEF7FEFC33
:1029F000A0EB0800B0421AD8CEB12068C1684907E0
:102A000017D5802D15D0402D13D00168C943090773
:102A10000FD401680025406800902046FFF7F7FEBC
:102A20000820606484F840500120BDE8F88303204A
:102A3000FBE72068006835EA000004D00020B842B7
:102A4000D2D00020F1E70120F9E70000F8B5154DDC
:102A5000286800684FF00006C043800612D4134C6B
:102A600011490023207801220144401C207028468F
:102A7000FFF788FA2078642800D3267029686FF061
:102A80002000086028680168C943C90605D40168A8
:102A900040680749009001200870BDE8F8400148EF
:102AA000FFF7C8B848160020D814002008000020FE
:102AB00007000020FEE700000FB4084B10B504A982
:102AC00002AA039800F070FA044602A9002000F060
:102AD00015FE204610BC5DF814FB0000FD36000812
:102AE0000907090E002804DB00F1E02080F800143B
:102AF000704700F00F0000F1E02080F8141D7047CF
:102B0000002806D00E4910F0FF0F03D0C0B2085CB9
:102B1000401C704710F47F4F04D0C0F30720085CBE
:102B20000930704710F47F0F04D0C0F30740085CF1
:102B30001130704701EB10600078193070470000C9
:102B400074B8030802E008C8121F08C1002AFAD1AD
:102B500070477047002001E001C1121F002AFBD11D
:102B6000704770B5044600256FF02F0608E0206816
:102B7000411C2160007805EB850106EB41014518F9
:102B80002068007800F0EEF80028F0D1284670BDEB
:102B900070B514460D461BB9114611F085F8034671
:102BA00003FB05F0142C0ED0E11F03290AD8072CD3
:102BB0000DD0082C0DD0092C0DD00A2C0DD00021E1
:102BC00000EB810070BD590801FB050070BD0221BA
:102BD000F6E70421F4E71021F2E74FF48071EFE704
:102BE0002DE9FF5F82B00021DDE90430020DDDF840
:102BF00040B0034318D044F61050A2F2FF324243D3
:102C00001514119801281FD0A5EB0B00401C5FEA9A
:102C1000000A4FF000064E4FDFF83891B04650469C
:102C200015D5CAF1000413E0119801244AA3012824
:102C300001D16FEA0B010298119AC0E90031C0E995
:102C4000024206B0BDE8F09FCBF10000DFE704468A
:102C50000021404A491842EB0450CDE9001012E02F
:102C6000E00707D032463B4640464946FDF737FC71
:102C70008046894632463B4610461946FDF72FFCF2
:102C800006460F466410002CEAD1DDE90401DDE9B7
:102C90000023BAF1000F06DAFDF721FC42464B464D
:102CA000FDF71DFC05E0FDF78CFC42464B46FDF7A9
:102CB00088FC04460E460022284BFDF741FE03D84F
:102CC0004FF0FF30014607E00022254B20463146F9
:102CD000FDF75EFBFDF71BFE102409E0002C0ADB6C
:102CE0000A220023FDF7BEFA039B30321A55641EF8
:102CF00050EA0102F2D1641C039AC4F11103144496
:102D0000119A012A03D0012208430DD10AE0084399
:102D100004D000204FF0110B119072E7A3EB0B05CC
:102D20006D1E0DE05B4504DD4FF0000205F101056D
:102D300004E003DA4FF00002A5F10105002AECD00F
:102D400002981199C0E90231C0E9004579E7000015
:102D5000000014400000F03F300000000000F0438D
:102D60000000E03F3038092801D8012070470020DA
:102D700070472DE9FC5F9B460CAB8A468146DDE936
:102D8000116093E81210DDE90F575FEA80784FF089
:102D900030031AD45EB15FEAC07808D000F00C08A6
:102DA00058EA0C0803D0761E01E00B55641CBC42A7
:102DB00004D2202CF9D301E00B55641C5FEAC078E3
:102DC00003D0B44201D2202CF6D35FEAC06825D5E7
:102DD0005FEA40580AD44CB1BC4201D0B44205D19C
:102DE000641E03D0102D03D1641E04E0102D02D008
:102DF000022D0AD00EE0850603D4202C1ED27825A1
:102E000006E0202C1AD2582502E0202C16D262258A
:102E10000D55641C202C11D20B55641C202C0DD296
:102E2000BCF1000F01D02D2306E0430701D52B2371
:102E300002E0030702D520230B55641CCDE900BA3C
:102E4000C846154681468B46AA46800714D12746B8
:102E500007E02A46DDE900316D1C2020C446E0472A
:102E60007F1CB742F5D307E02A466D1C641EDDE9DE
:102E700000311BF80400C047002CF5D15FEA8970CF
:102E800006D409E02A46DDE900316D1C2020C04748
:102E9000A5EB0A00B042F5D32846BDE8FC9F2DE91A
:102EA000F04F8FB099468B46DDE91818DDE91C63B9
:102EB000DDE91A4792468646002209B923F010033D
:102EC000580507AD00D5C9B1B1FBF4F004FB1010F3
:102ED000C0B20A2801D2303009E05FEA836C02D523
:102EE0004FF0410C01E04FF0610C60440A38B1FB37
:102EF000F4F1A854521C09B1202AE5D3CDF808807A
:102F0000CDE90563CDE90052CDE903474B46524672
:102F100059467046FFF72DFF0FB0BDE8F08F2DE941
:102F2000FF4F8FB01CACDDE9239594E8030820AC7B
:102F300094E8C004002450EA010201D125F01005F4
:102F40006A050DF11C0802D550EA010217D032467D
:102F50003B46FDF787F9D2B20A2A01D2303206E0A9
:102F6000AB0601D5412300E061231A440A3A08F870
:102F70000420641C50EA010201D0202CE7D3CDE9E3
:102F80000084CDF808B0CDE90595CDE9036A0FAF0F
:102F900097E80F00FFF7EDFE13B0BDE8F08F9A42FF
:102FA00000D28854704770472DE9FF4F95B09B467B
:102FB0008946064600250FE2252877D100242746BA
:102FC000F84A0121059400E0044316F8013F203B34
:102FD00001FA03F01042F7D130782A2811D06FF0AF
:102FE0002F033078A0F13002092A16D8059A44F050
:102FF000020402EB820203EB42021044761C0590AD
:10300000EFE759F8042B0592002A03DA504244F402
:103010000054059044F00204761C30782E2816D116
:1030200016F8010F44F004042A280DD06FF02F0287
:103030003078A0F13003092B09D807EB870302EBA6
:103040004303C718761CF3E759F8047B761C3078E5
:103050006C280FD006DC4C2817D068280DD06A28C1
:1030600014D104E0742810D07A280FD10DE044F474
:1030700000140AE044F4801401E044F4401472782F
:10308000824202D104F58014761C761C30786628C2
:103090000BD013DC582877D009DC002875D04528E0
:1030A000F6D04628F4D047281AD19DE118E06328CD
:1030B00035D0642879D0652812D195E1702873D075
:1030C00008DC6728F1D069286FD06E280DD06F28F2
:1030D00006D1B5E073282CD0752875D0782874D027
:1030E0005A46179990476D1C75E1C4F302500228A7
:1030F00009D003280DD0D9F8001004280DD00D6098
:1031000009F1040967E1D9F80010EA17C1E9005292
:10311000F6E7D9F800100D80F2E70D70F0E719F826
:10312000041B8DF8001000208DF80100EA460120F4
:1031300003E059F804AB4FF0FF3061074FF0000196
:1031400002D40DE008F101018846B9420FDA80454A
:10315000F8DB1AF808100029F4D108E008F10101A1
:1031600088468142FADB1AF808100029F6D1059842
:103170005B46A0EB080721463846179A00F094FA00
:10318000284400EB080507E04DE029E10DE01AF8BE
:10319000010B5A4617999047B8F10108F7D25B46E0
:1031A00021463846179A13E142E00A220092C4F3FE
:1031B00002524FF0000A022A08D059F804CB032A21
:1031C0004FEAEC710AD00DE029E02AE009F107018D
:1031D00021F00702F2E802C1914609E00FFA8CFCE7
:1031E0004FEAEC71042A03D14FFA8CFC4FEAEC71E0
:1031F000002907DA0A460021DCF1000C61EB02012C
:103200002D2202E0220504D52B228DF80420012274
:1032100003E0E20701D02022F7E7904659E00A21B7
:1032200002E010220DE010214FF0000A00910BE0A7
:1032300010224FF0000A44F004040827009203E033
:1032400008224FF0000A0092C4F30252022A05D06D
:1032500059F804CB0021032A08D009E009F107013D
:1032600021F00702F2E802C1914605E01FFA8CFC4A
:10327000042A01D10CF0FF0C4FF00008220728D5DA
:10328000702806D0009B83F0100353EA0A0305D090
:103290000EE040228DF80420012208E05CEA0102E1
:1032A00006D030228DF804208DF8050002229046C9
:1032B000009B83F0080353EA0A030AD15CEA010287
:1032C00001D1620705D530228DF804204FF00108A6
:1032D0007F1E582804D034A003900EA802900DE061
:1032E00036A0F9E753466046009AFCF7BBFF8446D8
:1032F0000398825C0298401E029002705CEA010012
:10330000F0D1029806A9081A00F1200A600702D538
:1033100024F4803400E00127574502DDA7EB0A00C2
:1033200000E0002000EB0A01009005984144401A9B
:103330000590E00306D45B462146179A059800F0F5
:10334000B3F90544002706E001A85A46C05D179965
:1033500090476D1C7F1C4745F6DBE0030CD55B46B0
:103360002146179A059800F09FF9054404E03020A3
:103370005A46179990476D1C0099481E00900029E5
:10338000F5DC08E0029802995A460078491C02913F
:10339000179990476D1CBAF10001AAF1010AF1DCFE
:1033A00065E1000009280100303132333435363709
:1033B0003839616263646566000000003031323381
:1033C0003435363738394142434445460000000021
:1033D00000F058F90544761C307800287FF4ECADF5
:1033E00019B02846BDE8F08F620700D4062709F11E
:1033F000070222F0070CFCE80223E14603F0004834
:103400005FEA080C02D00FF2702C0DE05FEA045C5A
:1034100002D50FF2682C07E05FEAC47C02D00FF2FD
:10342000602C01E0AFF2700C4FF0FF3823F0004346
:10343000CDF850C065280CD006DC452809D04628B8
:103440001DD047283DD13DE0662818D067287ED1A1
:1034500038E00021112F01DB112000E0781CCDE9BC
:10346000000106A90EA8FFF7BBFBDDE90F010E9ACC
:1034700003910021009207F1010A04914DE04FF001
:1034800000400097CDE9011006A90EA8FFF7A8FBA0
:10349000DDE90F0203920E9B11990022DDF80CA0CA
:1034A0000093049211B9791C00EB010AB7EB0A00F2
:1034B00004D4C0F1FF3007F1010A0490AAEB070021
:1034C000019044E0012F00DA01270021112F01DDD6
:1034D000112000E03846CDE9000106A90EA8FFF74B
:1034E0007FFBDDE90F010E9A039100210491009208
:1034F000BA4621070CD40399514500DA8A46BAF13D
:10350000010F05DD009AAAF10101515C302908D0B4
:10351000B84202DA10F1040F06DA0121CDE90110F8
:1035200015E0AAF10101E9E7002805DC049901444E
:103530000491AAEB000102E0411C514500DD8A46DE
:103540000499401A401C01904FF00040029020075F
:1035500004D40198504501DBCDF8048000208DF89B
:103560004F0002980DF14F07B0F1004F25D02B20EE
:103570000E9002984FF0020800280CDA40420290A8
:103580002D200E9007E00A210298FDF7F5F8303162
:10359000029007F8011DB8F10001A8F10108F2DC62
:1035A00002980028EFD1791E0E980870307800F04C
:1035B000200040F0450007F8020D12A8C01B00F1E2
:1035C00007081498007800B1012000EB0A01019867
:1035D00001EBE07105984144401A401E0590E0035C
:1035E00006D45B462146179A059800F05DF805441D
:1035F0001498007818B15A46179990476D1CE0034B
:1036000024D55B462146179A059800F04DF80544ED
:103610001CE00498002807DBDDE90301884203DD94
:103620000098405C179901E0179930205A4690475E
:10363000049805F10105401C04900198401E01907A
:1036400004D12E205A46179990476D1CBAF10001FB
:10365000AAF1010ADDDC05E017F8010B5A461799BB
:1036600090476D1CB8F10001A8F10108F4DC5B463D
:103670002146179A0598ABE62D0000002B000000AC
:10368000200000002DE9F041044600251E461746A3
:10369000880404D405E039462020B0476D1C641E20
:1036A000F9D52846BDE8F0812DE9F0410446002512
:1036B0001E469046C80301D5302700E02027880425
:1036C00004D505E041463846B0476D1C641EF9D567
:1036D0002846BDE8F081000010B504460548806822
:1036E000FFF70EFA0449401E51F830102060A1F196
:1036F000140010BD58010020181D00200A68531C3A
:103700000B6010707047000070B50C480468FCF73F
:103710002BFD0546204625F01DFA04F1440025F056
:1037200095FD042084F83400204625F019FC284635
:10373000FCF71EFDBDE8704025F076B95C01002065
:103740002DE9FC411F460446DDE90831DDE90A6543
:10375000143040600060C4E90827C4E90A310A4611
:103760002321184625F0B0F8D4E90A014218D4E91B
:1037700008010E4B121F25F013F8E06184F8356044
:103780000020C4E90E052564206384F83400206716
:103790006067009023460190054A194604F14400F1
:1037A00025F068FD0020BDE8FC8100000937000815
:1037B000B537000870B50446FCF7D6FC05466FF037
:1037C0000100206304F1140025F05BF8204625F089
:1037D00087F92846FCF7CCFCBDE8704025F024B9F9
:1037E00010B5029C24F001044472C0E907120021C4
:1037F000C0E9093114304060006010BD143025F07C
:1038000049B870B50D46040011D08DB100F0B0FE7E
:1038100000280BD0616800690EF0B0F80646E16B35
:1038200028468847E1680844E060304670BDFEE7FE
:10383000FEE72DE9FF4114460E4605460A461F469F
:1038400021466846DDF828800CF091FD00281BD049
:10385000019861682268411A08FB01500099891A91
:103860000D18009831683844441A68460CF06DFD14
:10387000002107E0625C6B5C1A44FF2A00D9FF223A
:103880006254491C8142F5D3BDE8FF8110B50200A6
:103890004FF000000CD04B1E194200D0FEE70A4446
:1038A000521E9A43B2F5004F02D20C2A01D910469B
:1038B00010BD0C2010BD00002DE9F04F064691B060
:1038C000D6E90170804696F821B03568F0680F900F
:1038D000D6E906400E90D6E904A009900AA80FF098
:1038E00089F896F8220008B10020C3E0BAF1000F71
:1038F00005D0BBF1FD0F4FF0000065D28AE0BBF1AF
:10390000FD0F4FF0000017D21CE000260CE000BFB6
:1039100004EB460005EB46010088ADF804000AAA56
:1039200001980EF0E5FD761CBE42F1DB0F980544D0
:103930000E98044409F1010081464045E5DB11B0D1
:10394000BDE8F08F81464045F9DA002613E000BF5C
:1039500004EB46000AAA0088ADF804009DF80510A3
:1039600001FB0BF1080A8DF8050005EB46010198F3
:103970000EF0BEFD761CBE42EADB0F9805440E98A1
:10398000044409F10100DDE7002613E004EB4600E2
:103990000AAA0088ADF808009DF809001AF8061078
:1039A0004843000A8DF8090005EB460102980EF025
:1039B0009FFD761CBE42E9DB0F98099905440E98DD
:1039C0008A44044409F1010081464045DCDBB6E746
:1039D000002615E004EB46000AAA0088ADF80800AE
:1039E0009DF809001AF80610484300FB0BF0000C84
:1039F0008DF8090005EB460102980EF079FD761C62
:103A0000BE42E7DB0F98099905440E988A440444A6
:103A100009F1010081464045DADB90E700201BE018
:103A200004EB4900BAF1000F0088ADF808009DF8DA
:103A3000090023D01AF80910484300FB0BF0000CD2
:103A40008DF8090096F8222005EB49000AAB02998F
:103A500001F07AFD09F101008146B842E0DBBAF1DC
:103A6000000F01D009998A440F9805440E98044428
:103A70000398401C03904045D0DB60E700FB0BF04F
:103A8000000ADDE72DE9F04F064695B0D6E9017052
:103A9000804696F821B03568F0680E90D6E9064069
:103AA0000C90D6E904900A9096F8220020B110A854
:103AB0000EF0B4FF0020CCE0B9F1000F05D0BBF14F
:103AC000FD0F4FF0000063D286E0BBF1FD0F4FF019
:103AD000000019D21EE000BF4FF000094E460BE077
:103AE00004EB460005EB8901427814F816000EF04D
:103AF00045FE09F10109761CBE42F1DB0E98054432
:103B00000C9804440AF1010082464045E4DB15B0FC
:103B1000BDE8F08F82464045F9DA4FF000094E4685
:103B20000FE000BF04EB460005EB8901407800FB85
:103B30000BF0020A14F816000EF020FE09F101093C
:103B4000761CBE42EEDB0E9805440C9804440AF144
:103B50000100DFE74FF0000A56460FE004EB460095
:103B600019F8061040784843020A05EB8A0114F858
:103B700016000EF003FE0AF1010A761CBE42EDDBD0
:103B80000E980A9905440C98894404440BF10100ED
:103B900083464045DEDBBAE74FF0000A564611E0A7
:103BA00004EB460019F806104078484300FB0BF080
:103BB000020C05EB8A0114F816000EF0DFFD0AF185
:103BC000010A761CBE42EBDB0E980A9905440C985C
:103BD000894404440598401C05904045DCDB96E789
:103BE0000020039027E000BF14F81A100298B9F1E2
:103BF000000F61F3174061F30F2061F3070004EB3E
:103C00004A012AD0039B497819F80320514301FB4C
:103C10000BF1090C61F31F600290039896F82220C3
:103C200005EB800010AB029901F0B3FC0398401C37
:103C300003900AF101008246B842D5DBB9F1000FCA
:103C400001D00A9881440E9805440C9804440598C4
:103C5000401C05904045C3DB59E74A7802FB0BF254
:103C6000110AD7E72DE9F04F054687B0D5E901677E
:103C700090F821B000680090E8680290D5E906400D
:103C80000390D5E904900490686AC11700EB517164
:103C900021F00701A0EB010A95F8220008B10020ED
:103CA00027E1B9F1000F05D0BBF1FD0F4FF0000087
:103CB00070D2DFE0BBF1FD0F4FF000002ED233E0F9
:103CC0004FF0000845461FE008EB0A018B460098BC
:103CD00007F0D3FBC0EB00208DF8040004EB450097
:103CE00001A9427814F815000EF064FD9DF8040057
:103CF00059467F28009802D926F0E2FF01E002F041
:103D000085FE08F101086D1CB542DDDB02990098C3
:103D1000084400900398044409F101008146B84228
:103D2000CEDB07B0BDE8F08F8146B842F9DA4FF03C
:103D30000008454623E000BF08EB0A010191009806
:103D400007F09BFBC0EB00208DF8100004EB450052
:103D500004A9407800FB0BF0020A14F815000EF0DD
:103D600029FD9DF810007F28DDE9000102D926F029
:103D7000A7FF01E002F04AFE08F101086D1CB54200
:103D8000DADB02990098084400900398044409F192
:103D90000100C9E734E000BF4FF00008454623E0CA
:103DA00008EB0A010191009807F067FBC0EB0020C7
:103DB0008DF8140004EB450019F8051040784843CD
:103DC000020A14F8150005A90EF0F4FC9DF8140081
:103DD0007F28DDE9000102D926F072FF01E002F040
:103DE00015FE08F101086D1CB542D9DB0299009857
:103DF0000844009003980499044489440BF101009D
:103E00008346B842C8DB8CE74FF00008454625E002
:103E100008EB0A010191009807F02FFBC0EB00208E
:103E20008DF8140004EB450019F80510407848435C
:103E300000FB0BF0020C14F8150005A90EF0BAFCFB
:103E40009DF814007F28DDE9000102D926F038FF33
:103E500001E002F0DBFD08F101086D1CB542D7DB83
:103E60000099029808440090039804990444069825
:103E70008944401C0690B842C6DB52E700200590FA
:103E800027E000BF14F818100198B9F1000F61F392
:103E9000174061F30F2061F3070004EB48014978F4
:103EA0002BD019F80820514301FB0BF15FEA1141B7
:103EB00061F31F600190059895F8223000EB0A012C
:103EC000DDE9000201F0B5FB0598401C059008F102
:103ED00001008046B042D5DBB9F1000F01D0049952
:103EE0008944029900980844009003980444069875
:103EF000401C0690B842C1DB13E701FB0BF1090A35
:103F0000D6E700002DE9F04F064691B0D6E90170E2
:103F1000804696F821B03568F0680F90D6E90640E3
:103F20000D90D6E904900B9096F8220008B100207D
:103F3000C5E0B9F1000F05D0BBF1FD0F4FF0000057
:103F400062D285E0BBF1FD0F4FF0000018D21DE0FA
:103F50004FF000094E460BE004EB460005EB09016B
:103F6000427814F816000EF032FC09F10109761CB3
:103F7000BE42F1DB0F9805440D9804440AF101009C
:103F800082464045E4DB11B0BDE8F08F82464045F3
:103F9000F9DA4FF000094E460FE000BF04EB46008F
:103FA00005EB0901407800FB0BF0020A14F816003B
:103FB0000EF00DFC09F10109761CBE42EEDB0F98F4
:103FC00005440D9804440AF10100DFE74FF0000AB0
:103FD00056460FE004EB4600417819F806004143CD
:103FE0000A0A05EB0A0114F816000EF0F0FB0AF1BC
:103FF000010A761CBE42EDDB0F980B9905440D9823
:10400000894404440BF1010083464045DEDBBAE7F6
:104010004FF0000A564611E004EB460019F806106E
:104020004078484300FB0BF0020C05EB0A0114F842
:1040300016000EF0CCFB0AF1010A761CBE42EBDB47
:104040000F980B9905440D98894404440498401C2A
:1040500004904045DCDB96E70020039021E000BFA0
:1040600014F81A100098B9F1000F61F3174061F3CA
:104070000F2061F3070026D0039A19F8021001FB04
:104080000BF1090A61F31F600090039896F8222053
:104090002844009901F004FB0398401C03900AF1A6
:1040A00001008246B842DBDBB9F1000F01D00B986A
:1040B00081440F9805440D9804440498401C0490D2
:1040C0004045C9DB5FE76BF31F60DDE72DE9F04F8B
:1040D000804687B0D8E90170814698F821B0D8F8B9
:1040E0000040D8F80C000290D8E906500190D8E9B9
:1040F00004A0039098F8220008B100202AE1BAF148
:10410000000F05D0BBF1FD0F4FF0000066D28BE031
:10411000BBF1FD0F4FF000001AD21FE00026B046A1
:104120000EE000BF05EB480034F81610427815F891
:1041300018000EF0DBFA24F8160008F10108761CCE
:10414000BE42EFDB02980444019805440AF10100E5
:1041500082464845E2DB07B0BDE8F08F824648451D
:10416000F9DA0026B04610E005EB4800417815F872
:10417000180001FB0BF10A0A34F816100EF0B6FA1B
:1041800024F8160008F10108761CBE42ECDB029808
:104190000444019805440AF10100DFE70026B04617
:1041A00012E000BF05EB48001AF8061040784843BB
:1041B000020A34F8161015F818000EF097FA24F8D1
:1041C000160008F10108761CBE42EBDB0298039949
:1041D000044401988A4405440BF101008346484594
:1041E000DCDBB8E70026B04614E000BF05EB480072
:1041F0001AF806104078484300FB0BF0020C34F824
:10420000161015F818000EF071FA24F8160008F1CF
:104210000108761CBE42E9DB029803990444019828
:104220008A4405440098401C00904845DADB92E738
:1042300000263046009604947EE000BF15F810106A
:1042400098F82220C8088908012A1CD0022A40D0E8
:10425000032A80D1049A32F81620D30A43434FEA46
:10426000531C4FF6FF7303EACC23C2F3451C0CFB2F
:1042700001FC4FEA9C1102F01F0203EB4111424383
:1042800001EB52101BE0049A32F8162000EBD22307
:104290001F2B00D31F234FF6FF7C0CEAC323C2F36E
:1042A000451C61443F2900D33F2102F01F0203EB6C
:1042B0004111104489B21F2800D31F20084480B246
:1042C000BAF1000F22D0BBF1FD0F48D31AF8062037
:1042D00028E0049A32F81620C0EBD223002B00DC31
:1042E00000234FF6FF7C0CEAC323C2F3451CACEB62
:1042F0000101002900DC002102F01F0203EB411143
:10430000101A89B20028D9DC0020D7E70099BBF148
:10431000FD0F05EB410101D34A7803E0497801FB29
:104320000BF10A0A34F816100EF0C4F824F816003F
:104330000098001D761C0090BE42FFF67FAF0298E9
:10434000BAF1000F04440198054401D003998A444E
:104350000598401C05904845FFF66AAFFBE6009AB9
:104360001AF8061005EB42025278514301FB0BF19B
:104370000A0CD7E72DE9F34F064685B0D6E9017060
:10438000804696F821B03568F0680190D6E906407D
:104390000090D6E90490039096F8220008B100201E
:1043A000C8E0B9F1000F05D0BBF1FD0F4FF00000E0
:1043B00062D285E0BBF1FD0F4FF0000018D21DE086
:1043C0004FF000094E460BE004EB460005EB0901F7
:1043D000427814F816000EF0B7F90699761C894455
:1043E000BE42F1DB01980544009804440AF1010043
:1043F00082464045E4DB07B0BDE8F08F8246404589
:10440000F9DA4FF000094E460FE000BF04EB46001A
:1044100005EB0901407800FB0BF0020A14F81600C6
:104420000EF092F90699761C8944BE42EEDB0198A3
:104430000544009804440AF10100DFE74FF0000A48
:1044400056460FE004EB460019F806104078484342
:10445000020A05EB0A0114F816000EF075F9069928
:10446000761C8A44BE42EDDB01980399054400980E
:10447000894404440BF1010083464045DEDBBAE782
:104480004FF0000A564611E004EB460019F80610FA
:104490004078484300FB0BF0020C05EB0A0114F8CE
:1044A00016000EF051F90699761C8A44BE42EBDBE9
:1044B0000198039905440098894404440298401CDB
:1044C00002904045DCDB96E70020029024E000BF2C
:1044D00014F81A00B9F1000F60F3070160F30F211F
:1044E00060F3174104EB4A00407828D0029B19F88A
:1044F0000320504300FB0BF05FEA104060F31F61A4
:10450000029896F82220284401F0EEF806990298C5
:10451000084402900AF101008246B842D8DBB9F1A2
:10452000000F01D003998944019805440098044480
:104530000498401C414604908842C5DB5BE700FBC1
:104540000BF0000ADAE708444A1E401E904311426D
:1045500000D0FEE7704710B5402017F0A5FA040020
:1045600005D04022002117F0D0FB204610BDFEE709
:104570002DE9FC410D4604002AD055B304F1240076
:1045800080461CF090F9009008B3076961683846CE
:104590000DF0F4F9064629463846626817F0FAFA33
:1045A00004F1300017F0A6F9019098B10422694691
:1045B00017F0F0FA2046009907F05EFB042201A9EB
:1045C00017F0E8FA2146304662680DF0E7F907E097
:1045D000FEE7FEE7404600991CF02FF9002000900E
:1045E0000098BDE8FC8100002DE9F0410F46012153
:1045F000002504462E46C16309E01A491DF012FB4E
:1046000008B16D1C02E0E06B401CE063761C57F8BB
:10461000260010B101780029EFD1A06BA8421FD06D
:10462000206B002610B114F02FFC2663606B10B1D4
:1046300014F02AFC6663280117F036FA206338B1BB
:10464000680017F031FA606318B1216B11B102E014
:10465000FEE7FEE700256A00002117F056FBA56380
:10466000BDE8F081CC14010810B5044690F8540060
:10467000E26BC107616C04D121B14B1C18D0491EFB
:104680006164A9B90AB1C10712D02146144817F0D4
:10469000D6F900F027F8216909B1204688476169F9
:1046A00009B1204688472046BDE8104014F0ECBB15
:1046B000216C49426163002A10D0C10702D1A16B6D
:1046C00049426163411C61F3000084F85400E16ACF
:1046D000606A6162E062206B2263E06310BD0000EB
:1046E0000C5B002010B50A4C012084F8A40004F1F2
:1046F000AC0017F0DAF80028D4F8A80003D0BDE821
:1047000010401FF09DBBBDE810401FF087BB0000AC
:10471000605A00202DE9F0413D4D95F8A50038B1D3
:104720005FF0000085F8A5003948AC30074664E02A
:104730000120F7E7206D1FF00FFA616B08446063FA
:104740001FF010FA2065002085F8A40094F85400AA
:1047500095F8A510C0F340028A4254D061F341009D
:1047600084F8540041071ED4616B002941DB000727
:1047700009D4A16939B120468847616A0144616260
:10478000E16A0844E062204622F0C0F8E16809B11D
:104790002046884794F8540040F0040084F8540000
:1047A000204621F0D3FF606B002822DB216B88427A
:1047B00000DD6163216A20468847A16A0646B1424E
:1047C0000DD0A662626812B131462068904795F814
:1047D000A40088B9A2682AB131462046904795F8CE
:1047E000A40048B9D4E90C0181420CDB2046FFF754
:1047F0003BFF95F8A40030B1384617F056F8040096
:1048000098D1BDE8F0812146384617F060F8F6E708
:10481000605A002070B5044640680D4608B1FFF7A5
:10482000F9FF2268002A04D029462046BDE87040DE
:10483000104770BD70B50D6806460C46286838B143
:10484000296AC90204D5206021463046FFF7F2FFED
:10485000214630462560BDE87040FFF7DBBF0BF016
:1048600044BB0BF087BB00002DE9F04F074691B029
:10487000D7E90160814697F8210008903D68F86803
:104880000F90D7E906400E90D7E904B00A900BA824
:104890000EF0B0F897F8220008B10020D9E008988F
:1048A000BBF1000F04D0FD284FF0000071D29AE058
:1048B000FD284FF000001ED223E0002713E000BFC8
:1048C00004EB870BDBF800000DF0E2FD60F3070856
:1048D0009BF80310404661F30F2005EB47010BAA3C
:1048E0000DF006FE7F1CB742EADB0F9805440E98D8
:1048F00004440AF1010082464845DEDB11B0BDE800
:10490000F08F82464845F9DA002715E004EB870B63
:10491000DBF800000DF0BCFD60F307089BF8030016
:1049200008990BAA4843010A404661F30F2005EBA2
:1049300047010DF0DDFD7F1CB742E7DB0F98054412
:104940000E9804440AF10100DBE7002717E000BFDE
:1049500004EB8700079000680DF09AFD60F30708EC
:1049600007981BF807100BAAC0784843010A404675
:1049700061F30F2005EB47010DF0BAFD7F1CB74234
:10498000E6DB0F980A9905440E988B4404440AF11B
:10499000010082464845D8DBB0E7002719E000BF98
:1049A00004EB8700079000680DF072FD60F30708C4
:1049B00007981BF807100BAAC0784843089948438A
:1049C000010C404661F30F2005EB47010DF090FD0F
:1049D0007F1CB742E4DB0F980A9905440E988B447C
:1049E00004440AF1010082464845D6DB86E70020F0
:1049F00021E000BF04EB8A00029000680DF048FD42
:104A000060F3070802984146BBF1000FC07860F3DD
:104A10000F2122D01BF80A205043089A5043000C63
:104A200060F30F2197F8222005EB4A000BAB00F052
:104A30008BFD0AF101008246B042DBDBBBF1000FC7
:104A400001D00A998B440F9805440E9804440398AA
:104A5000401C03904845CADB50E7089A5043000ABF
:104A6000DEE700002DE9F04F064693B0D6E901706D
:104A7000804696F821B03568F0681190D6E9064076
:104A80001090D6E904A00B900CA80DF0C7FF96F883
:104A9000220008B10020C0E0BAF1000F05D0BBF140
:104AA000FD0F4FF0000065D28AE0BBF1FD0F4FF023
:104AB000000018D21DE000260DE000BF05EB860ABD
:104AC00004EB8600DAF8001000680CAA0DF0C8FDAF
:104AD000CAF80000761CBE42F0DB1198054410981D
:104AE000044409F1010081464045E4DB13B0BDE810
:104AF000F08F81464045F9DA002612E004EB86008B
:104B000005EB860A00680CAA010E01FB0BF1090AED
:104B100061F31F60DAF800100DF0A2FDCAF8000082
:104B2000761CBE42EADB119805441098044409F152
:104B30000100DEE7002613E004EB86001AF80620E9
:104B4000006805EB860B010E5143090A61F31F60F3
:104B5000DBF800100CAA0DF083FDCBF80000761CEA
:104B6000BE42E9DB11980B99054410988A4404442D
:104B700009F1010081464045DCDBB7E7002615E07E
:104B800004EB86001AF806200068010E514301FB71
:104B90000BF1090C61F31F6005EB860107910968B1
:104BA0000CAA0DF05DFD0799761C0860BE42E7DB9C
:104BB00011980B99054410988A44044409F10100A6
:104BC00081464045DADB91E7002018E004EB8900DC
:104BD000BAF1000F01684FEA116022D01AF80920DB
:104BE000504300FB0BF0000C60F31F6196F822208D
:104BF00005EB89000CAB00F0CCFC09F1010081460B
:104C0000B842E3DBBAF1000F01D00B998A44119846
:104C10000544109804440398401C03904045D3DB9E
:104C200064E700FB0BF0000ADEE700002DE9F04F1F
:104C3000054689B0D5E9016790F821B00068009079
:104C4000E8680290D5E906400390D5E90490049005
:104C5000686AC11700EB517121F00701A0EB010A4E
:104C600095F8220008B100201BE1B9F1000F05D032
:104C7000BBF1FD0F4FF0000071D2E2E0BBF1FD0F80
:104C80004FF000002FD234E0002522E004EB850B2A
:104C9000DBF800000DF0FCFB05EB0A0104908946EF
:104CA000009806F0EAFBC0EB00208DF804009BF8AA
:104CB000032001A904980DF07DFD9DF804004946EC
:104CC0007F28009802D925F0FBFF01E001F09EFE4D
:104CD0006D1CB542DADB02990098084400900398F5
:104CE000044408F101008046B842CDDB09B0BDE8BC
:104CF000F08F8046B842F9DA002525E004EB850004
:104D0000059000680DF0C4FB05EB0A01049089468C
:104D1000009806F0B2FBC0EB00208DF80400059867
:104D200001A9C07800FB0BF0020A04980DF042FDC7
:104D30009DF8040049467F28009802D925F0C0FF5D
:104D400001E001F063FE6D1CB542D7DB00990298CB
:104D5000084400900398044408F10100C9E734E0D6
:104D6000002526E004EB8500069000680DF090FB1E
:104D700005EB0A0105908B46009806F07EFBC0EB20
:104D800000208DF80400069819F80510C0784143FA
:104D90000A0A01A905980DF00DFD9DF80400594679
:104DA0007F28009802D925F08BFF01E001F02EFE4C
:104DB0006D1CB542D6DB0099029808440090039818
:104DC00004990444894408F101008046B842C7DBD5
:104DD0008CE7002529E000BF04EB85000790006800
:104DE0000DF056FB05EB0A0101910690009806F0C4
:104DF00044FBC0EB00208DF81400079819F805104B
:104E0000C078414301FB0BF10A0C05A906980DF08F
:104E1000D1FC9DF814007F28DDE9000102D925F0BE
:104E20004FFF01E001F0F2FD6D1CB542D4DB0099AB
:104E3000029808440090039804990444894408F1B6
:104E400001008046B842C4DB50E7002019E000BFF3
:104E500004EB8800B9F1000F02684FEA126024D019
:104E600019F80810484300FB0BF0000C60F31F62B8
:104E700095F8223008EB0A01009800F0DAFB08F1FF
:104E800001008046B042E3DBB9F1000F01D0049984
:104E900089440299009808440090039804440198BA
:104EA000401C0190B842D0DB20E700FB0BF0000A69
:104EB000DCE700002DE9F04F06468FB0D6E901701F
:104EC000804696F821B03568F0680D90D6E9064026
:104ED0000C90D6E904A0089096F8220008B10020B2
:104EE000B2E0BAF1000F05D0BBF1FD0F4FF00000AA
:104EF0005CD27DE0BBF1FD0F4FF0000016D21BE04D
:104F000000260BE004EB860ADAF800000DF0C0FA88
:104F10009AF80320A9190DF05AFC761CBE42F1DB69
:104F20000D9805440C98044409F101008146404560
:104F3000E6DB0FB0BDE8F08F81464045F9DA002688
:104F40000FE000BF04EB860ADAF800000DF0A0FACB
:104F50009AF80320A91902FB0BF2120A0DF037FC94
:104F6000761CBE42EEDB0D9805440C98044409F112
:104F70000100E1E700260FE004EB860BDBF8000000
:104F80000DF086FA9BF803101AF8062051430A0A1E
:104F9000A9190DF01CFC761CBE42EDDB0D9808999A
:104FA00005440C988A44044409F1010081464045B7
:104FB000E0DBBEE7002611E004EB860106910868FD
:104FC0000DF066FA06991AF80620C978514301FBDC
:104FD0000BF10A0CA9190DF0FAFB761CBE42EBDBB3
:104FE0000D98089905440C988A44044409F101007D
:104FF00081464045DEDB9CE7002017E004EB89009A
:10500000BAF1000F01684FEA116021D01AF80920A7
:10501000504300FB0BF0000C60F31F6196F8222058
:1050200005EB090000F03CFB09F101008146B842A4
:10503000E4DBBAF1000F01D008998A440D980544C9
:105040000C9804440298401C02904045D4DB70E761
:1050500000FB0BF0000ADFE72DE9F04F804687B038
:10506000D8E90170814698F821B0D8F80040D8F806
:105070000C000290D8E906500190D8E904A00390F2
:1050800098F8220008B100202FE1BAF1000F05D0F6
:10509000BBF1FD0F4FF0000060D283E0BBF1FD0FCC
:1050A0004FF0000018D21DE00026B0460CE000BF13
:1050B00005EB080034F81610C2780DF078FA24F8E1
:1050C000160008F10408761CBE42F1DB0298044485
:1050D000019805440AF1010082464845E4DB07B027
:1050E000BDE8F08F82464845F9DA0026B0460EE06A
:1050F00005EB0800C17801FB0BF10A0A34F8161021
:105100000DF055FA24F8160008F10408761CBE428A
:10511000EEDB02980444019805440AF10100E1E73E
:105120000026B04610E000BF05EB08001AF8062084
:10513000C17851430A0A34F816100DF038FA24F8F1
:10514000160008F10408761CBE42EDDB0298044408
:1051500001980544039882440BF1010083464845B9
:10516000DEDBBCE70026B04612E000BF05EB08001E
:105170001AF80620C178514301FB0BF10A0C34F8F0
:1051800016100DF014FA24F8160008F10408761C25
:10519000BE42EBDB02980399044401988A4405441B
:1051A0000098401C00904845DCDB98E700260096FC
:1051B00004948CE098F8220001281FD002284CD0DB
:1051C00003288CD1009A04982A44937830F816006A
:1051D000DB08C10A59435278C0F3451392084909C4
:1051E0005343C9029A0901EB4211009A00F01F00D3
:1051F000AA5CD208504301EB501024E004980099B7
:105200006A1830F816009178C30A03EBD1011F2900
:1052100000D31F214FF6FF7303EAC1235278C0F376
:10522000451101EB92013F2900D33F2100F01F02FD
:10523000009803EB411189B2285C02EBD0001F28D3
:1052400000D31F20084480B2BAF1000F2AD0BBF16E
:10525000FD0F4FD31AF806202FE0049800996B1821
:1052600030F816009978C20AA2EBD101002900DCBF
:1052700000214FF6FF7202EAC1225B78C0F34511AC
:10528000A1EB9301002900DC002102EB411100F0A9
:105290001F02009889B2285CA2EBD0000028D1DC64
:1052A0000020CFE70099BBF1FD0F294401D3CA7854
:1052B00003E0C97801FB0BF10A0A34F816100DF06F
:1052C000F9F824F816000098001D761C0090BE42E4
:1052D000FFF670AF0298BAF1000F0444019805443C
:1052E00001D0039882440598401C05904845FFF67C
:1052F0005DAFF4E6009A1AF806102A44D2785143BA
:1053000001FB0BF10A0CD8E72DE9F34F064685B0F7
:10531000D6E90170804696F821B03568F0680190B2
:10532000D6E906400090D6E90490039096F8220052
:1053300008B10020B8E0B9F1000F05D0BBF1FD0FB6
:105340004FF000005CD27DE0BBF1FD0F4FF000009C
:1053500016D21BE04FF000094E4609E004EB860030
:1053600005EB0901C2780DF058F90699761C8944BD
:10537000BE42F3DB01980544009804440AF10100A1
:1053800082464045E6DB07B0BDE8F08F82464045E7
:10539000F9DA4FF000094E460DE000BF04EB86003D
:1053A000C17801FB0BF10A0A05EB09010DF035F993
:1053B0000698761C8144BE42F0DB019805440098B3
:1053C00004440AF10100E1E74FF0000A56460DE0FF
:1053D00004EB860019F80620C17851430A0A05EB50
:1053E0000A010DF01AF90698761C8244BE42EFDBE2
:1053F0000198039905440098894404440BF1010085
:1054000083464045E0DBBEE74FF0000A56460FE01A
:1054100004EB860019F80620C178514301FB0BF11B
:105420000A0C05EB0A010DF0F8F80699761C8A447F
:10543000BE42EDDB01980399054400988944044479
:105440000298401C02904045DEDB9CE70020029061
:105450001CE000BF04EB8A00B9F1000F016827D0FF
:1054600002980A0E19F80000424302FB0BF2100CDE
:1054700060F31F61029896F82220284400F034F966
:1054800002990698084402900AF101008246B84247
:10549000E0DBB9F1000F01D003998944019805447C
:1054A000009804440498401C04904045CEDB6AE711
:1054B000080E00FB0BF0000ADAE7000010B5416CA3
:1054C00096B0044601B368460AF02CF821466846B7
:1054D0000AF0CAF80F4968460AF0B0F86846616CED
:1054E0000AF0A4F80122002168460AF0B7F80A4938
:1054F00068460AF0A5F8094968460AF090F8684637
:105500000AF0D4F816B010BD16B0BDE8104020F077
:10551000EDB8000071570208FFF500087357020844
:1055200008B5074816F0C1F90649886100210091C5
:105530000B460A46006809211BF0E2FD08BD000089
:10554000A81A00203000002030B415460A46014653
:10555000D4B2012D07D0022D13D0032D17D10D7811
:1055600065432C0A04E00D782C44FF2C00D3FF2463
:1055700064F30700120A62F30F2030BC1A460CF0E5
:10558000B7BF0D782C1B002CF2DC0024F0E730BCF8
:1055900070472DE9F04117460446C1F30746C1F3B1
:1055A0000725CAB2012F11D0022F2ED0032F2AD1E6
:1055B000A77877433E0A66F3174066786E43350A4C
:1055C00065F30F20257855432A0A12E0A7783E4458
:1055D000FF2E00D3FF2666F3174066783544FF2D73
:1055E00000D3FF2565F30F2025782A44FF2A00D336
:1055F000FF2262F30700090E61F31F6021681A465B
:105600000DF02EF82060BDE8F081A778BE1B002EBB
:1056100000DC002666F317406678751B002D00DC61
:10562000002565F30F202578AA1A002AE1DC002264
:10563000DFE72DE9F84380461E460F461546104623
:105640000CF026FF04463946404605F016FFC0EB35
:105650000020C0B28DF80000012E13D0022E17D00A
:10566000032E0DD16043000A2A0E69460DF0A2F800
:105670009DF8000039467F2840460ED925F020FBD2
:10568000BDE8F8832044FF2800DBFF20C0B2EBE731
:10569000001B0028FADC0020F8E701F0B7F9EFE77B
:1056A00070B5044616460D4608460CF0F1FE012E74
:1056B0000CD0022E11D0032E15D121784143080AB7
:1056C0002A0E2146BDE870400DF081B821780844CB
:1056D000FF2800DBFF20C0B2F2E72178081A00287B
:1056E000F9DC0020F7E770BD38B500230093CDB298
:1056F000C1F30724C1F30743012A11D0022A2AD09B
:10570000032A27D102786A43120A8DF800204278D2
:105710006243120A8DF8012082785A43120A12E07D
:1057200002782A44FF2A00D3FF228DF80020427815
:105730002244FF2A00D3FF228DF8012082781A44E8
:10574000FF2A00D3FF228DF802200A0E0146684688
:105750000CF063FF38BD0278521B002A00DC0022E7
:105760008DF800204278121B002A00DC00228DF800
:1057700001208278D21A002AE5DC0022E3E710B586
:105780000446406882080AD0496821F00301091DD7
:1057900008446060204600F042F8204610BDFEE755
:1057A0004068103120F00300884201D30120704787
:1057B000002070472DE9FC47054648680C4620F05C
:1057C000030001AA69461EF0F3FFDDE9007005EB56
:1057D000C71101EB80098046D9F8380060B164B187
:1057E000C4E9020504F10806C46030460421FEF74E
:1057F000AAFE864202D0FEE7FEE7FEE7C9F838407F
:105800000120296900FA07F21143296105EB87019C
:1058100000FA08F04A6902434A61BDE8FC8710B506
:10582000044600F087F8046010BD2DE9FC470646E9
:105830004FF000000D0000900746019042D00C464A
:10584000E9460DF10408802907D3084628F01EF820
:10585000411F01208840401E0444424649462046DC
:105860001EF0A6FF009C092C2CDA06EB8400019A9E
:1058700040694FF0FF3101FA02F210400CD1641C74
:105880003069A14008401DD027F0F8FF0446009081
:1058900006EB8000406978B127F0F0FF034606EB85
:1058A000C411019001EB8000876B5FB1786820F034
:1058B0000300A84201D2FEE7FEE739463046009ACF
:1058C00020F080FF3846BDE8FC8710B50446FFF79E
:1058D000A6FF416841F002014160606840F00100AC
:1058E000606010BD10B5044600F024F8416821F056
:1058F00002014160606820F00100606010BD70B579
:1059000006460D46084600F015F8040010D0207930
:10591000C0070BD0686880080BD02146304600F0E5
:105920003CF821462846FFF72AFF0546284670BD69
:10593000FEE7FEE7426800F1080122F00300001FC5
:105940000844910800D1FEE7704770B506460C0088
:105950004FF000001ED0F2B120791546C0071BD0D1
:1059600011462046FFF71CFF78B12946204600F07B
:1059700025F805462046FFF752FF6868294640F0A3
:10598000020068603046FFF715FF2046FFF7AAFFC8
:1059900004F1080070BDFEE7FEE77CB505464868E7
:1059A0000C4620F0030001AA69461EF001FFDDE964
:1059B00000232146284620F005FF7CBD2DE9F0415B
:1059C0000D46044600F10801281F0E18606806F114
:1059D000080720F00300401BA0F10408384604210A
:1059E000FEF7B1FD874200D0FEE7606820F00301BA
:1059F00008EB0500001D814200D0FEE7307900F081
:105A0000030040EA0800706020F003000C2800D278
:105A1000FEE7207900F00300284360603046FFF77E
:105A200054FF3046BDE8F08110B512F0F3FF0021BD
:105A300017F06DFB15F036F8044610A11CF0F2F8D3
:105A4000A0B10FA120461CF0EDF888B10DA12046B1
:105A50001CF0E8F870B10CA120461CF0E3F8002817
:105A60000AD10520BDE8104009F0EEBC0220F9E79C
:105A70000320F7E70420F5E710BD0000EE99B7001A
:105A8000EE988F00EE988A00EE98810038B50446B3
:105A900014F0D4FA054614F010FB0028204605D077
:105AA000616C216418F0B8FF012038BD12F040FD90
:105AB000002820461ED012F0ECFBD4E910018142F0
:105AC0000CD06064206C00906A46202120461AF0B9
:105AD00052F80128E9D1204618F09EFF284614F01C
:105AE000FBFA0428E0D1204617F0EDFB002113F06B
:105AF0004EFDD9E712F07AFDD6E7002802D0C01C8F
:105B000020F00300704713F0BFB9C01C15F0CCBFE4
:105B10002DE9F0410446006815461346476A0E46D3
:105B200000222046B84701280FD10020BDE8F081AF
:105B30002946204600F013F80028F7D020682B46AD
:105B40000022476A31462046B8470228F0D0206834
:105B50002A46314603692046BDE8F041184770B532
:105B6000044600680E46026A20469047050010D0A1
:105B700020683246294643692046984728460BF05C
:105B8000F8FEA2693146904728460BF0E9FE012055
:105B900070BD002070BD2DE9F04F0C4685B0054664
:105BA000002117F0B4FA58B32146284600F08CFAC9
:105BB0002146284600F068F80021284618F0A3F98D
:105BC00083460021284618F0ECF90490002128466D
:105BD00018F073F801281BD000270021284618F080
:105BE00054FB80460021284618F0E8F86FF0404941
:105BF0000646C8450ED1688D00050BD401200AE089
:105C000005B02046BDE8F04F2022002116F07DB8F7
:105C10000127E2E700208046284617F016FB82465F
:105C200028460021822218F0E3F9C2B22369A16854
:105C30002068CDE90031CDE902075B464146504678
:105C400006F072FBA0614E4504D1688D400501D479
:105C5000012600E00026284617F0E6FA0746284607
:105C60000021832218F0C4F9C2B26069002563687C
:105C7000E1688DE82B0031463846049B06F054FB62
:105C8000E06105B0BDE8F08F2DE9F34F81B00C461F
:105C9000019805F0D1FD06004FF000081ED10198D3
:105CA00017F066FB05F0C8FD070074D0019805F0F9
:105CB000C7FD8146019805F0C7FD80468500281D77
:105CC00015F0F2FE06462A4607EB890115F062FF41
:105CD0006FF0604146F828104FF00108019817F066
:105CE000B4FA8346304600F02FFF2061800015F0A3
:105CF000DBFE20602069800015F0D6FE0025DFF86D
:105D00002CA1A06038E056F82510DFF82491514509
:105D100031D100271FE03946019817F0F8F94549BD
:105D2000009018F08AFBA8B9009805F08DFD0128B5
:105D300010D1009805F084FDA8420BD1009818F00E
:105D40002FFB4946484501DA084602E0009818F062
:105D500027FB81467F1C019817F018FAB842DAD861
:105D6000B9F1000F03DBA16841F8259003E0A168B9
:105D7000002041F825006D1C2069A842C3D8DFF837
:105D8000AC90002509F10109C9F1000352462F46E4
:105D900028469A4614E046E056F82010494503DBB1
:105DA0006B1803EB0A050AE0914204D1A16851F88F
:105DB00020100F4403E0A3680F4443F82010401C58
:105DC00021698142E8D80021019818F09CF82169E6
:105DD000C1F1010200FB02B0C01B00D50020002170
:105DE00014E000BF56F821204A450EDB02EB0A03FF
:105DF00000FB03F205EBD57702EB670292FBF5F2AD
:105E0000A768ED1A801A47F82120491C22698A42A6
:105E100001D9002DE6D1B8F1000F04D03046BDE81D
:105E2000FE4F13F031B8BDE8FE8F00009AFFFF1F50
:105E3000010000E0010006002DE9FC5F054617F0B7
:105E4000E7FB8346A86808B10021C161002128460C
:105E500018F08BF901900021284618F0F9F88246D5
:105E6000284617F0E5FE014601982E4C014401EB4F
:105E70000A07284617F08AF98046002639E0A86804
:105E8000DFF8A0902849006850F82600009018F02C
:105E9000D4FA68BB009818F01FFEE0BB0021009800
:105EA00017F0EAFEB8B3012836D0022834D0032810
:105EB00032D00021009818F0F4F960B9009814303D
:105EC0000AF034FA019900EB01090021009817F05B
:105ED000ABFF484481460021009817F08AFF4844F0
:105EE000A04205DB0021009817F083FF00EB0904B6
:105EF000761C4645C3D3A86810B1CBF10001C1613F
:105F00006FF06040C44203D004EB0A00B84200DAEC
:105F10003846BDE8FC9FFFE70098A969006A401A6F
:105F2000401CD7E7010000E0010004002DE9FE4F0E
:105F3000054617F067FB0290A86808B1002181614F
:105F40000021284618F0E2F800900021284618F0B9
:105F5000AEF88346284617F079FE00EB0B01009857
:105F6000DFF85C9101EB00084C46284617F00EF96B
:105F700007460021284617F08EFE01284FF0000644
:105F800045D082E0A868CA464E49006850F826000D
:105F9000019018F052FAC8BB019818F09DFD20B18D
:105FA0000198E9694069081A14E00021019817F086
:105FB00063FE58B1032809D0062807D0082805D069
:105FC0000021019818F06AF930B112E00199E869EE
:105FD0004969401A401C0BE0019814300AF0B5F9E9
:105FE000009900EB010A0021019817F00BFF5044C3
:105FF00082460021019817F005FF5044A04205DBBE
:106000000021019817F0FEFE00EB0A04761CBE4248
:10601000B8D34C453FD05C443DE0A868CA46294906
:10602000006850F82600019018F007FA60BB01984C
:1060300018F052FDE0BB0021019817F01DFEB8B327
:10604000012836D0042834D0072832D00021019806
:1060500018F024F958B9019814300AF076F900EBD9
:106060000B0A0021019817F0D6FE50448246002109
:10607000019817F0D0FE5044A04205DB00210198A2
:1060800017F0C9FE00EB0A04761CBE42C5D34C458E
:1060900001D000980444A86810B102994942816176
:1060A0004C45404602D0444500DD2046BDE8FE8F09
:1060B000FFE701986969C069401A401CD6E70000F3
:1060C000010000E0010004002DE9F34F81B00C460F
:1060D000019805F06AFF06004FF000081ED10198F4
:1060E00017F046F905F061FF070072D0019805F03E
:1060F000D7FF8146019805F0D7FF80468500281D0F
:1061000015F0D2FC06462A4607EB890115F042FD40
:106110006FF0604146F828104FF00108304600F05B
:1061200013FD6061800015F0BFFC60606069800055
:1061300015F0BAFC0025DFF838A1E0603AE056F827
:106140002500DFF83091504533D10027DFF828B122
:106150001FE03946019816F0DAFF5946009018F012
:106160006CF9A8B9009805F09FFF012810D100989C
:1061700005F096FFA8420BD1009817F0A9F8494600
:10618000484501DA084602E0009817F0A1F8814678
:106190007F1C019816F0FAFFB842DAD8B9F1000F67
:1061A00003DBE16841F8259003E0E168002041F855
:1061B00025006D1C6069A842C1D8DFF8B4900025A5
:1061C00009F10109C9F1000352462F4628469A46B3
:1061D00014E04AE056F82010494503DB6B1803EB46
:1061E0000A050AE0914204D1E16851F820100F44F9
:1061F00003E0E3680F4443F82010401C61698142CA
:10620000E8D80021019817F0CCFE8346019817F0DA
:106210000BF801466069C0F101020BFB0210C01BC4
:1062200000D50020002113E056F821204A450EDB5E
:1062300002EB0A0300FB03F205EBD57702EB6702E2
:1062400092FBF5F2E768ED1A801A47F82120491C05
:1062500062698A4201D9002DE6D1B8F1000F04D05D
:106260003046BDE8FE4F12F00FBEBDE8FE8F0000C5
:106270009AFFFF1F010000E00100060070B5044610
:1062800000216E2217F0B4FED8B9204600216C22FE
:1062900017F0AEFE4FF48075A84212D120460021BF
:1062A0006D2217F0A5FEA8420BD1204600217122D5
:1062B00017F09EFE28B920460021722217F098FEA2
:1062C00008B1022070BD20460021602217F090FE28
:1062D000C0B2FF280DD120460021732217F088FE9E
:1062E00038B920460021672217F082FE10F0FF0027
:1062F000E8D0012070BD2DE9F041044606A81D46F6
:10630000174690E84C0002290FD003290BD12946EB
:1063100038461CF0B5FD054630460AF016F8401B1D
:10632000216808442060BDE8F081294638461CF009
:10633000A7FD054630460AF008F800EBD071491079
:1063400005EBD570A1EB6000EAE700002DE9FF4FF7
:1063500095B0C878269CC0070D46002801D0FE489D
:1063600000E0FE48099001D0FD4800E0FD480F9094
:1063700001D1FB4800E0FB48109001D0FA4800E052
:10638000FA48039001D0FA4800E0FA48069001D19B
:10639000F54800E0F548059001D1F54800E0F548E2
:1063A0004FF01409049069E0D4E901124FF0000B9A
:1063B000A1EB0203584659464FF00C0E0FE000BF08
:1063C00001EB4102266909EBC20C16F80CC05FEA2A
:1063D000CC7C08D00EEBC202B2589B1A491C8F42EB
:1063E000EED8002144E04FF0100C0CEBC202B25882
:1063F0001044F3E701EB4106276909EBC60A17F8D9
:106400000A20D20733D1E8B34FF0100C93FBF0F21F
:106410000CEBC60CCDF848C057F80C804FF0080CB8
:1064200008FB02F804220CEBC60C02EBC60257F87C
:106430000CC0BA58CDF820C0C44500DDC446624542
:1064400003DC089A424500DD4246424504D04FF045
:10645000010C47F80AC0E346D4F810C00EEBC6069C
:106460004CF806202769129EBE59801B9B1A491CB6
:1064700062698A42BED8BBF1000F02D06769002F63
:1064800092D100E028E00021159817F010FC0128B7
:1064900023D00021002088460D900E900EA90DA853
:1064A000CDE900012878E368626824991EF0A8FF0E
:1064B000E87810EA080F05D0159816F0C6FE0D9979
:1064C00008440D901799159816F021FE0646DFF83E
:1064D000A8926FF0704B3AE1FEE70121DAE7A74995
:1064E000304617F0AAFF00287AD10021304617F075
:1064F00059FCE8B30027384661690FE0226900EBD8
:10650000400352F83320B24207D100EB40020C2086
:10651000216900EBC2000F5802E0401C8142EDD817
:10652000E878C007708D04D020F4806040F40060EB
:1065300003E020F4006040F48060708506F11400F0
:106540000F9982468847B84224D0304618F064FA42
:1065500070691190B0691290F0691390306A1490CC
:10656000099A39465046904711AA2E21304600E03C
:106570000CE019F000FB304616F0FAFE32462721F7
:1065800019F0F9FA304618F047FA03E0708D20F45C
:10659000406070856878012823D0022804D0059ACD
:1065A00000213046904727E0109906F114008847F3
:1065B0002168059A491C21F00101081A00EBD070EE
:1065C0004FEA600A0021304690470746049A0021AE
:1065D00030469047381A00EBD0710AEB61000BE0AF
:1065E000ADE0109906F1140088472168049A0F1A4B
:1065F000002130469047381A0790E87810EA080FD3
:1066000006D00F9906F1140088470D99081A0D90CD
:10661000304600216A2217F0EBFC07463046002185
:106620006B2217F0E5FC8246304617F0B9FE0C905D
:10663000304616F04DFE0146C7F3417001280DD1DA
:1066400027F0C040484509DCB0F1805F01DBABEBCF
:1066500000000C9A5043642290FBF2F7CAF3417099
:1066600001280CD12AF0C040484508DCB0F1805F19
:1066700001DBABEB00004843642190FBF1FA716948
:106680002298401A0744B1692398411A01EB0A0085
:106690000190E878C00706D0039A00213046904761
:1066A0000D99084400E0079800EB070AE878C00756
:1066B00001D0079805E0039A0021304690470D99D4
:1066C0000844019947185AEA070019D0304618F0D3
:1066D000A3F9716901EB0A007061F16901EB0A002D
:1066E000F061B0693844B061306A38443062304695
:1066F00018F092F900233A465146304618F034FA21
:10670000E87810EA080F14D10F9906F114008847B1
:106710002599039A08440E9947180021304690475E
:106720000744069A0021304690470D9938440844A2
:1067300004E00E99259808440D99081A0D90E87800
:1067400017AAC0F38001159805F00EFB0646002E2F
:1067500019D0DDE9170113E0270601081D0601081D
:106760004B0301082D0301080BDE01082FDE010891
:106770001DDE0108F9DD0108FEFFFF1F0100060014
:1067800088427FF4ACAE19B0BDE8F08F2DE9F04F30
:1067900091B00E0005463AD0AE61286808B112F0FB
:1067A00073FB06EB4600062101EB400015F07CF977
:1067B000286018B3022101EB46010144E96004217D
:1067C00001EB86010144C5E9010101210024012EEC
:1067D00015D03001103015F08BF9A346B100CDE98A
:1067E0000B1B8246C1F1010700EBC6008910CDF8F2
:1067F00034B000F108095C46039198E0FEE7B4224A
:106800000270E8680480E8684180A868048011B0DC
:10681000BDE8F08F4FF00008002F05DC0C99032035
:1068200000EB4100074409E0DDE90B10401A0521A7
:1068300001EB400007440B98401E0B900C98401C45
:106840000C900BA800F0DBF878B10B9803A982102C
:1068500041F828200B9800F003020DA840F82820EA
:1068600008F10108B8F1040FD6DBB8F1040F64D1C8
:106870000699039888420AD14AF8240049F824B0BE
:10688000DDE90D010144DDE90F02104418E004992F
:10689000884218D04AF8240049F824B069680D9855
:1068A00008556968000108550398641C401E4AF8A1
:1068B000240049F824B0DDE90E0101441098001DC0
:1068C000084469682CE005994AF82400884249F890
:1068D00024B0DDE90D01084411D0696808556968E4
:1068E000000108550398641C401E4AF8240049F82A
:1068F00024B0DDE90F0108440830696810E00F9901
:106900000144686801556868090101550398641CD1
:10691000401E4AF8240049F824B0109869680C30E9
:106920000BF1010B0855696800010855641C0BA8A0
:1069300000F065F800287FF46DAF0AEB840140F2A7
:10694000D320464351F8041CB012814205D109EB13
:10695000840151F8041C814219D0A6EB8021B1F5C5
:10696000007F03DC494341F3CF3106E0C1F580618C
:10697000494341F3CF31C1F10F014AF8240049F8EE
:10698000240068680155686809010155641CA01E4F
:106990000DE000BF59F820204AF824205AF82020A2
:1069A00049F8242069680A5C0A55401E641C0028C6
:1069B000F0DAEA680021084611801AE0EA6822F855
:1069C0001100AA683AF8203022F811300AE0AE68C7
:1069D0005AF8202036F81130934200DA1A4626F889
:1069E0001120401C59F820208A4201D1A042EEDB40
:1069F000491CA042E2DB504612F046FA07E703C802
:106A0000814201DC0120704700207047CA1701EB6A
:106A1000527200EBE20022F00702891AC1F107026C
:106A20000378012191408B43037070470120704728
:106A30007CB5044611F098FF0646204611F090FF01
:106A40000546304616F094FC0446302D23D00B2D1D
:106A50004DD113F0F3FA10B1007A012847D06946FE
:106A6000304616F0E7FC94F8300010F00C0F30467A
:106A70001BD016F0EAFB05460021204617F02FF93F
:106A80000128009805EBD5710CD000EB610000BF28
:106A900090FBF5F512E0E16A02B00022BDE870401B
:106AA0001BF072BFC0EB6100F2E716F0BDFB01996D
:106AB00000EBD07201EB620191FBF0F5002D00DAE2
:106AC0000025E06A0026A84200D0012613F0B6FA9D
:106AD00008B1012200E00022294620461BF054FFA5
:106AE000002E04D000222021204619F044F87CBD5D
:106AF00030B5002822DA8B1A002B00DC531A6422EE
:106B00005343C0F30901B3FBF1F1C0F30953C0F3E0
:106B10008922C0F3095000EB800003EB830340009F
:106B2000B1EB430F01D20C4600E0044602EB8205B4
:106B3000B4EB450F03D202EB8200400030BDB1EB55
:106B4000430FFBD2084630BD014600206FF0604283
:106B500000E0401C51F820309342FAD17047000009
:106B600010B522F0E3FD03480068BDE810401AF0BC
:106B7000BFBA0000300000202DE9FF473C4B8246A1
:106B80000FCB8DE80F003B481BF0C5F8052019F02E
:106B9000BDFC014637481BF024FB374935481BF044
:106BA0002FFB364CDFF8D880DFF8D89000256F46F1
:106BB0006FF07F4650460AF02BFA372234212060CE
:106BC00019F02BF92846F9F76BFD00224346F9F737
:106BD00080FC00224B46F9F782FCF9F77FFD024664
:106BE00000230921206815F0D8FB206813F02AFD46
:106BF00000222049606015F05DFB0021606814F000
:106C0000DBFA57F82510606814F012FB606815F085
:106C100053FE30460BF058FE01460022206819F062
:106C20001BF900221146206819F040F930460BF09C
:106C30004BFE01460022206819F03DF90022114662
:106C4000206819F048F900221146206819F075F9FA
:106C500000221146206819F07AF9002307220A4918
:106C6000206815F0BBFA6D1C042DA3DBBDE8FF877F
:106C700084A70308F01A002050B803087C00002005
:106C80000000F83F00804B40295A000870B50AF018
:106C9000BFF91E220446114619F0BFF800231A4618
:106CA0000321204615F079FB6FF07F4528460BF055
:106CB0000BFE01460022204619F0CEF800221146B4
:106CC000204619F0F3F828460BF0FEFD014600229D
:106CD000204619F0F0F800221146204619F0FBF882
:106CE00000221146204619F028F9002211462046BC
:106CF00019F02DF9002307221749204615F06EFAE6
:106D0000204613F09FFC154C0021606114F054FAEA
:106D100013A1606914F08CFA00231A4609216069F6
:106D200015F03BFB00221146606919F032F80D485E
:106D30001AF0F1FF052019F0E9FB014609481BF0A4
:106D400050FA094907481BF05BFA6069BDE87040DA
:106D50000022044915F0AEBA215500083000002089
:106D6000EF8095009C1A0020C4E603082DE9F0414D
:106D70001F4615460E4615F09DFE05220446114697
:106D800019F04BF8002247F6FF71204619F0DAF8A7
:106D900000223946204619F05FF80022FF212046E4
:106DA00019F084F82A463146204618F0F2FF2046B2
:106DB000BDE8F0812DE9F05F0D46834617F0F0FA4B
:106DC0002D384FF0050900EBD0704FEA60084F46B0
:106DD0004E46584616F07CFA0024A0F1140A3E44B0
:106DE000B5F1010504FB0687AC4201D1002000E0AB
:106DF000052019F08BFB0346524639465846FFF7EB
:106E0000B5FF641C4C45EDDBBDE8F09F2DE9F04774
:106E1000DFF86880814600246FF06B066FF03B0757
:106E200048460AF0F5F819220546114618F0F5FF14
:106E3000C4EB041006EB40023B460521284615F042
:106E4000ACFA40460BF040FD01460022284619F0FE
:106E500003F800220C21284619F074F82146284630
:106E600019F09EF8002307220549284615F0B6F9C7
:106E7000641C082CD4DBBDE8F08700008080800013
:106E80002DF0000810B51DF013FE0A4C00282060FC
:106E90000ED00121FFF78EFF0121206800F0ACF831
:106EA00020680023BDE810400D22034915F096B973
:106EB00010BD0000300000202196020810B51DF022
:106EC00081FF104C6060C0B10FA021F0ADFC606884
:106ED000FFF7DCFE02216068FFF76CFF02216068AB
:106EE00000F08AF86068FFF791FF60680023BDE852
:106EF00010400D22064915F071B9BDE8104005A0FB
:106F000021F092BC3000002074776F206F6B0A0074
:106F10002196020874776F206661696C0A00000090
:106F200010B51EF0DDF80F4CA060A8B10EA021F046
:106F30007BFCA068FFF7AAFE0321A068FFF73AFFD9
:106F40000321A06800F058F8A0680023BDE81040B5
:106F50000D22084915F042B9BDE8104006A021F005
:106F600063BC0000300000207468726565206F6BA0
:106F70000A00000021960208746872656520666147
:106F8000696C0A0010B5002015F094FD134C2061C7
:106F9000F0B113A021F048FC00200BF095FC014655
:106FA0000022206918F058FF00200BF08DFC0146EC
:106FB0000022206918F060FF00220121206918F0EA
:106FC0006BFF20690022BDE81040FF2118F06EBF62
:106FD000BDE8104005A021F027BC000030000020D3
:106FE00066697665206F6B0A000000006669766549
:106FF000206661696C0A000070B50C4613F022FB34
:1070000005466FF013030022052115F0C6F9134859
:107010001AF081FE6FF07F400BF056FC01460F48DE
:107020001BF0DFF800220D49284615F043F9062C25
:1070300012D2DFE804F011030507090B08A106E0EE
:1070400008A104E008A102E008A100E008A1284688
:10705000BDE8704014F0ECB870BD0000901A00203C
:107060003100000032000000330000003400000056
:107070003500000010B51BF0EBF904464FF4A07288
:10708000F02118F0CAFE00231A460921204615F007
:1070900084F9022120461BF041FB042120461BF00D
:1070A000C6FB00221DA3114620461BF0EBFA1FA3CE
:1070B0000122002120461BF0E5FA1EA30022012137
:1070C00020461BF0DFFA01221DA3114620461BF0CB
:1070D000D9FA25A30022022120461BF0D3FA24A3CB
:1070E0000122022120461BF0CDFA25A30022032114
:1070F00020461BF0C7FA23A30122032120461BF0E0
:10710000C1FA7822002120461BF07DFB2046782220
:10711000BDE8104001211BF076BB00005370656391
:10712000696669636174696F6E000000446574612B
:10713000696C730050726F636573736F7200000047
:1071400053544D333246313033564554362D434F28
:107150005445582D4D332D52594D43552D6E656272
:10716000756C612D706900004D656D6F727900005E
:10717000313032344B4220466C61736800000000AD
:10718000492F4F003337204750494F73000000000C
:107190001FB5044690F8640000F00100884225D035
:1071A00094F8640011B140F0010001E020F001000A
:1071B00084F8640004F15001684609F043F8E06A7D
:1071C0000099426911440091019980690844019035
:1071D000E06A0299406908440290E06A0399806974
:1071E000084403906946204617F031FC1FBD08B5DE
:1071F000084611460BF013FB0090BDF800009DF807
:10720000021040EA014008BD2DE9FC5F088C0C46E5
:10721000C0F307208F6C0BF023FB8146208D636A3F
:1072200081B2CA00B2FBF9F0072202EBC002D60815
:107230001A0C01FB02FA02FB00F599B20E23364844
:1072400000960CF02BFB060007D0206AD6F81080C1
:10725000000C000704D5386A18E00020BDE8FC9F48
:10726000207C012801D080B115E001A80090534690
:1072700042460C21386804F09CF810B90199514538
:1072800009D030460CF04BFBE7E7E0685246016955
:10729000404614F07FFC208CC0F307200E2837D026
:1072A00008EB0A00A0F1010B08EB0500A0F1010AB0
:1072B000012000FA09F0401E002100F0FF0E0B46ED
:1072C00024E000BF9BF800004A46C84010EA0E00C8
:1072D0000FD080460AE000BFC2F1080C00FA0CFC97
:1072E0004CEA080C4A440CF0FF08D2B2082AF3D347
:1072F00040468AF8000001EB0900C1B2082902D318
:107300000021ABF1010BAAF1010A5B1CAB42D9D3FE
:10731000FE610120E662A1E7585B00202DE9FC47F1
:107320008F6C086A0E46D7F800A0C0F307254FF40B
:107330008079072D0DD0082D0DD0092D0DD00A2DE7
:107340000DD0002189008846C0F3C04048B1386A9A
:1073500028E00221F6E70421F4E71021F2E749468C
:10736000F0E7307C012801D0D8B115E0084614F0D0
:107370009BFB040009D001A80090434622460C2143
:10738000504604F016F820B900E0FEE701994145A7
:1073900005D0204611F078FD0020BDE8FC877C6018
:1073A00001E0F06804693463072D09D0082D09D085
:1073B000092D09D00A2D09D0002070630120ECE7C7
:1073C0000220FAE70420F8E71020F6E74846F4E741
:1073D0002DE9F0430024DDE90759D617072808D026
:1073E000082810D0092819D00A2821D00020BDE88B
:1073F000F08302EB567405EBE40502F0070201206E
:10740000C2F1070416E002EB9674022005EBA40516
:1074100002F003020624A4EB42040BE002EBD27458
:10742000042005EB640502F00102A0EB820401E0F8
:107430000820154401228240521E1FFA82FC0026B9
:10744000C0F1080211E02F7809EB8608E74007EA4F
:107450000C0701EB8707241A3F6864B2C8F8007074
:10746000002C01DA14466D1C761C9E42EBDB0120D9
:10747000BDE700002DE9F0414FF0E025074600246C
:107480006E69FAF7B1F90A49B0FBF1F2A8697A43DB
:10749000A9698142FCD002D2A0EB010002E0A6EB78
:1074A00001031844044408469442F1D3BDE8F08136
:1074B00040420F0010B10268D2691047FEE770B574
:1074C000054611F04DFA0446284611F0A3FA352C72
:1074D00007D1D0F8F802002803D0BDE870401CF0B6
:1074E000AFBC70BD38B505460948007858B1009268
:1074F000888983B2088982B2888884B20888214644
:1075000080B222F0F3F82846BDE838400BF04CBCBE
:10751000060000202DE9F0410446C0690E4610B176
:107520000020BDE8F0810122002130460CF0F6FC7D
:1075300005004FF0FF3716D030460DF059F990B1E5
:107540000220A86405F13800E561C4E90160204625
:1075500003F0F0FBE169032088640020E0610CF097
:107560007DFC0120DDE73846DBE7414302EBA1214A
:10757000414303EBA1214143881270477CB5044687
:107580001AF0F0F894F8A01004F12C0541F0010174
:1075900084F8A010F8B101281DD002281DD112F0E6
:1075A0004DFD694612F06CFD03226946204618F035
:1075B00000FF0021204616F086FB01280ED0002691
:1075C000204606F0E4FC014694F84C000E40B04220
:1075D00006D0012205E0C4F89C507CBD0126EFE7EF
:1075E000002204F1380099B3009912B3D4F8842032
:1075F0009142F0DBE26F91423CDC626FE16F891AED
:1076000001EBD17102EB61020099511A002901DCF2
:107610000099891AD4F88430D4F88C20D21A02EB5D
:10762000D27203EB6203009A9A1A002A4ADC009A8B
:1076300047E0D4F88C209142CDDC626F914219DB97
:10764000DBE700BF44F89C5F207920F0020006E0F1
:1076500007E000BF44F89C0F207940F00200207141
:107660007CBD01994AB1D4F890209142B3DCA26F5D
:1076700091420ADAC4F89C007CBDD4F8882091427B
:10768000A9DBD4F880209142F4DCA26FD4F88010FA
:10769000891A01EBD17102EB61020199511A00299B
:1076A00001DC0199891AD4F89030D4F888209B1A0B
:1076B00003EBD37302EB6303019A9A1A002A01DCED
:1076C000019AD21A8A42C5DABCE72DE9FF4FB5B05C
:1076D000154635981F460C468268DDF80881449EA1
:1076E00002A808F044FE00287DD002A808F02DFE74
:1076F0002B9011A82C22002114F007FB2B9814F0DA
:10770000D3F90890179000201F902090219001231A
:10771000424629462CA810F0B7F82CA81F90002F3D
:1077200007DD00233A46214622A810F0ADF822A832
:1077300020900DA811901990BDF80C01ADF85900DA
:107740009DF80E018DF85B008DF858602068C11916
:107750002868814200DD08460990A068C11BA8681E
:10776000814200DA08460B906068C119686881425E
:1077700000DD08460A90E068C11BE868814200DA33
:1077800008460C9009A808F0E0FD61686A6891421B
:1077900001DC012100E000218946E168EA689142AC
:1077A00001DB012100E000218A4621682A6891421C
:1077B00001DC012600E00026A168AA68914201DBF5
:1077C000012100E00021884606EA080101EA0901DA
:1077D0004FF0010B11EA0A0F03D0322801DA4FF003
:1077E000000B012000E033E18DF8600019EA0B0F77
:1077F0000CD009980D900B980F9060680E906868F7
:1078000011A9401E109035980DF0E4FF1AEA0B0FF5
:107810000CD009980D900B980F90E86811A9401CA6
:107820000E90E068109035980DF0D4FF2968A86894
:10783000814205DB96B1B8F1000F02D0206812E05A
:1078400066B120680D90286811A9401E0F900A9813
:107850000E900C98109035980DF0BCFFB8F1000F09
:107860000CD0A868401C0D90A0680F900A980E904C
:107870000C98109011A935980DF0ACFF0298BBF14F
:10788000000F0D9006D009980499401E81423EDAFF
:1078900008463EE004980F9068686168401AB84254
:1078A00000DA3846814600252EE060684619E06817
:1078B000A0EB05080398B04202DD0599414522DBA3
:1078C000FF212B9A089814F020FA2B980090334649
:1078D0001FA80D9A08990FF0BDFE8DF8600003985F
:1078E000B04205DC0E9611A9109635980DF072FF86
:1078F0000599414507DBCDF8388011A9CDF84080C6
:1079000035980DF067FF6D1C4D45CEDB95E009986D
:10791000401E0F900DA808F018FD051E39DD56EA2F
:10792000090019D0039C14E00E942A46FF211094FC
:10793000089814F0EAF9009523461FA80D9A0899B3
:107940000FF088FE8DF8600011A935980DF042FF08
:10795000641C0A98A042E7DC56EA0A0619D00C9C7F
:1079600013E00E942A46FF211094089814F0CDF9E4
:10797000009523461FA80D9A08990FF06BFE8DF80D
:10798000600011A935980DF025FF0598641CA042F0
:10799000E7DA0F980299401C814201DD084601E0B8
:1079A0000F98401C0D900B98401C814201DD084649
:1079B00001E00B98401C0D9004980F900DA808F062
:1079C000C4FC051E39DD58EA090019D0039C14E0F7
:1079D0000E942A46FF211094089814F096F9009509
:1079E00023461FA80D9A08990FF034FE8DF8600009
:1079F00011A935980DF0EEFE641C0A98A042E7DC50
:107A000058EA0A0019D00C9C13E00E942A46FF2174
:107A10001094089814F079F9009523461FA80D9A40
:107A200008990FF017FE8DF8600011A935980DF038
:107A3000D1FE0598641CA042E7DA2CA80FF048FE9E
:107A4000002F02DD22A80FF043FE089811F01CFA67
:107A500039B0BDE8F08F2DE9FF4794B015460C46CC
:107A6000824604A82C220021209E14F04EF9CDF865
:107A700010D0BDF85C00ADF825009DF85E008DF8D3
:107A800027008DF8246060686968884201DC01275E
:107A900000E00027E068E968884201DB012600E099
:107AA000002620682968884201DC012100E00021CD
:107AB0008946A168AA68914201DB012100E000210A
:107AC0000090A06802906068019068688846401E37
:107AD00003901FB104A950460DF07CFEE868401CDD
:107AE0000190E06803901EB104A950460DF072FEAB
:107AF000206800902868401E02900FB1686800E07E
:107B0000606801900EB1E86800E0E0680390B9F1A8
:107B1000000F03D004A950460DF05CFEA868401C7D
:107B20000090A0680290B8F1000F03D004A950465D
:107B30000DF050FE18B0BDE8F0872DE9F04F8B46F0
:107B4000A2F57F41A1B091460646FF3942D0F46AC2
:107B5000208D8046984204D02385608D40F0080037
:107B600060854FF4802A5146204616F043FB0746B5
:107B70005146204616F062FB0546384611F079F969
:107B80000746304603F0DFFF80697A1909FB0200DF
:107B9000014605EBD570A1EB60001D9038446D1EC9
:107BA00028441F90F06A41691C91C0691E90684684
:107BB0000DF0D2FB6A465146204616F0A4FD1CAAE1
:107BC000694658460DF0B2F9A4F82880608D20F07F
:107BD0000800608521B0BDE8F08F2DE9F04F0E461A
:107BE000A2F57F41A5B090460546FF395CD0EC6A0E
:107BF000278D9F4204D02385608D40F0080060856A
:107C000003A80CF067FB4FF4802903AA49462046DD
:107C100016F0BDFC4946204616F010FB1190284690
:107C200003F091FF05003FD00B9811F022F9119A53
:107C3000A969131808FB031119911146199A01EB50
:107C4000D171A2EB6101119A19911144401E0844AF
:107C50001B9060691890E0691A9018AA06F1180143
:107C60001FA808F084FBD0B118360DF17C0C96E803
:107C70000F008046894692469B469CE80F0086E8A6
:107C80000F002846183E12F00DFF0A9005F114026D
:107C900003A930460CF0EDFA183686E8000F278568
:107CA000608D20F00800608525B0BDE8F08F0000F1
:107CB0007FB50446D0F8A85204E000BF0CF0D6F817
:107CC0000CF018F8A86B0028F8D120460BF0F6F855
:107CD00018B12648006927F0F5FF01202063A16B49
:107CE000C90702D0A16B890700D400206063606BD4
:107CF00008B1012600E00026A06A20B328682169A7
:107D00006A460569D4F80003084400906169D4F814
:107D10000403084401902169D4F808030844029040
:107D20006169D4F80C03084403903A2120460BF013
:107D300067F9A36A2A466946204698476A463B2166
:107D400020460BF05DF920460BF0B8F800280BD068
:107D500094F83900012801D1002E05D0616AE0694C
:107D6000814200D1206A60627FBD0000605A00201D
:107D700038B540680C46010C491E83B200220091C0
:107D8000114620465B1E08F044FC38BD2DE9F04743
:107D9000B8B0054610F0E8FD0446284610F01BFE7A
:107DA0008246E06A12F07EFE054694F86400C00741
:107DB00071D004A80DF0D0FA4FF4C02904AA4946A6
:107DC000204616F0A0FC04F15001684608F03AFA8B
:107DD000E06A0099426911440091019980696A46FC
:107DE00008440190E06A0299406908440290E06A00
:107DF000039980690844039004A950460DF096F851
:107E00004946204615F0CBFF06464946204616F067
:107E1000A4F887194946204616F0E7F84FF0000805
:107E20001E490644CDF8D480CDF8D880206E09686C
:107E3000284488470246206E411935A813F0AAFE4F
:107E400000985822384400900198414630440190EF
:107E5000E06A16F0CDF8054620A80CF03BFA20AAFF
:107E60004946204616F093FB9DF83000022805D8BD
:107E700029462B980AF0E4FC00280CD135A827905D
:107E80009DF8CC006A4640F040008DF8CC0020A957
:107E900050460CF0EEF938B0BDE8F087A084040835
:107EA0002DE9F04FEDB0054638300E465E9013F0E8
:107EB0008EFD00287ED105F1140206F1180168A894
:107EC00008F055FA002875D0183668AC96E80F000F
:107ED00083462091CDE9642394E80F0086E80F00E3
:107EE0003DA8183E0CF027FD4FF4C0243DAA2146C2
:107EF000284616F0A5FB21A80DF02EFA21AA21464E
:107F0000284616F000FC2146284616F0C1F900EB81
:107F1000D07047102146284616F0BAF900EBD07011
:107F20004FEA600A5E9813F0D9FC90E040223DA928
:107F30004EA813F02FFE702221A9684613F02AFEE6
:107F4000A089ADF86401A07B8DF86601A089ADF829
:107F50002100A07B8DF82300A08AC00502D5D4E9BA
:107F600000010BE0A2686FF0004082426BD066AB6C
:107F70002846216909F084FFDDE966016A6902EBA0
:107F80000008A86900EB010927B1BAF1000F01D080
:107F9000012000E000206690A8EB07005F9008EB4E
:107FA00007006190A9EB0A00609009EB0A0062905B
:107FB000207D00E056E081071CD0C00701D0686931
:107FC00000E04046CDE95509207D800701D5E869EC
:107FD00000E04046CDE957090020519003904EA99A
:107FE00030460CF06CFC669820B15FAA69463046BA
:107FF0000CF09CFF207D10F00C0F1ED0CDF85481AA
:10800000207D400701D5A86900E04846CDE9560823
:10801000207D000701D5286A00E0484658900120DD
:10802000519003904EA930460CF049FC669820B15F
:108030005FAA694630460CF079FF3F98401C3F909C
:108040002398401C239021465E9813F044FC0400C2
:108050007FF46CAFDDE964232099C6F818B01C36B4
:1080600086E80E006DB0BDE8F08F2DE9F04F884630
:1080700001F11802A5B0044600F114011AA808F095
:1080800076F9002872D008F1180114AD91E80D00BE
:10809000D8F82410179185E80D001AAE08F11800E1
:1080A00096E82E0080E80E0000212046C8F82450F3
:1080B00015F069FE05460021204615F03CFF2844D6
:1080C0001E900021204615F07EFF0544204615F045
:1080D000BCF81390204615F0A7F8129002A80CF0F7
:1080E0002AFC02AA0021204616F0AAFA2046002106
:1080F000322215F07DFF00F0FF090021204615F027
:1081000042FE824620460021342215F071FFC6B29D
:10811000204615F0AFF92390204615F06DFAA16EB8
:10812000B9B3A1692944A1EB000B60690990E0692A
:108130000B90B4F86800002507B2B9F1020F26D9F8
:10814000BAF1000F23DDB00705D50021204615F058
:108150003AFF00B90125F00719D02046002111226D
:1081600015F046FF98B97F1E3FB210E055E0A16EB2
:108170001298491E6843B0FBF1F058440A900C90E5
:1081800002A9049540460CF09AFB6D1C2DB2BD422D
:10819000EDDBE06EC0B361691E98002701442398AF
:1081A000B9F1020FA1EB000BA0690A90206A0C90B4
:1081B000B4F86C0005B225D9BAF1000F22DD7007C2
:1081C00005D50021204615F0B6FE00B9012730077D
:1081D00018D520460021132215F00AFF90B96D1E14
:1081E0002DB20FE01398E16E7843491EB0FBF1F019
:1081F000584409900B9002A9049740460CF05FFB8D
:108200007F1C3FB2AF42EDDB14AD08F1180195E8D9
:108210001D0081E80D00C8F8244025B0BDE8F08FAE
:108220002DE9F047A0B0064610F09AFB054630460F
:1082300010F09AFB0446172D2DD01A2D28D1206C52
:10824000002825D0E06B002822D0A06C00281FD089
:10825000E06C00281CD0304610F0BDFBA16D054637
:1082600001F0030001287BD0890779D002280FD1C3
:1082700068460CF02FF86A460021204616F087F970
:10828000E06A079004F11402694628460BF0F1FFFA
:1082900020B0BDE8F087304610F0AEFB0546007810
:1082A0000228F5D0A06D4FF00106C143890755D0D3
:1082B00000F00301022951D0C0F384000AF0F3FA60
:1082C000F0BB20460021442215F092FEC0B2FF28E8
:1082D00044D1606CA0BBA06C3102884207D1E06C35
:1082E000884204D1002204F11401686830E007A933
:1082F000204611F0A9FC204614F0EAFF074620466C
:1083000016F04EF80146B4F84820B4F84C0092B28A
:10831000009207AB80B2CDE9010300233A4603A8DF
:1083200011F057F903996069084403900499A06912
:10833000084404900599606908440590069901E095
:108340000CE00DE0A06900220844069003A96868CB
:1083500008F02DF810B1206B002899D02E7097E707
:1083600001A80BF097FE01AA0021204616F0B6F8EE
:10837000D5E90880D5E90667814611A9204611F0A4
:1083800063FCA06C0D90E06C0E90606C0C9094F807
:108390005800C109BDF8500061F30C30ADF8500031
:1083A000B4F85800010B9DF8510061F303008DF8FB
:1083B0005100206B1B90E06A0890A269206C104469
:1083C000401E00906169E06B0B1816A882465B1E88
:1083D00008F01FF9204600210C2215F009FE1A9022
:1083E000B4F85800C0F303220A2A10D2A06B009000
:1083F000514604F11400636B07F002FE0DF1580CB6
:108400009CE80F000DF1700C8CE80F0007E00C2ABF
:108410000ED016AC94E80F001CAC84E80F001CAA28
:1084200001A928460BF0E2FD183585E8C0032FE7C7
:1084300005F1180104F11402084607F098FFD4E989
:108440000D12504608F0D8F8E8691799411A206CC7
:10845000091A491C91FBF0F24243A8691699411A86
:10846000E06B091A491C91FBF0F14143504608F0BA
:10847000C3F818350DF1700C95E80F008CE80F006B
:10848000BDF85000183D40F40050ADF85000C6E76C
:108490002DE9F04FADF5117D054610F065FA044663
:1084A000284610F098FA8F9001A9204614F0DEFEBD
:1084B00000216822204615F09BFD05460021692217
:1084C000204615F095FD0246294601A807F042FF17
:1084D00001A807F03AFF099001A807F027FF0790CD
:1084E000D4E90C10401A5FEA000801D14FF00108EE
:1084F00094F870000027C0F3C200012805D00228BC
:1085000006D007990998884201DB012700E000277F
:10851000204608F041FA12900021204615F005FD92
:108520005D900021204615F021FD5C900021204641
:1085300015F043FD5B900021204615F0C9FC059025
:1085400004F13C0001A9009007F061FEE16B5D9829
:108550006FF001050144E163616C5C98091A616484
:10856000216C5B9801442164A16C0598091AA164EF
:10857000009877B107F0DAFE042818DA0798A169A5
:1085800000EBD07005EB600008442064001DA0647F
:108590000DE007F0DAFE042809DA0998616900EBBA
:1085A000D07005EB60000844E063001D6064009833
:1085B00007F0CBFE0546009807F0B8FE2FB1A9469C
:1085C00004F14405C548009E05E08146C44804F115
:1085D000400604F148050D90E26E501C14D0616E07
:1085E000206BA36E091A181A01FB09F100FB09F0B0
:1085F00091FBF8F190FBF8F0401A5043C21700EBE2
:10860000126001EB202006E0A16B206B081A00FB32
:1086100009F090FBF8F0E26D8346501C14D0616DB8
:10862000206BA36D091A181A01FB09F100FB09F070
:1086300091FBF8F190FBF8F0401A5043C21700EBA1
:10864000126001EB202006E0D4E90B10081A00FBB1
:1086500009F090FBF8F0824620460021272215F011
:10866000C7FCC0B20FB1012800D0002094F84C1014
:10867000814208D030462E4601210546CAF1000A43
:10868000CBF1000B00E0002147B1326802EB0A0099
:108690002860326802EB0B00306008E02A68A2EB29
:1086A0000A00401C30602A68A2EB0B002860129878
:1086B00040B3206B404200FB09F090FBF8F097B10B
:1086C00029B133682A46181A3146401C03E0336842
:1086D0003246294618442B6811E00B6010601FE0F9
:1086E000136008601CE021B12B682A46314618440B
:1086F00004E02B683246181A2946401C336883422E
:10870000EEDDEAE70D9900988847012808DC002291
:108710001F21204617F02FFA0DF5117DBDE8F08FCF
:108720007AA8009907F073FD22A80CF015FE22AA82
:108730004FF40031204615F0E6FF204600210C22C0
:1087400015F056FC054607990998884200DB084653
:10875000B5EB600F00DD4510DDF8A480009807F050
:10876000F4FD0446009807F0E1FD8442009802DA27
:1087700007F0EBFD01E007F0D9FDB8EB600F01DD7C
:108780004FEA60089DF8B700002400F0070017B119
:10879000022802D002E0012800D101242E9800B165
:1087A00001245D9801264FF00009002810DB5C9839
:1087B00000280DDB5B9800280ADB0598002807DB02
:1087C000A84505DA2A4601A97AA807F0F0FD98B372
:1087D0004E4694B3702222A95EA8F7F7B5FD8DF836
:1087E000C0918DF8B3918DF8D0918DF898917AAAB7
:1087F0005EA98F980CF09AFB8DF8F490702222A954
:108800003EA8F7F7A1FD8DF850910DF5F47A8DF89B
:1088100040918DF864919AE80F000DF5FE7A8AE890
:108820000F00ECB197B101995D9808447F900399CE
:108830005C98081A819011E000E04CE054F00100CF
:1088400049D08DF8D0908DF8E090D5E702995B98EB
:1088500008448090DDE90410081A8290CDF8149144
:108860007FAA10218F980BF0F9FF07467FAA3EA937
:108870000CF05CFB83A80CF055FB4EB101AE96E802
:108880000F008AAE86E82F0083A938460CF012FB51
:108890004CB17AAC94E80F008AAC84E80F0183A94C
:1088A00038460CF007FB07A80BF0F4FB7FAA07A9DA
:1088B0000E978F980BF056FF702222A93EA8F7F76B
:1088C00043FD8DF818918DF833917AAA3EA98F98BF
:1088D0000CF02CFB20E77AAA22A9F8E74B03010849
:1088E0002D0301082DE9F043BDB0054610F03CF81A
:1088F0000446284610F06FF881460021204615F006
:10890000E2F901280BD00025204605F040FB064681
:1089100094F84C103540A94203D0012502E001250E
:10892000F2E70025204618F028FF074620467EB1D2
:1089300014F0CEFC804637B1E06A002803DA1DB19E
:1089400004E038900EE00DB1E06BFAE7606CF8E7F8
:1089500015F026FD80460FB3E06A00281EDAF5B157
:108960001FE0399068460CF0F7FC6A464FF440313E
:10897000204615F0C8FE3346424638A920461CF072
:10898000A6FD04F1840038A9074607F052FC2046F2
:1089900018F0E8FE022806D03A462AE00DB1A06C95
:1089A000DFE7206CDDE7702269461CA813F0F2F8BF
:1089B0003A46694648460CF0B9FA2EB115B1606CDA
:1089C000389004E0E06BFBE7D5B1206C399033467A
:1089D000424638A920461CF07AFD04F1740038A9FB
:1089E000044607F026FC70221CA9684613F0D2F852
:1089F0002246694648460CF099FA3DB0BDE8F0833E
:108A0000A06CE3E72DE9F04FADB004460FF0ACFFEA
:108A1000054614F0ADFC06460EA80BF05BFC0EAA52
:108A20000021304615F0B3FD20460FF0D4FF00F1D1
:108A3000180104460FC98B46CDE90723824604F18D
:108A4000180106F1140223A82B9107F090FC0028CE
:108A500060D023AF97E80F0004F1180787E80F00F4
:108A600027A9304603F024FB68690190A8690290A9
:108A7000E8690390289801AA049010462B9907F002
:108A800076FCC8B1D4E90881F4E906670DF1040C5D
:108A900089469CE80F0084E80F002846183C12F035
:108AA00001F8159005F114020EA920460BF0E1FB28
:108AB00004F1180080E8C003686901902A980290C8
:108AC000E8690390286A01AA049010462B9907F0E0
:108AD0004EFCC8B1D4E90881F4E906670DF1040C35
:108AE00089469CE80F0084E80F002846183C11F0E6
:108AF000D9FF159005F114020EA920460BF0B9FB21
:108B000004F1180080E8C003DDE90723C4E9082365
:108B1000C4E906AB2DB0BDE8F08F00002DE9F043AD
:108B20008BB00646DDE912981D4617460C464846AE
:108B30001AF025FA002872D100234A4601A92846D6
:108B400010F0C7F8BDF80C00002868D0BDF80A1076
:108B5000002964D0BDF90E303A681A441144491E08
:108B600007920991D5E90312891A7A681144BDF96F
:108B70001020091A891A0844401E0A900891002200
:108B800007A8B16807F06AFC30B1B1680022E0685C
:108B900007F064FC002842D10198002580B39DF8BD
:108BA00012000021401E082821D20095BDF80C308B
:108BB000BDF80A20A0690BF052F8010017D1A06996
:108BC00008B10AF0ACFEBDF80C20BDF80A1001FB9C
:108BD00002F0402800D252000E23124800950AF0FD
:108BE0005DFE01000DD0BDF80C00C880A16101A898
:108BF00010F06AF8206008B19DF81200207102E0C0
:108C000000E0FEE7257107A8A06001A8002320610D
:108C10001A4621463046C04701A810F02CF90BB087
:108C2000BDE8F083405B0020F0B58FB01D461646CE
:108C30000C0007464CD02079092849D2DFE800F023
:108C40000519194819484848190068460AF0ABFC4C
:108C5000E07D8DF82800A08AADF82000A07D8DF879
:108C600022000120099069463846E2680DF056FC62
:108C70002EE0A3680DF12C0C0FCB8CE80F000BA895
:108C800007F063FB0E210BF00FF80B99401E084410
:108C90000D9068462C22002113F037F8A08AADF819
:108CA0001500A07D8DF81700E07D8DF81400206878
:108CB000016906910BA908910089694680B2099063
:108CC000A068009002208DF81C0038460CF082FD50
:108CD000002E09D0002D07D00FB02A463146384665
:108CE000BDE8F0400EF09AB90FB0F0BD2DE9F34F9A
:108CF000086B0C46401E431000F00100C518C969FE
:108D0000606A8FB0814201DA0A4600E002460092B2
:108D100000DD0846A0F101000290206A6946A0EB40
:108D200005000190206A184403900F988268084655
:108D300007F01DFB002838D0A06B18B1606B08B19C
:108D4000012600E000262C2104A813F01EF8CDF81F
:108D500010D0A08DADF8250094F82E008DF82700D6
:108D600094F83C006D468DF82400D6B1684607F0B3
:108D7000ECFA0646039F01980390D4E90D100844CD
:108D8000009991FBF0F200FB121A304612F08CFEB3
:108D90004FF0020B0C958DF82CB081460A90019D86
:108DA00035E004A90F980CF015FD11B0BDE8F08F67
:108DB0003246FF21484612F0A8FF002150460B46DC
:108DC0005A4617E0D4F834C0844506DBACEB000CFF
:108DD0000FFA8CFC6144604408E0D4F83880C44445
:108DE000844501DA002001E009F80130401C8DF8CB
:108DF0002C20491CB142E5DB04A90F980CF0EAFCD9
:108E00000198401C01900398401C6D1C0390BD42CA
:108E1000CEDD484610F038F8C7E700002DE9F34FE3
:108E20008A46096ADAF82800D9B00AF11C040AF166
:108E30002406814205DA2146684617F067FC314670
:108E400004E03146684617F061FC2146DDE9005731
:108E5000684617F05BFCDDE90046A4EB0508A6EBCD
:108E60000709B8F1000001DCC8F10000B9F1000108
:108E700001DCC9F10001884201DD012000E0002091
:108E80000190DAF8301058B1B9F1000001DCC9F1F5
:108E900000004201B8F100000DDCC8F100000AE05A
:108EA000B8F1000001DCC8F100004201B9F1000096
:108EB00001DCC9F1000092FBF0F0924A105C4843DB
:108EC0003F30C0114FEA600B00F0010202EB0B01D2
:108ED0000691A54201DA294600E02146A1EB0001F6
:108EE0000A9101DD294600E0214601440C91B74278
:108EF00001DA394600E03146A1EB00010B9101DDBA
:108F0000394600E0314608440D9059980AA9826814
:108F1000084607F02CFA00287DD014210EA8F7F798
:108F20002CFA1EA80E902CA80F9001990020002961
:108F300072D0B8F1000F13DDA6EB0B01CDE90010E4
:108F40002346A7EB0B0229461EA80EF009FC069843
:108F500001213044CDE90001069823463A1812E079
:108F6000069923463144CDE90010069829463A185F
:108F70001EA80EF0F5FB0121A6EB0B002346A7EB84
:108F80000B02CDE9000129462CA80EF0E9FB9AF866
:108F90003D004FF0020BC0061AD4032107EB080076
:108FA000CDE90001A5EB09033A4629463AA80EF09F
:108FB000D7FB06EB0801CDE9001BA4EB0903324601
:108FC000214648A80EF0CCFB3AA8109048A8119072
:108FD0000AA807F0BAF9044617F03CFD09F002FFB1
:108FE00005460AA807F0A7F9A84203D20AA807F085
:108FF000A2F90546A846284612F056FD81460D9F67
:109000000B980D9000254246FF21484612F07DFE48
:109010002C2113A801E071E014E012F0B6FE0AA9B9
:109020001391BAF82C20ADF861209AF82E008DF833
:1090300063009AF83C008DF86000CDF864901B91B5
:109040000B9E3AE0CDE9006006983A4623182918AD
:109050001EA80EF085FB0120CDE90060A4EB0B03F8
:109060003A46A5EB0B018FE7009409EB05010A9A3C
:1090700033460EA808910EF0EDFA8DF8680018B985
:109080002146089812F081FE25442919414503D252
:109090000D98401C0D900FE08DF868B013A95998F9
:1090A0000CF098FB0D980025401C0B900D9042464B
:1090B000FF21484612F029FE761CBE42D4DD0D99F0
:1090C0000B98884207D0481E0D908DF868B013A900
:1090D00059980CF07FFB48460FF0D6FE1EA80EF004
:1090E000F7FA2CA80EF0F4FA9AF83D00C00605D461
:1090F0003AA80EF0EDFA48A80EF0EAFA5BB0BDE827
:10910000F08F0000DCB903082DE9F04F8346086BAF
:109110000C46401E411000F001004218E06991B079
:10912000821A084400920290216AA06A814200DA01
:1091300008460190216AA06A814200DD0846401E6F
:10914000039069460846DBF8082007F010F900286C
:109150003BD0A06B18B1606B08B1012600E000267F
:109160002C2104A812F011FECDF810D0A08DADF87E
:10917000250094F82E008DF8270094F83C006D46E9
:109180008DF82400EEB1684607F0DFF80F90039FDA
:10919000019803900F9812F087FC80460A900220F5
:1091A0000C958DF82C00D4E90D10084401994FF06E
:1091B000000991FBF0F200FB12150E464FF0010A78
:1091C00025E004A958460CF005FB11B0BDE8F08F6E
:1091D000FF2140460F9A12F098FD606BA84202DA18
:1091E0008DF82C9001E08DF82CA0D4E90D100844E6
:1091F000A84200DC002504A958466D1C0CF0EAFAD0
:109200000198401C01900398401C761C0390BE42BC
:10921000DEDD40460FF038FED7E72DE9FF47054673
:109220000FF0A2FBC46A28460FF0D5FBE26A0546A0
:1092300000F118016846143207F099F8002834D07C
:10924000D5E90881F5E9066789469DE80F0085E8BC
:109250000F0094F84C00183D800628D5A26C206CB5
:10926000824208D1212329462046FEF766FC20468B
:109270002123A26C13E0202329462046FEF75DFC43
:10928000204620232946A26CFEF7A7FC2046012396
:109290002946226CFEF751FC226C20460123294608
:1092A000FEF79BFC183585E8C003BDE8FF87204624
:1092B00020232946A26CFEF740FC20462023A26C06
:1092C000EDE700002DE9F04FF7B005460FF04CFB3D
:1092D0000446806B00287DD028460FF07CFB7290FE
:1092E000608D58A940F008006085204613F0BEFF4D
:1092F0000025278D2585608D2E4640F0080060856D
:109300003CA80CF029F85CA80AF0E4FF4FF4A0296F
:109310003CAA4946204615F0F6F95CAA4946204683
:1093200015F035F9608D002120F008006085204699
:10933000278514F045FE75900021204614F0CBFDE2
:1093400074900021204614F0F3FD73900021204614
:1093500014F00FFE82460DE1761CE06A90A150F8F1
:10936000260018F05FFC0028F6D0606B30F815007E
:10937000C1067DD44FF00008C10501D54FF00108AA
:10938000400602D548F0800012E0206CA84210D1BF
:10939000B80601D548F02008B80701D548F0020802
:1093A000780701D548F00408380702D548F00800CE
:1093B0008046206B00EB051103A806F031FF589999
:1093C00003980844039059990498084404905899C4
:1093D000059800E0D6E00844059059990698B8F140
:1093E000000F084406907CD0A4F82880608D40F0DF
:1093F000080161850BA80BF0AFFF27A80AF06AFFF0
:109400000BAA4946204615F07EF927AA4946204670
:1094100015F0BDF82785608D20F0080161859DF865
:1094200075000D95C10636D520F01F000F308DF860
:10943000750063697399039A19448A4203D120F035
:1094400004008DF87500E2690599A2EB0A008142DB
:1094500005D19DF8750020F008008DF87500A2690F
:10946000759804991044814207D19DF8750000E079
:109470007EE020F002008DF87500226A749806994B
:10948000101A814207D19DF875004108490061F327
:1094900004008DF8750003A806F048FF07905FEA06
:1094A000886008D5606B30F81500400503D5049935
:1094B0000798081A049003AA0BA972980BF036FDBE
:1094C0002F98719036980A9035980190E06A50F87C
:1094D00026B058A806F039FF01469DF8E72001980C
:1094E00000E052E08DE80700594608A80A9B719AEF
:1094F00019F06AFC03A806F028FF0899401A03999E
:1095000000EBD07001EB6000039003A806F00EFFA3
:109510000999401A049900EBD07001EB60000490A7
:1095200008990398084405900499099808440690FE
:109530005FEA88600ED5606B30F81500400509D5EC
:10954000079800EBD070A1EB600104910699A1EBA4
:10955000600006909DF8E800CDF8B8B040F04000FB
:109560008DF8E80003AA27A9299572980AF081FED0
:109570006D1C761CA06BA8423FF6EFAE608D20F00C
:109580000800608577B0BDE8F08F70223CA90BA879
:1095900012F000FB54225CA927A812F0FBFA3EE768
:1095A0000A0000002DE9F04FF9B005460FF0DCF994
:1095B000044628460FF00FFA71900021204614F05F
:1095C000E5FB054600211222204614F011FD284437
:1095D000779000211322204614F00AFD00EB050BC2
:1095E00003A80AF077FE03AA4FF40031204614F0D6
:1095F000CEFF206B40B1814694F84C00002700F06C
:109600000F00012807D007E080222DA920460EF088
:109610005FFF2DA8EFE7012720460021272214F045
:10962000E7FCC0B2012800D10127606B4FF00008B1
:1096300000285CD010F0F2FC8246022818D04DA918
:10964000606B10F035F9012822D04FF0FF36354617
:10965000A069691E7390084475906069711E7290CC
:109660000844CDF800807490B7B10722779B16E0CC
:1096700011989DF857206FF060418DE80700129B0C
:109680000B9A50A8616B19F09FFBDDE95065DFE78D
:109690004E9886B2050CDBE7CBF10003082272A9D5
:1096A00004F1140006F0ACFCBAF1020F49D04DA849
:1096B0000AF0F0FC4FF4003A4DAA5146204614F04F
:1096C0000DFF05EBD570421006EBD67041105DA87A
:1096D00017F021F820466E22514614F089FC58906C
:1096E000606B549072AA4DA971980AF07FFC18A87B
:1096F0000AF0F0FD18AA0021204614F048FF269831
:109700009DF8AB206FF060418DE8070049466FA8D7
:10971000279B209A19F058FB60696F996B90084459
:10972000401E6D90A06970996C900844401E6E9028
:10973000606B70B1CDF8008087B1CBF100030822D7
:109740000EE0606B0A9072AA03A971980AF091FD6D
:10975000CDE700230922CDF8008001E0779B0722A6
:109760006BA904F1140006F04BFCCDF87C90206B43
:1097700028B99DF8AC0040F040008DF8AC006BAA11
:1097800018A971980AF075FD79B0BDE8F08F2DE940
:10979000F04FABB005460FF0E7F8044628460FF04F
:1097A0001AF905461FA9204613F01CFD204602F0B9
:1097B000D4F9064603A80AF08DFDE06A0A90606DB0
:1097C0001390A06D149094F85C0000F0070003283B
:1097D00008D01FA806F0AAFDB0F5806F02DB04F1E7
:1097E000380017908DF8576003AA0021204614F026
:1097F000CEFE9DF856004FF0010808B98DF856804E
:10980000606C0C90A06C0D900C994FF6FF7081422B
:1098100026D00D99814223D04FF480292746582223
:109820004946204614F0E4FB02464946384616F005
:10983000FBFB0090BDF80000ADF83B009DF8020076
:109840008DF83D0020461C22494614F0D1FB0090C3
:10985000BDF80000ADF83E009DF802008DF8400014
:1098600094F85C006FF0604B00F00700022801D014
:10987000032817D19DF85600022801D0032811D1E2
:109880001199CDE9001B0296129B0B9A27A8E16A59
:1098900019F09AFA1FA806F058FD2799884201DAB4
:1098A0008DF8568005F118021FA919A806F05FFD72
:1098B00000287ED094F85C00400709D1204613F0C0
:1098C0009BFE424200211FA806F096FE206A2290CD
:1098D00094F85C0000F0070002281BD0032819D080
:1098E0001FAA03A928460AF0C4FCD5E907800DF198
:1098F000640C81469CE80F0005F1180CD5F824A0F3
:10990000AF698CE80F0094F85C0000F007000328B2
:1099100018D051E0D5E907820DF1640C91469CE81E
:109920000F0005F1180CD5F824A0AF698CE80F00E2
:109930001FAA03A928460AF09CFC05F1180080E83C
:109940008007D2E71199CDE9001B0296129B0B9A72
:1099500029A8E16A19F038FA1FA806F0F6FC29993F
:10996000884212DA202211460B980FF050FA616DEE
:10997000299A00EB4000114408441390A06D149004
:109980001FAA03A928460AF074FC1FA806F0CEFC03
:109990002A99884210DA606D13900B980FF069FADB
:1099A000A16D2A9A1144084414901FAA03A92846BD
:1099B00000E004E00AF05DFC183585E880072BB074
:1099C000BDE8F08F2DE9F043A7B007460EF0C8FFC1
:1099D000054638460EF0C8FF04464FF480261A2D7F
:1099E0007DD01D2D7CD138460EF0F5FF054603A82D
:1099F0000AF070FC03AA3146204614F0C8FD22A9E3
:109A0000204602F055FB22AA05F1180118A806F01D
:109A1000AEFC002864D0204602F09CF88146204627
:109A200014F0BEFC0646484611F03CF80146119879
:109A3000CDE900060122029220A8129B0B9A19F090
:109A4000C3F9204613F044FC07460021204614F0D9
:109A5000D7FBC268D9F8181002EBD27201EB620191
:109A6000A269064607EBD77802EB68000F1A484652
:109A700013F02EFCF168401A002802DDB90391FBB7
:109A8000F0F70B98A26902EB6801C068219A121ADC
:109A90007A4301EBA23100EBD070A1EB600800210A
:109AA000204614F076F9074620460021122214F0D1
:109AB0009FFA064620460021132214F099FA6169A4
:109AC000F2191144CDE91C18E169081AC01B21994B
:109AD0001E9008EB01001F909DF8570001E020E068
:109AE0001CE040F0010018358DF8570095E8D100D2
:109AF0000DF1600C80469CE80F0085E80F00484699
:109B0000183D10F0CFFF0A901CAA03A928460AF0BE
:109B1000B0FBC5F818801C3585E8D00027B0BDE83B
:109B2000F08338460EF057FF05461CA9204602F088
:109B3000BFFA68460BF010FC6A463146204614F026
:109B4000E2FD1CAA694628460BF0F0F9E6E72DE98C
:109B5000F043C7B005460EF007FF044628460EF056
:109B60003AFF814642A9204613F03CFB05A80BF0C2
:109B7000F3FB05AA4FF40031204614F0C4FD42AABD
:109B800005A948460BF0D2F9204613F0A1FB054683
:109B900004F1140006F0D9FB461BE06A411C05D015
:109BA0007043C11700EB1160071208E0204614F063
:109BB0005BF810F0010F01D0374600E00027204687
:109BC0000021272214F014FAC0B2012800D1F71B9B
:109BD00060690090A0690190E0690290206A03909A
:109BE0000098002D3844009001DD6D1E00E0002536
:109BF00028444FF4403702903946204614F0A7F924
:109C000006463946204614F0C0F905463946204636
:109C100014F0E5F980463946204614F068F901460B
:109C20000098019A801B0090029828440290A2EBB1
:109C30000800019003980844039023A80BF08CFBC4
:109C400023AA3946204614F05EFD6A4623A94846F9
:109C50000BF06CF947B0BDE8F08300002DE9F04F40
:109C6000ADF5137D05460EF07FFE044628460EF046
:109C7000B2FE814600F1180204F1140110A806F0AA
:109C800076FB00287ED009F1180010AE90E80E0097
:109C9000D9F82400CDE91A12CDE91C3096E82E003F
:109CA00009F1180080E80E00204600213022C9F892
:109CB000245014F09DF98B900021204614F092F965
:109CC00090900021204614F015F991900021204633
:109CD00014F040F98F900021204614F059F98E902D
:109CE000208D00250E902585608D40F0080161854E
:109CF00033A80BF031FB4FF4A02633AA314620469F
:109D000014F001FD6FA80AF0E5FA6FAA314620466B
:109D100014F03DFC0E982085608D002620F008018F
:109D20002046618513F074FC0146A269909806955F
:109D30001044411A8B980844401ECDE90850204633
:109D400013F060FC8D900021204613F0C2FF012823
:109D500000D000208246002095E1A16B51F8280038
:109D600009998C90491C401E0844099007910846A7
:109D7000139988427EDCBAF1000F0BD0E1698E980E
:109D8000091A00E08DE18D98091A8B98081A401E77
:109D9000069008E061698F9801448D98091A8B98A4
:109DA0000844401E0890002567E100BF606B4FF03B
:109DB000000B50F8260008B190F800B0BAF1000F7F
:109DC0000AD00698401E0890E06B089950F82500CC
:109DD000081A401C069009E00898401C0690E06BA9
:109DE000069950F825000844401E0890002718E006
:109DF000616BF01951F82000C0B10078C00715D090
:109E0000E9190422E06B02EB8101BAF1000F40581E
:109E100003D00699081A069002E0089908440890B1
:109E20007F1CE06A7919401E8142E1D3119909989B
:109E300088427DDB06980A9007980B9008980C9052
:109E400009980D909DF8150141070CD563698F9A0B
:109E50000A991A44914206DD44990A9A01EBD1719C
:109E6000A2EB61010A9181070DD5A36990990B9A24
:109E7000194400E00CE18A4205DD449901EBD171FF
:109E8000A2EB61010B91010710D5E3698E990C9A41
:109E9000591A491E8A4209DA449901F0010201EB7C
:109EA000D17102EB61010C9A11440C91C0070FD0E3
:109EB000216A91980D9A081A401E824208DA449845
:109EC00000F0010100EBD07001EB600010440D9038
:109ED000626C0020424553D1216CA94250D1218DA2
:109EE0004A0602D48A0600D520208A0701D540F010
:109EF00002004A0701D540F00400090701D540F0EF
:109F00000800E8B32085608D40F0080161854FA806
:109F10000BF022FA1EA80AF0DDF94FAA4FF4A02197
:109F2000204614F0F0FB1EAA4FF4A021204600E0CA
:109F300094E014F02CFB0E982085608D20F0080131
:109F4000A4F82A10CDE95185CDE920850AAA4FA9A8
:109F500048460AF0EBFF606B50F8260000287DD0E1
:109F60004FF4A021204613F0F5FF02904FF4A021FA
:109F7000204614F00DF885904FF4A021204600E013
:109F800034E014F02FF801904FF4A021204613F094
:109F9000B1FF00210091069A029911446B91089A31
:109FA0008599511A6D91079A019911446C910999FB
:109FB000081A6E90CBF340005FEA000B01D001203D
:109FC00000906BA806F0C1F9009A2C99CDE9001019
:109FD0000292606B2D9B779A50F8261087A8083163
:109FE00018F0F2FEBBF1000F0BD01CE0702233A979
:109FF0004FA811F0CFFD54226FA91EA811F0CAFD81
:10A00000A0E78C98079B00EBD072889903EB620362
:10A0100001EBD170A3EB60016C91511001EB60007A
:10A02000079908446E9006AA10A915A806F09FF992
:10A03000A0B10DF1540B09F118009BE80E1080E857
:10A040000E00C9F824C0606B6BAA1EA950F8260048
:10A050000830259048460AF00CF900E009E00DF1BF
:10A06000400B09F118009BE80E1080E80E00C9F8BB
:10A0700024C03E443D44761C6D1CE06AA8423FF675
:10A0800095AE08F10100216B804641453FF665AE73
:10A090001AAD09F1180095E81E0080E80E00C9F815
:10A0A00024400DF5137DBDE8F08F2DE9F0479AB0FF
:10A0B00005460EF059FC044628460EF08CFC8246FC
:10A0C000E06A10F0EFFC007800284FD1206B0028E8
:10A0D0004CD00078002849D004A80AF0FBF804AA64
:10A0E0004FF40021204614F052FA94F87000000753
:10A0F00005D59DF85B0040F001008DF85B00002164
:10A10000204613F02AFF81460021204613F043FF2A
:10A1100080460021204613F068FF074600212046B4
:10A1200013F0EBFE06460021204613F038FE0546EC
:10A1300004F11401684606F085F8009809EB050162
:10A1400008440090029808EB0501401A029001981B
:10A1500079190844019003987119401A0390206BF3
:10A160000B906A4604A950460AF083F81AB0BDE87D
:10A17000F08730B5A5B00C46054620AA1CA913F0FF
:10A180004DFA1CA806F0D7F820B920A806F0D3F89D
:10A1900000281CD06946284620F0C6FC012816D1AC
:10A1A0001CA806F0C8F830B1002002901CAA69462D
:10A1B00020460AF0BBFE20A806F0BDF8002806D015
:10A1C0000120029020AA694620460AF0AFFE25B081
:10A1D00030BD2DE9F04F884601F11802B9B00446B0
:10A1E00000F1140122A806F0C2F800286FD008F18F
:10A1F00018022BAD92E80B00D8F824202E9285E8A7
:10A200000B0022AE08F1180196E82D0081E80D0040
:10A2100000212046C8F8245013F08DFE0646002188
:10A22000204613F0D0FE8146204613F00EF8219010
:10A23000204612F0F9FF2F9004F12C00299011F024
:10A2400038FB05460021204613F063FE226F21995A
:10A25000C2F1010303FB0010B0FBF2FA4FF4A0219E
:10A26000204613F056FE8346C5F1010202FB0BA007
:10A27000B0FBF5F7012F00DA01270021204613F08B
:10A2800082FD0546204613F0F5F8301A2844339035
:10A29000204613F0B1F9A9EB00002844329004A83D
:10A2A0000BF05AF804AA4FF4A021204614F02BFA20
:10A2B0009DF83F000B9920F007008DF83F00FF202C
:10A2C0008DF83000206A00260844039068E073E0AF
:10A2D0002199401EA1EB0A017143B1FBF0F13398C3
:10A2E0000144606901EB00090020CDE906062998C8
:10A2F00011F0DBFA51E0287CC0074AD194F87400D1
:10A30000000701D4E86800E000207A1E09EB020192
:10A3100007EB0B02CDF800909144229A02919142F2
:10A3200034DB249A0099914239DC2989ADF8311047
:10A33000A97A8DF833108119206FDDF8BCC0B1FB0C
:10A34000F0F200FB1210696851F82020297CC1F35B
:10A35000001304EB8303596CDB6C521A02FB0CF202
:10A36000591A92FBF1F1ACEB01023299A369114445
:10A3700019440191696851F820006FF0004188424A
:10A3800004D06A4604A940460AF0D0FD0698401C55
:10A3900006902946299811F09AFA0500ABD1761C4F
:10A3A000206FB04294D82BAD08F1180095E81E003C
:10A3B00080E80E00C8F8244039B0BDE8F08F2DE9E0
:10A3C000F04F01F11802884600F11401CDB00446A7
:10A3D00091460F4644A805F0CAFF00287DD008F139
:10A3E000180144AE91E80D00D8F824100990CDE989
:10A3F00038219A4696E82E0008F1180080E80E00F1
:10A40000C8F82450206F022867D30021204613F09B
:10A41000BAFC05460021204613F08DFD46190021A7
:10A42000204613F0D0FD0544204612F00EFF0890A0
:10A43000204612F0F9FE0690204613F01BF86169E1
:10A440003144081A3D90204613F0D6F8A1694A46D7
:10A450002944081A4290394649A805F088FF002887
:10A460003BD028A80AF067FA28AA4FF4A02120467A
:10A4700014F0E6F80CA80AF06FFF4FF400350CAAB0
:10A480002946204614F03FF92946204613F000FFE4
:10A4900000EBD07046102946204613F092FC00EBEA
:10A4A000D0704110894634984E4500DA314600EBB1
:10A4B000D070B1EB600F05DD9DF8DD0040F01000BD
:10A4C0008DF8DD003498012805D19DF8DD0040F0BD
:10A4D00010008DF8DD00216F00E033E10898814223
:10A4E00001DB012000E00020439004F12C00054630
:10A4F0000B9011F0DEF9401E2A900E90284611F0C4
:10A50000EDF913E1287CC00706D02A98401E2A9056
:10A510000E98401E0E9005E12889ADF8CC00A87A6F
:10A520008DF8CE002889ADF85100A87A8DF8530037
:10A5300000202B900F9094F87400000701D4E86875
:10A5400000E000203A903D982F9031903A98489042
:10A550006968834651F82000297CC1F3001104EB9F
:10A5600081020699536CC01A4843D16CC91A90FBFA
:10A57000F1F00699091A4298002708443290039096
:10A580000590A5E031982F9032983090711C2F9A49
:10A590000AEB010082427EDC0898216F7843491E55
:10A5A000B0FBF1F13D98069B084431903A98226F38
:10A5B0003844B0FBF2F102FB110B696851F82B0033
:10A5C000297CC1F3001104EB8102516CD26C401A5A
:10A5D0005843511A90FBF1F0191A429808443290EE
:10A5E00009983199801B401E81426EDB002F6CD090
:10A5F0004398A0B36968489851F820206FF0004054
:10A60000824262D051F82B1081425ED03299059877
:10A61000814200DB084605900398814200DC084631
:10A62000039031992F9888424FD032983B90481E22
:10A6300031902F900398309005983290329930984D
:10A64000884201D1481C329028A940460AF037F9C7
:10A650003198401C31903B980390059035E0FFE71E
:10A660002F983099801B3E902F9830444090A1EB5A
:10A6700009003F9001EB090041906868489950F843
:10A6800021206FF000418A420CD050F82B106FF05F
:10A690000040814200E01FE004D028A940462B97EB
:10A6A0000AF00DF98EB1B9F1000F0ED06968489823
:10A6B00051F820106FF00040814206D0781E0F90B4
:10A6C0003EAA0CA940460AF031FC7F1CCDF820B10F
:10A6D000206FB8423FF656AF4398E8B9206FB842B2
:10A6E0001AD169686FF0004051F82B10814213D0E5
:10A6F00031983299801B3E9031987F1E30444090B3
:10A70000A1EB09003F9001EB09000F9741903EAA91
:10A710000CA940460AF00AFC0E98401E0E902A989A
:10A72000401E2A9029460B9811F0D5F805007FF4B9
:10A73000E9AEDDE9383008F11801099A81E80C0426
:10A74000C8F824004DB0BDE8F08F00002DE9F04FAF
:10A750008A4601F11802C9B0054600F114013CA86F
:10A7600005F005FE00287DD00AF1180133AC91E810
:10A770000D00DAF82410369184E80D003CAE0AF1A1
:10A78000180096E81E0080E80E0000212846CAF84E
:10A79000244013F0F8FA04460021284613F0CBFBBE
:10A7A00006460021284613F00EFC0746284612F004
:10A7B0004CFD4190284612F037FD4090284612F09B
:10A7C00059FE0146686932191044401A42902846E1
:10A7D00012F012FF0146AA6938191044401A43903A
:10A7E0001FA80AF0A8F81FAA4FF4A021284613F0CA
:10A7F00027FF03A80AF0B0FD4FF4003403AA214656
:10A80000284613F080FF2146284613F041FD00EB57
:10A81000D0704FEA60092146284613F0D2FA00EBC7
:10A82000D070401080462B994A46C14500DA104648
:10A8300001EBD171B0EB610F05DD9DF8B90040F07F
:10A8400010008DF8B9002B98012805D19DF8B900AA
:10A8500040F010008DF8B90005F12C00379011F090
:10A860003DF8E8E0EAE0207CC0077DD12089ADF822
:10A87000A800A07A8DF8AA002089ADF82D00A07A52
:10A880008DF82F0095F87400000701D4E66800E009
:10A89000002642982690449628906068B34650F867
:10A8A00026000A2826D0419800902068002350F8FE
:10A8B0002670207CC0F3C00005EB8000C26D416DA6
:10A8C000384611F029F9429900230844289040980D
:10A8D0000090217C6068C1F3001105EB810150F804
:10A8E0002600CA6C496C11F017F94099081A43996F
:10A8F000084401E0544828900026299082E02898D6
:10A900002690299827902A6F0BEB0600B0FBF2F1F6
:10A9100002FB110760686FF0004150F82700884281
:10A920007ED040990091217C0023C1F3001105EBFA
:10A930008101CA6C496C11F0EFF840990023091AA3
:10A9400043980844299041980090217C2068C1F3E5
:10A95000C00105EB810150F82700CA6D496D11F067
:10A96000DBF84299084400E061E028905EB3269944
:10A97000A1EB0900459001EB090027994790A1EB55
:10A980000800469001EB080048906168449851F82F
:10A9900020206FF00040824214D051F827108142ED
:10A9A00010D01FA95046229609F089FFB9F1000F77
:10A9B00008D0B8F1000F05D045AA03A95046069665
:10A9C0000AF0B4FA4497286FB0421AD1606850F880
:10A9D00027106FF00040814213D0289845AAA0EBC1
:10A9E00009004590289803A9484447902998A0EB6E
:10A9F00008004690299806964044489050460AF030
:10AA000095FA761C286FB0423FF679AF219833AFA4
:10AA1000401C21900598401C059097E84D0000E0EF
:10AA20000FE00AF1180181E80D00CAF82460214600
:10AA3000379810F050FF04007FF415AF49B0BDE81F
:10AA4000F08F4497DDE70000010000E02DE9F843B6
:10AA500004460DF089FF804620460DF0CDFF0646E6
:10AA6000C06C4068B0F5A02F62D130460DF003FCF9
:10AA7000054630460DF0F8FB044655EA040057D071
:10AA8000F06C00278668072E05DB402231464046E1
:10AA900006F09EFD28B10DB185F820700CB184F848
:10AAA00028704FF400423146404606F091FD20B335
:10AAB00054B1404619F034F80090BDF800002084ED
:10AAC0009DF8020084F8220075B1662085F8200008
:10AAD000404619F025F80090BDF80000A5F82100C7
:10AAE0009DF8020085F82300404606F06FFDB04255
:10AAF00003D115B1B22085F820004FF480423146D1
:10AB0000404606F065FD002812D0002C10D0FF2032
:10AB100084F828004046203419F002F80090BDF86F
:10AB2000000020809DF80200A0706068401C6060FA
:10AB3000BDE8F8832DE9F0410F46040005D004F18B
:10AB40003000804610F0B1FE11E0FEE72868616831
:10AB50000669304606F012FF06F014FF18B9A26924
:10AB60003946304690472946404610F0B0FE050071
:10AB7000ECD104F1240015F03DFE404610F075FEC6
:10AB80000020E060BDE8F0812DE9F04117460400A7
:10AB90002DD069B304F12400804615F059FE05005C
:10ABA00027D02E69A269394630469047E16B30467E
:10ABB0008847E168091AE1603046616806F0DEFE08
:10ABC00007462869E16A0844294650F8046C404663
:10ABD00015F0BCFE384606F0C3FE314604F13000E5
:10ABE00010F02DFF3046BDE8F0410EF04DB9FEE704
:10ABF000FEE7BDE8F0810879052801D006281ED1BE
:10AC0000C86C826B2ABBC26B1ABBC26A3AB9036BAF
:10AC10004FF48072934202D1436B934201D00123DF
:10AC200000E00023826E02B101221A4211D1008C91
:10AC3000C0F307201AB10E280BD0142809D091F8C0
:10AC40005100642805D3642081F85100012081F867
:10AC500050000020704710B50446007E400721D404
:10AC60002089282820D029281ED04FF48041206830
:10AC700013F0DCFB002816D0208913381F2813D2CC
:10AC8000DFE800F010121212101010101010101047
:10AC900010121210121212101010101212121210A2
:10ACA00010121000002010BD012010BD70B5044628
:10ACB0000FF0C4F940B1207E810701D5012070BD9D
:10ACC000C00701D0002070BD2068856805B1083537
:10ACD0000122214628460DF0DFFE0128F3D1217E16
:10ACE0008907F0D42146002012F0FBF90128EAD1AF
:10ACF000217E8907E7D40022214628460DF0CCFEAC
:10AD00000546012814D1207E800711D4206812F056
:10AD10002FFB06000CD02046FFF79DFF40B12046D8
:10AD20002660FFF7C3FF0546012801D1207E810779
:10AD3000284670BDC26911790B292DD2DFE801F0D8
:10AD40002C060A0E1216241E1A212800D16C083275
:10AD50000CF064B9D16C08320BF0E0BBD16C083256
:10AD60000BF04CBCD16C08320CF05CBBD16C0832DF
:10AD70000CF038BBD16C08320AF03EBBD16C0CF041
:10AD80006FBBD16C0DF09AB8D16C08320CF054BB8B
:10AD9000D16C08320CF016BE704700002DE9FF4F51
:10ADA00089B00E46DDE916B417460021099813F064
:10ADB00069FA05460021099812F0FDFF0146F07876
:10ADC00082070BD5C3076FF0404202D0954202D0F4
:10ADD00006E0914206D120F00200F070C00701D0D9
:10ADE000714800E071488146F078C00712D06F4882
:10ADF0004FF0000AC4F804A0C4F808A0C4F814A0D6
:10AE0000C4F800A0C4F80CA0C4F810A080463946CD
:10AE1000009798E06448EBE70098B84206D04FF4FA
:10AE20000011284613F002FB00287DD16049284616
:10AE300013F003FB00287BD10021284612F0B2FF5B
:10AE40000690A8B36069401C6061A26802EB0B0128
:10AE5000A160217EC9075AD000EB4000C1002069E3
:10AE600015F0BAFD079078B1606900EB40010798D2
:10AE700000EBC1004FF0000140F8185CF078C0070B
:10AE8000284602D0042201E0FEE7062213F0B0F8C3
:10AE9000616901EB4102079901EBC20141F8140C11
:10AEA000F0784FF00001C007284602D0052201E0EB
:10AEB0001EE0072213F09CF86169079A01EB41013B
:10AEC00002EBC10141F8100C6169079A01EB4101E5
:10AED00002EBC101069841F8080C616901EB4102DF
:10AEE000079901EBC20141F804AC079820610EE01C
:10AEF000284649468847F178890704D5A1680A1889
:10AF00000C998A4225DCA26858441044A060284667
:10AF10004146884701462068814202DD2846414675
:10AF200088472060E06801E013E001E0401CE06039
:10AF3000F078400702D54FF0FF3000E00120009983
:10AF40004118009105D4099812F0E1F8051E7FF42C
:10AF500063AFA068002802DDA0EB0B00A060606971
:10AF600008B10C9800E0A0686060CDB10098B842CC
:10AF700016D109996A468968096851F82050F07815
:10AF8000C0F38001099800F0EFFE4DB1284641461C
:10AF90008847206028464946884760600120E06075
:10AFA00000980DB0BDE8F08FA7E30108D7D20108E3
:10AFB000010006002DE9F04F93B0044600217D22E8
:10AFC00013F016F89DF81710421C62F30001820876
:10AFD00062F34101C00860F382018DF8171020462A
:10AFE00000217E2213F004F88DF814002046002181
:10AFF0007F2212F0FDFF8DF81500204600218022EF
:10B0000012F0F6FF8DF816000021204612F04FFED8
:10B01000012800D0002080469DF817004FF0000165
:10B02000C00720460CD012F0B9FF81469DF81700EA
:10B030004FF00001C007204605D012F061FF04E088
:10B0400012F05EFFF1E712F0A9FF07909DF81700DC
:10B05000C007204602D012F0F8F801E012F0E4F840
:10B06000002106900F462046102212F0C1FF05462F
:10B070003946204612F07EFE06463946204612F03A
:10B0800061FE800700D53544A0690544204612F0D2
:10B09000BFFA281A002108900E462046122212F00C
:10B0A000A7FF05463146204612F064FE07463146AA
:10B0B000204612F047FE400700D53D446069054434
:10B0C000204612F09FFA281A11909DF817009DF85B
:10B0D0001660C00701D008AD00E011AD0021204688
:10B0E00013F0D0F812900021204612F064FE83463F
:10B0F0009DF81700C10708D06FF04042934502D178
:10B10000618D490509D5C10708D112996FF04042F8
:10B11000914203D1618D090500D40026B8F1000FDA
:10B1200008D0C00706D116B1012E02D002E00126D8
:10B1300000E000260027BA46109776B39DF8170066
:10B14000400703D5A068028D521E13E0002211E0D3
:10B1500000200F9009A90798CDE9000105A9204614
:10B16000069BFFF71BFE099A07EB090157180AF126
:10B17000010A0246A068008D904201DD002AE7DA4C
:10B18000BAF1000F01D0A7EB09079DF81700C0071F
:10B19000204603D012F048F802E00AE012F055F819
:10B1A00010A9CDE90051014653463A4630461AF0FF
:10B1B00027F99DF81700410703D5A1680E8D761E6B
:10B1C00000E00026B8F1000F04D0C00702D12868C3
:10B1D0003844286009AFA068008DB04243DD002EDE
:10B1E00041DB01200F900798CDE90007324605A901
:10B1F0002046069BFFF7D2FD8246B8F1000F07D02C
:10B200009DF81700C00703D128680999401A2860E3
:10B2100006AB93E8070002AB019283E88300119824
:10B2200000905346324605A92046FBF78FF8564654
:10B230000D980DF029FE00200D90B8F1000F03D0FD
:10B240009DF81700C00708D028680999109A014492
:10B2500002EB090008442860BDE7109A296802EB58
:10B260000900081AF7E712996FF04040814201D0B7
:10B27000834502D1204613F0D3FF0022302120461F
:10B2800014F079FC13B0BDE8F08F2DE9F74F0546B7
:10B29000007F93464FF0000AC00760D14FF00108CD
:10B2A000EC680026C1467CB9287FC0F3C000401E70
:10B2B000304254D1B9F1000F51D001992846884746
:10B2C0004FF000080446C1460EB9261E47D0B8F11B
:10B2D000000F06D0214628465A4690470446B04201
:10B2E0003DD04FF00108002CDED0206812F0BCFCED
:10B2F0000006D8D427681FE00121384613F096F8DD
:10B30000B0B12FB10121384613F090F80028CAD10E
:10B31000E868A04223D0B0B1284600F069FB02469D
:10B32000E8681121006814F026FC012817D106E016
:10B33000384612F01DF80746002FDDD1E8E7E8682F
:10B34000006813F069FB2846EC6000F051FB0246F0
:10B35000E8681021006814F00EFC012802D0504665
:10B36000BDE8FE8FE868006813F056FB296909B153
:10B37000284688470120F3E770B5846C0546002C09
:10B3800016D0206820B10DF0A1FD20680DF07CFDE5
:10B39000E06908B108F0C3FA206A08B108F0BFFA02
:10B3A00060680DF071FD20460DF06EFD0020A86470
:10B3B00070BD2DE9F0411D46069C164607460CB1AE
:10B3C00000202060002238460DF006FF002807D13B
:10B3D00023462A4631463846BDE8F0410DF015BEF9
:10B3E000BDE8F08170B50146C06ACA6C12F0060F64
:10B3F0001AD0C2F34102022A18D0012A13D1D1E98E
:10B400000E54AC4201DA04F5B4744A6B0E6B134669
:10B41000B24201DA03F5B472291901EBD171491076
:10B420008E4206DA304470BD496B00E0096B084477
:10B4300070BD8A4201DD184470BD084470BDCA1752
:10B4400001EB527200EBE20022F007020078891A49
:10B45000C1F10701C84000F001007047CA1701EBB5
:10B46000527200EBE20022F007020078891AC1F163
:10B470000701C84000F001007047CA1701EB527283
:10B4800000EBE20022F007020078891AC1F10701FF
:10B49000C84000F001007047CA1701EB527200EB80
:10B4A000E20022F007020078891AC1F10701C840C2
:10B4B00000F001007047CA1701EB527200EBE20086
:10B4C00022F007020078891AC1F10701C84000F094
:10B4D00001007047CA1701EB527200EBE20022F044
:10B4E00007020078891AC1F10701C84000F0010085
:10B4F00070472DE9F34F8BB00646694611F0B6FE52
:10B50000304612F04DFF0990304611F0E1FE0890F0
:10B510000021304612F00CFD83460021304612F027
:10B5200028FD04460021304612F04AFD0546002160
:10B53000304612F0D0FC80460021304612F034FD37
:10B5400007460021304612F0E1FC07F0010107EB4D
:10B55000D77201EB620100F0010200EBD07002EB48
:10B560006000401C491C092900DB09218946092883
:10B5700000DB09208246092C00DB09242746092D1F
:10B5800000DB09254046B8F1090F00DB09208046A1
:10B59000002458E0306B00EB041104A804F040FED6
:10B5A00004995846594510DC0099BBF1090F00DB9E
:10B5B0000920081A0499084404900598A8421BDC45
:10B5C0000198092D06DA294605E0009AA2EB0A0047
:10B5D0000844F1E70921411A0598084405900998A3
:10B5E0000699C01B801E81420846009923DB08444F
:10B5F000092F06DA394605E0019A0146A2EB090057
:10B60000EBE7092108440690DDE90720A0EB0800DC
:10B610000199801E8242114411DB4046B8F1090FA6
:10B6200000DB092008440790002204A80C9904F0CC
:10B6300054FF58B906E0014401EB0A00E3E701EBCF
:10B640000900F0E7641CB06BA042A3D8B06BA04225
:10B6500001D14FF6FF740DB02046BDE8F08F10F019
:10B660000F0000D1012070472DE9F0410E46040083
:10B670002CD066B304F13000804610F016F958B1B2
:10B68000006861680569284606F078F9074622696E
:10B69000314628469047D8B1314604F1240015F0D0
:10B6A000D7F8050017D02969E06A084450F8046CFF
:10B6B000404610F0FAF802463146404610F090F944
:10B6C00061682869BDE8F04106F058B9FEE7FEE779
:10B6D0003846BDE8F0810020FBE72DE9F0474FF048
:10B6E000000805461C4616460F464046C3F8008033
:10B6F00006E0E96B226851F82010401C11442160DB
:10B70000B042F6D30021284612F0E3FA0128284679
:10B7100015D011F077FF2168081A20600021284613
:10B7200012F018FC216808442060E96B51F82610DB
:10B730000844401EA0600020C4F804801FE011F0FF
:10B7400061FF216808442060284612F029FE8146E6
:10B750000021284612F01CFC22680146A9EB0200D9
:10B76000401AA060E96B51F82610401A2060E2E709
:10B77000A96B626851F82010401C11446160B84206
:10B78000F6D30021284612F02DFC61680844606061
:10B79000284611F03DFF6168081A6060A96B51F8F6
:10B7A00027100844401EE060BDE8F0872DE9F05FF7
:10B7B000894693468246002112F0B4FB05460021DB
:10B7C000504612F0D0FB80460021504612F0F2FBAA
:10B7D00004460021504612F078FB0646504612F00F
:10B7E000DFFD411BA1EB0807504611F071FD001B66
:10B7F000801B8742504605DA12F0D2FD411BA1EBB7
:10B80000080003E011F064FD001B801B00EBD0700A
:10B810004010DAF8141042190A44C9F8002002193D
:10B82000DAF81810BBF1000F0A44C9F8042001D05F
:10B83000CBF80000BDE8F09F0021852212F0D8BBB4
:10B840000021862212F0D4BB0021872212F0D0BB47
:10B85000032901D2012300E00023C01A03EB4303B4
:10B8600001EB8301891EC1EB41110C23B1FBF3F104
:10B8700011446422B0FBF2F2014401EB9001891AF9
:10B880004FF4C872B0FBF2F008440721B0FBF1F2AC
:10B8900001FB1200C0B2704710B50446806C00284E
:10B8A00004D1442010F024F908B1A06410BDFEE7D3
:10B8B0002DE9FC47A9B1856900230427688AC0F3F4
:10B8C00008060CE0A86803EB830450F8242007EB7B
:10B8D0008404005B8A1A904206D85B1C9BB29E428D
:10B8E000F0D80020BDE8FC8703EB83041221A86890
:10B8F00001EB84010026435C0627022B0CD04FF09D
:10B900000C0973B1DFF8A0C008214FF01008032B19
:10B9100010D0012B27D044E007EB8401405A861851
:10B920003FE009EB840107EB84034158C05A895C6E
:10B93000461836E0ADF8042008EB8402CDF800C0CC
:10B9400001EB8408825A50F80810022301A818F06D
:10B95000D5FB30B3A96851F80820801A07EB8402A0
:10B960004010895A1CE0ADF8042008EB8402CDF8A1
:10B9700000C001EB8408825A50F80810022301A885
:10B9800018F0BCFB68B1A96807EB840351F80820E4
:10B99000801A09EB840240108A58C95A32F8100004
:10B9A0000E1830469EE700002DF602082DE9F04102
:10B9B0000D46044600F0C7F8071E17D0B8690021ED
:10B9C0002E1A384612F016FC0DF053FA05460021E7
:10B9D000384612F033FC00EBD07106EB61012844CD
:10B9E00091FBF0F0E16B814200D8481EBDE8F08188
:10B9F00070B50646002528460BE000BF0EF06CFB34
:10BA0000012820460AD00EF029FBB04200D125467D
:10BA100020460EF029FB0400F0D1284670BD00003E
:10BA2000FEB58369806900255B8AC4689B04A068B1
:10BA300026D4830F14D00123B3EB907F2CD1174869
:10BA400026688DE80700A068042320F040423146B4
:10BA500001A818F053FBF8B1801B801061681AE050
:10BA60000F4826688DE80700A068022320F04042B6
:10BA7000314601A818F042FB70B1801B4010EDE781
:10BA80006368805C595C39B130B1637B491E2268C0
:10BA9000401E01FB03210D562846FEBD05E30008AC
:10BAA00019E300082DE9FC5F0E461D461746824645
:10BAB0004FF4003112F0ECF800EBD07044103F1B53
:10BAC0005046FFF78FFCBAF85C1001EB000909F152
:10BAD0005A0000B218F0D8FA78434FEAE0380FFA6B
:10BAE00089F018F0D1FA7843C7134FF4403949462A
:10BAF000504612F017FA83464946504612F033FA80
:10BB000001904946504612F055FA00904946504679
:10BB100012F0DBF9326820444244A2EB0B01091B0E
:10BB2000296032680199424421441144A960716836
:10BB3000CA190099511A091B69607168394408448F
:10BB4000E860BDE8FC9FC06A002802D0002111F027
:10BB5000DEBA7047002111F0DABA70B590F85C10C7
:10BB60000024C90600D501240546002112F093FBEC
:10BB70006FF0404188420CD10021284612F060F954
:10BB80006FF06041884204D1688D000501D444F013
:10BB90000204204670BDB0F5806F01D201207047CD
:10BBA000800A70472DE9F04104460F46618D002060
:10BBB0000426C1F305120FE0E36806EBC0055B59EC
:10BBC000DD0108D523F07F43BB4204D1E16851F881
:10BBD0003000BDE8F081401C8242EDD84FF080601B
:10BBE00000EBB1204FEAB050608510F47C7F41D06B
:10BBF000C0F30510C100E06814F0EEFEE060C0B3D1
:10BC0000608DC0F305156D1E16D06FF00302530052
:10BC1000E06802EBC50141585FEAC11C0CD4890100
:10BC20000AD403EBC50C00EBC50184446D1EDCE9AE
:10BC3000000CC1E9000CEBD1E068082100EBC50065
:10BC400010F08FF80C200FF02FFFE16841F835005D
:10BC500016F061F8E26806EBC500115841F08071FA
:10BC60001150E26867F317011150E06850F8350091
:10BC7000AFE700E0FEE7FEE70969C06A0844001F7D
:10BC8000704700007FB516460A4690F83B500446C0
:10BC90002946104608F008F8072D25D0082D25D094
:10BCA000092D25D00A2D25D00021626AD268A2EB89
:10BCB0008101B1FBF0F4B44200DD34460020134EA4
:10BCC0000090029025460190681E03906A4632213A
:10BCD000306907F095F9684604F028FBA0420CDDB6
:10BCE0006D1E002DF0DC0AE00221DEE70421DCE716
:10BCF0001021DAE74FF48071D7E7002D02DC002035
:10BD000004B070BD0398401CFAE70000605A0020A0
:10BD1000491E01D5401E0C310C2901DB401C0C3999
:10BD200001290DD0072091FBF0F200FB121000EB6F
:10BD3000D07121F00101401AC0F11F00C0B270475C
:10BD400081070CD16421B0FBF1F201FB120149B96A
:10BD50004FF4C871B0FBF1F201FB120010B10020EA
:10BD60001C30EBE70120FBE7136821B15B1E136079
:10BD70000BD4806805E05B1C13608068018D8B42EA
:10BD800003DA006850F823007047002070472DE95F
:10BD9000FC4115460E4604460EF050F90EF09CF993
:10BDA00001280AD0032808D04FF6FF7005B128609B
:10BDB00006B130600020BDE8FC810EF03FF9694615
:10BDC0000EF05EF94FF0000855B3204611F01AFC52
:10BDD000009947180021204611F07BFF01280BD065
:10BDE000606900213F1A204612F0B4F83A1A002088
:10BDF0004146C5F8008010E00021204612F0C8F846
:10BE00000146E069401AC21BF1E7E36B53F82130A9
:10BE10001844824204DB491C2960E36A9942F4D346
:10BE2000DEB1204611F0F4FB01990844A169451ADE
:10BE30000021204612F0D6F82A1A00204146C6F802
:10BE4000008007E0A36B53F821301844824204DBE2
:10BE5000491C3160236B9942F4D30120ABE72DE9F3
:10BE6000FF4F81B00546039880081E2800D91F2087
:10BE7000012787401FFA81F86FEA080080B200901E
:10BE800095F82A0001F47F09C0F3C00A4FF0FF368D
:10BE900000244FF0040B1CE0E96801EBC400426889
:10BEA00092013DD5BAF1000F12D10BEBC4028958B3
:10BEB000C1F30741090449450AD10368586838426B
:10BEC00006D0DDE90312184615F001FF01282FD036
:10BED000641C688DC0F30510A042DDD820E0E9683D
:10BEE00051F8340042683A4219D00BEBC4028A5828
:10BEF000C2F307410904494511D11FFA82FA009A99
:10BF00001AEA020F0BD1B24509DDDDE9031215F083
:10BF1000DEFE012803D15046C24508D00646641C07
:10BF2000688DC0F30510A042D9D8002E03DB012094
:10BF300005B0BDE8F08F0020FAE72DE9F04742F3A5
:10BF400000061D460F4681465408761C18F097F8E7
:10BF5000A7EB040800FB08F0C711484618F094F856
:10BF600000FB08F0C011002F06DD803F39120A1BCC
:10BF7000324421442A6005E0803739120A1B2144EB
:10BF8000891B2A60A960002806DD80380012011B89
:10BF900031442044696005E080300012011B2044D8
:10BFA000801B6960E860BDE8F0870021842212F000
:10BFB0001FB800002DE9FF4F87B00746DDE917BA2B
:10BFC0000D4609980CF055FF00EB0B0101EB0A0040
:10BFD0000690FC6A0BEB0A006C43A1460025039017
:10BFE00055E07A6B52F82410A1B3FB6B0026401E7B
:10BFF00053F825E016E000BF04EB060C52F82CC005
:10C00000BCF1000F12D09CF800C05FEACC7C0DD0D0
:10C0100005EB06084FF0040C0CEB880C761C53F86B
:10C020000C80C64406EB050C8445E5D308788007F0
:10C0300011D509980CF01DFF00EB0B010698514437
:10C04000814206DD09980CF014FF00EB0B0101EBB7
:10C050000A00069019E0DDE915020244AEEB020089
:10C06000149ACDE9002000230293DDE9092304A8F6
:10C07000083116F0A9FE05990398084406998842EC
:10C0800000DC0846344435440690641C6D1CF86A94
:10C0900000EB0901A142A4D806980BB0BDE8F08FCF
:10C0A0000021892211F0A4BF00218A2211F0A0BF33
:10C0B0002DE9FF410C460646002112F0A1F8054685
:10C0C0004FF48021304612F09BF8074628460CF0CA
:10C0D000D0FE054638460CF0CCFE0746002130461F
:10C0E00012F0B2F80146781900EBD07001EB600550
:10C0F000304611F0EDF8B16900EBD07001EB600053
:10C1000005EBD571A0EB610060602844E0606946F2
:10C11000304611F0ABF8009820600298A060BDE8AE
:10C12000FF81F0B585B00446FFF714FD06001DD071
:10C130004FF480273946204612F062F8054639460A
:10C14000204612F06FF8044630460EF0ABFC014674
:10C1500000206FF06042CDE90002029023462A469B
:10C1600003A816F031FE039805B0F0BD0020FBE7F0
:10C170002DE9F0411E461446054601F47F07FFF7FE
:10C180006EFE012829D08D2C02D21848005D05E0F2
:10C190001748006BA0B1A4F18D01405C10F0010FB5
:10C1A0000ED00FB1002700E06D68EDB1298D334648
:10C1B000394322462846FFF752FE01280DD0F3E707
:10C1C00097B9012C01D0022C0ED128680AE0012C6D
:10C1D00005D0C16929B101203160BDE8F0818169D4
:10C1E000F8E700680028F2D10020F6E71084040880
:10C1F000605A00202DE9F04104460D46638D002071
:10C200000422C3F305110AE0E66802EBC007F65901
:10C21000B70103D526F07F46AE4202D0401C8142D2
:10C22000F2D8814204D0E16801EBC000BDE8F081A2
:10C230004FF0806000EBB3204FEAB050608510F4FF
:10C240007C7F2FD0C0F30510C100E06814F0C4FB60
:10C25000E060608DC0F30510401E0DD06FF0070246
:10C26000E16802EBC00601EBC0030E44401ED6E9B4
:10C270000016C3E90016F3D10821E0680FF071FD44
:10C280000C200FF011FCE168086015F044FDE16836
:10C29000486840F000704860E16865F31700486046
:10C2A000E068C3E7FEE72DE9F041051E05D005F182
:10C2B000300006460FF012FB0DE0FEE720686968CB
:10C2C000006905F05BFB074605F05CFB38B12146D1
:10C2D00030460FF000FB0400F0D1BDE8F081384695
:10C2E000FBE7000038B50F480D461446D0F8B00102
:10C2F0004FF0020190F82400C0074FF0120002D066
:10C3000014F0C6F801E014F0E3F82246294606F0DE
:10C3100004FB0090BDF800009DF8021040EA0140C7
:10C3200038BD0000605A00202DE9F0474FF0000CA6
:10C33000DDE90964089DDDF82CA0E1466F1EF1B926
:10C34000052A03D0062A01D0042A02D10023012D98
:10C3500001D0002107E001225FF000019C4456F863
:10C360002180491CC444A942F8D3ACEB0301072A3D
:10C3700021D2DFE802F004070B201B130D00C4F8E4
:10C38000009018E0411A01EBD1710CE0411A0BE06A
:10C39000411A91FBF7F3C4F800900CE0411A91FBAD
:10C3A000F5F303EBD3714910216004E0421A691CD4
:10C3B00092FBF1F3236000210BE000BF54F8212031
:10C3C00056F821C0624404EB810C1A44491CCCF895
:10C3D0000420B942F2D304EB850106EB850251F843
:10C3E000041C52F8042C114422688A1ABAF1000F76
:10C3F0000DD0002109E000BF54F8213056F821701B
:10C40000C31ADB1B44F82130491CA942F4D310465F
:10C41000BDE8F0872DE9F0418CB004466946F9F794
:10C42000BAFB08A8102200210FF06FFC00210E4675
:10C430002046122211F0DCFD05463146204611F05F
:10C440009CFC07463146204611F082FC400700D58F
:10C450003D4400212E460F462046102211F0C8FD13
:10C4600005463946204611F088FC8046394620466C
:10C4700011F06EFC800700D54544204611F0C2F84B
:10C4800061693144081A0A90204611F0C1F8A16987
:10C490002944081A00250B9007E0006808AA69469D
:10C4A00050F8250001F08AFD6D1CA068018DA9429D
:10C4B000F3D800980CF0E8FC01980CF0E5FC029829
:10C4C0000CF0E2FC03980CF0DFFC0021204611F098
:10C4D000DCFE05460021204611F070FC6FF0404163
:10C4E0008D4201D0884202D1204612F099FE0022EE
:10C4F0003021204613F03FFB0CB0BDE8F0812DE960
:10C50000F0470446C06A4FF4404104F0A4FD94F99A
:10C510003610A08E0122FFF79BF90546A06B08B3E9
:10C5200000264FF002084FF00309AF1D4FF4004AF8
:10C5300015E0A06BA28E30F8261091420ED108EBC8
:10C540008601425694F936108A4207D109EB8601DA
:10C5500040565246C119E06A05F046F8761CE06B79
:10C56000B042E6D8A08E218E884210D194F93600D0
:10C5700094F9321088420AD194F93300AD1D411963
:10C58000E06ABDE8F0474FF4804205F02DB8BDE801
:10C59000F0872DE9F04F054685B0D5E9016890F8A0
:10C5A00021A00468C0680390D5E906B00290D5E9DF
:10C5B00004900490684606F01DFA95F822000028C1
:10C5C00027D1B9F1000F03D0BAF1FD0F61D285E098
:10C5D000BAF1FD0F4FF0000018D21DE000254FF01A
:10C5E000FF090CE029465846FEF729FFC0EB002062
:10C5F00004F8150004EB45016D1C81F80190B5426B
:10C60000F0DB0398044402988344781C07464045B5
:10C61000E4DB05B0BDE8F08F05464045F9DA0027B8
:10C6200010E039465846FEF70AFFC0EB00212846C5
:10C6300061F307006AF30F2004EB47016A4605F037
:10C6400057FF7F1CB742ECDB0398029904448B44EC
:10C65000681CE1E7002512E029465846FEF7EFFE88
:10C66000C0EB002060F3070719F80510384661F3A6
:10C670000F2004EB45016A4605F03AFF6D1CB542F8
:10C68000EADB0398049904440298894483440AF13C
:10C69000010082464045DDDBBBE7002515E0294669
:10C6A0005846FEF7CCFEC0EB002119F805203846AD
:10C6B00061F3070002FB0AF2110A61F30F2004EB99
:10C6C00045016A4605F014FF6D1CB542E7DB02998F
:10C6D00003988B44049904448944781C07464045D8
:10C6E000DBDB96E72DE9F04F054693B0D5E901670E
:10C6F00090F8210005902C68E8680E90D5E906B006
:10C700000D90D5E90480099095F8220020B10FA87A
:10C7100006F084F90020CEE00598B8F1000F04D0AF
:10C72000FD284FF0000065D289E0FD284FF00000A1
:10C730001DD222E000252846804610E001465846DA
:10C74000FEF78CFEC0EB002104EB8500C170817008
:10C75000417004F8251008F1010080466D1CB045B9
:10C76000ECDB0E980D9904448B4409F101008146DD
:10C77000B842DFDB13B0BDE8F08F8146B842F9DA8A
:10C780004FF0000845460EE029465846FEF766FE83
:10C79000C0EB0020C0B204EB8801059A05F0EEFF63
:10C7A00008F101086D1CB542EEDB0E980D990444AA
:10C7B0008B4409F10100E0E74FF000094D460FE01E
:10C7C00029465846FEF74AFEC0EB0020C0B218F8D2
:10C7D000052004EB890105F0D1FF09F101096D1C69
:10C7E000B542EDDB0D990E988B44099904448844B9
:10C7F0000AF101008246B842DEDBBBE74FF00009D8
:10C800004D4612E029465846FEF728FE18F8051056
:10C81000059AC0EB002051430A0AC0B204EB89011B
:10C8200005F0ACFF09F101096D1CB542EADB0E9879
:10C83000099904440D98884483440AF10100824612
:10C84000B842DBDB96E700BF4FF0000A504624E019
:10C8500001465846FEF702FEC0EB00210098B8F1F1
:10C86000000F61F3174061F30F2061F3070026D03A
:10C8700018F80A10059A51435FEA112161F31F600D
:10C88000009095F8222004EB8A000FAB0099F8F78E
:10C8900080FE0AF1010A09F101008146B042D7DBAE
:10C8A000B8F1000F01D0099988440E980D990444FD
:10C8B0000A988B44401C0A90B842C5DB5AE7059998
:10C8C000DCE700002DE9F04F044693B0D4E901679E
:10C8D00090F8218000680090E0681190A0690990AC
:10C8E000E0691090D4E904500890606AC11700EB29
:10C8F000517121F00701A0EB010994F8220008B161
:10C90000002011E12DB1B8F1FD0F4FF000007DD2F4
:10C91000D0E0B8F1FD0F4FF000001FD224E0002559
:10C920002C460FE021460998FEF7A7FD0028009845
:10C9300005EB090102D01EF0C3F901E0FAF766F831
:10C94000641C6D1CB442EDDB119900980844009002
:10C95000099910980844099008F101008046B842EE
:10C96000DDDB13B0BDE8F08F8346B842F9DA4FF053
:10C97000000A54461EE021460998FEF77EFD054652
:10C980000AEB090106910098FEF777FD014605FBC9
:10C9900008F0C8F1FF0201FB0200C0B27F2806992F
:10C9A000009802D91EF08CF901E0FAF72FF80AF18D
:10C9B000010A641CB442DEDB00991198084400901F
:10C9C00009991098084409900BF10100CCE700BFC9
:10C9D0004FF00008444623E015F804A021460998CA
:10C9E000FEF74BFD08EB09010A9006910098FEF74F
:10C9F00044FD01460A98CAF1FF0200FB0AF001FB60
:10CA00000200C0B27F280699009800E016E002D923
:10CA10001EF056F901E0F9F7F9FF08F10108641C6E
:10CA2000B442D9DB009911980844009009991098F4
:10CA300008440990089805440BF101008346B84268
:10CA4000C6DB8EE74FF0000A544625E0285D0190D2
:10CA5000F8B121460998FEF710FD0AEB0901CDE96E
:10CA60000A100098FEF709FD0146019800FB08F046
:10CA7000020A0B985043C2F1FF0201FB0200C0B250
:10CA80007F280A99009802D91EF01AF901E0F9F7F7
:10CA9000BDFF0AF1010A641CB442D7DB119900986A
:10CAA0000844009010990998084409900898054492
:10CAB0000BF101008346B842C4DB52E74FF0000B94
:10CAC000584621E001460998FEF7D7FCC0EB00214B
:10CAD000019861F3174061F30F2061F307003DB344
:10CAE00015F80B1001FB08F1090A61F31F600190B2
:10CAF000DDE9000294F822300BEB0901F8F799FD0B
:10CB00000BF1010B0AF101008246B042DADB0DB1F4
:10CB100008980544119900980844009009991098C4
:10CB2000084409900E98401C0E90B842C6DB18E7E6
:10CB300068F31F60DBE700002DE9F04F054691B078
:10CB4000D5E9016790F8210005902C68E8680F90FE
:10CB5000D5E906B00E90D5E904800C9095F8220036
:10CB600008B10020CCE00598B8F1000F04D0FD28F2
:10CB70004FF0000064D288E0FD284FF000001CD286
:10CB800021E000BF4FF0000845460EE02946584618
:10CB9000FEF782FCC0EB0020C0B204EB0801059A4E
:10CBA00005F015FE08F101086D1CB542EEDB0F988B
:10CBB0000E9904448B4409F101008146B842E1DB3F
:10CBC00011B0BDE8F08F8146B842F9DA4FF00008A5
:10CBD00045460EE029465846FEF75EFCC0EB0020B5
:10CBE000C0B204EB0801059A05F0F1FD08F1010857
:10CBF0006D1CB542EEDB0F980E9904448B4409F18D
:10CC00000100E0E74FF000094D460FE02946584685
:10CC1000FEF742FCC0EB0020C0B218F8052004EB80
:10CC2000090105F0D4FD09F101096D1CB542EDDBE8
:10CC30000E990F988B440C99044488440AF1010022
:10CC40008246B842DEDBBBE74FF000094D4612E0FA
:10CC500029465846FEF720FC18F805200599C0EB38
:10CC600000204A43C0B2120A04EB090105F0AFFDEF
:10CC700009F101096D1CB542EADB0F9804440E98D6
:10CC800083440C9880440AF101008246B842DBDB01
:10CC900096E700BF4FF0000A504623E00146584691
:10CCA000FEF7FAFBC0EB00210098B8F1000F61F32A
:10CCB000174061F30F2061F3070025D018F80A1020
:10CCC000059A51435FEA112161F31F60009095F8C6
:10CCD000222004EB0A000099F8F7E2FC0AF1010AAD
:10CCE00009F101008146B042D8DBB8F1000F01D054
:10CCF0000C9988440F9804440E9883440A98401C69
:10CD00000A90B842C6DB5BE70599DDE72DE9F04FF5
:10CD100080468FB0D8E90160814698F821B0D8F8F4
:10CD20000040D8F80C000E90D8F818000690D8F8FB
:10CD30001C000D90D8E904A00A9098F8220008B1D0
:10CD400000201CE1BAF1000F04D0BBF1FD0F70D33D
:10CD500000276AE0BBF1FD0F4FF000071CD23FE057
:10CD60000025284680460EE001460698FEF7A3FB04
:10CD7000C0EB0020C0B202F093F824F8150008F1CF
:10CD8000010080466D1CB542EEDB0E980699044406
:10CD90000D987F1C084406904F45E1DB0FB0BDE8BD
:10CDA000F08F00252846804611E001460698FEF7E0
:10CDB00082FBC0EB0020C0B234F815105A4605F0D3
:10CDC00095FC24F8150008F1010080466D1CB54261
:10CDD000EBDB0E980D99044406987F1C08440690DE
:10CDE0004F45DEDBDAE700252846804612E00146A3
:10CDF0000698FEF760FBC0EB0020C0B21AF80520D1
:10CE000034F8151005F072FC24F8150008F1010043
:10CE100080466D1CB542EADB0E980D9904440698D5
:10CE20007F1C08440A9906908A444F45DBDBB5E72E
:10CE3000FFE7002022E000252F4613E03946069840
:10CE4000FEF739FB1AF80510C0EB002001FB0BF1CF
:10CE50000A0AC0B234F8151005F048FC24F8150091
:10CE60006D1C7F1CB542E9DB0E98069904440D98B1
:10CE7000084406900A98824408F10100804648451B
:10CE8000D9DB8BE700252846039569E00146069823
:10CE9000FEF711FBC0EB0020C0B2089098F822000A
:10CEA000012830D0022840D003289BD1089801F0F7
:10CEB000F7FF34F81510C008C90A4843C006070C2C
:10CEC000089801F0EDFF34F81510C0F38500C1F3A8
:10CED00045114843800947EA4017089801F0E0FFF0
:10CEE00014F8151000F01F0001F01F01484347EA35
:10CEF000501000BFBAF1000F28D0BBF1FD0F4AD38C
:10CF00001AF805204CE0089801F0CAFF34F8151013
:10CF100001444FF6FF70814205D2089801F0C0FF2E
:10CF200034F81510084480B2E4E7089801F0B8FF1F
:10CF300034F81510081A002806DD089801F0B0FF33
:10CF400034F81510081AEEE70020ECE7BBF1FD0FEE
:10CF50001AD300BF24F815000398001D6D1C039020
:10CF6000B54293DB0E98069904440D98BAF1000F70
:10CF70000844069001D00A998A440498401C049001
:10CF80004845FFF67FAF09E734F815104FEA0B026A
:10CF900005F090FADEE71AF8051001FB0BF10A0A1A
:10CFA00034F81510F4E700002DE9F04F054691B074
:10CFB000D5E9016790F8210008902C68E8680F9087
:10CFC000A8690690E8690E90D5E904900D9095F84F
:10CFD00022008B4608B10020CEE00898B9F1000F7E
:10CFE00004D0FD284FF0000065D28BE0FD284FF003
:10CFF00000001BD220E0002528460CE001460698E0
:10D00000FEF768FA6119C0EB00208870487060551F
:10D010005D4408F101008046B042EFDB0F980699AD
:10D0200004440E980844069009F101008146B84274
:10D03000E1DB11B0BDE8F08F8146B842F9DA4FF07C
:10D04000000845460DE029460698FEF743FAC0EB76
:10D050000020C0B204EB0801089A05F075FBD84423
:10D060006D1CB542EFDB0F980E99044406980844F6
:10D07000069009F10100DFE74FF0000845460EE099
:10D0800029460698FEF726FAC0EB0020C0B219F830
:10D09000052004EB080105F057FBD8446D1CB54290
:10D0A000EEDB0F98069904440E9808440D990690FB
:10D0B00089440AF101008246B842DDDBB9E700BFCE
:10D0C0004FF00008454611E029460698FEF702FA9F
:10D0D00019F80510089AC0EB002051430A0AC0B2A3
:10D0E00004EB080105F030FBD8446D1CB542EBDBC6
:10D0F0000F980E990444069808440D9906908944A7
:10D100000AF101008246B842DADB92E70020029081
:10D1100022E001460698FEF7DDF9C0EB002060F33F
:10D120001748414660F30F2160F30701B9F1000F82
:10D1300026D019F80A00089A5043000A60F31F61CC
:10D14000029895F822202044F8F7CEFA029901EBD4
:10D150000B0002900AF101008246B042D9DBB9F11E
:10D16000000F01D00D9989440F980E990444069838
:10D17000084406900598401C0590B842C6DB58E765
:10D180000898DBE700224C2122F016BA00224D213C
:10D1900022F012BA01684A7B2D2122F00DBA10B597
:10D1A000044601224C2122F007FA2046BDE8104037
:10D1B000FFF7F0BF01224D2122F0FEB910B5044661
:10D1C00011B1FFF7F7FF01E0FFF7E0FF2046FFF79F
:10D1D000E1FF2046FFF7E3FF2046BDE81040FFF7E0
:10D1E000D1BF70B50C46054601F08001FFF7E6FFA0
:10D1F00004F040012846FFF7E1FF04F02001284633
:10D20000FFF7DCFF04F010012846FFF7D7FF04F01A
:10D2100008012846FFF7D2FF04F004012846FFF773
:10D22000CDFF04F002012846FFF7C8FF04F001011A
:10D230002846FFF7C3FF2846FFF7BCFF2846FFF745
:10D24000A9FF2846FFF7ABFF2846FFF7B3FF2846A4
:10D25000FFF7A0FF2846BDE87040FFF793BF10B569
:10D2600002464B68127A097A40684FF0FF348A42CE
:10D2700015D1012A01D05AB10EE0194614F0D2FCA2
:10D28000002809D002DD4FF0010010BD204610BD7E
:10D29000984201D0FAD9F6E74FF0000010BDF5D959
:10D2A000F1E770B5C56804461021284606F0DBFB9F
:10D2B00010B1284606F033FB207A012804D16068BB
:10D2C000BDE870400BF0E0BD70BD00002DE9F04FEF
:10D2D0000C46804687B00C2120460EF052FD98F88F
:10D2E0001060D8F80C7016B93869002824D00CF0FA
:10D2F000E3FCDFF818A15FEA000908F1140B1ED067
:10D30000012E26D18DF80460009700226946DAF8D4
:10D31000200104F0A3FA050013D004F02AFB00F169
:10D3200008010EC984E80E00446900222946DAF893
:10D33000200104F04EFB204607B0BDE8F08F012E1F
:10D3400007D10222394658460BF014FE08B10020DE
:10D35000F2E72F4800900EF0A8FA13E0286868B1B1
:10D36000686858B10022114658460BF035FF2B680B
:10D370002246414628469847012808D02946009869
:10D380000EF0A5FA0500E9D1012E16D018E020898B
:10D390000004000CF8D12088C0F30720142808D01E
:10D3A00005F05EFAA18889B24843C01DC0082081FB
:10D3B000EAE7A0880004C00BF9E758460BF086FDA9
:10D3C000B9F1000F1CD0012E1AD1CDB18DF8046037
:10D3D000384614F03DFC0595009094E8070002AB38
:10D3E000544683E8070000226946DAF8200104F079
:10D3F0005AFA010006D00022D4F8200104F0E9FA1C
:10D40000284699E700980BF03FFDA0E7605A0020FE
:10D41000705B002010B502460B681279097900682C
:10D420004FF0FF348A4215D1012A01D05AB10EE0E3
:10D43000194614F0F7FB002809D002DD4FF0010077
:10D4400010BD204610BD984201D0FAD9F6E74FF042
:10D45000000010BDF5D9F1E70179012902D100687A
:10D460000BF012BD704700002DE9F04F95B08346D8
:10D470001EA8894690E84005B1F84810ADF818108C
:10D4800099F84A008DF81A00106B0790506B0890BD
:10D49000244DD06A1C46174660B114B12068A842DA
:10D4A00008D1CDE9006806AB49465846D04715B0CB
:10D4B000BDE8F08F98E80F000DF1080C8CE80F0024
:10D4C000706842423068414202A803F095F804B9FE
:10D4D0000DAC25606560A560E560224602A938466E
:10D4E0000CF0D8F9054694E80F000DF1240C8CE8F7
:10D4F0000F00D6E9001209A803F07EF8012DD6D15D
:10D5000009AA414611A802F032FF0028E5D011A96E
:10D5100009A8CDE9000106AB3A4649465846D0472E
:10D52000DBE70000010000E02DE9FF4FB5B0C86A5D
:10D53000DDE942970E4638B9316B4FF48070814275
:10D5400002D1716B814201D0012000E000201C90CB
:10D55000B06E08B1012500E00025D46A2C2200211C
:10D5600020691E9020891FFA80FA2088C0F3072BBB
:10D5700006A80EF0CAFB96F84C008DF82C0096F821
:10D580004D00CDF820A000F00F008DF840001C9851
:10D59000284357D1BBF10E0F0ED096F84B00BBF1CC
:10D5A000140F24D002284DD8CDF828901E988DF85D
:10D5B00024B0CDE906903EE0359849468268684639
:10D5C00002F0D5FE00283AD01E980C90CDE90E9AB4
:10D5D0000020079036F8480FADF82D00B0788DF890
:10D5E0002F0002208DF83400CDF8189023E0022897
:10D5F00028D8484602F09AFE0546484602F0A5FEA5
:10D60000CDF828901E9907910C910AFB00F1A08893
:10D61000CDF8189080B2B1FBF0F10C9801FB050039
:10D620000C904FEA5A00CDE90E9002208DF834009C
:10D6300012208DF8240006A9359808F0CBF839B0EF
:10D64000BDE8F08F1C9885434BD096F84B0002281C
:10D6500047D8002222A8B16E0CF054F907460128E1
:10D660002ED12D9860B30088C0F307200E2801D07A
:10D67000062825D12D9D28690C90288980B20F900D
:10D6800006F15400044602F060FE002800DA4C4621
:10D6900068680022010C491E83B20091114602A85D
:10D6A0005B1E02F0B6FF002003460090092202A98B
:10D6B000204602F0A5FC02A80E9002208DF834004E
:10D6C000CDF828901E988DF824B0CDE9069006A9D3
:10D6D000359808F07FF8012FB1D122A80CF0B2F8EC
:10D6E000ADE797E80F0018AC84E80F0018A8069083
:10D6F000484602F02AFE1D90484602F017FE209090
:10D7000018A802F022FE054618A802F00FFE804677
:10D710005C46BBF1060F04D196F84B00022800D9F5
:10D7200010241C9838B10F2C0CD0112C0AD0122CBC
:10D730000AD0062C10D0204605F0AFF81390142C18
:10D7400007D00EE0102408E01424204605F0A5F8C8
:10D75000139005EB450008E01524204605F09DF8E0
:10D760001390204605F099F86843019013F072F980
:10D7700005F038FB870013F06DF905F019FB05F093
:10D780008CF847430198B7FBF0F74046474500DD6A
:10D790000746019878430EF087F91F90A8B10790CB
:10D7A0008DF824401B982290781E199926900844E1
:10D7B0001B9018A80A90142C08D00E2C17D02046C5
:10D7C00005F06BF86843089085E1FEE76900089171
:10D7D000CDE90E051F9A022005FB07F18DF83400F4
:10D7E00002EB410112200C918DF8240073E1CDE988
:10D7F0000E05079902200C918DF83400B6F8480008
:10D80000ADF82D0096F84A008DF82F000020079003
:10D8100061E11898CDE914011A9816901B98179099
:10D82000D9F804004242D9F80000414214A802F09D
:10D83000E3FE1C9878B138991F98CDE90261CDE9D3
:10D8400004B02099CDE9001ADDE91D3214A93598FC
:10D850000AF071F99DE096F84B0002287ED314A8D7
:10D8600002F064FD0746BBF1060F16D0142C3ED023
:10D870000E2C3BD01598DDE9131200FB0AF002FBD9
:10D8800001011E984FF00008084402901F98139958
:10D89000019005FB01F0059079E0DDE914120AFB27
:10D8A00002111E984FF0000E01444FF0FF081F9A1E
:10D8B0001AE0002011E000BF02EB800311F800C065
:10D8C00083F802C011F800C083F801C011F800C04D
:10D8D00002F820C083F80380401CA842ECDB02EB76
:10D8E000850251440EF1010EBE45E2DB51E04FEAE4
:10D8F0005A001599029041431E98159A00EB410079
:10D9000014994FF0000800EB41000390029800FBCF
:10D910000212209948431E9901EB400010440590E3
:10D920001F9801900C980490680027901CE0279A9B
:10D93000039901980EF02EF9DDE904012A460EF054
:10D9400029F9DDE9021000EB410003900598084435
:10D950000590019800EB4500019000E081E00498FB
:10D9600008F1010828440490B845E0DB11E000BF4D
:10D97000DDE90101059A0EF00DF90199139808F1FE
:10D98000010805FB00100190029850440290B84530
:10D99000EEDB96F84B00022863D9B16C8046C0F1EB
:10D9A000FF070291142C1ED0122C1CD00E2C7AD002
:10D9B00018A802F0C0FC01460298DDF84CC0C2B2C3
:10D9C000C0F3072000FB08F00190029801FB0CF166
:10D9D000C0F3074302FB08F203FB08F30020DDF865
:10D9E0007CE004915DE0C1F3C40000FB08F02490EA
:10D9F0000298C0F30720800800FB08F00590029809
:10DA0000C0F30740C1081F9801FB08F10190039182
:10DA100018A802F090FC864600204FF4FC621EE03D
:10DA20000199039B31F810804FEAD82101FB07339D
:10DA30004FF4784101EAC30C059BC8F3451101FB83
:10DA4000073102EAD1018C44249B08F01F0101FB3D
:10DA500007310CEB1123019921F81030401C70455F
:10DA6000DEDB20E01EF8001001FB07214FEA112C3D
:10DA70000EF800C00EEB0001DDF804C091F8018043
:10DA800008FB07CC4FEA1C2C81F801C091F802C0BA
:10DA90000CFB073C4FEA1C2C81F802C01399084488
:10DAA00004998142DED806A9359807F093FE1B98A9
:10DAB0002699401C1990084422991B9088420ADD3F
:10DAC0001B91142C07D118A802F030FC1F99684351
:10DAD00001EB40000C901999229881427FF799AE92
:10DAE0001F980BF0D1F9AAE52DE9F0410446807AA0
:10DAF0000D4640F00200A0721E480026016DA142B2
:10DB000000D146652078012801D002282FD115B117
:10DB1000606FA84201D1666715B1A06EA8420DD111
:10DB2000A76E57B1224614213846A66612F023F894
:10DB30003A46142120460CF0F7FA15B1E06EA842DF
:10DB400001D1E66615B1206FA8420CD1206F48B113
:10DB500022461421266712F00EF832461421204680
:10DB60000CF0E2FA15B1A06FA84200D1A667BDE89B
:10DB7000F0810000605A00202DE9F041044690F841
:10DB80003C0000F0030001283CD1E16AA06BB1FB2E
:10DB9000F0F0216BB1FBF0F200FB1211A26B520806
:10DBA00002FB0011B1FBF0F2216300FB1211A26B2A
:10DBB000520802FB001161632046002110F020FB97
:10DBC00005460021204610F03FFB074628460BF093
:10DBD00050F9054620460FF027FB06462046FDF784
:10DBE000B9FF0246216BE819414306EBD67305EBFA
:10DBF000D570BDE8F0415B10A3EB6000411A104600
:10DC000012F0FCB9BDE8F08110B504460069B0B16E
:10DC1000A069A8B16068A0B103F0B8FE021D04F1CC
:10DC20002400216912F02BFE002807D0042104F102
:10DC300030000DF057FE0348E063012010BDFEE701
:10DC4000FEE7FEE72D6A000810B504460069B0B192
:10DC5000A069A8B16068A0B103F098FE021D04F1AC
:10DC60002400216912F00BFE002807D0042104F1E2
:10DC700030000DF037FE0348E063012010BDFEE7E1
:10DC8000FEE7FEE79FAF020870B50D4C0646002088
:10DC90000D460A4620602121304611F06CFF2068B5
:10DCA00058B1017839B1294613F0BCFF28B130468C
:10DCB000216815F02DFB002070BD012070BD000013
:10DCC000140200202DE9F0418CB01F4614460D4689
:10DCD000064610F019FF002839D0A54237D04FF47E
:10DCE000B470854201DDA5F5B475844201DDA4F56B
:10DCF000B474F16A0D440C44854201DDA5F5B47598
:10DD0000844201DDA4F5B4740AAA04A93046FDF7E3
:10DD10004DFD394630460FF0BBFF80463046394650
:10DD2000512210F065F906A908B1012200E0002295
:10DD3000CDE90048CDE902210A982B4682B2DDE9FF
:10DD4000040105F07BFA06A9304610F080FE0CB005
:10DD5000BDE8F08110B588B0044606AA04A9FDF715
:10DD600025FD6B4604A92046069AFDF79BFE20463A
:10DD700000F0DCFA011E03DD0246684602F0EAFA12
:10DD80006946204610F063FE08B010BDF0B50646A7
:10DD9000A1F57F4089B00F46FF384ED0B06BB84236
:10DDA0004BD9306B00EB071104A802F039FA694631
:10DDB00030460FF05BFA0021304610F0F5F80446CB
:10DDC0000021304610F0A2F8054630460FF054FA14
:10DDD00004F0FEFF0A2190FBF1F2A24201DB90FB6E
:10DDE000F1F490FBF1F2AA4201DB90FBF1F500990E
:10DDF0000498091B0844049001990598491B08449C
:10DE000005900099069808442044069001990798C7
:10DE1000084428440790306CB8420AD1706B30F83F
:10DE20001700400505D504A802F080FA0599081AE4
:10DE3000059004A9304610F00AFE09B0F0BD2DE9A6
:10DE4000FF470446006F0D46A84274D920460FF0E4
:10DE5000FCF9804620460FF00DFB064694F874004E
:10DE6000010705D500F00700012807D0022863D07C
:10DE700004B02046BDE8F04710F0CEBD002120469A
:10DE80000FF081FF07460021204610F054F8616929
:10DE900038440844A0EB060920464FF4A02148224C
:10DEA00010F0A6F806464FF40031204610F0F0F9C5
:10DEB000074660690090A0690190E0690290206ABD
:10DEC00003900199F019091A0191039908440390EC
:10DED000206F401EA84216D908FB05F1B1FBF0F2F5
:10DEE00002EB0901891BC91B6A1C009108FB02F1A6
:10DEF000B1FBF0F101EB090030443844029069466F
:10DF0000204610F0A4FD002D3FD0681E08FB00F154
:10DF1000206F401EB1FBF0F202EB0901891BC91B07
:10DF2000009108FB05F1B1FBF0F101EB0900304471
:10DF30003844029025E028E0002120460FF0E9FF58
:10DF40008146206F08EB0901B1FBF0F70021204664
:10DF50000FF019FF824607FB05F8002120460FF05D
:10DF6000EAFF6169504441444518694620460FF074
:10DF70007DF9A81B0090384400990290A1EB09009C
:10DF800000906946204610F062FDBDE8FF8770B53D
:10DF9000054610F005FA044628460FF099F9844228
:10DFA00001DB012070BD002070BD28B10A2803D01C
:10DFB0000D2801D000207047012070472DE9F74F50
:10DFC0000D4686B00446CD4910F037FA00287CD1C2
:10DFD0002046FDF739FC82462046FEF765F85FEAE9
:10DFE000000972D0BAF1000F6FD02046FDF728FC6F
:10DFF00007462046FEF754F8804620460021882236
:10E000000FF0F6FFC6B2204600218B220FF0F0FF82
:10E01000C0B20390296807EB0A006FF0030303EB1B
:10E020008000D5F808C051F8272009585CF8000096
:10E030000844A0EB020B6A6808EB090003EB8000C0
:10E04000EB6852F82810125818581044401A0290E1
:10E05000002120460FF031FE012806D116B1022E14
:10E0600002D002E0022600E0002604F11400019034
:10E0700002F06BF90090019802F058F98246012EE7
:10E0800038D0022E4FD0032E4FF00001204606D08C
:10E090000FF0BEFE296851F82710084451E00FF038
:10E0A000B7FE296851F8271000EB0109002120462E
:10E0B0000FF0AEFE0646002120460FF0B2FE3044BF
:10E0C000ABEB00000090608D00E014E140F40060D4
:10E0D0006085039801287CD002287BD003284FF06C
:10E0E0000001204632D00FF0A5FE6A6852F82810D1
:10E0F0004718B8E000992046ABEB010900210FF06A
:10E1000087FE0646002120460FF08BFE2968301A54
:10E1100000EBD07051F8272009EBD971491001EBC1
:10E12000600010440DE0204610F03AF9296851F8DB
:10E13000272002EB0B010E1A002120460FF071FE82
:10E14000301A8146608D20F40060C1E70FF072FE46
:10E150006A6852F828104718002120460FF06AFE1E
:10E160000546002120460FF04AFE02992844A1EB03
:10E17000000A608D40F480606085204610F010F940
:10E180000099884204D120460FF0A2F8504524D0CF
:10E1900060690290A0690390E0690490206A05908C
:10E1A000204610F039FCDDE9001002F03CFA51463F
:10E1B000019802F033FA204610F02EFC02AA2E211C
:10E1C000204611F0D8FC20460FF0D2F82246272135
:10E1D00001E021E039E011F0CEFC204600216A2266
:10E1E0000FF006FF0646204600216B220FF000FFCD
:10E1F0000546204610F0D4F8824620460FF068F815
:10E200003F4A0146C6F3417053104FF080584FF01B
:10E21000640C01282BD035E002980021A0EB0A06FF
:10E2200020460FF007FE0746002120460FF0E7FDCD
:10E230006A68381A00EBD07052F8281006EBD672D4
:10E24000521002EB60000F180DE020460FF040F86E
:10E250006A68029952F8282011440D1A00212046BC
:10E260000FF0CDFD2F1A608D20F4806084E726F03A
:10E27000C040904206DC404500DB181A00FB0AF063
:10E2800090FBFCF6C5F34170012809D125F0C04090
:10E29000904205DC404500DB181A484390FBFCF532
:10E2A000089A09EB060178199268114462698D1A7F
:10E2B0000899C9680844A169461A55EA06001AD0A7
:10E2C000204610F0A9FB606928446061E069284499
:10E2D000E061A0693044A061206A30442062204699
:10E2E00010F09AFB09B0324629462046BDE8F04FAF
:10E2F000002310F039BC09B0BDE8F08F0100060022
:10E30000FEFFFF1F0A880368934201D0981A7047E6
:10E3100040684988401A70470A780368934201D0E0
:10E32000981A704740684978401A70472DE9F041C3
:10E330004FF4403604463C2231460FF059FE054664
:10E340002046422231460FF053FE05443146204616
:10E350000FF069FE00283146204602DD0FF063FE13
:10E3600002E00FF060FE40420544314620460FF0C7
:10E3700060FE00283146204602DD0FF05AFE02E022
:10E380000FF057FE404205442046382231460FF038
:10E390002FFE074620463B2231460FF029FE384427
:10E3A000854200DD2846BDE8F08100002DE9F04FF0
:10E3B000064691B0D6E90170804696F821B03468DF
:10E3C000F0680F90D6E906500E90D6E904A00990A7
:10E3D0000CA804F00FFB96F8220008B10020A2E080
:10E3E000BAF1000F05D0BBF1FD0F4FF000004ED287
:10E3F0006DE0BBF1FD0F17D30021FF220FE00020DD
:10E4000006E02B5C04F8103004EB4003401C5A700B
:10E41000B842F6DB0F98491C04440E980544414568
:10E42000EDDB11B0BDE8F08F002081464045F8DA01
:10E4300000260AE0A95D0CAA61F307006BF30F2028
:10E4400004EB460104F054F8761CBE42F2DB0F9850
:10E4500004440E98054409F10100E6E700260CE0AB
:10E46000A95D0CAA61F307001AF8061061F30F20EA
:10E4700004EB460104F03CF8761CBE42F0DB0F983A
:10E48000099904440E988A44054409F10100814623
:10E490004045E3DBC5E700260FE0A95D1AF806203A
:10E4A00061F3070002FB0BF2110A61F30F2004EB8A
:10E4B00046010CAA04F01CF8761CBE42EDDB0F9856
:10E4C000099904440E988A44054409F101008146E3
:10E4D0004045E0DBA5E7002017E000BF15F8090084
:10E4E000BAF1000F60F3070122D01AF8090000FB0F
:10E4F0000BF0000A60F30F2196F8222004EB49008C
:10E500000CABF7F721F809F101008146B842E5DBD1
:10E51000BAF1000F01D009998A440F9804440E986B
:10E5200005440298401C014602904045D3DB78E741
:10E530006BF30F21E0E700002DE9F04F064695B0A0
:10E54000D6E90170804696F8210006903568F0689B
:10E550000F90D6E906400E90D6E904900A9096F8FE
:10E56000220020B110A804F059FA0020B1E006986A
:10E57000B9F1000F04D0FD284FF0000052D270E036
:10E58000FD281DD3002216E0002108460CE005EB13
:10E590008103265CDE70265C9E70265C5E70235CC8
:10E5A00005F82130401C491CB842F0DB0F98521C82
:10E5B00005440E9804444245E6DB15B0BDE8F08FF3
:10E5C000002082464045F8DA4FF000094E4608E048
:10E5D00005EB8901A05D069A04F0D0F809F1010964
:10E5E000761CBE42F4DB0F9805440E9804440AF1F1
:10E5F0000100E6E74FF0000A564609E019F8062048
:10E6000005EB8A01A05D04F0B9F80AF1010A761C55
:10E61000BE42F3DB0F980A9905440E9889440444DE
:10E620000BF1010083464045E4DBC6E74FF0000AEA
:10E6300056460CE019F8060006994843020A05EB15
:10E640008A01A05D04F09AF80AF1010A761CBE4224
:10E65000F0DB0F980A9905440E98894404440BF1A5
:10E66000010083464045E1DBA7E700BF4FF0000B08
:10E67000584620E014F80A100098B9F1000F61F331
:10E68000174061F30F2061F3070026D019F80B1033
:10E69000069A51435FEA112161F31F60009096F8DA
:10E6A000222005EB8B0010AB0099F6F772FF0BF1FF
:10E6B000010B0AF101008246B842DBDBB9F1000F21
:10E6C00001D00A9989440F9805440E98044407988C
:10E6D000401C07904045C9DB6FE70699DCE7000066
:10E6E0002DE9F04F054691B0D5E9016790F821007A
:10E6F0000B90D5F800B0E8680E90D5E906400D9073
:10E70000D5E904900790686AC11700EB517121F0B8
:10E710000701A0EB010A95F8220008B10020F4E0FF
:10E720000B98B9F1000F04D0FD284FF0000072D211
:10E73000B7E0FD284FF000001AD21FE04FF00008AC
:10E7400045460DE0605D08EB0A017F28584602D976
:10E750001CF0B6FA01E0F8F759F908F101086D1C50
:10E76000B542EFDB0E9883440D98044409F1010093
:10E770008146B842E2DB11B0BDE8F08F8146B84275
:10E78000F9DA4FF0000845461DE000BF08EB0A012A
:10E7900058460391FCF771FEC0EB00208DF81C0079
:10E7A000605D07A90B9A04F005F89DF81C00039919
:10E7B0007F28584602D91CF083FA01E0F8F726F9C1
:10E7C00008F101086D1CB542E0DB0D980E99044478
:10E7D0008B4409F10100D1E74FF00008454620E0E5
:10E7E000605D08EB0A010A910F905846FCF745FE60
:10E7F000C0EB00208DF82C0019F805200BA90F980C
:10E8000003F0D8FF9DF82C000A997F28584603D9B9
:10E810001CF056FA02E00EE0F8F7F8F808F10108EB
:10E820006D1CB542DCDB0E98079983440D98894432
:10E8300004440498401C0490B842CDDB9BE700BF21
:10E840004FF00008454622E0605D08EB0A01109099
:10E850000A915846FCF711FEC0EB00208DF83C00F1
:10E8600019F805000B994843020A0FA9109803F004
:10E87000A1FF9DF83C000A997F28584602D91CF058
:10E880001FFA01E0F8F7C2F808F101086D1CB54263
:10E89000DADB0E98079983440D9889440444049860
:10E8A000401C0490B842CBDB65E700201FE000BFAE
:10E8B00014F808100298B9F1000F61F3174061F3E2
:10E8C0000F2061F3070024D019F808200B994A4360
:10E8D0005FEA122161F31F600290024695F8223030
:10E8E00008EB0A015846F6F7A4FE08F1010080463D
:10E8F000B042DDDBB9F1000F01D0079989440E98D1
:10E9000083440D9804440498401C0490B842CCDB26
:10E9100031E70B99DEE700002DE9F04F06468FB096
:10E92000D6E90170804696F8210006903568F068B7
:10E930000E90D6E906400D90D6E904900B9096F81B
:10E94000220008B10020A3E00698B9F1000F04D01E
:10E95000FD284FF0000045D263E0FD2810D30026CB
:10E9600009E03A46214628460DF014F90E98761C27
:10E9700005440D9804444645F3DB0FB0BDE8F08F25
:10E98000002082464045F8DA4FF000094E4608E084
:10E9900005EB0901A05D069A03F019FF09F10109D1
:10E9A000761CBE42F4DB0E9805440D9804440AF12F
:10E9B0000100E6E74FF0000A564609E019F8062084
:10E9C00005EB0A01A05D03F002FF0AF1010A761CC3
:10E9D000BE42F3DB0E980B9905440D98894404441C
:10E9E0000BF1010083464045E4DBC6E74FF0000A27
:10E9F00056460CE019F80610069841430A0A05EB42
:10EA00000A01A05D03F0E3FE0AF1010A761CBE4292
:10EA1000F0DB0E980B9905440D98894404440BF1E2
:10EA2000010083464045E1DBA7E700BF4FF0000B44
:10EA300058461FE014F80A100098B9F1000F61F36E
:10EA4000174061F30F2061F3070025D019F80B1070
:10EA5000069A51435FEA112161F31F60009096F816
:10EA6000222005EB0B000099F6F71AFE0BF1010BC3
:10EA70000AF101008246B842DCDBB9F1000F01D097
:10EA80000B9989440E9805440D9804440898401C3D
:10EA900008904045CADB70E70699DDE72DE9F04FA5
:10EAA000804691B0D8E90170814698F821B0D8F835
:10EAB0000040D8F80C001090D8E906500D90D8E925
:10EAC00004A00C9098F8220008B1002007E1BAF1E8
:10EAD000000F05D0BBF1FD0F4FF0000057D277E0DB
:10EAE000BBF1FD0F4FF0000015D21AE00026B04632
:10EAF00009E000BF15F8080000F0D2F924F816006C
:10EB000008F10108761CBE42F4DB109804440D980D
:10EB100005440AF1010082464845E7DB11B0BDE833
:10EB2000F08F82464845F9DA0026B0460CE000BF77
:10EB300034F8161015F808005A4603F0D7FD24F8EB
:10EB4000160008F10108761CBE42F1DB109804445F
:10EB50000D9805440AF10100E3E70026B0460CE0F9
:10EB60001AF8062034F8161015F8080003F0BEFD58
:10EB700024F8160008F10108761CBE42F0DB10985C
:10EB80000C9904440D988A4405440BF10100834616
:10EB90004845E2DBC2E70026B0460FE01AF806005F
:10EBA00034F8161000FB0BF0020A15F8080003F009
:10EBB0009DFD24F8160008F10108761CBE42EDDB2D
:10EBC00010980C9904440D988A4405440998401CF7
:10EBD00009904845DFDBA1E70026304604960694FD
:10EBE00070E0295C98F82220C8088908012A1CD006
:10EBF000022A40D0032A91D1069A32F81620D30A6D
:10EC000043434FEA531C4FF6FF7303EACC23C2F38E
:10EC1000451C0CFB01FC4FEA9C1102F01F0203EBA8
:10EC20004111424301EB52101BE0069A32F81620C4
:10EC300000EBD2231F2B00D31F234FF6FF7C0CEADF
:10EC4000C323C2F3451C61443F2900D33F2102F096
:10EC50001F0203EB4111104489B21F2800D31F206B
:10EC6000084480B2BAF1000F22D0BBF1FD0F42D3AD
:10EC70001AF8062044E0069A32F81620C0EBD22398
:10EC8000002B00DC00234FF6FF7C0CEAC323C2F309
:10EC9000451CACEB0101002900DC002102F01F0241
:10ECA00003EB4111101A89B20028D9DC0020D7E704
:10ECB000BBF1FD0F18D300BF24F816000498001D07
:10ECC000761C0490BE428CDB1098BAF1000F04440D
:10ECD0000D98054401D00C998A440998401C09906C
:10ECE0004845FFF679AF19E734F816104FEA0B02E2
:10ECF00003F0E0FBE0E71AF8061001FB0BF10A0A4B
:10ED000034F81610F4E700002DE9F04F06468FB0F6
:10ED1000D6E90170804696F8210005903568F068C4
:10ED20000A90D6E906400E90D6E904900C9096F829
:10ED300022008B4608B10020ACE00598B9F1000F25
:10ED400004D0FD284FF000004DD26BE0FD2819D310
:10ED5000002212E00021084608E06B18265C9E7035
:10ED6000265C5E70235C6B545944401CB842F4DB53
:10ED70000A98521C05440E9804444245EADB0FB041
:10ED8000BDE8F08F002082464045F8DA4FF00009D8
:10ED90004E4607E005EB0901A05D059A03F0D4FC9F
:10EDA000D944761CBE42F5DB0A9805440E9804440B
:10EDB0000AF10100E7E700BF4FF0000A564608E0FD
:10EDC00019F8062005EB0A01A05D03F0BDFCDA444A
:10EDD000761CBE42F4DB0A980C9905440E988944CF
:10EDE00004440698401C06904045E5DBC7E700BF99
:10EDF0004FF0000A56460BE019F806000599484303
:10EE0000020A05EB0A01A05D03F09EFCDA44761CC1
:10EE1000BE42F1DB0A980C9905440E9889440444DB
:10EE20000698401C06904045E2DBA8E700200390CE
:10EE300022E000BF14F80A100098B9F1000F61F346
:10EE4000174061F30F2061F3070027D0039A19F8E8
:10EE50000210059A5143090A61F31F60009003985C
:10EE600096F8222028440099F6F73EFC039901EB1E
:10EE70000B0003900AF101008246B842DADBB9F1D7
:10EE8000000F01D00C9989440A9805440E98044457
:10EE90000698401C06904045C8DB70E70599DBE703
:10EEA00000F0F801090200F0FC0201EBC20101EBE5
:10EEB000D00080B2704770B5054609F051FD044698
:10EEC000284609F051FD06460EF052FA05462F2C51
:10EED00001D02E2C0BD1002130460CF0A9F9284688
:10EEE00016F0ECFE2846BDE870401CF0C7B870BDB7
:10EEF0002DE9F0438DB007461D4616468946084663
:10EF0000DDF850800EF0DAF90446414648460EF02E
:10EF1000ADF922461146404601F01CFA07F11804EB
:10EF2000022E05D0012E32D000200DB0BDE8F083B6
:10EF300098E80E00D8F80C0003908DE80E0000222F
:10EF4000694648460FF0B0F96A46214604A801F028
:10EF50000EFA0028E9D004AC94E80F0008AC84E86D
:10EF60000F00022208A948460FF09EF908A9424660
:10EF7000084601F0FCF90028D7D094E80F0085E896
:10EF80000F0005221146284601F0E4F90AE0424646
:10EF90002146684601F0EBF90028C6D09DE80F0035
:10EFA00085E80F000120C0E7F8B504460E46001DB5
:10EFB00001F0BCF90546201D01F0C7F90096024694
:10EFC000217D2B46206804F04AFE002800D1FEE790
:10EFD000F8BD70B504460EF0D9F80646002506E0E7
:10EFE000A068006850F82500FFF7F3FF6D1CB542DC
:10EFF000F6D3608DC1070CD020F00100608520465B
:10F0000010F00EF9204610F037F816B120460CF03B
:10F010008DF9608D810708D520F0020060852046BB
:10F02000BDE8704000210FF08EBE70BD70B509F0D4
:10F03000F1FC05460FF0B2F9C4B2284600211C22AB
:10F040000EF0D6FF0D49C2B2A1F1200031F8141024
:10F0500050F82400FF2A0CD00022F2F7C1F9FF205B
:10F0600003F032FC01462846BDE87040002210F053
:10F07000F3BE0122F2F7B4F90148F1E76C00002079
:10F08000808080002DE9F0478046089D1F46A86AD1
:10F0900000FB01F39B12002807DD934207DD00BF50
:10F0A00095F8340080070DD48BE09342F8DBCB1940
:10F0B00043439B12002808DD934239DA95F8340067
:10F0C00080077ED40120BDE8F0879342F6DC686AB1
:10F0D000521C504340F395000312C0B2FF22002897
:10F0E00028D000BF2E6BC0F1FF0404FB06F4A2EB96
:10F0F000242600BFA3EB0104A14636D0002C15DB6B
:10F10000BC4213DAC0F1FF00C6F1FF014843A2EB95
:10F110006020C1B295F83400800701D5C1F1FF012C
:10F1200018F8040015F05AFB08F80400641C1CE0F1
:10F13000686ACEE74FF0FF06DCE7002C10DBBC422C
:10F140000EDAA6EB6000C1B295F83400800701D555
:10F15000C1F1FF0118F8040015F040FB08F80400A5
:10F16000286B641C361ABC4202DA286BB042E4DB1E
:10F17000BC4218DA002C16DB686A704380127043B8
:10F18000C0F34721A86A002801DAC1F1FF0195F810
:10F190003400800701D5C1F1FF0118F8040015F013
:10F1A0001DFB08F8040095F83400800707D5494690
:10F1B000B94506DC00290DDB404609E001E0641C8E
:10F1C00001D500207FE7BC4204DC391B08EB0400BA
:10F1D0000CF0DFFD022076E72DE9F05F06460A9F7E
:10F1E0008A461D46786A00FB02F18C12002800DD79
:10F1F000641C97F83430544502DA980707D4D5E0F8
:10F200008C120AEB050CA44502DA98077ED483E041
:10F21000521C424341F3950142F395044FEA2129E0
:10F22000221204F0FF08C9B2A9EB0A04914505D0E7
:10F23000002803DA11B9FF219146641E914528D1B7
:10F24000002C0CDBAC420ADA01EB080041089807FD
:10F2500001D5C1F1FF01305D15F0C0FA305597F8C6
:10F260003400641C800706D5A9EB0A01A9424DDAD7
:10F270008EE030460AE0AC4200DD2C46002C45D042
:10F2800006DD00BFA5EB040106EB04000CF081FDD8
:10F2900089E04FF0FF0B002844DAB86A4042484347
:10F2A0004FEAA028002C0DDBAC420BDA08FB01F082
:10F2B000C0F34721980701D5C1F1FF01305D15F07A
:10F2C0008DFA3055796AA8F1FF0041438812641E17
:10F2D00011D4AC420FDAC8F1FF014143ABEB61201E
:10F2E000C1B297F83400800701D5C1F1FF01305D4C
:10F2F00015F074FA305597F83400A41C800709D52E
:10F30000A9EB0A01491EA9424DDC00E04EE00029AC
:10F31000AFDC48E0AC4202DD0120BDE8F09F002CEC
:10F32000B0DA40E0C1F1FF00B96A41434FEAA128D9
:10F33000002C0EDBAC420CDA00FB08F0ABEB6020DB
:10F34000C1B2980701D5C1F1FF01305D15F046FA51
:10F350003055796AC8F1FF0041438912641C0ED40C
:10F36000AC420CDA4843C0F3472197F834008007D9
:10F3700001D5C1F1FF01305D15F030FA305597F835
:10F380003400641C800707D5A9EB0A01A9420DDCF3
:10F390000029BFF66EAF06E0AC4200DD2C46002C23
:10F3A00004D03FF76FAF4FF00200B6E74FF0000018
:10F3B000B3E710B50446C4E90B12406B63F3410098
:10F3C0006063204610F092F82046BDE810400FF030
:10F3D00023BBFEB5C46A0AF031FE05460AF07CFE86
:10F3E00004280CD1216C204661640DF06CFF0646A8
:10F3F0000AF058F818B1002130460AF0C8F828463B
:10F400000AF06AFE012804D028460AF065FE0328A7
:10F4100009D1694628460AF033FE20460199FCF7D7
:10F42000C5FA20646064204608F033FF206B10B9F1
:10F4300020460FF0F1FA206C029002AA202120460B
:10F4400010F099FBFEBD0000094906280FD2DFE845
:10F4500000F00E030507090B086806E0486804E0A1
:10F46000886802E0C86800E0086911F041BE704792
:10F470003000002010B5582109480CF033FA002262
:10F480000A21084814F0C4FB054CAC3CC4F8A800A1
:10F49000A434F5F727F900202070607010BD00003B
:10F4A0000C5B0020154700082DE9F04105460F4888
:10F4B0000E460024074616E00168A94200D01DB997
:10F4C0004168B14209D046B1014638460CF0FFF917
:10F4D0000028F1D12046BDE8F08117F0F9F8F5F7E2
:10F4E00001F9012438460CF0E0F9F1E70C5B00204B
:10F4F00070B505460A480C4606460CF0D6F90BE0F6
:10F500000168A94204D14168A14207D0002C05D06E
:10F51000014630460CF0DBF90028F1D170BD000047
:10F520000C5B002010B50446582200210CF0EDFBC6
:10F530004FF4FA702063002060626420E0620120D2
:10F5400060640448206294F8540040F0080084F895
:10F55000540010BDC5F500082DE9F84304464FF4EA
:10F560008060174600901E46D4E90C208846002390
:10F57000089D19460CF0D0FA33463A4641460095AC
:10F5800003F0B5FA626AE16A891A414302EBA120ED
:10F59000BDE8F88308B5B0F94E200092B0F94C30C0
:10F5A000B0F94A20B0F94810FFF7D6FF08BD08B5FA
:10F5B0004FF480610022009140F251231146FFF781
:10F5C000CBFF08BD38B504464FF480600090D4E905
:10F5D0000C20002319460CF09FFA626AE16A891A2E
:10F5E000414302EBA12038BD08B540F2145140F26E
:10F5F000AB23009100225910FFF7AEFF08BDD0E900
:10F600000C128A4201DBC06A7047406A704710B52D
:10F61000029C20F8481F83804280C48010BD016195
:10F6200070474942416370474161704701637047C9
:10F6300010F8542F61F3C3020270704741607047A5
:10F640000162704781637047C163704741647047CE
:10F6500001647047C1607047C161704741624FF0FB
:10F660000041C0E90A1270470160704710B542F2CC
:10F67000107442F2F673A04200D91846A14200D994
:10F680001946A24200D91A460A23401D491D521D9F
:10F69000B2FBF3F2B1FBF3F1B0FBF3F0120502EBB6
:10F6A0008121084400F1004010BD000070B50546FE
:10F6B00020480CF01FF9040028D0582229460CF0ED
:10F6C00069FA2868A84200D124601A48AC3890F83A
:10F6D000A51014F8540F61F3410004F8040914F064
:10F6E00041FA01C414F8540900071FD5A16939B1C2
:10F6F00020468847616A01446162E16A0844E06229
:10F70000204617F003F9686818B900E0FEE7A8681A
:10F7100010B1204617F01AF8626812B1616A2068C9
:10F720009047A26812B12046616A9047F4F7DAFF69
:10F73000204670BD0C5B002010B5D0E90E431B1BAA
:10F7400002E000BF03F5B473002BFBDB4FF4B4748D
:10F75000A34202DBA3F5B473FAE799420FDC03EB93
:10F76000D372B1EB620FC16C02DA41F0080101E023
:10F7700021F00801C0F84C1041F0100117E0C3F56A
:10F78000B474944203DCC16C41F00801F4E7C1F5A4
:10F79000B474944203DCC16C41F0080105E01A44E2
:10F7A0008A4207DBC16C21F0080121F01001C1641D
:10F7B000012010BD002010BD10B50C4687212D2260
:10F7C000C4E90E120020C4E90B0149006163E16C39
:10F7D00021F00601E16413492164E16C606441F0A9
:10F7E00008016420C4E9120121F00100E064100165
:10F7F000206514F0B7F96065606BA065E06C0221CC
:10F8000020F01000E06420460CF0F9FC4FF4447145
:10F8100020460FF0F5FE2046BDE81040092110F00B
:10F82000C9B900000080FFFF2DE9F043BBB00446DA
:10F8300009F09AF80546204609F0CDF8814614AA49
:10F8400031A92846FBF7B2FF149800281ADD684654
:10F8500003F0DDFC6A46002128460EF0F8FDDDE9E4
:10F860003101CDE90B01A96BE86A08440990E96B05
:10F87000E86A08440A901498ADF83400694648468E
:10F8800003F092FC4FF40038414628460EF04AFB44
:10F890000746414628460EF066FB06464146284686
:10F8A0000EF088FB0446414628460EF00EFBB74298
:10F8B00001DD394600E03146844201DD224600E0A8
:10F8C0000246914205DDB74201DD384604E030468C
:10F8D00002E0844200DD204614990C1A002C19DD48
:10F8E000684603F094FC6A46414628460EF0AFFD98
:10F8F000DDE93101CDE90B01D5E90B01084409909F
:10F90000696BE86AADF8344008440A906946484695
:10F9100003F04AFC36AB31A92846149AFCF7C2F82A
:10F9200015A805F019FD15AA4FF4403128460EF030
:10F93000EAFE36AA15A9484605F0F8FA3BB0BDE83C
:10F94000F08300002DE9F04F89B08A46F5480DF0AC
:10F95000C8FB01287ED1504609F002F80546504602
:10F9600009F002F804464FF0640B4FF4B479022D0D
:10F9700013D0082D6FD0032DFCD00E2D6CD00F2D81
:10F980006BD0132D6AD0182D69D01A2D62D109B011
:10F990005046BDE8F04FFFF747BF0AF04FFB0500A8
:10F9A00058D00AF099FB012854D101A928460AF041
:10F9B00067FB05AA03A92046FBF7F8FE0399019807
:10F9C000401A019002990498081A029094F84C0089
:10F9D000C00731D14FF4003120460EF059F90546E9
:10F9E00005984FF48031401B059020460EF01EFD17
:10F9F0000028059806D1C11700EB9171B5EBA10F56
:10FA000000DA8D10401B0590012801DA01200590D5
:10FA10000198029A404302FB02010598404381424B
:10FA200006DDE06C40F00101E16414F09BF86065D4
:10FA300094F84C00C0070DD0019810B90298002826
:10FA400008D0D4E90E06864201DA06F5B476DDE97F
:10FA5000011005E0ACE0C1E0DAE0F7E0FCE066E1CF
:10FA600000F076FEE16A401AA16B451A02E000BF81
:10FA700005F5B475002DFBDB4846854202DBA5F594
:10FA8000B475FAE705984FF41D714843B0FBFBF7D6
:10FA9000322003F053FB4FF4B4714843B0FBF7F24C
:10FAA00094F84C002946C0F3C0072046FFF744FEF7
:10FAB00000287DD0A06BA26D311AA2EB0008A5EB47
:10FAC0000800002801DD024600E042424FF48C733A
:10FAD0009A4205DD94F84C20120709D5002508E06C
:10FAE000E26C5FEAC26C04D4120701D54D4200E01B
:10FAF0000D4677B1E16C0A071ED4CA061CD4002853
:10FB000000DC4042984217DD67F3C3010025E16441
:10FB100012E08FB9E26C5FEA027C0DD55FEAC26C3D
:10FB20000AD4002800DC4042C0F5B470984203DDDE
:10FB300067F3C3020D46E264A5EB0805606D14F09F
:10FB40000BF8216D41434FF47A70B1FBF0F0854220
:10FB500002DC4042854200DA0546D4E91132A16B4D
:10FB6000D01A771AFF0097FBF0F0001DC717454425
:10FB700000EB177005EB2010256C0092084432460C
:10FB80000BF0CAFF064694F84C00C0F3410002286F
:10FB900003D1A06C811B606C0E18206CB04211D098
:10FBA00013F0E0FF60653146204600F018FA00E0EF
:10FBB00011E0AE4206D00022202120460FF0DBFFEC
:10FBC000012808D1606CB04202D0A06CB04202D1D2
:10FBD00013F0C8FF606509B0BDE8F08FE06C20F05D
:10FBE00001012046E1640DF06EFB054609F05AFC68
:10FBF00004460AF023FA0AF06FFA0428EBD1002C2D
:10FC0000E9D009B02846BDE8F04F002109F0BFBC9B
:10FC1000504608F0D4FE256C132806D0112804D0D5
:10FC2000142804D0122802D005E0691C00E0691EE7
:10FC3000204600F0D4F9206CA842CCD009B0204670
:10FC4000BDE8F04F002220210FF095BF504608F08C
:10FC5000D5FE256C2918EBE7504608F0CDFE054689
:10FC600003AA01A92046FBF7A1FDA068002600B168
:10FC7000066A002120460EF00BF8804603993044B6
:10FC8000081A029903900144009101990B180299F6
:10FC90000A1A0199091A04A800F0BBFC47F6FF7282
:10FCA00004A8296800F019FC4FF0000AC8BB2868B6
:10FCB000019A01684068891A029A801A00F048FD8A
:10FCC000E16A401AA16B471A02E000BF07F5B4775A
:10FCD000002FFBDB4846874202DBA7F5B477FAE743
:10FCE00003984FF41D714843B0FBFBF9322003F039
:10FCF00025FA4FF4B4714843B0FBF9F23946204677
:10FD0000FFF71AFD68B108EB4602114604A800F09F
:10FD100021FB47F6FF7204A8296800F0DEFB28717A
:10FD200059E701E0C884040885F804A053E70021DE
:10FD30000EF0F8F80746002120460EF014F90646AA
:10FD4000002120460EF036F90546002120460EF02F
:10FD5000BCF8B74201DD394600E03146854201DD9D
:10FD60002A4600E00246914205DDB74201DD3846F1
:10FD700004E0304602E0854200DD284680464FF42C
:10FD80004039494620460EF0CDF807464946204600
:10FD90000EF0E9F80646494620460EF00BF90546F6
:10FDA000494620460EF091F8B74201DD394600E0A1
:10FDB0003146854201DD2A4600E00246914205DDDA
:10FDC000B74201DD384604E0304602E0854200DDFE
:10FDD0002846801CA0EB08052046FEF7A7FA441928
:10FDE000504608F009FE0168A14200DD0C4604609F
:10FDF000F1E670B50C460546114600F076F821464E
:10FE00002846BDE8704000F0B5B870B50C46054610
:10FE1000114600F006F821462846BDE8704000F083
:10FE200032B870B505460C46B1F5B47F01DDA1F5D9
:10FE3000B474D5E90E10421AA4EB010101D502F504
:10FE4000B472002901DA01F5B4718B1A002B00DCC1
:10FE5000531AB42B03DD28460EF0DEFD0DE091426F
:10FE600003DA00230246214604E08A4205DA002331
:10FE7000224601462846FDF725FF2846EC63BDE8EB
:10FE800070401FF0C6BE70B505460C46B1F5B47F94
:10FE900001DDA1F5B474D5E90E010A1AA1EB040144
:10FEA00001D502F5B472002901DA01F5B4718B1A9B
:10FEB000002B00DC531AB42B03DD28460EF0ACFDFA
:10FEC0000DE0914203DA00232246014604E08A4213
:10FED00005DA0023024621462846FDF7F3FE2846B0
:10FEE000AC63BDE870401FF094BE70B505460C468B
:10FEF000B1F5B47F01DDA1F5B474D5E90C10421A57
:10FF0000A4EB010101D502F5B472002901DA01F573
:10FF1000B4718B1A002B00DC531AB42B03DD284676
:10FF20000EF07AFD0DE04FF40033914202DA024602
:10FF3000214603E08A4204DA224601462846FDF7BC
:10FF4000C1FE2846FDF706FF28466C63BDE87040F9
:10FF5000FDF700BF02E000BF01F5B4710029FBDB33
:10FF60004FF4B472914202DBA1F5B471FAE7C162B9
:10FF70000EF052BD70B505460C46B1F5B47F01DDFB
:10FF8000A1F5B474D5E90C010A1AA1EB040101D55D
:10FF900002F5B472002901DA01F5B4718B1A002B55
:10FFA00000DC531AB42B03DD28460EF035FD0DE0BE
:10FFB0004FF40033914202DA2246014603E08A42BE
:10FFC00004DA024621462846FDF77CFE2846FDF766
:10FFD000C1FE28462C63BDE87040FDF7BBBE036C34
:10FFE0008B420CD0826C8A4200DA1146426C8A4203
:10FFF00000DD11468B4202D001641FF00ABE70473B
:020000040801F1
:10000000F0B50D688C68D1F80CE0641BD0E9006590
:100010004F68DDF814C0AEEB0707162A75D2DFE88B
:1000200002F0C7C71A272D2F454D5D0B6567757BFD
:100030007D8F97999B9DA1BD8268A2EB060E0EF164
:10004000010E621C0EEBDE7E4FEA6E0E02EBD272E8
:10005000AEEB620233E08068821B601C521C02EB34
:10006000D272521000EBD070A2EB600200208AE046
:100070008068621C801B401C821AF7E700220DE09A
:100080008268A2EB060E0EF1010E621C0EEBDE7E04
:100090004FEA6E0E02EBD272AEEB6202C06807F15D
:1000A000010E401B401CA0EB0E006CE0826804F1C6
:1000B000010E921B521CA2EB0E02EFE70022C06859
:1000C000A0EB050E0EF1010E781C0EEBDE7E4FEA62
:1000D0006E0E00EBD070AEEB600054E0826804F16D
:1000E000010E921B521CA2EB0E02E8E700220AE06E
:1000F0008068821B601C521C02EBD272521000EB13
:10010000D070A2EB6002F8433DE051E08068621CD1
:10011000801B401C821AF6E700220DE08268A2EBE9
:10012000060E0EF1010E621C0EEBDE7E4FEA6E0E25
:1001300002EBD272AEEB6202C068401B401C22E0B0
:10014000826804F1010E921B521CA2EB0E02F3E72F
:10015000E2438BE7E243B2E7E2439FE78068821B1A
:1001600000200FE08268C068921BA0EB050E0EF124
:10017000010E781C0EEBDE7E4FEA6E0E00EBD070A7
:10018000AEEB6000521C324428441A446044C1E97A
:10019000002022443844C1E90220F0BD8268C068D2
:1001A000921B401B07F1010E401CA0EB0E00E9E77B
:1001B00000225BE70A6802604A6842608A688260DF
:1001C000C968C16070470A6802604A6842608A680C
:1001D0008260C968C16070470A6802604A6842600C
:1001E0008A688260C968C16070470A6802604A68AC
:1001F00042608A688260C968C16070470A680260AC
:100200004A6842608A688260C968C16070470A684B
:1002100002604A6842608A688260C968C16070474B
:100220000A6802604A6842608A688260C968C16080
:1002300070470A6802604A6842608A688260C968DA
:10024000C16070470A6802604A6842608A688260DA
:10025000C968C16070472DE9F0470C46064615464F
:100260001146204600F0E6F800285CD0002229461E
:10027000204600F09CF800284FF0000051D1E768BC
:1002800061682368A7EB010C6F68A2687F1AA2EB74
:100290000309002F05DD08C60F4486E8860001200B
:1002A000361FE96862688A1AACEB0203002B0CDD8A
:1002B000E268914209DA06EB001C2768A2684CF854
:1002C000047B0B448CE80E00401C69686268914214
:1002D00000DC1146EA68E3689A4200DB1A46531ACA
:1002E0002F682268BF1A002F0BDD002B09DD06EBFB
:1002F0000018174448F8042B01EB030C88E882101F
:10030000401CAA682468151BA9EB0504002C08DD15
:1003100006EB00151444C5E900210B44C5E902436E
:10032000401CBDE8F0874FF0FF30FAE7C168406835
:10033000081A401C704702688168891AC2684068C0
:10034000101A401C491C4843704781680068081A0D
:10035000401C704703685B1A03608368194481601E
:100360004168891A4160C1681144C160704770B525
:100370000B681468A34200DC234603604D68546890
:10038000A54200DD2C4644608E689568AE4200DAD6
:1003900035468560C968D268914200DB1146C1606C
:1003A0000120AB4201DC8C4200DD002070BD7CB539
:1003B0000D460446006809681646884238DB6168C5
:1003C0006A68914234DBA268AB689A4230DCE2682A
:1003D000EB689A422CDC4EB3CDE900013246694607
:1003E000284600F07AF8002821D0D4E90110CDE9A0
:1003F000000132466946284600F06FF8002816D002
:10040000E1682068CDE9000132466946284600F0DF
:1004100064F800280BD0D4E90201CDE9000132468E
:100420006946284600F059F8002800D001207CBD1C
:1004300000207CBD02688B689A420DDC82680B68E4
:100440009A4209DB4268CB689A4205DCC068496879
:10045000884201DB01207047002070477CB50D46C3
:100460000446806809681646884234DBE06869689B
:10047000884230DB2168A86881422CDC6068EA6829
:10048000904228DC2EB3CDE900103246694628465A
:1004900000F023F8E8B9D4E90110CDE900013246B3
:1004A0006946284600F019F898B9E1682068CDE956
:1004B000000132466946284600F00FF848B9D4E9F1
:1004C0000201CDE9000132466946284600F005F8F0
:1004D00008B100207CBD01207CBD2DE9FF41144600
:1004E0000E460A68016805468A422EDBA8688242E9
:1004F0002BDC72686B689A4227DBEF68BA4224DC17
:10050000002C5DDD401A401C00EBD0704210F81A40
:10051000401C00EBD0704010824200DA104684424A
:1005200000DD04460091286800222044029068689B
:10053000019068683146204403906846FFF7CDFF7C
:1005400038B102982044029032E0002004B0BDE8A7
:10055000F081E8680022001B0190E86803903146B2
:100560006846FFF7BAFF18B10298204402900DE0E8
:10057000A8680022001B0090A868029031466846D7
:10058000FFF7ABFF30B10098001B00900198001BF3
:10059000019010E068680190686800222044039090
:1005A00031466846FFF799FF50B10098001B009054
:1005B0000398204403903146684610F0C9F8C5E717
:1005C0000120C3E710B50C6813689C4200DA23468B
:1005D00003604C6853689C4200DA234643608C6891
:1005E00093689C4200DD23468360C968D2689142CB
:1005F00000DC1146C16010BD03680B4403608368D2
:1006000019448160416811444160C1681144C1606E
:10061000704710B5029C80E81E0010BD4268491E5C
:100620001144C16070470268491E114481607047DF
:1006300042688A4201D80020704702681AB1C06837
:1006400001FB00207047FEE770B5044600680025F6
:1006500010B108F019FC25606560A56070BD00212F
:10066000FFF7E6BF10B50446231D002083E807000E
:1006700001FB02F00BF018FA2060002800D1FEE721
:1006800010BD70B5044600680D46A0B1D4E9010163
:10069000884203D12046091D00F00EF8D4E900017C
:1006A000E26801FB020029460BF074FA6068401C06
:1006B0006060012070BDFEE770B50D46C16804465C
:1006C0006943006810F088F930B1A5602060606867
:1006D000A84200D9656070BDFEE740687047000021
:1006E0002DE9F04781468A46002013F003FB0446BB
:1006F0004FF000080E4F16E0204613F0FBFA0546B7
:10070000A068B8420ED1E668316849450AD17168DF
:10071000514507D1204613F0A3FA304608F0B4FB48
:100720004FF001082C46002CE6D14046BDE8F0878A
:100730003507010870B5C568D5E9004613F090FA91
:10074000284608F0A1FB3046A446BDE8704060474B
:100750000022002801DA01224042002901DA494240
:10076000921C884207D9C1EB011101EB4101B1FB99
:10077000F0F3103205E0C0EB001000EB4000B0FBDE
:10078000F1F30020D9B216290BD92C2900D8012069
:10079000292900D8401C252900D8401C20290BD924
:1007A0000BE0022900D30120062900D3401C0A29AE
:1007B00000D3401C0F2900D3401C1844D10601D59A
:1007C000C0F15A0091074FEAC27105D509B1B430A2
:1007D00005E0C0F1B40002E009B1C0F5B47080B228
:1007E0007047C16000680EF017B900684FF0FF3223
:1007F0000168C26001F15002904202D18268CA626F
:1008000005E001F16002904201D182688A630068CC
:100810000EF002B910B50C4600206421C4E90C01A9
:10082000A063E062E06360642064A06494F87010E8
:1008300021F03F0184F8701084F84C0004F150015D
:10084000204600F0A2F804F16001204600F09DF877
:10085000082120460EF0D4FE102120460EF0D0FED6
:1008600020460022BDE81040114600F003B910B543
:100870000C46002104F15000FEF716FE04F1600062
:10088000BDE810400021FEF70FBE00002DE9F04149
:100890000D462F480CF025FC01284FD1284608F0C2
:1008A0005FF80446284608F05FF88046182C0AD006
:1008B000012C45D0082C43D01A2C3FD12846BDE846
:1008C000F041F7F7E5BD4FF400310BF080FF04462F
:1008D000284608F091F805460068A04200DD04466D
:1008E000002140462C600DF020FB074600214046C9
:1008F0000DF03CFB0646002140460DF05EFB044631
:10090000002140460DF0E4FAB74201DA394600E032
:100910003146844201DA224600E00246914205DA7D
:10092000B74201DA384604E0304602E0844200DA99
:100930002046002802DA2968081A2860BDE8F081FC
:1009400008F13C014046BDE8F0410EF080B80000DF
:10095000EC84040890F8700000F00700704790F8ED
:10096000701001F00701022901D0006B7047C16EC1
:10097000491C01D0806E7047806B7047C16D491C67
:1009800001D0806D7047C06A7047086000204860E1
:100990008860401EC860704790F8701001F0070131
:1009A00001290AD1016B002907DA426B002A04DD14
:1009B000806B884201D1012070470020704770B5DC
:1009C0000446914201DD012000E0002084F84C0043
:1009D000002801D0154600E00D4600D11146206BDD
:1009E000A84202D1606B88421ED0C4E90C5194F831
:1009F000700000F00700022800D0A563E06A88427A
:100A000004DD20460022E16200F034F8E06AA842EA
:100A100005DA294620460022E56200F02BF8204640
:100A2000BDE870400DF0F8BF70BD38B5134690F8C2
:100A3000702002F00702022A1BD1D0E90C428A4240
:100A400001DD0D4600E01546AC4201DD214602E025
:100A50008A4200DC1146C26A8A4200DA1146826B81
:100A60008A4206D0009300F1600300F1380200F0E2
:100A700023F838BDF8B5C56A13468D421AD0D0E9BF
:100A80000C428A4201DD0E4600E01646B44201DD0A
:100A9000214602E08A4200DC1146826B8A4200DD78
:100AA00011468D4206D0009300F1500300F12C0254
:100AB00000F002F8F8BD0000F0B597B007461C98AA
:100AC0001C4616460D4668B3E068401C40D0A0683E
:100AD000C4E90105002118461560FEF7E5FC6846EB
:100AE000FEF720FD21466846FEF7BEFD194968461F
:100AF000FEF7A4FD4FF4807200216846FEF7AEFDBC
:100B000015496846FEF78BFD3846002164220DF03A
:100B10006FFA01466846FEF789FD6846FEF7C6FD96
:100B200017B0F0BD00211846FEF7BEFC4FF0FF30B5
:100B3000E060384635600DF06FFF00212046FEF77B
:100B4000B3FC17B021463846BDE8F040FFF71DBFA3
:100B50003068BDE7E3070108EB07010870B58C6C4E
:100B60000D462CB1206C18B102F0D9FE0020206493
:100B70002846BDE87040FAF7FFBB00002DE9FF4FA3
:100B8000088C85B0C0F30725E81F1E460C4603906D
:100B900003280BD9102D09D0112D07D00F2D05D00A
:100BA000122D03D0132D01D0142D1ED1D4F848805E
:100BB0005FEA08001AD0D8F800000190284601F03A
:100BC0004FFE81460798FFF7C0FB8346207C012833
:100BD0000FD00020824670686FF06041C84231D16A
:100BE0000398032807D8102006E0002009B0BDE8CC
:100BF000F08F0C20EEE728460290002000900123A1
:100C00005A46D8F84000029903F029F8070013D19A
:100C1000D8F8400020B102F082FE0020C8F8400061
:100C200000200090012259465848029B02F036FEEF
:100C30000700DAD0C8F84070079907C986E80700AE
:100C4000F16006E0401C7060F068401CF060D8F86D
:100C5000407007997068D7F81080C9688842C4DC72
:100C60000399032946D80822B2FBF9F13268B2FB96
:100C7000F1F301FB132102910BFB09F10123C91DC3
:100C800003EBD1010391636B02FB09F20AEB8301D1
:100C9000238D9BB200FB031000EBD209207C0128BE
:100CA00010D0E068016901EB090600BFCDE90068DA
:100CB0005B46216B2846029AF6F78AFB207C0128C6
:100CC00014D050E003980AF0EFFE06000DD000208B
:100CD000009032464946039B0198FAF76AFB0028C8
:100CE000E4D0304608F0D0F87FE7FEE7304608F061
:100CF000CBF838E0102D39D0112D37D00F2D35D04D
:100D0000122D33D0132D31D0142DEDD139894FF060
:100D100000098DB2218D2B468AB200FB02A03168FA
:100D20004246090100EBD101CDF800900198FAF795
:100D300040FB0028D8D1616A0C200A0C218D8BB2AF
:100D400002FB03007268C1F34E0102FB010031682F
:100D500008EB050201445B46CDF800900198FAF7D4
:100D600028FB0028C0D10120E7623FE70BFB09F117
:100D7000CB08218D8AB200FB02A03168424601FBFC
:100D800009F100EBD10100200090E7E7585B00205B
:100D900038B50D46C968287C144620B1012807D013
:100DA000022825D016E00C2220460AF0F3FE24E0AB
:100DB000084608F0C3F815A110F034FF50B96B468F
:100DC0000C22214605F1140008F01FF910B9009813
:100DD0000C2801D0002038BD2078192802D060707E
:100DE000192020702068202141EA1040608004E032
:100DF0000120A080E0800E2060702068C1B2192917
:100E000002D0400C40006080012038BD62696E0055
:100E100010B508F031FD040011D0094908F01CFE9E
:100E20000849204608F01AFE0749204608F012FE3D
:100E30000649204608F00CFE05A0206110BDFEE723
:100E4000910D0108550E01087D0B01085D0B01088D
:100E500042494E002DE9F04782464FF00008087CD9
:100E600090B00C464546C146012801D088B34FE0FA
:100E7000E06808F063F85EA110F0D4FE98B920464F
:100E8000FAF70AFD06000ED00C20A6640AF00CFE4C
:100E9000070007D00222E16808F06CF838B1384644
:100EA00007F0F2FF9FE0002010B0BDE8F087376048
:100EB000216AC1F30720090C090729D4C11F03299E
:100EC00023D90B3803285ED821465046F6F79CF903
:100ED00004E007E021465046F6F720FA8046012854
:100EE00016D150E0E66830690028DDD03088C0F3C4
:100EF0000727206A000C00070AD4F81F03280CD823
:100F00000846FAF7C9FC0028CED0E0790028E1D0E5
:100F10002046FAF731FA4046C6E7A7F10B0003284E
:100F2000084604D8FAF7B8FC0028BDD0CCE7FAF799
:100F3000B3FC3168090CC90601D5354609E000F15A
:100F4000240530890004000C09D03146284602F0FF
:100F500033FDE56228890004000C11D012E018224C
:100F6000314608A8EFF7F0F9384601F079FC099905
:100F700089B24843C01DC008ADF8280008A9E5E7BC
:100F8000208D28810125E76A5FB33946204608F0A5
:100F90000BFD060027D0BE4208D02046FAF7ECF938
:100FA0002046FAF779FCC661E66201E0E062C5B965
:100FB000A079B0B908F0D8FB98B1207C8DF810006A
:100FC000E0680390E26A02A9D06802905046A36CE0
:100FD00008F018FC38B160642046FAF75DFCC0F8F0
:100FE0001C90012060E72046FAF7C6F95BE7000095
:100FF00062696E0010B50C46102120460EF000FB11
:101000002046BDE810404FF480610BF0F8B80000B6
:1010100010B5014603480BF05DFC04460BF0C0FC24
:10102000204610BD1085040870B50446806B154637
:1010300088420FD9606B30F81120AA4320F81120A4
:101040002046FCF7A3FE680504D52046BDE87040A5
:101050000EF02CBA70BD70B50E460546002405E0B2
:10106000324621462846FFF7DFFF641CA86BA042EA
:10107000F6D870BD084600214FF6FF728163C0E9C3
:101080000F1201634163C1624164014900F0ECBA8F
:101090003485040810B5014603480BF01BFC0446D8
:1010A0000BF07EFC204610BD5085040810B50C46A0
:1010B000086B07F0E9FE606B07F0E6FE0020206396
:1010C000606310BD2DE9F0478CB08A46FE480CF0F5
:1010D00008F8012834D1504607F042FC0646504635
:1010E00007F042FC00270446182E02D02F2E4AD0CB
:1010F0002DE0E06BA146002822D00025D9F82C80F5
:1011000010E000BFD9F8340030F81500400508D5CC
:10111000E06BC0B120460CF087F8E16BB0FBF1F159
:1011200012E06D1C58F82500002809D0E7A110F046
:1011300079FD002804D058F8250000780028E1D176
:101140000CB0BDE8F0870021504607F0D8FC2E2EE9
:101150001DD04FF6FF75012E1BD0022E58D0082E41
:1011600068D0062E7DD0032E7CD0102E7BD0112E81
:10117000E6D0122EE4D00E2E76D01A2EE0D15046B4
:10118000F8F7A0F8DCE7E16A00F06EFAD8E720464D
:10119000F9E7504607F0EAFB06462046216CFCF7CB
:1011A000F5FD08F04BFF08F097FF012801D0032858
:1011B0001AD109A9304608F063FF09A92046FAF7B9
:1011C00098F92564A842BBD0616B31F81010C1F3C7
:1011D0008012002AB4D1C1F300110029B0D1014618
:1011E00020642046FCF7D2FD216CA942A8D0606B98
:1011F00030F81100C0F34022002AA1D1C0F38022B0
:1012000064E000916A46202120460EF0B4FC97E786
:10121000206CA84294D0504607F0A8FB09A908F01A
:101220002FFF09A92046FAF764F9216C814287D083
:10123000204658E0216CA9423BD0626B32F8110085
:10124000C0F3C013CBB1C0F38013B3B9C30503D54A
:1012500094F84430DB0718D040F4807022F8110075
:1012600003E02BE03DE041E08AE094F84400C00751
:1012700003D02046216C13F082FA626B216C32F8A5
:101280001100C0F3402232B902E020F48070E5E79B
:10129000C0F380226AB1C0F3801252B9C0F30010CB
:1012A00038B9039103AA202120460EF064FC0128DE
:1012B000ADD12046216CFCF769FD41E7216CA942C4
:1012C000A5D0606B30F81100C0F34012002A9ED107
:1012D000C0F38012002A9AD1C0F30010002890D0E9
:1012E0002EE72046216CFCF751FD47E0A06B00285B
:1012F0008DD0504607F03AFB074608F0EDFE064653
:101300002FB9002008F0B0FE08F0E6FE06462046A1
:101310000BF0D9FF08F0C6F8216CA942CDD1022EFE
:1013200002D0042E2AD148B394F844100020A26BB6
:10133000C90701D113E0401C82421DD9616B31F80D
:101340001010C1F30013002BF5D1C1F38013002B53
:10135000F1D1C1F300210029EDD00DE0401C824203
:101360000AD9616B31F81010C1F30013002BF5D1CD
:10137000C1F380110029F1D12064E1E62564DFE6A4
:101380002046216CFCF702FD504607F018FB13289D
:1013900013D0142835D004264FF00809122852D053
:1013A000112886D1002120460CF0B0FD8046206C2B
:1013B000A84274D12764626BA2E0206CA84201D1DC
:1013C000276401E0401C2064A36B216C994200D388
:1013D0002764666B226C07E0491C2164994200D3A4
:1013E0002764206C904273D0216C36F81100C0F352
:1013F000001CBCF1000FEFD1C0F380100028EBD12E
:1014000057E7206CA84201D1276400E000B9A06B27
:10141000401E20640346626B09E019B1491E08466C
:10142000216402E0A06B401E2064984266D0216CCB
:1014300032F81100C0F30016002EEED1C0F3801078
:101440000028EAD135E7002120460CF05FFD8046F8
:10145000206CA84213D12764626B04E0491C21640C
:10146000A06B81424AD2216C32F81100C0F3001304
:10147000002BF3D1C0F380100028EFD119E7216BC6
:1014800001EB0010FEF761FF0346206C216B024662
:1014900001EB00152D6805EB630CA36B24E03BE02A
:1014A00006EB001506EB02174D59CF59BD421ADD68
:1014B00001EB00152D68654515DC09EB00154F594A
:1014C00007EB0805654504E0508504080A000000A4
:1014D00014E008DB656B35F81050C5F3801717B9B9
:1014E000C5F3001515B1401C8342D9D8834245D8B5
:1014F000DFE6491C2164A06B814201D32564D8E654
:10150000216C32F81100C0F30013002BF1D1C0F3AD
:1015100080100028EDD1CCE6216B01EB0010FEF726
:1015200014FF226C216B01EB02131B6803EB6003B9
:1015300010B21EE006EB001506EB02174D59CF590D
:10154000BD4214DA01EB00152F68A7EB08059D4298
:101550000DDC09EB00154D599D4208DB656B35F834
:101560001050C5F3801717B9C5F3001525B1401EFB
:1015700000B20028DEDA9CE60028B9DB206498E699
:101580002DE9F0410F46A1F57F41FF3915D0054601
:10159000806BB84211D30024264609E0E86A641C37
:1015A00009A150F82400761C10F03CFB00B9641C23
:1015B000BE42F3D1A86BB04202D10020BDE8F08159
:1015C000E86A50F82400F9E70A000000006C704750
:1015D000836B8B4204D9406B30F81100824301D0F9
:1015E000002070470120704770B50446806B0E469E
:1015F0001546B0421BD994F84400C00706D0E80550
:1016000004D54FF480712046FFF725FD606B30F85C
:101610001610294320F8161031462046FCF7B6FB79
:10162000680504D52046BDE870400DF03FBF70BD91
:1016300070B50E460546002405E032462146284690
:10164000FFF7D2FF641CA86BA042F6D870BD10B59E
:101650000446806B4200606B0AF09CFA2046E16A07
:10166000BDE81040AFF300802DE9F04F97B00D00BA
:1016700004467DD0F2F7B8FF002127222046E5621C
:101680000CF0B6FCC0B200271290394620460CF090
:101690004FFC0646394620460CF072FB8046394620
:1016A00020460CF05BFB400700D5464400208046F6
:1016B0000146274620460A960CF082FC0646414623
:1016C00038460CF05DFB8146414638460CF046FB3F
:1016D000800700D54E44002120460F960CF064FC94
:1016E0000390002120460CF011FC089020460BF0DE
:1016F000ACFD069020460BF097FDE16B0027C1F191
:1017000001020399A94601FB0200109038467BE0D4
:101710004FF0000B5D4607E0606B791930F811005F
:10172000F9F79DFF83446D1C59F8250040B13FA196
:1017300010F078FA20B159F8250000780028EBD194
:101740004DB31098E16B00FB08F0B0FBF1F20F987D
:101750001318039A08FB02300E90109808F101024A
:101760005043B0FBF1F0039B0F9908FB031100E01D
:1017700058E0401E0844149008990698C5F10102EB
:1017800001FB02000D90002801DA00200D904FF0BF
:10179000000A564630E009F1040032E0606B30F890
:1017A0001700F9F75CFF01460D9800FB0AF0B0FB4B
:1017B000FBF208988A4406FB00200D9A0AFB02F10E
:1017C000B1FBFBF1089A491E06FB0212129901298E
:1017D00004D101460698801A069A521A0A990144C1
:1017E0000A98131814980090206B0E9A00EB0710BB
:1017F000FEF70FFF761C7F1CAE42CFD309EB8500AE
:10180000001D814608F10100E16B804641453FF62D
:101810007FAF20460DF04AFE17B02046BDE8F04FDE
:101820000DF0FAB817B0BDE8F08F00000A00000014
:1018300070B50446806B0D46A84203D8A5F57F40DD
:10184000FF380AD12046216CFCF7A0FA2046294631
:101850002564BDE87040FCF799BA70BD2DE9F041F0
:1018600017460E46040017D0BEB104F11C00054611
:101870000AF0B0FCE06888B120683A463146C36897
:1018800020469847040001D000F056F828460AF098
:10189000A3FC2046BDE8F081FEE7FEE728460AF0FB
:1018A0009BFC0020F6E72DE9F04117460E460400A8
:1018B00016D0B6B104F11C0005460AF08BFCA068F6
:1018C00080B13A4631462046F4F722F9040001D0AF
:1018D00000F032F828460AF07FFC2046BDE8F0818F
:1018E000FEE7FEE728460AF077FC0020F6E72DE940
:1018F000F0470546DDE9089A00681E461746884607
:101900008047040012D004F10C010020A76081E898
:101910004106C4E9005869682046884738B104F197
:101920001C000AF055FC2046BDE8F087FEE7204683
:1019300007F0AAFA0020F7E700B5020006D000F091
:1019400027F810465DF804EB00F013B8FEE730B15D
:101950004168491E416001D5002141607047FEE7A2
:1019600010B528B100F005F8BDE8104007F08CBABA
:10197000FEE710B18168401A7047FEE708B10844DD
:101980007047FEE708B140687047FEE710307047C7
:1019900018B14168491C41607047FEE730B131B170
:1019A00001600021C0E9011201737047FEE7FEE704
:1019B00008B1007B7047FEE720B14168002902D0E2
:1019C000FFF7C5BFFEE770478068002800D0012000
:1019D00070472DE9F04116460D0004460DD004F184
:1019E0001C0007460AF0F6FB31462846FFF7E4FFE5
:1019F0002846FFF7C7FF08B10DE0FEE72846FFF7CE
:101A0000D7FF40B12846FFF7B4FFA269314690479F
:101A10002846FFF7A5FF3846BDE8F0410AF0DCBBD9
:101A2000002800D0016270472DE9F0410F460C46B6
:101A30004FF4FD612186012084F8320084F83300E0
:101A4000A18684F8360084F837000020A063E063A4
:101A500004F221104FF4527200210AF056F90021CD
:101A60000846324B782506E028B14207B2F1604FB4
:101A700008D0072808D253F8202000BF04EB8006C6
:101A800032640EE02AA2F9E701EB810204EB820244
:101A900004EB800682F8215102F22112491CC9B2DE
:101AA0003264401CC0B23828DED322A0C4F81C0126
:101AB0003846FFF7EFFA04F14001E062FFF7D4FD8A
:101AC00054F82C0F4FF40871FFF7B2FD00231F22CA
:101AD000194920680AF082FB64200EF02DFD0146B2
:101AE00020680EF05FFA4FF4042120680AF087FBAB
:101AF000012138460EF07EF8012120680EF086F8AC
:101B00000022022138460EF027FA94F90A20218992
:101B1000384600F015F894F9073094F90620A188AA
:101B20003846BDE8F04100F0ABB80000700100207D
:101B30000A000000000000004DAA00083430704781
:101B40002DE9F05F044688B2A08655B284F836507D
:101B5000012184F8371082464021E06AFFF77BFAC2
:101B6000002640223146E06AFFF73EFD761C072E34
:101B7000F7D3564629463046FAF7CAF8834601227B
:101B800029463046F9F764FE064607464FF001083D
:101B90000BEB060910E000BF07EB870104EB8100A7
:101BA000434636A2142100F221100FF0EFFD08F198
:101BB000010000F0FF087F1CB945EDD8691E5046B2
:101BC000FAF7A6F80025801B401CC7B213E000BF3F
:101BD00005EB850104EB81003B4628A2142100F2AD
:101BE00021100FF0D3FD4022E91DE06AFFF7FCFC55
:101BF0007F1CFFB26D1CB542EAD306EB0B05012733
:101C000013E000BF05EB850104EB81003B461BA2FE
:101C1000142100F221100FF0B9FD4022E91DE06A05
:101C2000FFF7E2FC7F1CFFB26D1C2A2DEAD3204691
:101C3000FAF765FCE06AFFF7C9FCA0F57F41FF39C0
:101C400003D0F11DE06AFFF7F3FD20460CF0E4FE3F
:101C500020460BF09BFA064600250BE0294620465D
:101C60000BF055FAE16A814203D0224620210DF0A3
:101C700082FF6D1CB542F1D3BDE8F09F25640000E2
:101C8000018680F8322080F83330FAF738BC10B57E
:101C90000C46142104F12C0009F024FE182104F153
:101CA000380009F01FFE002060646065A064A06534
:101CB0006420E064E065206520660320A0660520BE
:101CC000E0660A2020676FF00040606694F87400B8
:101CD00020F00700401C20F0080084F8740010BDBC
:101CE00070B50C4601F12C0617E000BF09F0DDFDD0
:101CF000050012D0287C400702D4686807F0C4F8B9
:101D0000287C800702D4286807F0BEF829463046B0
:101D100009F095FE284607F0B7F8206B00283046FA
:101D2000E4D109F0A2FD04F1380509E009F0BDFD98
:101D300006460146284609F082FE304607F0A4F820
:101D4000E06B00282846F1D1BDE8704009F08DBD58
:101D50002DE9FC410E4649480BF0C3F9012864D136
:101D6000304606F0FDFD0546304606F0FDFD044612
:101D7000012D11D0082D5AD01A2D56D1304606F01B
:101D80002AFE054601462046F6F76FF904F12C00BD
:101D900009F01DFE98B36AE008F050F9694608F0B2
:101DA0006FF9009960692546081A009028460BF0E3
:101DB00061FB0099471828460BF047FA06460021B8
:101DC00028460CF0B8F8381A4FF000071CD4B0427F
:101DD00002DD2F6F7F1E17E095F8741001F00701E8
:101DE000012902D002290BD00EE0296F491E414380
:101DF00006EBD67001EB6000B0FBF6F704E01DE0E7
:101E0000296F4143B1FBF6F7606EB8420DD03946F9
:101E10002046FCF714F82046616EFCF710F82046C7
:101E20000022202167660DF0A6FEBDE8FC81616EF0
:101E3000FCF705F86FF000406066F6E794F8740070
:101E400000F00700012804D0022807D003280AD098
:101E50000DE029462046F8F7B2FA08E02946204668
:101E6000F8F7B7F903E029462046F8F76FFC294652
:101E70002046BDE8FC41F6F713B80000E0850408F1
:101E80002DE9F04F8BB017460E4605001C4609D0D1
:101E90004EB1286FB84207D80020206058600BB0C0
:101EA000BDE8F08FFEE7FEE728460BF0CEF980464E
:101EB00028460BF0B9F9059095F8740000F007007A
:101EC000012804D0032809D0022817D05EE0296F2A
:101ED00008FB07F0491EB0FBF1F056E0CDF800809A
:101EE000317C3068C1F3C00205EB820150F8270055
:101EF000CA6D496D002309F00FFE46E005F12C0084
:101F00000490069009F0D5FC82464FF4A0212846A3
:101F10000BF0FFFF0890002128460BF0FAFF014666
:101F20000290286F4FF0000BC0F1010303FB018109
:101F3000B1FBF0F9A8EB09017943401EB1FBF0F0C9
:101F40002060069809F0CAFC06E0B14206D00BF109
:101F5000010B049809F0BFFC0100F6D10299CAF107
:101F6000010308EB0100296F7843B0FBF1F009FB96
:101F70000BF1B1FBFAF10144089800FB0392B2FBAC
:101F8000FAF000EBD07001EB6000206000212846E1
:101F90000BF0F9FE8046002128460BF0CCFF2168AB
:101FA00040440844206028460BF064FA2168081A6F
:101FB000206095F87400000701D4F06800E000206C
:101FC000C119286F059BB1FBF0F200FB121071687C
:101FD00051F82000317CC1F3001205EB82014A6CFC
:101FE000C96C801A5843891A90FBF1F0181A606086
:101FF000002128460BF0E7FF616840440844606018
:1020000028460BF0F9FA6168081A606047E700009B
:1020100010B50CA0C86201200C46086302212046BE
:102020000AF0EDF8082120460AF0E9F84FF4806143
:1020300020460AF0E4F82046BDE8104010210DF0DB
:10204000DFBA0000436865636B20626F78000000B0
:1020500010B591F830000C46C00704D1E06A06F0D4
:1020600013FF0020E06210BD2DE9F04FCFB0054610
:1020700006F07AFC0446284606F0ADFC43900021A9
:1020800020460CF0B4F83B9006F0F3FE05462046DF
:10209000002127220BF0ACFFC0B2012814D000278A
:1020A0002046002130220BF0A3FF064600212046E7
:1020B0000BF08CFF00EB06084FF0000120462FB11B
:1020C0000BF05AFF064604E00127E9E70BF036FF64
:1020D0000644002120460BF01FFF83464FF40031D9
:1020E00020460BF02BFF82464FF4003120460BF0C8
:1020F00043FF81464FF4003120460BF067FF4090CC
:102100004FF4003120460BF0E9FE02902046682291
:102110004FF400310BF06CFF0190204669224FF420
:1021200000310BF065FF00901EA803F015F91EAA00
:102130004FF4003120460CF0E6FA57B1E069801BFD
:10214000411BA1EB0A010590A1EB0900401C039083
:1021500008E060693044421903900AEB090010441A
:10216000401E0590A16901EB0800421904900299F4
:10217000409808441044401E0690039845900498E7
:102180004690059847900698DDE90021489045A8BB
:10219000FEF7E0F845AA1EA9439802F0C7FE002109
:1021A00020460CF048F80646002120460CF034F892
:1021B000034600206FF060410096CDE90110E16A0E
:1021C00049A83B9A10F000FE09A802F083F809AA7A
:1021D000002120460CF0DBF9E06A109003A8FEF71E
:1021E000A5F8401B00EBD07040103FB1039AA2EB62
:1021F0000B01499A3E91891A3C9106E0059A02EB3F
:102200000B01499A3C9111443E91A269404410440B
:102210004A993D9008443F903CAA09A9439802F08E
:1022200028F84FB0BDE8F08F2DE9F04F85B00F468C
:102230003B480AF056FF012861D1384606F090FB72
:102240000546384606F090FB04464FF40036312D23
:1022500009D0182D56D01A2D51D105B03846BDE8F9
:10226000F04FFFF701BF384606F0C6FB05460021D8
:1022700020460BF0BCFF814606F0FBFD074600211F
:1022800020460BF0D8FF8046002120460BF0C4FF0B
:1022900000216FF06042CDF80080CDE901210346B6
:1022A0004A4603A8E16A10F08FFD002120460BF09A
:1022B00033FE8346314620460BF040FE81463146D0
:1022C00020460BF059FE8246314620460BF07EFE3A
:1022D0008046314620460BF001FE014607EB080020
:1022E000084407EB0902039902EB0A035A1802EBB0
:1022F0000B0129600499884200DC0846686005B03B
:10230000BDE8F08F384606F077FB0546314620469B
:102310000AF05DFA2968814200DD08462860EEE790
:1023200004860408F0B5184D0446C1F341706E10E0
:1023300064274FF0805C012809D121F0C040A842F9
:1023400005DC604500DB301A584390FBF7F1C2F31F
:102350004170012809D122F0C040A84205DC604547
:1023600000DB301A584390FBF7F2944201DA204622
:1023700000E01046884201DA0846F0BD944201DAD6
:102380002046F0BD1046F0BDFEFFFF1FF0B5184D12
:102390000446C1F341706E1064274FF0805C012841
:1023A00009D121F0C040A84205DC604500DB301AAD
:1023B000584390FBF7F1C2F34170012809D122F094
:1023C000C040A84205DC604500DB301A584390FB52
:1023D000F7F2944201DA204600E01046884201DA22
:1023E0000846F0BD944201DA2046F0BD1046F0BD2B
:1023F000FEFFFF1F80B2C10AC1EBC11101EB8102D8
:10240000C0F3451140F2652300F01F0001FB0321DA
:1024100000EB4010C0EBC0000844C0F30720704739
:10242000FF2913D099B10288D30A4B431B0A63F3E7
:10243000CF22C2F345134B431B0A63F34A1202F047
:102440001F034B43190A61F3040202807047022202
:10245000002109F05ABC0004B0EB014F01D101206A
:1024600070470020704781784D225143427897236E
:10247000007802FB0311C0EBC00001EB8000C0F349
:1024800007207047884201D1012070470020704723
:10249000C0F307414D225143C0F30722972302FBAB
:1024A0000311C0B2C0EBC00001EB8000C0F30720F5
:1024B0007047000010B50346FF2A13D09AB18B4233
:1024C00010D041EA0140121D0849D40843EA0342F2
:1024D00008400A40121A624300EB5210084040EADA
:1024E000104080B210BD084610BD00001FF8E00784
:1024F00077B583B014469DF80D00BDF80C600D460D
:10250000FD2802D26978022902D82E8006B070BD5B
:102510000228FBD9FF2928D0E278914202D16278C3
:1025200090420ED0C0F1FF02C1F1FF014A43FF21EA
:10253000B1EB1221A17123D0C0EB0020B0FBF1F070
:10254000E0716088ADF804002888ADF80000DDE98E
:102550000001FFF780FFA0B12088ADF800000099CE
:102560000398FFF778FF60B11EE02888ADF80000FF
:102570000099039800F000FA0090BDF8000014E004
:10258000FEE7268028886080E0798DF80D00288895
:10259000ADF800000099039800F0EEF90090BDF846
:1025A0000000A080A0796071A0882880AEE770B597
:1025B00022B3FF2A24D08478C2F1FF03E4085443F5
:1025C000CD0A05FB03444FF4784505EAC405447879
:1025D000C1F34516A4085443007806FB0344C00821
:1025E0004FF4FC66504301F01F0106EAD40401FBDE
:1025F00003002C4404EB102080B270BD084670BD6F
:102600008178427801F0F801090202F0FC020078BA
:1026100001EBC20101EBD000EEE730B5002A1ED07D
:10262000FD2A05D302780A7042784A70807815E056
:1026300004780D78C2F1FF03544305FB0344240AD8
:102640000C7044784D78544305FB0344240A4C70C5
:10265000807850438A7802FB0300000A887030BDFE
:1026600070B50546000E1446FD2802D20A0E022A55
:1026700001D8284670BD0E46022801D8084670BD14
:10268000FF2A1FD0E1798A4202D1E17888420ED038
:10269000C0F1FF01C2F1FF025143FF22B2EB112151
:1026A000217314D0C0EB0020B0FBF1F060736168BF
:1026B0003046FFF7E7FE58B121682846FFF7E2FEF3
:1026C00030B111E02846BDE8704000F066B9FEE781
:1026D00025606660617B284661F31F60314600F02B
:1026E0005CF9A060207BE072A06870BD70B5FAB1A3
:1026F000FF2A1FD0C4085443CD0AC2F1FF0380084B
:102700005043C1F3451202FB030005FB03454FF4A0
:1027100078464FF4FC6201F01F0106EAC50502EAA3
:10272000D00001FB0341284400EB112080B270BDB2
:10273000084670BD00F0F801090200F0FC0201EB50
:10274000C20101EBD000F1E7002A16D0FD2A02D326
:102750000870487010E0C2F1FF0350430A7802FB92
:102760000302120A0A704A7802FB0302120A4A7034
:102770008A7802FB0300000A88707047002A18D08C
:10278000FF23CB70FD2A02D38870487010E0C2F19D
:10279000FF0350438A7802FB0302120A8A704A78C8
:1027A00002FB0302120A4A700A7802FB0300000AC5
:1027B00008707047002A09D0FD2A06D2C2F1FF0333
:1027C00050430A7802FB0300000A08707047002A91
:1027D00009D0FD2A06D2C2F1FF0350430A7802FB5A
:1027E0000300000A08707047002208B51146104621
:1027F00000F088F80090BDF800009DF8021040EA53
:10280000014008BDC0F30741C2B201EB410101EB39
:102810008201C0F307200844C0F3C700704738B5F1
:102820000C460546FFF7E0FF2246294600F075F802
:102830000090BDF800009DF8021040EA014038BD4C
:1028400010B50C4600F020F90346204600F01CF9B4
:10285000834201D1012010BD002010BD01607047EE
:10286000801F102817D2DFE800F00E080A0C0E08AF
:102870000A0C0E12141410121010012070470220BE
:1028800070470420704708207047102070471820B8
:102890007047202070470020704700B5FFF7E0FF29
:1028A000C01DC00800BDC01F0F280BD2DFE800F01C
:1028B00008080808080808080A080A0A080808009A
:1028C000012070470020704708B5020A8DF80120EA
:1028D000C0F307418DF80000BDF8000040EA014058
:1028E00008BDC0F307414D225143C0F3072297238F
:1028F00002FB0311C0B2C0EBC00001EB8000C0F3CB
:102900000720704708B503468DF801108DF80020A8
:10291000BDF8000040EA034008BD78B5C1F30744A4
:10292000C2F1FF03C0F307455C4305FB024404EB1F
:10293000C41505EBC434C1F30725C0F307265D4376
:1029400006FB0255C9B25943C0B205EBC51600FBE0
:10295000021006EBC535ED0D00EBC01101EBC030E8
:102960008DF80150C00D8DF80000BDF80000C4F3D3
:10297000C75440EA044078BD03B5C1B2C0F3072094
:1029800041439DF80420C0F1FF0002FB0010000A43
:102990008DF80400BDF804000CBD30B5030E0246EE
:1029A000FD2B03D3090E61F31F6030BD022B01D84C
:1029B000084630BDC2F307405843C1F30745C3F191
:1029C000FF0405FB0400050A084665F31740C2F33F
:1029D00007215943C0F3072505FB0411090A61F3D8
:1029E0000F20D1B25943C2B202FB0411090A61F3AC
:1029F000070030BD10B504460222002109F085F918
:102A0000A01C0222002109F080F9201D02220021D1
:102A100009F07BF9FF20A071E07110BD10B50446EC
:102A20000422002109F071F9201D0422002109F07F
:102A30006CF904F108000422002109F066F9FF2076
:102A40002073607310BDC178FF290CD061B182780A
:102A50004A43120A827042784A43120A427002784C
:102A60004A43110A017070470422002109F04DB950
:102A7000030C63F31742030A63F30F2260F30702A8
:102A8000104661F31F607047C0F30721C0F307428F
:102A9000090201EB0241C0B208447047010C01F089
:102AA000F8010902020A02F0FC0201EBC201C0B205
:102AB00001EBD00080B27047C1B2C0F3074201EB16
:102AC0000241C0F307204FF07F4202EB0020084490
:102AD0007047FF2208B511461046FFF713FF00901C
:102AE000BDF800009DF8021040EA014008BD2DE944
:102AF000FC5F05000C9C74D04FF48067BD4270D021
:102B000001EB4108581A00EB4001A1EB0809C8F598
:102B10008061A01AA1EB090B02EB420A00EB400115
:102B2000A1EB0A00CAF580610090081A2C46002625
:102B3000019043464A4659462046F4F716FD401B8D
:102B4000002801DD014600E04142012940DD0BFB88
:102B500004F101EB4101891201EB4901614308EBEA
:102B6000A122002A01DD114600E0514201290CDDBD
:102B7000C117890241EA90518002D317EDF7A3FBF8
:102B800018B1241A761C082ED3DB00262C0001D5A0
:102B900034461DE0BC4201DD3C4619E043464A464E
:102BA00059462046F4F7E1FC411B002900DC291AB4
:102BB00001290DDD854201DD264600E02746B81BD0
:102BC00000EBD07006EB6004B44201D0BE42E5DBFE
:102BD000DDE9002102B053462046BDE8F05FF4F77E
:102BE000C4BCBDE8FC9F18B100F5387005F09ABE72
:102BF000FEE700002DE9F843DFF8788107460E462E
:102C000008F1040008F076FE04007CD04FF4447113
:102C100009F0ABF84FF0FF302760C4E901600025F0
:102C2000C4E903056561A06B40F48030A0636320B4
:102C3000A061122084F83B004C2008F059FFC4F832
:102C4000A802011E76D0D4F8AC220AB120469047E3
:102C5000D4F8A8027F1E761E4560D4F8A8028560CD
:102C6000D4F8A802C760D4F8A8020661D4F8A81264
:102C700094F83B0008750120C4F8600210F072FF60
:102C8000C4F8FC02102104F5197008F02BFED8F8E6
:102C90001460454622460A213748C8F8144010F00F
:102CA000B7FFC4F8F80278B310F030FF68B310F043
:102CB000A5FE00BFC4F8F402002009F0FBFEC4F832
:102CC000C402002004F52E7409F0F4FEA060002078
:102CD00009F0F0FE6060002009F0ECFE2060E06882
:102CE0000CF08EFD60680CF08BFD20680CF088FD08
:102CF000022160680CF084FC022120680CF080FC4A
:102D00000021E06802E014E015E015E00DF071F834
:102D1000002160680DF06DF8002120680DF069F861
:102D2000A068A4F52E740BF077FE6E61A6B114E0D6
:102D300000E0FEE7FEE7FEE700200DF0E7FB0746B8
:102D400005200DF0E3FB01460C48009000233A46B5
:102D5000204610F05FFEADE76C6100233522084984
:102D60002046FFF740FFD4F8F80211F05EF8204645
:102D7000BDE8F883605A0020E92E01080C1C040805
:102D8000BF74000818B907484069002809D0D0F876
:102D9000602209B1012101E04FF0FF311144C0F878
:102DA00060127047605A00200021016370470000E4
:102DB00018B903484069002801D090F83B007047DB
:102DC000605A00200148406970470000605A0020A6
:102DD00010B90348406908B18069704763207047A3
:102DE000605A002018B908484069002808D090F8B7
:102DF000F01201F00701012903D0032901D0006876
:102E00007047406870470000605A002018B90348B6
:102E10004069002801D0D0F8C4027047605A0020F1
:102E200018B903484069002801D0D0F8B8027047AB
:102E3000605A002018B903484069002801D0D0F832
:102E4000BC027047605A00200100034801D008F01E
:102E50003EBD08F02ABD0000645A002018B903489E
:102E60004069002801D0D0F8C0027047605A0020A5
:102E700018B903484069002801D0D0F8C80270474B
:102E8000605A002008B902484069D0F8F40270473F
:102E9000605A002018B908484069002808D090F806
:102EA000F01201F00701012903D0032901D0406885
:102EB0007047006870470000605A0020006A0028D0
:102EC00000D001207047000018B90648406900286A
:102ED00004D0D0F86002002801DD012070470020F6
:102EE00070470000605A00202DE9F041434C28B1A2
:102EF000C168216110F092FF206902E0FFF762FFD4
:102F00002061002878D0416A002975D00A69002A1A
:102F100072D0C96800296FD00022362100F070F805
:102F20002069D0F8C0020DF093FA2069D0F8C802E9
:102F300008B10DF08DFA2069D0F8C4020DF088FABE
:102F40002069D0F8BC020DF083FA2069D0F8B802ED
:102F50000DF07EFA20690026D0F8C012B9B10DF04C
:102F6000BDFD13F047FA12F08BFF2069D0F85C1218
:102F700079B10022392100F043F82069FFF79EFF64
:102F800048B3206990F8390001280BD023E0C0F83D
:102F90005C6204F083FB2069BDE8F0410022372128
:102FA00000F02EB800254FF03C080FE005F50F713A
:102FB000415C51B900F5197008F0EBFC226908EB8F
:102FC000051111448EC980E88E006D1C2069D0F86F
:102FD0005C12A942EAD820694FF4007200213C300B
:102FE00008F093FE20692022002100F50F7008F000
:102FF0008CFE2069CBE7FFE7BDE8F081605A002036
:1030000070B588B00E46044615461C21684608F087
:10301000ACFE009404F538700194ADF8086001220C
:1030200069460495044605F037FD012804D10022C5
:103030006946204605F030FD08B070BD2DE9FF5F00
:103040001F46DDF838B016465FEA0108814616D003
:103050004846FFF7ADFE03904846FFF7C3FE8246A1
:103060004846FFF717FF0546BAF1000F08D03DB1FB
:103070004046039900F026FB404502D0FEE7FEE7FC
:10308000FEE736B13046039900F01CFBB04200D099
:10309000FEE75046039900F007FE0446BBF1000F1F
:1030A00004D004FB05F0B84203D9FEE7B7FBF4F502
:1030B000B5B1CDE9004809F51C7002972A46514682
:1030C0008046039B00F0D6FC8DE8D00009F5237004
:1030D0002A4651460446039B00F0CCFC16B900E09A
:1030E000FEE7002422464146484600F007F804B0B7
:1030F00059464846BDE8F05F00F016B818B90448D4
:103100004069002802D0C0E9071241627047000000
:10311000605A002018B903484069002800D0816235
:1031200070470000605A002018B903484069002821
:1031300001D080F839107047605A002000B50100B6
:103140004FF000000ED0FFF743FE48435030B0F57B
:10315000A07F08DB0020FFF73BFE4843A021503052
:1031600090FBF1F000BD012000BD70B504460D4696
:10317000542008F0BDFC95E84E0008304EC02ECD1E
:1031800080E82E0004F1180120302EC92EC0012144
:1031900040F84819A16B11B9A06370BD11460A68C7
:1031A000002AFBD1086070BD7FB5064691F83C004F
:1031B0000C4602282AD9206A002827D0D4E9090120
:1031C000884223D0A08EE16A091A0091216B081A67
:1031D0000190A18EE06A0844401E0290A18E206BEF
:1031E0000844401E039069463046FFF7BEFF05467F
:1031F000402008F059FC40222146E86408F0CAFC4F
:10320000082028712946304600F048FE7FBD38B5B9
:1032100004464022002108F078FD01202062FF20B2
:1032200084F83C00FFF7E0FA0090BDF80000A083AE
:103230009DF80200A0774020606138BD2DE9FF5F56
:103240008246DDE910E48B46DDE90E800AEB020CD4
:1032500003F5B475CDF804C01E460BEB020C914685
:10326000AAEB0203ABEB0207CDF808C0A84505D1D5
:10327000C4E900370198A060029815E14FF4B475D5
:10328000AE4201DDA6F5B476A84501DDA8F5B47817
:10329000A9EB000100915FEA0E0104D000EBD070B1
:1032A00045106D1C00E000255A2196FBF1F098FBBB
:1032B000F1F1C0B2C9B2042800D10320042900D121
:1032C0000321884279D1464577DC38B301284AD0BA
:1032D000022874D003286ED106F15A0000B210F013
:1032E000D3FE009948430AEBE030401B206030B227
:1032F00010F0CAFE00FB09F00BEBE030401B6060F1
:1033000008F15A0000B210F0BFFE00FB09F00AEB12
:10331000E0302844A0600FFA88F021E130B210F0CC
:10332000B3FE00995A3648430BEBE030401B606017
:1033300030B210F0A9FE00FB09F00AEBE03028449F
:10334000A0600FFA88F010F09FFE00FB09F00BEB75
:10335000E0302844E06008F15A0000B210F094FE1A
:103360000099484323E030B210F08EFE00FB09F0D4
:103370000BEBE03028445A36E06030B210F084FEA7
:10338000009948430AEBE0302844A0600FFA88F027
:1033900010F07AFE009948430BEBE030401B606070
:1033A00008F15A0000B210F06FFE00FB09F00AEBC2
:1033B000E030401B2060BDE8FF9F2AE0FFE706F1F8
:1033C0005A0000B210F060FE00FB09F00AEBE0309A
:1033D000401B206030B210F057FE009948430BEBC1
:1033E000E0302844E0600FFA88F010F04DFE00FB5A
:1033F00009F00BEBE030401B606008F15A0000B2AE
:1034000010F042FE009948430AEBE0302844A060E7
:10341000D1E7C8B1012849D0022872D003287FF42F
:1034200027AF0029FBD108F15A0000B2039010F039
:103430002BFE074606F15A0000B2029010F024FE5F
:1034400087427CDA039893E00129E8D108F15A0019
:1034500000B210F019FE00FB09F00AEBE030401B4F
:1034600020600FFA88F0019010F00EFE074630B28F
:10347000804610F009FE874201DA019800E04046DC
:1034800010F002FE00995A3648430BEBE030401B27
:10349000606030B210F0F8FD00FB09F00AEBE0309C
:1034A0002844A06002982844E06084E70229B6D14D
:1034B000581B20600FFA88F010F0E6FD00FB09F0C1
:1034C0000BEBE030401B606006F15A0000B2019047
:1034D00010F0DAFD074608F15A0000B2804610F0FD
:1034E000D3FD874201DD019800E0404610F0CCFD9D
:1034F000009948430AEBE0302844A06030B24DE028
:10350000FFE703298BD106F15A0000B210F0BCFD91
:1035100000FB09F00AEBE030401B2060781B606084
:1035200008F15A0000B210F0AFFD00FB09F00AEB01
:10353000E0302844A0600FFA88F0804600E016E0F2
:1035400010F0A2FD009900FB01F730B2064610F022
:103550009BFD00994843874201DD404600E030462C
:1035600010F092FD009948430BEBE0309BE7029886
:1035700010F08AFD009948430AEBE030401B2060C0
:1035800030B210F081FD00FB09F00BEBE030401B86
:10359000606001982844A0600FFA88F010F074FD74
:1035A00000FB09F0E0E710B504462C2108F0E5FB2C
:1035B000FF2084F828000F2084F829002C20606167
:1035C00010BD2DE9F0470D4604000AD0206948B12E
:1035D000606887B2060C2068010C890626D515B1F3
:1035E00007E0FEE7FEE7C0F30721384600F05CFB8A
:1035F0000546208980B2A84202D10120BDE8F087AB
:103600002088C0F30720FFF72BF97843C01D4FEA4D
:10361000D00A55450AD320882B46C0F307223146ED
:103620003846EFF7B5FAE168814201D20020E5E7BC
:103630002088C0F30720072817D0082817D00928AA
:1036400017D00A2817D00020218980008AB2AA4208
:1036500023D2711E2369002702FB013205FB0131D1
:1036600002EB00090844804614E00220ECE7042045
:10367000EAE71020E8E74FF48070E5E75246494654
:1036800008F022FB20897F1C81B2A8EB0500A9EB82
:1036900001098046B742F1D312E0216900270844AE
:1036A0008146C8460AE05246494608F00DFB20898B
:1036B0007F1C81B208EB050089448046B742F2D3F3
:1036C00025819AE70A460146014800F003B8000048
:1036D000285B002030B483680C461BB1204630BC08
:1036E0001146184730BC00207047F0B589B004007F
:1036F00035D0208986B289B3002004900590A08837
:103700004FF0FF3280B2401E0690606802EB10401E
:10371000079004AA6846FCF72AFE00282AD06846CB
:10372000FCF713FE002825DD6846FCF7FFFD0028A6
:1037300020DDDDE90012204600F056F9054620881C
:10374000C0F30720FFF78CF804466846FCF7FDFD40
:1037500000FB04F1C91DCF10019C13E000E0FEE75F
:1037600000221146204600F03FF96168090C7143C0
:1037700008F0FFFA09B0F0BD3946284608F0F9FA1A
:103780003544641C0398A042F6DAF3E72DE9F05FB4
:10379000044600880D46C0F3072110881F46C0F379
:1037A00007209146814200D0FEE72DB12846FCF764
:1037B000CCFD064617B117E0A08886B22088C0F37A
:1037C0000720C11F03290ED8072813D0082813D0BB
:1037D000092813D00A2813D000208200D9F810102D
:1037E000206908F0D7F977B13846FCF7AEFDB04252
:1037F0001ED0FEE70220F0E70420EEE71020ECE701
:103800004FF48070E9E7B9F8040080B2B042F0D11B
:1038100000221146484600F0E7F880465DB1D5E940
:103820000012204600F0E0F86F688246ED680DE077
:10383000D7E90012EEE700221146204600F0D4F846
:10384000824600276068791E01EB104520891FFA27
:1038500080FBB9F808001FFA80F92088C0F3072020
:10386000FEF7FEFF7043C01DC41007E0224641462C
:10387000504608F08FF9DA44C8447F1CAF42F5DDAA
:10388000BDE8F09F08B5009313460A46014602487A
:1038900000F004F808BD0000285B00202DE9F05F6F
:1038A00081461D4693468A461C20DDF8288008F094
:1038B0001FF9040003D0B8F1000001D005E0FEE7D5
:1038C0002946504600F0F0F9804603462A465946FC
:1038D0005046EFF75DF9D9F8002007462946CAB1EE
:1038E0009047060016D0A4F804A0A4F806B06570AE
:1038F00030206080A4F808801920207029463046C6
:10390000FFF7E0FE04F11001E76081E84102204684
:10391000BDE8F09F204605F0B7FA0020F8E710B5A3
:1039200004000FD02068000CC0060DD5A06950B16E
:10393000616942680AB1084690472046BDE81040D8
:1039400005F0A2BAFEE7FEE710BD38B50C460989BE
:1039500089B200912188C1F3072361680A0C89B2FA
:10396000FFF79CFF051E11D020683021000C6880F5
:10397000286841EA10406880E068EA68904200D216
:1039800002462169286908F005F9284638BD7FB547
:10399000050006D0AC692CB1206900280BD011B10C
:1039A00006E0FEE7FEE769462846F4F7E1F96946D6
:1039B0002269284690477FBD3EB50C460546D4E9AE
:1039C0000301228992B20092CDE901102088C0F350
:1039D00007236068020C81B2284600F04BF820688B
:1039E000000C68803EBD000070B50C4603001AD084
:1039F00018881969C0F30720072815D0082815D0A2
:103A0000092815D00A2815D05FF000051B8901EBA5
:103A100085019BB203FB02157CB1FEF721FF6043D9
:103A200005EBD00070BDFEE70225EFE70425EDE7CA
:103A30001025EBE74FF48075E8E7284670BD2DE9C7
:103A4000F0470F4608A91D4691E8000716460446B0
:103A5000182108F08EF904F1080181E82007C4E973
:103A60000076BDE8F087006811EA104000D0012020
:103A7000704700002DE9F047894608A99A4691E869
:103A800060011746040004D01C2108F072F90DB142
:103A900005E0FEE75146484600F006F9054605FBFD
:103AA00007F0404502D90020BDE8F087A4F8049053
:103AB000E78084F801A02581002060801920207013
:103AC000C4E9038604485146C4E905603046FFF75F
:103AD000F9FD0120E8E70000285B002010B506484A
:103AE00000F00CF80448183000F008F80248BDE86F
:103AF0001040303000F002B8285B00200EB5054AB7
:103B000000210091CDE90112034B044A0449FFF75B
:103B100096FF0EBDF9FC0208FB5A0008075B00087F
:103B20000B5B00082DE9FC5F040004D02168080C41
:103B3000C20703D100E0FEE7800602D40020BDE802
:103B4000FC9FC1F30720C11F03291DD8072809D0F6
:103B5000082809D0092809D00A2809D000260025FC
:103B600027690EE00226FAE70426F8E71026F6E7B2
:103B70004FF48076F3E700BF07EB8500FEF763FFA5
:103B80006D1CB542F8DB63E0102804D014281DD06A
:103B9000132842D05CE0606800274FEA104A1FFA01
:103BA00080F82089D4F810901FFA80FB0BE04D4676
:103BB000002604E02846FEF746FF2D1D761C4645EC
:103BC000F8D3D9447F1C5745F1D341E060684FEAF0
:103BD00010491FFA80FA208980B2009040080190B5
:103BE0002569009800FB095B002012E02F460026A3
:103BF00007E000BF1BF806103846FEF711FC761CE4
:103C0000BF1C5645F6D3009805440198834408F13B
:103C1000010080464845E9D31AE0606800274FEA72
:103C2000104A1FFA80F82089D4F810901FFA80FB00
:103C30000CE04D46002605E0A9782846FEF7F0FB8B
:103C4000ED1C761C4645F7D3D9447F1C5745F0D36D
:103C50002068012141EA1040608008466FE72DE9A5
:103C6000F0419846069D17460E46040012D016B93C
:103C70002088C0F3072625B93146104600F014F815
:103C800005462B46324641463846EEF781FFE1684D
:103C9000814202D20020BDE8F0816670A780A4F8BE
:103CA000068025812046F6E70A460146014800F0D5
:103CB00003B80000285B002030B443690C461BB1F8
:103CC000204630BC1146184730BC00207047000029
:103CD00010B507F00DFF0649D1F824210260C1F8A4
:103CE0002401D1F82821521CC1F8282110BD000060
:103CF000605A00202DE9F04100263046FFF7A4F875
:103D000005460127DFF8308012E0D5F8A84206E02A
:103D10002146284600F012F800B10126246C002C40
:103D2000F6D10EB9C8F830712846FFF78DF8054670
:103D3000002DEAD1BDE8F081605A00202DE9F05F46
:103D400000270E468346DFF81091BA468C6B06E0DA
:103D50002068A16C804603290ED027464446002CDB
:103D6000F6D1F06B002520B196F8441009B1B16B83
:103D7000F1B3D9F8244169E00FB1386001E0C6F829
:103D80003880207906282ED1E06CC569286890B16A
:103D9000281DFCF7CBFA2968098989B24843F7F74F
:103DA000FAFED9F82C21111AC9F82C112868FFF74E
:103DB000B6FDC5F800A0BBF1000F14D0DBF8A802D7
:103DC00006E0016CA94202D1296C016402E00846B8
:103DD0000028F6D1DBF8B02258460AB129469047B0
:103DE000284605F051F8204604F04CFA050000E0A2
:103DF00010E008D095F84C00400604D5E86905F0BD
:103E000043F8C5F81CA0E06C05F03EF8204605F02C
:103E10003BF8A3E7806B0EE0017906290AD1816C9B
:103E200041B9C16CC969B14204D101218164C9F8A9
:103E300030110DE000680028EED109E0E26831465B
:103E400020469047401C00D001252468002CF5D165
:103E50002846BDE8F09F0000605A0020024901207A
:103E6000C1F8300170470000605A00200448D0F8C3
:103E700030110029FDD00021C0F83011704700003A
:103E8000605A002010B50446302107F076FFFF206D
:103E900084F820003020606110BD00002DE9F04161
:103EA000CE6C1D4D0C46306195F838014FF064081A
:103EB000002705F5927520B184F8518084F8507080
:103EC00024E0306860B14FF400210AF0AFFA38B155
:103ED0000120287522461F2130680BF04CFE2F75FB
:103EE00084F8518084F8507004E02A6912B12146A8
:103EF000284690472D68002DF7D1BDE8F041FFF727
:103F0000F9BE2A6912B12146284690472D68002D36
:103F1000F7D1BDE8F0810000605A00202DE9FF4193
:103F200005462F480C461646D0F82811A86B0129E3
:103F300015D8032209E0816C01290BD190F85010AB
:103F400041B1B14206D0826400680028F3D104B0C8
:103F5000BDE8F081816C0129F9D00020F7E7D8B1E4
:103F60000CF078FDFEF73EFF07460CF073FDFEF700
:103F700091FF0146A86B826C012A0DD08268002A4D
:103F80000ADC02697F1EBA4206DBC268002A03DC33
:103F90004069491E8842E0DA0CB1246800E0AC6B4D
:103FA000002CDAD0A06C0128F7D194F8500008B1A9
:103FB000B042F2D104F11808AF6B0BE0B86C0328E3
:103FC00007D0424607F118016846FCF7D0F90028EF
:103FD000E3D13F680FB1A742F0D12046B7E7000018
:103FE000605A00201C22002107F08FBE2DE9FE43FD
:103FF0008046C86917460C46002849D094F84C0002
:10400000022845D9206B002842DD606B00283FDD87
:104010006C2007F049FD06466C22214607F0BAFDE8
:1040200006F12001F06905F043FC012804D0304678
:10403000BDE8FE4304F028BF39464046FFF795F837
:104040000546C664052028713846FCF76FF9064618
:104050003846FCF77AF9238EA28E01469BB204F112
:10406000400092B20093CDE9012005F11800E36A07
:104070003246044605F0ADFAD7E900122046FCF7B7
:10408000BBFA03B029464046BDE8F043FFF706BF40
:10409000BDE8FE8338B504466C22002107F035FEEA
:1040A000FEF7A2FB0090BDF80000A4F848009DF8C0
:1040B000020084F84A00FF2084F84C00401C44F8B9
:1040C000300F6060A08B40F48050A0830248E06213
:1040D0006C2044F81C0C38BD010000E02DE9F041D3
:1040E0009EB01E000D468046144653D020680390B3
:1040F00060680490A0680590E0680690E86A38B9A6
:10410000296B4FF48070814202D1696B814225D0C6
:104110001046FCF71AF907462046FCF707F92B8EE4
:10412000A98E02469BB205F1400089B20093CDE909
:104130000110394603A8EB6A05F04BFA0398216891
:104140000844039004986168084404900598216825
:1041500008440590069861680844069003A91AA8C7
:10416000D8F80820FCF703F9002813D0002207A88C
:10417000E96905F0C7FB01280CD11AA8CDE9004078
:10418000002307AA294602964046F9F76DF907A8C9
:1041900005F058FB1EB0BDE8F08100002DE9FF4F8F
:1041A000A3B05FEA030916460C465CD0002207A8BC
:1041B000E16905F0A7FB012855D1606A85B2070CBB
:1041C00004F15400FCF7C1F8002803DB04F15400AB
:1041D0000FC801E096E80F000DF10C0888E80F0009
:1041E000294603A8FCF71FFA394603A8FCF716FA7C
:1041F0001E480DF1680ADDF80C800FC88AE80F0030
:104200002AE0324603A91EA8FCF7B1F848B1CDF860
:1042100000A0CDE901B91AAB07AA21462398F9F706
:1042200023F903982844039005982844059003E057
:104230000DF10C0A0DF1780B0398B1688842E0DDAE
:104240000498CDF80C8038440490069838440690C1
:1042500008EB0500401E05900498F1688842E7DDF0
:1042600007A805F0EFFA27B0BDE8F08FCCB9030836
:1042700070472DE9F041064691F848000C460228A7
:1042800026D9E069002823D00078002820D0206AB1
:1042900000281DD011463046FEF767FF0546542022
:1042A00007F002FC54222146E86407F073FC042066
:1042B000287194F84C00400604D5EF6CE0690DF0CD
:1042C000C7FCF86129463046BDE8F041FFF7E6BD7E
:1042D000BDE8F08138B504465422002107F015FDF1
:1042E000FF2084F848001434FEF77EFA0090BDF8F1
:1042F000000020839DF80200A0761048E0604FF691
:10430000FF7020616061FEF76FFA0090BDF8000059
:10431000A4F81B009DF80200607705200CF0F6F869
:104320000090BDF80000E0839DF8020084F82000B2
:10433000002084F835005420206038BD0C1C04088F
:104340002DE9FF4FB5B0086A039035980C463799B0
:1043500082682CA8FCF70BF800287DD094F84A70EE
:10436000E16907B9012794F84B00C20725D0A36B78
:104370006FF060420093CDE901200BA8E36B226A45
:104380000EF022FD0B980690039804F072FD804613
:10439000A16B379801EB080BD0E9001204A80CF0D0
:1043A000BAF9206C2A90606C0599002501440591AA
:1043B000216D6E1E09B320B11FE03798FBF7C5FFD2
:1043C000E1E737984268002A17DA8B68981A0028C4
:1043D00000DCD01ACBF100024FF4806303EB420201
:1043E000904200DD0E60216D086831B1002804DBC9
:1043F0000546059849680844059094F84B1000203C
:10440000CDE90001E069E26B2844069B03990EF0B8
:10441000D3FB46192CE000BF94F84B100020CDE9E7
:104420000001E069E26B3044069B03990EF0C4FB87
:1044300035460599461901EB0B000590206D98B1A2
:10444000059911F5806F0FDB016800290CDA056012
:1044500037980599406800E088E0081A216D4860A7
:104460003798216D40688860E069405D00287DD004
:10447000359805998068414440688142CCDB30978B
:10448000022F02D0032F12D020E0E069711B2844D4
:10449000E36B039A0EF0F4FC07463798FBF755FFE1
:1044A000C01B049900EBD07001EB60000DE0E069E7
:1044B000711B2844E36B039A0EF0E2FC0746379821
:1044C000FBF743FFC11B049808440490D4E909702A
:1044D0008146874202D938464F46814613A8FFF7E6
:1044E00081FD94F848008DF863001AA8169034F8FE
:1044F0002C0FADF86000A0788DF862001EA8FFF7C1
:10450000C1FC207F8DF8980003982C3C90F9160090
:1045100000B901202B9016E104992A98A6EB050A10
:10452000084404900E9000200A90E06928441190FD
:10453000C2E000210C91A7F57F41FF3909D0A9F510
:104540007F42FF3A05D0864A2918E06912689047F1
:104550000C900AAB0FAA10A911980EF015FBDDE91B
:104560000F21039804F053FC804600E0F5E0049826
:104570001A9005981B90A8F1010004990190084435
:104580001C900599ABF1010008441D900A988245E2
:1045900056D894F84C00C00723D00E983190049957
:1045A000019831AB08443390039805991EAAC0685E
:1045B000014403980069091A039890F91500091A33
:1045C0002B983291401E08443490A08DADF899008C
:1045D00094F82E008DF89B00DDF8E0C0002135989E
:1045E000E04794F84C0080072AD50E983190049942
:1045F000019831AB0844339003990398D1E9032122
:10460000511A4900032291FBF2F190F916001EAAFB
:1046100000EBD07001EB6000059908440146329030
:104620002B98401E08443490A08DADF8990094F862
:104630002E008DF89B00DDF8E0C000213598E047A2
:104640004FF6FF7087421DD081451BD00C98B842B1
:1046500018D3484516D2B4F82F00ADF8600094F88E
:1046600031008DF86200608EADF8990094F8340046
:104670008DF89B00DDF8E0C01AAB1EAA002135982A
:10468000E04706E0A08DADF8600094F82E008DF8AC
:10469000620038991098CDE9000104AA13A9039B80
:1046A0003598F4F73BFAB8F1000F05DD0498E16B9B
:1046B000014401EB080004900A9882453FF639AFA7
:1046C00094F84B100020CDE90001E069E26B304422
:1046D000069B03990EF070FA354646193798006824
:1046E00004903098022802D0032813D022E0E06919
:1046F000711B2844E36B039A0EF0C2FB8046379887
:10470000FBF723FEA0EB0800049900EBD07001EB4F
:1047100060000EE0E069711B2844E36B039A0EF021
:10472000AFFB80463798FBF710FE0499A0EB08001A
:1047300008440490059901EB0B00359905908968B0
:10474000C968884204DCE069405D00287FF4E4AE7B
:104750001998002801D0FFF7E2F839B0BDE8F08FD2
:10476000B48404082DE9FE438046086B0C461646C7
:1047700000283BDD606B002838DD11464046FEF71F
:10478000F4FC05466C2007F08FF96C222146E864A2
:1047900007F000FA062028710020A8643046FBF7D5
:1047A000C5FD07463046FBF7D0FD238EA28E01469D
:1047B0009BB204F1400092B20093CDE901203A4649
:1047C00005F118000746E36A04F003FFD6E900127A
:1047D0003846FBF711FFE069012180F8441003B06F
:1047E00029464046BDE8F043FFF758BBBDE8FE83CD
:1047F0002DE9F0410446006810B10069BDE8F08180
:10480000201DFBF7A2FD0746201DFBF78FFD054687
:10481000217D3846FFF748FA00FB05F6227D00238C
:1048200029463846FFF72EF820600028E6D03046AB
:10483000F7F7B1F901460848D0F82C211144C0F827
:104840002C11207DFEF72FF818B100212068FEF70B
:104850004CFF2068D1E70000605A00202DE9F041AC
:1048600014460E4607460CF0F5F805464C2007F0B6
:104870003FF9B0B1C76394E88E0000F1180888E8EA
:104880008E0094E88E0000F1040888E88E001ECCAB
:1048900000F1280888E81E000675D5F8A81211B99D
:1048A00007E0FEE711460A6C002AFBD10864BDE868
:1048B000F081C5F8A802FAE70068FFF795B87FB560
:1048C0000B6B0C460546002B34D094F83C000228B4
:1048D00030D9E169606A814201DA0A4600E00246A5
:1048E000A2EB0302009200DD084618440290216A00
:1048F000A06A814200DA0846216B401A0190216AC1
:10490000A06A814200DD0846216B08440390694695
:104910002846FEF72AFC0646402007F0C5F840224C
:104920002146F06407F036F90720307131462846F9
:10493000FFF7B4FA7FBD38B504464022002107F0E6
:10494000E4F901202063FF2084F83C00FDF74CFFD0
:104950000090BDF80000A0859DF8020084F82E00AC
:104960004020606138BD2DE9FF4F81B08B460E9D20
:1049700016461C46E9682869571AAA6805F11809FD
:10498000ABEB020305F1500AB4285CDA6A69B42A79
:104990007DDA00287BD0002A79D0904277DDB142C1
:1049A00059DC696F79434FEAA12CE96B7F1C79438D
:1049B0008912A0F20F15582D01D8002909DB451ED8
:1049C000592D01D8002904DB5B38B32802D2002915
:1049D00000DD0021A2F20F10582801D8002909DBC0
:1049E000501E592801D8002904DB5B3AB32A02D2B1
:1049F000002900DD0021ACEB010001EB6000012586
:104A0000C71AA74200DD2746002F0DDD3B46324680
:104A10005946CDF80090019800F0CDF8050003D17B
:104A20003946019807F0B5F9A74200DD2746002F67
:104A300000DA0027CDF800A05CE0B54274D128462A
:104A400005B0BDE8F08F66DD6A69B42A63DD904287
:104A500061DDB14201DA0120F2E7696F79434FEA83
:104A6000A12CE96B7F1C79438912A0F20F15582DF8
:104A700001D8002909DB451E592D01D8002904DB86
:104A80005B38B32802D2002900DD002100E042E0BB
:104A9000A2F20F10582801D8002909DB501E59280E
:104AA00001D8002904DB5B3AB32A02D2002900DDD9
:104AB0000021ACEB010001EB60000125C71AA74201
:104AC00000DD2746002F0DDD3B4632465946CDF826
:104AD00000A0019800F06FF8050003D13946019855
:104AE00007F057F9A74200DD2746002F00DA00271C
:104AF000CDF800900198E31B0BEB070138441C46EE
:104B00000746324600F057F8060096D1214638464F
:104B100007F03FF991E70127B846B42805D038B12E
:104B200009DAB14209DC0AE043E0B14210DC04E0FA
:104B3000B14202DC0CE0B14201DC032708E023466D
:104B400032465946CDF80090019800F034F80746F7
:104B50006869B42805D050B1E8680DDAB04203DCCA
:104B60000CE0E868B04205DD4FF0030802E0E868B9
:104B7000B042F9DDBFB10EE0B042F5DD234632466A
:104B80005946CDF800A0019800F015F8804657B1BD
:104B9000B8F1000F07D0032F02D0012F05D008E095
:104BA000B8F1030F05D100204AE74046B8F1010FE4
:104BB000FAD0022044E7F8B5069C256AE66A521B43
:104BC000E569491B94F834504FEAC57526B1009445
:104BD00085B3FAF757FAF8BD85B1207E810727D053
:104BE00000F00301012923D0022901D1002A1FDB93
:104BF000C043800728D1002A1ADC25E0227E02F07B
:104C00000304022C14D0D543AD0711D0012C01D1DF
:104C100000290DDC920701EB030207D0002A13DB09
:104C200049420FD50021002B0EDD0FE0002A02DAE9
:104C30000120F8BD10E04A4206D49A420ADA991AD5
:104C4000104405E0994201DB0020F2E7994201DAC5
:104C500007F09FF80220ECE7FAF7BEFAE9E72DE942
:104C6000F04F8DB08046DDF858900E461C4699F8FE
:104C70001C00174600F0010A04A809F10801D9F840
:104C80001850FBF7BBFA0598BAF1000F2AD0B842CA
:104C90004ADC0798B84247DB04982844B04204DC59
:104CA00006993019491B884207DD05982844B84207
:104CB0003EDC0798401BB8423ADB0498BAF1000F7B
:104CC00016D0801B00D50020A0422FDC0699891B3E
:104CD000091A491C4218A24200DD211A002925DBCD
:104CE0004044E4E0B84211DC0798B8420EDBD3E759
:104CF000871BA7420ADC002F03DB3946404607F03A
:104D000048F80698851B6D1C002D03DC00200DB0B3
:104D1000BDE8F08FA54204DA611B08EB050007F03F
:104D200038F81FB9A54201D10120F0E70220EEE7D3
:104D30000498801B039004A8FBF707FB029004A8CB
:104D4000FBF7F4FA0599791AA94202DA681A401EAB
:104D500001E0401B081AD9F82010022303EB40039E
:104D6000CA684FF00007D35A32F810209E1A8B6899
:104D7000496802EB010BDDE9022133F81000114410
:104D8000491B01EB0009039929440D1A6D1EBAF164
:104D9000000F21D069E0F11B01EB0B0010F8010CB2
:104DA000089009EB07005FEA000A08D4A24506DA7A
:104DB00018F80A1008980FF011FD08F80A00B5EB72
:104DC000070A08D4A24506DA18F80A1008980FF066
:104DD00005FD08F80A007F1CB742DCDB09EB070081
:104DE000A04201DA014600E02146002901DA002054
:104DF00002E0A04200DB2046211A404406F0C9FF31
:104E0000A91B481CA04201DA4A1C00E02246002AE5
:104E100001DA002104E0A04201DA491C00E0214649
:104E2000404644E0F11B01EB0B0010F8010CC0F10F
:104E3000FF00089009EB07005FEA000A08D4A245CA
:104E400006DA18F80A1008980FF0C8FC08F80A00EB
:104E5000B5EB070A08D4A24506DA18F80A10089834
:104E60000FF0BCFC08F80A007F1CB742DADB681CB4
:104E7000A04201DA691C00E02146002901DA002580
:104E800004E0A04201DA6D1C00E02546A9EB050113
:104E9000621B914201DA084600E01046002801DA60
:104EA000002102E0914200DB114608EB050006F00C
:104EB00070FF3BE72DE9F04105468846007DFDF790
:104EC000F2FC00282CD0291D2846FEF74EF9044696
:104ED000302006F0E9FD30224146E06406F05AFE3B
:104EE0000A202071E66C3561306898B14FF40027D4
:104EF000394609F09BFA68B1394630680AF080FB00
:104F000022461F21D8F800000AF035FE39463068E5
:104F100007F075F921462846BDE8F041FEF7BEBF0F
:104F2000BDE8F0813022002106F0EFBE2DE9F74FF9
:104F3000C86D8CB00C4698B194F86C1002290FD94A
:104F4000012806D1A06E002803DC206E08B9606E2F
:104F500030B1012194F82000022803D8002202E099
:104F60000021F7E70122904694F83B20022A24D939
:104F7000226B12B30122914694F84820022A1ED9CE
:104F8000626CE2B194F84920930618D4D20616D088
:104F90000122924694F85820022A12D9226D82B139
:104FA000012201279346FF2815D394F82F004007CC
:104FB00016D0002094F82E2010E00022DBE700221B
:104FC000E7E70022EDE700BF00EB8003234493F8FE
:104FD0002730FF2B01D0002702E0401C8242F3D88B
:104FE000E9B30E990C98FEF7C0F80646382006F093
:104FF0005BFDF0640546A16E06F118000A460090BC
:10500000FBF7A8F9E16D00980A46FBF7A3F9D4E98C
:1050100018120098FBF7F0FA1C2221462846EBF7FD
:1050200093F938206861E069E861B4F85900288490
:1050300094F85B0085F82200E06D6862A06EA862BB
:1050400094F86C0085F83400206EE862606E286386
:1050500085F835700320307131460C9800E001E08E
:10506000FEF71CFFB8F1000F55D00E9890E80E0027
:10507000C068CDE90012CDE90230606C01281DDD69
:1050800094F84800FD2819D3E069B8B194F84900B4
:10509000C0F38002114400910199C0F3400008441C
:1050A000019094F84900C0F3C000181A029094F8D7
:1050B0004910039801F00101401A039069460C98C9
:1050C000FEF753F80646302006F0EEFC0546FEF7E4
:1050D000D9FE1C2221462846F564EBF735F930202D
:1050E00045F8140FE069A860B4F82100A5F80D0098
:1050F00094F82300E87304F1240005F1100307C8B5
:1051000083E8070094F820002873012030713146AD
:105110000C98FEF7C3FEB9F1000F7DD0206B04F0B0
:105120007DFF06004FF0000508D0012E06D00328B1
:1051300072D00C2103A806F020FE08E003A9206B22
:1051400004F0B6FB012867D1D6B3012E39D06FF039
:105150006040CDE900500295D4E90C1200230AA862
:105160000DF032FE0A980695401E08900B980795A0
:10517000401E09900023092206A900950E98FAF70F
:105180003FFF06A90C98FDF7F0FF0646542006F0F5
:105190008BFC0546FFF79EF81C2221462846F56445
:1051A000EBF7D2F854206861208FA88594F83A0074
:1051B00085F82E00606B2862206BE86104204EE0C9
:1051C000FFE794F83D0008B10E9913E004984FF002
:1051D000FF3180B2401E08900498069501EB104004
:1051E000099007950023092206A900950E98FAF761
:1051F00007FF06A90C98FDF7B8FF06466C2006F0DD
:1052000053FC0546FEF746FF1C2221462846F5645E
:10521000EBF79AF86C2000E026E045F8140F206BBD
:10522000A86094F83B0085F83800208FA88694F891
:105230003A0085F8360094F83C0085F8370094F879
:105240003D10288F03AB61F34D30288793E80700AA
:1052500005F10C0383E80700E0692865052030713B
:1052600031460C98FEF71AFE2C264FF00208BAF1D0
:10527000000F26D00E990C98FDF777FF07462C20DB
:1052800006F012FC05461C222146F864EBF75CF898
:1052900045F8146FE069A860E08FA88194F8400099
:1052A000A87394F848002875606C286194F8490048
:1052B000394600F01F00687587F804800C98FEF7E7
:1052C000EDFDBBF1000F43D00E980FC88DE80F0025
:1052D000D4E91401421811466846FBF73BF86946C9
:1052E0000C98FDF742FF07462C2006F0DDFBF86422
:1052F0000546216D07F118000A468146FBF72AF89A
:10530000616D48460A46FBF725F81C2221462846CF
:10531000EBF71AF86E61E16947F6FF70814203D03E
:10532000206D0844616D084445F81C0F34F84A0F9D
:10533000A880A078A871A07B2873D4F80600A86084
:105340000F20687387F8048039460C98FEF7A6FD95
:105350000FB0BDE8F08F000038B50446702106F0AC
:105360000CFDFDF7B6FB0090BDF8000024F8210FFE
:105370009DF80200A070FDF7ACFB0090BDF80000A6
:10538000A4F803009DF802006071FDF72DFA00906B
:10539000BDF8000020819DF80200A072FF25257352
:1053A00002206073FDF720FA0090BDF80000A4F819
:1053B0001D009DF80200E077FDF716FA0090BDF899
:1053C000000020879DF8020084F83A000948C4F8DC
:1053D000130004F8015CA57684F8375084F8275050
:1053E00084F84B5014F8280F20F01F000F30207065
:1053F00038BD00000C1C04082DE9F74F91F83C0063
:10540000ADF5107D0C4602283CD9256A002D39D017
:10541000D4E90901884235D0A08EA84200DA0546B9
:105420000FCA69AE86E80F00909869A982680CA837
:10543000FAF79DFF002825D0A06B47F6FF7928BB1F
:10544000616AA06A01F5B472824203D000F5B470BB
:1054500081421BD180A8FEF7A6F894F83C008DF895
:105460002802A08BADF82002A07F8DF822020F2029
:105470008DF82902CDF81C92899569AA80A9909887
:1054800001F04CF80DF5137DBDE8F08F699865903B
:105490006A9866906B9867906C9868906599206A96
:1054A000014465916699084466906798216A401A9C
:1054B00067906899206A081A6890D4E909764FF4D1
:1054C000B47001E0A7F5B4778742FBDA02E000BFD1
:1054D000A6F5B4768642FBDA4FF00008CDF80881D5
:1054E000CDF80C81CDF81081CDF814810096D4E967
:1054F0000B123B4614A802F055F814A84290002362
:105500004A4669A96EA802F0BFF96EA84390002030
:105510008D9065A8FAF719FF00280EDD65A8FAF747
:1055200005FF002809DD01234A4665A977A802F096
:10553000ABF977A8449001208D900CA8FAF7F6FEFD
:1055400008900CA8FAF701FF824606F0ADFA0DF1BB
:10555000300B81469BE80F000DF1400B8BE80F00EC
:105560002C2137A8EAF709FFCDF8F49094F83C0015
:105570008DF8F00010A837903F9000208E90A16B1E
:1055800099B300224AA804F0BDF970B3559860B3EE
:10559000CDF818815598CDF81C814FF0FF318088E7
:1055A00080B2401E48905598406801EB10404990E9
:1055B0005598216B8088C0F34E000A1AE16A091AD7
:1055C00046A8FBF719F846A83B9055980069389013
:1055D0005598008980B2399055980088C0F307200B
:1055E0008DF8E800142808D012E0FFE7A08BADF892
:1055F000F100A07F8DF8F3000AE012208DF8E8009A
:105600003B98FAF793FEDDE9381202FB00108E900A
:1056100000206D9094F83D00C00748D005FB05F0D0
:10562000834606F041FA5A46FF216D9006F06DFB65
:10563000681E8B908C9005EBD5704210CDF82482BB
:10564000CDF82882002389A980A802F01DF980A83E
:10565000CDE909080020DDF8B4B10FE003460022CF
:10566000594609A8009501F0F5FF20B958462A4689
:10567000002106F04AFBAB4408F101008046A84235
:10568000ECDBEAB2A18E5DAB38B2F6F756FCD4E99A
:105690000B125DA8FAF7B0FFEAB2A18E61AB30B28F
:1056A000F6F74BFCD4E90B1261A8FAF7A5FF1198A5
:1056B00000260227139070E05246FF21484606F06C
:1056C00024FBDDE910234946CDF800A042A801F0F3
:1056D000C1FF8DF8F80094F83D10C9072DD05E9AEF
:1056E0001199914211DB609A91420EDC30B9484623
:1056F0005246002106F009FB8DF8F8704B465DAA72
:1057000010A900956D98EEF794F862991198884267
:1057100013DB6499884210DC9DF8F80030B94846E4
:105720005246002106F0F1FA8DF8F8704B4661AA56
:1057300010A900956D98EEF77CF88E9810B39DF83F
:10574000F800F8B13B9A11998E985268891A399AE3
:10575000520802FB01003B9A10991268891A014411
:10576000002007E019F800200B5C5A43130A09F8DF
:105770000030401C5045F5DB9DF8F800012801D1B0
:105780008DF8F87037A9909800F024F81198401C13
:1057900011901398401C761C1390089886428BDB5E
:1057A00014A801F095FF6EA801F092FF8D9810B13A
:1057B00077A801F08DFF484603F066FBA06B10B19F
:1057C0004AA804F03FF86D9800283FF45BAE03F060
:1057D0005BFB57E6F0B50546087D99B00C460228FC
:1057E0007ED9A06910B1207F002879D0AA6813A8BB
:1057F0002168FAF7BCFD002872D06D680026286881
:10580000008987B26068E8B313A908462269FAF7ED
:10581000AEFD002864D0226A2AB113A90846FAF71F
:10582000A6FD00285CD013A8FAF78FFD039013A8FB
:10583000FAF77CFDCDE90407207D8DF8290094F866
:1058400028008DF82A00A0680990207B8DF8280098
:10585000207B6768FDF704F8226914995368126881
:10586000C91A099B03FB0171139B9A1A424301EB6E
:10587000D2000890A069002870D0217F01296DD046
:10588000069000E005E0A0690690606A00287DD1DE
:1058900079E013A8FAF759FD039013A8FAF746FD2B
:1058A000CDE90407207D8DF82300B4F81500ADF88C
:1058B0002000E07D8DF82200A06908B3217F012936
:1058C0001ED0069013AE96E80F0009AE86E80F00D2
:1058D000A86842426868414209A8FAF78DFE00E0D4
:1058E00036E01498A968421A13986968411A284644
:1058F000FEF7E2FF02900698A8B1606A10B104E0DA
:105900000696DFE7206AFAF720FD0790206A1399D0
:1059100002684068891A149A101ADDE9062303FB0D
:10592000002008440690287D102818D007DC06289F
:105930001FD0072821D00F280AD1032114E01128F5
:1059400011D0122806D0152802D102A800F079F84B
:1059500019B0F0BD02A800F04FFBF9E711E002A872
:1059600000F01EF9F4E7042102A800F043FCEFE781
:105970000CE002A800F0B4FAEAE702A800F0C6F9C9
:10598000E6E7069610E0206AFAF7DFFC0790206A47
:105990001399026840688A1A1499081ADDE90613F7
:1059A00003FB00101044069013AE96E80F000BAEF8
:1059B00086E80F00A8684242686841420BA8FAF7DF
:1059C0001BFE22690FAE0FCA86E80F00A86842428C
:1059D000686841420FA8FAF70FFE1498A968421AA6
:1059E00013986968411A2846FEF766FF0290287DE1
:1059F000801F1028ACD2DFE800F018200808080843
:105A0000080808110D130908091CA1E702A800F0F5
:105A100041FD9DE702A800F0DAFC99E7032100E0D0
:105A2000042102A800F057FD92E702A800F011FD42
:105A30008EE702A800F0AAFC8AE702A800F0E8FCC2
:105A400086E72DE9FF5F044690F81B90D4E90157E3
:105A5000D4E904600390E06802906846FCF7CAFF4E
:105A60005EB1A069B9F1FD0F76D3FCF73AFF60F3A0
:105A700007080020D4F800A069E0A069B9F1FD0F83
:105A800034D3FCF72EFF8DF80C00FF208DF80D00AD
:105A90000026236826E00022A5F1100414E003EBA1
:105AA0004201BDF80C00088048808880C8800881C9
:105AB00048818881C881088248828882C882088398
:105AC00048838883C8831032A242E8DBBDF80C000B
:105AD000AA4204DA03EB4201521C0880F8E702985C
:105AE000761C0344BE42D6DBBDE8FF9FFCF7F9FEFF
:105AF00060F3070669F30F26B1460026D4F800804C
:105B00000DE0002406E008EB44016A464846FCF735
:105B1000EFFC641CAC42F6DB0299761C8844BE4262
:105B2000EFDBE1E700240AE0315D404661F30F203E
:105B300080460AEB44016A46FCF7DAFC641CAC427E
:105B4000F2DB029882440398064409F10100814681
:105B5000B842E7DBC8E7FFE7FCF7C3FE60F30708DE
:105B60000020D4F800B017E000240DE0305D6A4654
:105B700000FB09F0010A404661F30F2080460BEB61
:105B80004401FCF7B5FC641CAC42EFDB0298834493
:105B9000039806440AF101008246B842E4DBA3E719
:105BA0002DE9F04F044690F81B80D4E90156D4E962
:105BB000047091B00690E06808900AA8FCF72EFFE8
:105BC00040465FB1B8F1FD0F77D3FF21A069FCF724
:105BD0004FFF81460020D4F800A069E0B8F1FD0F26
:105BE0002FD3A069FCF768FF0027236824E0002278
:105BF000A5F1100414E000BF43F8220003EB82017A
:105C0000103248608860C860086148618861C86176
:105C1000086248628862C862086348638863C86330
:105C2000A242E9DB03E000BF43F82200521CAA4273
:105C3000FADB08997F1C0B44B742D8DB11B0BDE8F2
:105C4000F08F0146A069FCF713FF82460027D4F8C5
:105C5000008011E000240AE008EB84090AAAD9F8C0
:105C600000105046FCF7FCFCC9F80000641CAC4274
:105C7000F2DB08987F1C8044B742EBDBDEE70024B0
:105C80000EE0395D484661F31F600AEB840B8146E4
:105C9000DBF800100AAAFCF7E3FCCBF80000641C58
:105CA000AC42EEDB089882440698074408F10100F4
:105CB0008046B042E3DBC1E7FFE70146A069FCF79D
:105CC000D7FE82460020D4F800B01BE0002411E08B
:105CD000385D0AAA00FB08F0010A504661F31F6014
:105CE0000BEB8401049182460968FCF7B9FC049926
:105CF000641C0860AC42EBDB0698089907448B44AF
:105D000009F101008146B042E0DB97E72DE9FE4F43
:105D1000074690F81BA0D7E90156D0E904900290FD
:105D2000F8680090B869FCF7DCFD4FEAD018F86914
:105D30003C68C11700EB517121F00701A0EB010B8A
:105D4000B9F1000F05D0BAF1FD0F4FF0000076D287
:105D5000C2E0BAF1FD0F4FF0000015D219E00027A4
:105D60000CE000BFB8F1000F07EB0B01204602D09A
:105D700014F0A6FF01E0F0F749FE7F1CAF42F1DB13
:105D80000098044409F101008146B042E7DBBDE818
:105D9000FE8F8146B042FADA002722E007EB0B01C2
:105DA000C81701EB507204EBE20022F00702007802
:105DB0008A1AC2F10702D04000F001000AFB08F382
:105DC000CAF1FF0202FB0032FF20B2FBF0F010F03C
:105DD000FF0F204602D014F073FF01E0F0F716FE2B
:105DE0007F1CAF42DADB0098044409F10100D0E7E0
:105DF00000272EE019F8070000B3FF2820D007EB9A
:105E00000B01CA1701EB527204EBE20322F0070206
:105E10001B788A1AC2F10702D34003F0010200FB8B
:105E200008F3C0F1FF0000FB0232FF20B2FBF0F0EC
:105E300010F0FF0F09D0204614F042FF08E010E0F8
:105E4000B8F1000F07EB0B01F5D12046F0F7DEFDAE
:105E50007F1CAF42CEDB00980444029881440AF1D3
:105E600001008246B042C3DB91E700272CE000BF6F
:105E700019F8070020B307EB0B01CA1701EB5273A7
:105E800004EBE30223F007031278CB1AC3F10703F4
:105E9000DA4002F0010300FB0AF0FF22B0FBF2F04F
:105EA00000F0FF0C0CFB08F0CCF1FF0C0CFB030026
:105EB000B0FBF2F010F0FF0F204602D014F000FF0C
:105EC00001E0F0F7A3FD7F1CAF42D1DB00980299FF
:105ED000044401988944401C0190B042C5DB56E758
:105EE0002DE9FC5F0646D6E9014590F81B80D6E90E
:105EF00004700090D6F80CB0B0694FB1B8F1FD0F46
:105F00005CD3FCF7EEFC82460020D6F8009051E00E
:105F1000B8F1FD0F27D3FCF7E4FC002733681EE03F
:105F20000022A4F1100611E098549918103248701C
:105F30008870C870087148718871C8710872487299
:105F40008872C872087348738873C873B242EBDBF7
:105F500001E09854521CA242FBDB5B447F1CAF4221
:105F6000DEDBBDE8FC9FFCF7BCFC82460027D6F8D0
:105F700000900CE0002606E009EB06014246504680
:105F8000FCF725FC761CA642F6DBD9447F1CAF4209
:105F9000F0DBE6E7002606E0BA5D09EB06015046B5
:105FA000FCF715FC761CA642F6DB0098D9440744A2
:105FB00008F101008046A842ECDBD2E7FCF791FC37
:105FC00001900020D6F800A012E0002609E0B95D9B
:105FD000019801FB08F10A0A0AEB0601FCF7F7FB3E
:105FE000761CA642F3DB0098DA44074409F101006D
:105FF0008146A842E9DBB4E72DE9F04F054685B0BC
:10600000D5E901608046A869FCF748FD8146D5E9DD
:10601000047095F81BA000902C68E86802902FB1DE
:10602000BAF1FD0F4FF0000074D2DFE0BAF1FD0FBE
:1060300030D3002129E000BF701E20F00F0004EBD8
:10604000400204EB4603A00701D024F8029B09EBB1
:1060500009400DE001C401C444F8080B44F8040CE5
:1060600044F8100B44F80C0C44F8080C44F8040CE9
:106070009442EFD302E000BF24F8029B9C42FBD382
:106080000298491C2044A0EB46044145D4DB05B0EE
:10609000BDE8F08F2088401C039000200190049000
:1060A0004045F4DA0025A00706D02188524648462C
:1060B000FCF700FA20800125A6F1020B5D4534DAD9
:1060C00004EB450734F81510788881420CD052460D
:1060D0004846FCF7EFF924F81500798852464846FF
:1060E000FCF7E8F9788013E000973A680398824259
:1060F00002D1019838600BE0386803905246484658
:10610000FCF7D8F924F81500788000980068019011
:10611000AD1CD3E750E000BF34F815105246484696
:10612000FCF7C8F924F815006D1CB542F4DB0298A1
:1061300004440498401CB2E70025F80706D03A78DA
:1061400021884846FCF7B6F920800125A6F1020A0D
:10615000554529DC785BA0F57F41FF3915D090B11A
:106160007A5D34F815104846FCF7A4F924F81500B8
:10617000781904EB45014278019149884846FCF7BB
:1061800099F901994880AD1CE2E724F8159048463A
:1061900004EB4501F6E77A5D34F815104846FCF744
:1061A00089F924F815006D1CB542F4DB029804440B
:1061B000009807440BF1010083464045BCDB66E7CD
:1061C00000250BE0785D34F8151000FB0AF0020A98
:1061D0004846FCF76FF924F815006D1CB542F1DB59
:1061E00002980444009807440BF10100834640459F
:1061F000E6DB4CE72DE9FF5F044690F81BA0006941
:10620000D4E901565FEA000860690190D4F80C9067
:106210000F460CD0A069BAF1FD0F76D3FCF74CFC09
:1062200002902068009005FB07FA002084E0BAF194
:10623000FD0F4FD3032F07D0042922D1A069FCF70B
:106240003BFC0027236842E0206805EB45058046BB
:10625000002107E0227E42544218637E5370A37EE1
:106260009370C91CA942F5DB00EB0907012406E085
:106270002A464146384605F08DFC4F44641CB44222
:10628000F6DBBDE8FF9F0022A5F1100414E000BF7B
:1062900043F8220003EB8201103248608860C86036
:1062A000086148618861C861086248628862C862A2
:1062B000086348638863C863A242E9DD03E000BF66
:1062C00043F82200521CAA42FADB4B447F1CB7421F
:1062D000D9DBD6E7A069FCF7EFFB00907D43D4F84B
:1062E00000B000208046B042CBDA002407E000BFB7
:1062F0000BEB040152466846FCF78FF93C44AC4274
:10630000F6DBCB4408F10100ECE719E00024254658
:1063100009E000BF009818F80520011902A8FCF751
:106320007CF93C446D1C5445F4DB009801994844C9
:10633000009088440BF101008346B042E6DBA0E701
:10634000FCF7BAFB03902068009005FB07FB0020D8
:1063500018E0002425460BE018F8050000FB0AF0C1
:10636000020A0098011903A8FCF757F93C446D1C78
:106370005C45F1DB009901EB090000900198804435
:106380000298401C0290B042E3DB7AE790F82010BC
:10639000102915D007DC062914D0072914D00F299D
:1063A00014D103210AE0112907D0122903D015299D
:1063B0000CD1EDF781BA10F0C5BA042111F0A4B9DF
:1063C000EEF752BAF7F7F2BFF6F7E3B8704790F876
:1063D0002010102915D007DC062914D0072914D065
:1063E0000F2914D103210AE0112907D0122903D063
:1063F00015290CD1EDF746BB10F096BB042111F026
:1064000085BAEEF72FBBF8F797B8F6F76BB9704778
:1064100090F82010102915D007DC062914D0072980
:1064200014D00F2914D103210AE0112907D0122911
:1064300003D015290CD1EDF715BC10F091BC042147
:1064400011F0AABBEEF7F2BBF8F74AB9F6F73ABA81
:10645000704790F82010102915D007DC062914D0B9
:10646000072914D00F2914D103210AE0112907D0DC
:10647000122903D015290CD1EDF744BD10F0CCBD85
:10648000042111F089BCEEF715BDF8F745BAF6F70F
:1064900053BB704790F82010102915D007DC06294F
:1064A00014D0072914D00F2914D103210AE011298F
:1064B00007D0122903D015290CD1EDF707BE10F033
:1064C000A1BE042111F056BDEEF7C6BDF8F7E6BA3D
:1064D000F6F71CBC704790F82020102A17D008DC73
:1064E000062A16D0072A16D00F2A16D1C9B20322BF
:1064F0000BE0112A07D0122A03D0152A0DD1EDF78F
:1065000039BF10F0B9BFC9B2042211F07FBEEEF757
:10651000FBBEF8F7F9BBF6F747BD7047F0B5074685
:1065200091F8280087B00C46164602285AD9606AAE
:10653000002857D094F82900C00653D01046F9F728
:1065400004FF05463046F9F7F1FEE369854200DBBA
:106550000546B3EB650F00DD6B1030680390706883
:106560000490B0680590F068069094F82910039A9A
:106570004807606A01D41844404210440390080759
:10658000059A606A01D418444042101A059094F8A4
:10659000290004998007606A01D4184440420844E5
:1065A000049094F829000699C007606A01D1184444
:1065B0004042081A0690606A181A00D5002053EA73
:1065C000000111D094F82810029134F8201FADF882
:1065D0000410A1788DF80610009003AA31463846C1
:1065E000F1F773F807B0F0BD94F82800009003AA03
:1065F00031463846236AF1F72EFAF3E72DE9F04FDA
:106600000F4683461068C96A14464218B86ABFB07C
:10661000121A2B92A268114408442D906068396BBD
:106620002D9A0844B96A401A2C90E068396B0844E6
:10663000B96A08442E90786A2B9900EBD070A1EBD0
:106640006001491E0391012101EB60001044059097
:10665000786A2C9A00EBD070A2EB6000401E049088
:10666000786A2E9A00EBD07001EB6000104406901F
:1066700097F834001A90FD2801D9FF201A9003A939
:106680003AA8DBF80820F9F772FE00287DD02146F1
:1066900012A8F9F7AAFD4FF0FF310A4612A8F9F740
:1066A00059FEF8691B9012A8F9F74FFE044612A88C
:1066B000F9F73CFE844212A802DAF9F746FE01E03F
:1066C000F9F734FE1B99B1EB600F01DD40101B9010
:1066D0002BA8FD69F9F739FE04462BA8F9F726FE29
:1066E00084422BA802DAF9F730FE01E0F9F71EFE2A
:1066F000B5EB600F00DD4510786A441904FB04F027
:10670000400005F0D1F91C9001462B462BA87A6A6F
:1067100014F08CFB97F8350010F001064FF00000E4
:106720000F90109007D1012312A931A81B9A01F0F4
:10673000ABF831A80F9003A8F9F707FE05F0B4F9FC
:10674000824620A82C22002105F0DFFA0BA8209019
:10675000CDF898A02890388CADF8950097F82200D5
:106760008DF8970097F834008DF8940003A8F9F796
:10677000ECFD039900EBD07001EB600903A8F9F779
:10678000D5FD00EBD070049900E0FCE301EB60055F
:1067900005980D90001B401CCDE90B01601E1E905A
:1067A00008440B990E904846494500DD08460B9079
:1067B0000E98A84200DB28460E900BA907A8DBF82C
:1067C0000820F9F7D4FD80B312A907A81B9AF9F79E
:1067D000EEFD50BB07A8F9F7B8FD1890049A089988
:1067E0001C98891A01FB0400059A0799121B891A43
:1067F0000844401E029046B112A907A81B9AF9F757
:106800002DFE10B10120309000E03096189800283D
:1068100020DD07980B90CDF898A009980D900220E4
:106820008DF89C00DDF8208011E013E03098CDF861
:106830003080CDF8388028B30298269020A9584699
:10684000FEF7C8FF029808F10108204402900A9957
:106850004145EBDA05980D90001B401C0B90069803
:106860000B99001B401C0C9006980E904846494519
:1068700000DD08460B90681C0C991D90814216DDC6
:10688000084615E022465046029905F083F918980B
:106890000090434651460FA8079A00F0DBFE8DF8A2
:1068A0009C000128CAD102208DF89C00C6E7681C14
:1068B0000C900BA907A8DBF80820F9F758FD80B366
:1068C00012A907A81B9AF9F772FD50BB07A8F9F7A0
:1068D0003CFD18900A9A0E991C98891A01FB040035
:1068E000059A0799121B891A0844401E029046B166
:1068F00012A907A81B9AF9F7B1FD10B10120309039
:1069000000E030961898002820DD07980B90CDF80D
:1069100098A009980D9002208DF89C00DDF8288041
:1069200011E013E03098CDF83080CDF8388058B3BE
:106930000298269020A95846FEF74CFF0298A8F12D
:1069400001082044029008994145EBDD039820445A
:106950000B900598001B0D9004980C9001461E9812
:1069600008440E90A84200DB28460E900BA907A809
:10697000DBF80820F9F7FBFC80B312A907A81B9AE3
:10698000F9F715FDA8B16FE022465046029905F0CF
:1069900001F918980090434651460FA8079A00F055
:1069A00059FE8DF89C000128C4D102208DF89C006E
:1069B000C0E707A8F9F7C9FC1790089A0C991C982A
:1069C000511A01FB040002904EB112A907A81B9AAC
:1069D000F9F744FD18B10120309001E044E0309611
:1069E0001798002840DD309838B10020269007988D
:1069F0000B9009980D90089832E0CDF898A0F6E732
:106A00003098CDF83080CDF8388058B11A98FF28EA
:106A10000298007803D097F834104843000A8DF8A4
:106A2000940014E00298179A0178504605F06DF929
:106A300017980090434651460FA8079A00F00AFEA7
:106A40008DF89C00012802D102208DF89C0020A91D
:106A50005846FEF7BFFE02982044029008F101005C
:106A60000A9980464145CBDA97F834008DF89400B6
:106A7000039820440B900598001B0D900698001B6E
:106A8000401C0C9006980E900C991D98814201DDD7
:106A9000084600E0681C0C900BA907A8DBF808204A
:106AA000F9F765FCD0B312A907A81B9AF9F77FFC88
:106AB000A0BB07A8F9F749FC17900A9A0E991C98F1
:106AC000891A01FB040002901798002849DD3EB1A5
:106AD00012A907A81B9AF9F7C1FC0020269001E033
:106AE000CDF898A007980B9009980D900A9834E07B
:106AF000CDF83080CDF838808EB112A907A81B9A46
:106B0000F9F7ACFC1A98FF280298007803D097F8A0
:106B100034104843000A8DF8940015E021E00298F3
:106B2000179A0178504605F0F0F817980090434600
:106B300051460FA8079A00F08DFD8DF89C000128A2
:106B400002D102208DF89C0020A95846FEF742FE93
:106B5000029820440290A8F101000899804641451E
:106B6000C6DD97F834008DF894000598001B401C92
:106B70000B9005980D90049820440C9006980C9961
:106B8000001B0E901D98814201DA084600E0681C47
:106B90000C900E98A84200DC28460B990E904846AF
:106BA000494500DD08460B900BA907A8DBF8082033
:106BB000F9F7DDFB80B312A907A81B9AF9F7F7FBD9
:106BC00050BB07A8F9F7C1FB1A901E991C98059AAB
:106BD00001FB04000799121B891A0844401E029009
:106BE000BEB112A907A81B9AF9F738FC10B14FF0F3
:106BF000010800E0B046029826901A9800282DDD82
:106C000007980B9009980D9002208DF89C00089F22
:106C100021E0B0465046EFE720E00C970E97B8F120
:106C2000000F13D150461A9A029904F0B3FF1A9834
:106C300000903B4651460FA8079A00F00BFD8DF8D7
:106C40009C00012802D102208DF89C0020A9584602
:106C5000FEF7C0FD7F1C0A98B842DEDA00221C99BC
:106C600016E000BF01EB040EAEF10100002304EBBF
:106C7000D47708E091F800C090F8008001F8018B0B
:106C800000F801C95B1CB3EB670FF3DB7146521CC4
:106C9000A242E7DB03980B9001461E9808440D9032
:106CA000049820440C9006980C99001B0E901D9897
:106CB000814201DA084600E0681C0C900E98A84258
:106CC00000DC28460E90A9F101000D991790814231
:106CD00001DA084601E0A9F101000D900BA907A80F
:106CE000DBF80820F9F743FBF0B312A907A81B9AB9
:106CF000F9F75DFBC0BB07A8F9F727FB18901E99B1
:106D00001C980B9A01FB04000799891A0844029009
:106D1000BEB112A907A81B9AF9F7A0FB10B14FF05A
:106D2000010800E0B04602982690189800282EDD51
:106D300007980B9009980D9002208DF89C00089FF1
:106D400022E0B0465046EFE70C970E97B8F1000FDF
:106D500015D15046189A029904F01CFF189800901B
:106D60003B4651460FA800E011E0079A00F072FC84
:106D70008DF89C00012802D102208DF89C0020A9EA
:106D80005846FEF727FD7F1C0A98B842DCDA0398C4
:106D90000B9001461E9808440D9004980C900146F3
:106DA0001E9808440E900D991798814201DA084602
:106DB00001E0A9F101000D900E98A84200DB2846E1
:106DC0000E900BA907A8DBF80820F9F7D0FAE0B37A
:106DD00012A907A81B9AF9F7EAFAB0BB07A8F9F7B6
:106DE000B4FA1A900C9A08991C98891A01FB0400AD
:106DF0000B9A0799891A01EB000846B112A907A856
:106E00001B9AF9F72BFB10B10120309000E030966F
:106E10001A98CDF898A0002817DD07980B900998CC
:106E20000D9002208DF89C00089F0BE030980C9785
:106E30000E97E0B1CDF8988020A95846FEF7CAFC1D
:106E4000A0447F1C0A98B842F0DA03980B900146E0
:106E50001E9808440D900698001B401C0C90069844
:106E60000E900C991D98814216DD084615E02246C9
:106E70004146504604F08EFE1A9800903B4651461B
:106E80000FA8079A00F0E6FB8DF89C000128D3D1EB
:106E900002208DF89C00CFE7681C0C900D99179884
:106EA000814201DA084601E0A9F101000D900BA929
:106EB00007A8DBF80820F9F75AFAE8B312A907A8DF
:106EC0001B9AF9F774FAB8BB07A8F9F73EFA1890BD
:106ED0000A9A0E991C98891A01FB04000B9A0799CB
:106EE000891A01EB000846B112A907A81B9AF9F705
:106EF000B5FA10B14FF0010900E0B1461898CDF88D
:106F000098A000281ADD07980B9009980D90022090
:106F10008DF89C000A9F0CE00C970E97B9F1000FBA
:106F20001ED0CDF8988020A95846FEF753FCA04407
:106F30007F1E0898B84200E000E0EDDD0398204491
:106F40000B900598001B0D90049820440C90069817
:106F50000C99001B0E901D98814218DA084617E024
:106F600022464146504604F015FE189800903B46D4
:106F700051460FA8079A00F06DFB8DF89C00012880
:106F8000D1D1022000E045E08DF89C00CBE7681CE1
:106F90000C900E98A84200DD0546CDF898A00E95FD
:106FA0000BA907A8DBF80820F9F7E1F940B312A90B
:106FB00007A81B9AF9F7FBF910BB07A8F9F7C5F961
:106FC000051E1DDD07980B9009980D90089C14E094
:106FD0000C942A46FF2150460E9404F096FE00952C
:106FE000234651460FA8079A00F034FB8DF89C0009
:106FF00020A95846FEF7EEFB641C0A98A042E7DA87
:1070000016B931A800F064FB1C9801F03DFF504612
:1070100001F03AFF3FB0BDE8F08F00002DE9F74FD7
:1070200091F82000B6B00C4602287DD910680F9068
:107030005068109090681190D068129036980FA9FF
:10704000826814A8F9F793F900286DD094F82F00FE
:1070500010F007056DD0606A00902C211EA8E9F79A
:107060008CF9BDF80000ADF88D009DF802008DF898
:107070008F00E069284365D094F82000FD2800D3F4
:10708000FF2006900FA8F9F760F981460FA8F9F7DD
:107090004DF980464946C14500DA0846E669B6EB37
:1070A000600F00DB461014A8F9F74FF94FF0000A03
:1070B0000746CDF834A0CDF838A0002E0BDD3846B9
:1070C00004F0F2FC8246002332460FA929A800F002
:1070D000DBFB29A80D90149832901698349032A8B2
:1070E0001E902690FF208DF88C00CDF890A042468F
:1070F000494604F1240002F034F94FF000085FEA39
:107100000009C34648D0022D46D332A822901498D5
:1071100000EB40010F98A0EB80000144D9F800007B
:1071200008441F90002001E016E002E094F82E10C1
:1071300021E0B4F82100ADF8000094F823008DF8A8
:1071400002008AE70FA81E9094F820008DF88C00AA
:107150001EA93698FEF73EFB39B0BDE8F08F00BFA0
:1071600000EB8002224492F82720FF2A02D04FF041
:10717000010B02E0401C8142F2D8022D09D1BBF183
:10718000000F06D0D9F80400149908440F99A0EB19
:1071900001080F208DF884000024B8E0109815999C
:1071A00020440C901298001B08900C98814203DD3B
:1071B0001799089881427DDB002002903A4650469C
:1071C000069904F0A2FD009751460DA80C9B329A37
:1071D00000F040FA8DF89400012802D102208DF8C9
:1071E00094000020009015990C98814238DC33906F
:1071F0000C983590012D02D0022D2DD113E00C9961
:107200001098D9F80020081A00EB400111440A88B0
:10721000ADF88D2089788DF88F10D9F80410085CAE
:107220008DF88C0018E001200090B8F1000F13D009
:10723000029000200BE000BF18F80010FD2905D2D5
:107240001AF800204A43120A0AF80020401CB842EB
:10725000F2DB02208DF894001EA93698FEF7BAFAE8
:1072600017990898814251DB339008983590012D89
:1072700002D0022D13D129E0109A0898D9F80010F5
:10728000801A00EB400211440A88ADF88D208978FD
:107290008DF88F10D9F80410085C8DF88C000298D6
:1072A00080B3032D1BD33A465046069904F02DFDBA
:1072B000009700E02AE051460DA80C9B329A00F09E
:1072C000C9F98DF89400012806D008E00098C8B9E3
:1072D000B8F1000FE5D115E002208DF894000020F0
:1072E0000BE000BF18F80010FD2905D21AF80020A5
:1072F0004A43120A0AF80020401CB842F2DB02207E
:107300008DF894001EA93698FEF764FA641CB44206
:10731000FFF644AF4DB106988DF88C00062D22D2B1
:10732000DFE805F021131719191910981EA9304428
:1073300033901298801B359006988DF88C000020B1
:1073400024903698FEF746FA3DE001208DF894002F
:1073500009E0022003E0BBF1000FFAD101208DF813
:107360009400CDF89080109884191598844200DC20
:1073700004461298861B1798864222DB064620E0B8
:1073800033943594012D17D11098D9F80010201A94
:1073900000EB400211440A88ADF88D2089788DF801
:1073A0008F100699FD29D9F80410085C02D20699BD
:1073B0004843000A8DF88C001EA93698FEF70AFA99
:1073C000641CB442DCDDBAF1000004D001F05CFDC5
:1073D00029A800F07DF9B9F100003FF4BDAE01F03D
:1073E00030FFB9E6B1F84C309B04034B01D4FCF7F5
:1073F00075BEFCF7D3BE000029D5000810B500F01B
:1074000087F900242420FCF763FC0449C160044987
:10741000046201610021816110BD00001575000842
:10742000F7AB000891F84830022B02D9014BFCF76A
:1074300087BF7047298C000870B50646C8699CB0A4
:1074400015460468002C09D06C226846E8F77CFFDA
:107450002A46694630460794FFF7C4FF1CB070BD4A
:10746000F0B50B6B97B00C460646002B7DD094F818
:107470003C00022879D9616AE069884203D1A56A93
:10748000226AAA4271D0884201DA024600E00A4626
:1074900003EBD373A2EB6302029200DC084600EB1D
:1074A00063000490216AA06A226B814200DA0846D8
:1074B00002EBD271A0EB61000390216AA06A226BFB
:1074C000814200DD084602EBD27100EB61000590BD
:1074D00002A90846B268F8F74AFF00285FD0A16AFF
:1074E000206A884204D121463046F1F7FFFB0AE0CA
:1074F000616AE06988422146304602D1F1F704FE14
:1075000001E0F1F78BFC94F83D00010701D440073E
:1075100045D50AA8FCF7B6FCA08DADF8490094F853
:107520002E008DF84B0047F6FF70119094F83C0048
:107530008DF84800206B451040F3000794F83D009B
:107540007F1C400714D5E06906AA401B0690206AFC
:107550000AA9401B0790E0692844C01B0890206AD4
:107560002844C01B0990304600E018E0FFF756FDA4
:1075700094F83D00000712D5606A06AA401B0690E9
:10758000A06A0AA9401B0790606A2844C01B0890A3
:10759000A06A2844C01B09903046FFF73FFD17B092
:1075A000F0BD00002DE9F8430646089C1D009046FA
:1075B000894640F267104FF4B47701D5002502E008
:1075C000BD4200DB0546002C01DA002402E0BC428B
:1075D00000DB0446AC4203DAC5F5B470204403E096
:1075E000601B002800DC281BA6F88800C6E90454AC
:1075F00006F1080009F08FF815483060012030715D
:10760000BD4200D9FEE7B42D01D2002000E00120E8
:10761000002C01DBBD4200DDFEE7B42C05D3A4F154
:10762000B401B42901D2002700E0012700902BB259
:107630004246494606F1180000F070F823B242466F
:10764000494606F15000009700F068F8BDE8F8835D
:10765000674901082DE9F84F00251F4690468946E5
:1076600006462C46DDF828A00DE00090D0F800C0BA
:1076700053463A4641464846E047002809D002288A
:1076800000D10125641C56F824000028EDD115B165
:107690000220BDE8F88F0120FBE7000070B50B4E1B
:1076A000002400BFC4EBC40006EB8005D5F83C0104
:1076B00008B101F0E9FB05F59E701C2104F069FB9F
:1076C000641CE4B2042CEDD370BD0000605A0020AD
:1076D00070B504460D48054604F07CFD207902286B
:1076E0000ED1206A60B10169002906DA406801F014
:1076F000CBFB206A01F0C8FB02E04169491E4161F1
:107700002846BDE8704004F067BD0000945B00208F
:10771000014804F05DBD0000945B00202DE9FC47AA
:107720001C46DDF8288016460F468146B42B01DD45
:10773000B43C24B204F15A0000B20CF0A5FC07EBF3
:10774000601520460CF0A0FC06EB6010CDE90008A7
:107750002B4632463946484600F002F8BDE8FC8721
:107760002DE9F0478846DDE908591F4616460446CC
:10777000382104F00EFBAE4204D1B9F1030F01D160
:107780006D1E761EAE4205DD3846474680462846C9
:10779000354606463246414604F1080008F0BBFF74
:1077A0002A46394604F1100008F0B5FF84F8189015
:1077B0003246414604F11C0008F0ADFFA7EB08007B
:1077C000002801DD014601E0A8EB0701AA1B002A01
:1077D00001DD134600E0731B994294F8341002DD7A
:1077E00041F0010101E021F0010184F8341000238F
:1077F000A362244D256063622371CD074FF480138B
:107800000DD020B193FBF0F55543AD12A56222B126
:1078100093FBF2F2424390126062A06A0CE022B144
:1078200093FBF2F54543AD12656220B193FBF0F096
:1078300050438012A062606AE062207E820709D015
:1078400000F00302012A08D0022A13D0C0438007A7
:1078500014D006E021F0020001E041F0020084F8BB
:107860003400E16A88102063002901DA4042206375
:10787000BDE8F087E06A0028EFDCEBE7E06A00286B
:10788000EBDDE7E7B74B01082DE9F04705461E465B
:10789000144688460846F8F758FD07464046F8F76C
:1078A00045FD874200DA3846B4EB600F00DD441036
:1078B000002C00DA0024414605F10800F8F79EFC90
:1078C000AC612E773C482860022028710026F4B174
:1078D0003A48814604F07EFC394900204FF47A731F
:1078E000C0EBC00201EB8202D2F85421A24221D1A6
:1078F000C0EBC00001EB8000D0F85011491CC0F86B
:107900005011D0F84C11102C04DA012203E02E6241
:10791000BDE8F08722110A449A4205DA102C01DAF8
:10792000012200E022118B18C0F84C3100F59E7046
:1079300028623BE0401C0428D2D300204FEA000715
:10794000C7EBC70201EB8202D2F850C1BCF1000FB5
:1079500008D128B1D2F84CC1D0F81080C44501DA62
:1079600002F59E707F1C042FEAD338B14169491C8F
:10797000C0E90461102C0ADA012109E01C2004F09E
:10798000B7F818B14FF0FF3101610BE0FEE72111AC
:107990003144994205DA102C01DA012100E021116D
:1079A0007318036121462862EEF7F0FE4846BDE8F1
:1079B000F04704F011BC00005F4C0108945B00200C
:1079C000605A00202DE9F0430E4695B007461C3161
:1079D0008268894601A8F8F7CAFC00287ED07D6835
:1079E000306A2C1DD5F80080401E0090B86890E8E1
:1079F0000E0005A8F8F70DFE60684242206841427B
:107A000005A8F8F7F9FD05A94046FBF76EFEB86832
:107A1000C1680091B26A8368016805A8521CF8F732
:107A2000F8FD606842422068414205A8F8F7E4FD8D
:107A300005A94046FBF759FEB06A0090B868D6E940
:107A40000732016805A85B1EF8F7E3FD6068424253
:107A50002068414205A8F8F7CFFD05A94046FBF78D
:107A600044FEB06A0090B868D6E90821836805A88A
:107A7000491CF8F7CEFD606842422068414205A8E3
:107A8000F8F7BAFD05A94046FBF72FFE002349464B
:107A900009A8F26AFFF7F8FE0020139009A81290D7
:107AA00001A8F8F752FC074603F0FEFF8146029E4C
:107AB00035E03A46FF21484604F027F9009733465F
:107AC000494612A8019AFFF7C5FD8046012825D036
:107AD00001982168411A6068321A00E028E02846BF
:107AE000FCF7EAFE0346B8F1000F01D0002013E0D6
:107AF0001846BA00002104F008F90FE019F8001048
:107B0000FF2908D003EB800292F803C00CFB01FCB4
:107B10004FEA1C21D170401CB842EFD3761C049868
:107B2000B042C6DA484601F0AFF909A8FFF7D0FD28
:107B300015B0BDE8F0832DE9FF4FA5B08946349D0F
:107B4000DDF8D8B04FF00A08E86A40421F90286B71
:107B50001D90686B1E90D5E91001CDE922011F9997
:107B600091FBF8F60846714201EB810100EB4107F9
:107B7000741C30B20CF088FA824620B20CF084FA01
:107B80005A36029030B20CF07FFA06465A3420B2D0
:107B90000CF07AFAC7F10A0101FB0AF3029A714369
:107BA00000FB071102FB073391FBF8F093FBF8F29F
:107BB0001C9050111B901C9840111C9022980002A0
:107BC00020902398000221904846F8F7BEFB044617
:107BD0004846F8F7ABFB824658460B94BBF1060FBC
:107BE00010D0BBF10F0F16D0BBF1140F2BD0FAF74A
:107BF00054FE00FB04F6BBF1120F25D0BBF1140FAD
:107C000022D00DE095F84B00022801D3042600E0B5
:107C10000226664304E01020FAF73FFE00FB04F65C
:107C200000200E90B5F84C00C0F300300C90E86ACC
:107C300000B10120139000200D9015900A9009903A
:107C4000139828B153E06600379806FB0A00E8E76E
:107C5000286C28992A6B091A491E514300EB2120F0
:107C60006A6C32996B6B891A491E594302EB2122C7
:107C7000D9F80010814200DD0146D9F8083083426E
:107C800000DC18468046D9F80400904200DD10461A
:107C9000D9F80C30934200DC1A46174604AA009229
:107CA000024603AB17A816F0EDFA06A800903A4674
:107CB000414605AB17A816F0E5FA03990598069B0F
:107CC000421A04981B1A012C04DD1702621E97FB4E
:107CD000F2F20992BAF1010F05DD1B02AAF10102CD
:107CE00093FBF2F20A92803180300D9115900027BB
:107CF000DEE01398C8B302A80090D9F8040005ABE1
:107D0000C21917A8D9F8001016F0BCFA04A8009000
:107D1000D9F8040003ABC21917A8D9F8081016F057
:107D2000B1FA059A03980499831A0298A1EB000C02
:107D300000210991012C08DD1B02611E93FBF1F368
:107D400009934FEA0C2393FBF1F1803280300D92BE
:107D50005A46BBF1100F4AD00FDC062A77D00E2A04
:107D600033D0BBF10F0F2FD119E0FFE70A98159917
:107D7000784301EB20200021EAE7112A05D0122ADE
:107D800047D0BBF1140F1FD148E0379A0DF114080A
:107D90004FF0040C0C9B049488E80C1008E04FF0A2
:107DA000030C0C9A379BCDF81CC00494CDE9053226
:107DB0000D9B099A00930391CDE90102DDE92701AA
:107DC000DDE9322316F0A5FB68E0379B0C9ACDE97C
:107DD0000314CDE905320D9A09990092CDE901010C
:107DE000DDE92701DDE9322315F0C2FE56E0379BBD
:107DF0000C9ACDE90314CDE905320D99CDE90010B7
:107E0000099A0292DDE92701DDE9322315F058FFD6
:107E100044E04FF00008DDF830C003E0DDF830C08A
:107E20004FF001080DF1140E379A0E9B8EE80C11DD
:107E3000099ACDE90102CDE903140D980090DDE91E
:107E40002701DDE9322316F072FA27E0FFE795F803
:107E50004B20022A11D30C9B379ACDE90314CDE9AC
:107E600005230D9A09990092CDE90101DDE9270169
:107E7000DDE9322316F0BAF810E0379B0C9ACDE911
:107E80000314CDE905320D9A09990092CDE901015B
:107E9000DDE92701DDE9322315F0F6FF379830449C
:107EA00037900E9818B101460B9808440E907F1C2D
:107EB0005745FFF61EAF29B0BDE8F08F2DE9F34F0F
:107EC0000C46C96A606BD3B0814201DA0A4600E011
:107ED0000246E36B9A4203DA814202DA084600E086
:107EE00018460B90216BA06B814201DA0A4600E034
:107EF0000246236C9A4203DA814202DA084600E025
:107F000018460C90E16A606B814201DD0A4600E090
:107F10000246E36B9A4203DD814202DD084600E03F
:107F200018460D90216BA06B814201DD0A4600E0EE
:107F30000246236C9A4203DD814202DD084600E0DE
:107F400018460E9053980BA9826840A8F8F70FFACC
:107F500000287DD0E26A616B04F12C0504F134073E
:107F600004F13C060DF114088A4216D129463EA8B8
:107F700008F0CCFBDDE93E01CDE9030139463EA81E
:107F800008F0C4FBDDE93E01CDE90501314609A851
:107F900008F0BCFBDDE909012CE0E06B824211D165
:107FA00029463EA808F0B2FBDDE93E01CDE9030118
:107FB00031463EA808F0AAFBDDE93E01CDE9050106
:107FC000394612E0814218D139463EA808F09EFB9E
:107FD000DDE93E01CDE9030131463EA808F096FBFC
:107FE000DDE93E01CDE9050129463EA808F08EFBFA
:107FF000DDE93E01CDE9070132E029463EA808F05F
:1080000085FBDDE93E01CDE9030139463EA808F0D4
:108010007DFBDDE93E01CDE90501314609A808F007
:1080200075FBDDE90901CDE907010699049888424D
:1080300003DD414603A808F071FB0899049807ADD9
:10804000884203DD294603A808F068FB089900E090
:10805000EEE00698884203DA2946404608F05EFBC7
:1080600006990498884203DD414603A808F056FBB0
:1080700005980399049A401A0899039B891A484362
:108080001146069A0025891A079A1095D21A01FB03
:108090000200C60F0F950698CDE9000603A81195BA
:1080A000129590E80E0030A8FFF75AFB86F0010603
:1080B0000898CDE90006DDE9031244A8079BFFF705
:1080C0004FFB08990698884203D10220CDE90010A1
:1080D00001E0CDE9001605A890E80E0022A8FFF700
:1080E0003FFB30A80F9044A8109022A8119040A800
:1080F000F8F72BF9074603F0D7FC40AB824693E82C
:1081000007001EAB9B4683E807002191B4F81D00D1
:10811000ADF86100E07F8DF86300207F8DF860008E
:10812000CDF84CB0CDF864A0CDF86CB08DF874509B
:10813000149594F82B0000F007090BA8F8F7F6F84F
:1081400005460BA8F8F701F901462A4604F120007C
:1081500001F007F906004FF0000817D0B9F1020F3F
:1081600014D140980B9900EB4000A1EB8101CDF8B0
:108170005CB0084431680844149070684099084421
:108180000B99A0EB01080F208DF85800419D3BE0B2
:108190001F953A46FF215046219503F0B6FD009702
:1081A0002B4651460FA8409AFFF754FA8DF8680005
:1081B000B9F1010F03D0B9F1020F18D01FE00C98EC
:1081C0003168281A00EB40020A441188ADF86110AA
:1081D00091788DF863107168085C8DF86000217FDC
:1081E000FD290CD24843000A8DF8600007E0B8F181
:1081F000000F04D002281ED001282FD018B113A9D7
:108200005398FDF7E7FA6D1C4398A842C0DA504630
:1082100000F03AFE22A8FFF75BFA30A8FFF758FA01
:1082200044A8FFF755FA002E02D0304601F009F8B5
:1082300055B0BDE8F08F0020CDF864A00BE000BF82
:1082400018F80010FD2905D21AF800204A43120A36
:108250000AF80020401CB842F2DBD0E70220CDF83B
:1082600064808DF86800CAE70179022901D00020F6
:108270007047C06C70470179012901D00020704718
:10828000C06C70470179042901D000207047C06C90
:10829000704710B50446012107F01DFA4FF6FF7034
:1082A000A0640121E06A03F0AAFF20460022BDE895
:1082B0001040242107F05FBC70B500200C46C86256
:1082C00016A1C4E90D10206394F84C1041F0300160
:1082D00084F84C104FF6FF712064C4E91101E0638B
:1082E00094F84C004FF4806120F00F00083084F8BF
:1082F0004C00204603F083FF09A1204600F0ADFAB0
:10830000204605F039F801460C4804F0E3FA05462A
:1083100004F046FBE562EC6270BD0000EF81B8003E
:108320004F7074696F6E20310A4F7074696F6E20E0
:10833000320A4F7074696F6E203300004C86040857
:1083400010B50146034804F0C5FA044604F028FBC2
:10835000204610BD2886040870B5C86A0C46002562
:1083600010B104F0B5FBE56294F84C00C00603D4EC
:10837000A06B00F089FDA56370BD000070B50E46CE
:108380004D4804F0AEFE012846D1304600F0E8FA30
:108390000546304600F0E8FA0446102D16D0112D9F
:1083A00023D0122D21D0082D23D02F2D25D02E2DD6
:1083B00023D0312D25D00E2D2FD00F2D5DD01A2D8D
:1083C0002AD13046BDE87040F1F7ECB804F07BFFED
:1083D00001F068F8054601F031FE01F07DFE042849
:1083E0001AD17DBB616C20462164BDE87040FFF767
:1083F00050BFBDE87040EDF749BBBDE8704007F0E5
:1084000075B8304600F0F8FA05460021204605F020
:10841000F1FE00F02EFD686070BD304600F0CFFA2E
:10842000132810D012280ED0142817D0112815D0D8
:108430001B28D7D00A28EFD101F006FEA042EBD0CE
:108440002046D6E727E0204600F072F818B3D4E9BA
:108450000F10401C8842DFD2214608E0204600F081
:1084600067F8C0B1206C0028D6D02146401E206499
:10847000BDE8704008460DF07AB800F059F850B1E8
:10848000304600F0BBFA216C0144E06B421E8A4288
:1084900006DD0B4605E02046BDE8704000F0A6B8BA
:1084A0001346002B01DA0020D6E78A4201DD084698
:1084B000D2E7401ED0E7000028860408806B002821
:1084C00000D101A07047000000000000006C704760
:1084D0002DE9F04104460025806B90460E462F465C
:1084E00020B109F0C7FB0246002008E00F70BDE88C
:1084F000F081A16B095C0A2900D16D1C401C9042DF
:1085000002D2616CA942F4D10021A8F1010507E073
:10851000B8F1000F01D0A94208D27354401C491C85
:10852000904203D2A36B1B5C0A2BF1D17754DEE798
:1085300010B5C06A012105F079FF80F0010010BD7F
:108540002DE9FC410F46084600F00AFA05461D28B1
:1085500005D03946244804F0C4FD012839D13846F5
:1085600000F002FAC46A0646082D0ED0012D17D07D
:10857000092D30D01D2D2CD13846F0F74EFE39464E
:10858000BDE8FC41184804F0ACBD01F057FD01F016
:1085900094FD00281DD13046BDE8FC41F6F719BF17
:1085A00001F04CFD050014D001F096FD012804D027
:1085B000284601F091FD03280BD16946284601F0B9
:1085C0005FFD20460199F3F7F1F9A064304606F00B
:1085D00023FABDE8FC814FF6FF70A0643046BDE889
:1085E000FC4106F019BA00004C8604082DE9F84356
:1085F0000446012103F047FE204604F0BDFE01467B
:10860000E06A07F056FB4FF0FF31E06A06F058FBD6
:108610000121E06A06F0F4FF00222321204607F042
:10862000AAFA2046F3F78FFA8046A16B02F063FEA8
:108630006FF04041E06A07F0B5FC404607F008FFE4
:10864000E06A05F0ADFE0546204605F0A9FE85422C
:108650000EDC94F84C0000F00F00042801D008282C
:1086600006D1204605F09CFE0146E06A07F09AFC20
:10867000404604F02DFE07460021E06A05F086FB27
:10868000054600211022E06A05F0B2FC46190021DF
:108690001122E06A05F0ACFC4119B819471894F8AA
:1086A0004C003D4600F00F06082E02D0042E1BD0D1
:1086B0002DE0FAF787FBFAF7EDFB216A294488429F
:1086C00025DAFAF77FFBFAF7E5FB216AA569411A7B
:1086D000A94201DA042605E0FAF774FBFAF7DAFB9F
:1086E000216A451A6D1E12E0A069401B0FD5FAF7EA
:1086F00069FBFAF7CFFB216AA569411AA94206DD99
:108700000826FAF75FFBFAF7C5FB216A451ABD4256
:1087100000DD3D462946E06A07F084FA20460CF069
:1087200026FF0020082E06D0042E09D0012E0CD0E2
:10873000022E0FD015E0009000230D22E06A0DE01C
:10874000009000230A22E06A08E000900023102233
:10875000E06A03E000900023E06A1322214603F060
:108760002BFEE06A07F074FE94F84C0000F00F0056
:10877000012801D0022817D1E06A05F037FE06462D
:10878000E06A05F046FE0546FAF71CFBFAF782FBA5
:10879000A84209DCFAF716FBFAF77CFB281A311A13
:1087A000491EE06A07F02AFC00214046A26B04F053
:1087B00073F8022808D04FF0000303281A4601D0AE
:1087C000012104E0032102E000231A46022101B046
:1087D0004046BDE8F04303F0E0BD2DE9F0410E0056
:1087E000044603D000252846E56306E0FEE70A2993
:1087F00002D1E16B491CE163401C315C0029F6D1D8
:10880000E06B401CC4E90F053046656409F032FA9C
:10881000471CA06B30B194F84C10C90602D400F08C
:1088200033FBA563384603F03FF9A06390B13146AE
:1088300009F004FA94F84C0020F01001204684F866
:108840004C1006F0E9F8E06A002804D0BDE8F041D9
:1088500006F0E2B8FEE7BDE8F08170B50E00044610
:1088600003D000252946E56306E0FEE70A2802D189
:10887000E06B401CE063491C705C0028F6D1E06BA3
:10888000401CC4E90F05656494F84C00C00604D48C
:10889000A06B10B100F0F8FAA56394F84C0040F01A
:1088A000100184F84C102046A66306F0B5F8E06A83
:1088B000002803D0BDE8704006F0AEB870BD10B51A
:1088C0000446006C88420FD0E06B884200D8411EFD
:1088D00021646164E06A10B120460CF048FE204635
:1088E000BDE8104006F098B810BD10B50C464FF426
:1088F0008061204606F084FE0421204606F080FEBA
:108900004FF40031204603F07AFC0121204603F0A9
:1089100076FC2046BDE8104001F094BEC86A0021F4
:10892000C1627047F8B507461C4615460E460C2036
:1089300003F0BAF8009038B10660C0E90145384646
:10894000F7F7CBFE08B105E0FEE704220121384627
:10895000F7F788FE69463846F7F793FE0098F8BDAA
:10896000008920F4004070470068704701890129A0
:1089700023D0022921D003291FD004291DD0052985
:108980001BD0062919D0072917D0082915D0092985
:1089900013D00B2911D00C290FD00D290DD00E2981
:1089A0000BD0102909D0112907D0122905D015297B
:1089B00003D0162901D00020704700F01DB810B573
:1089C00001890E2901D0002010BD00F015F8002803
:1089D000FAD0006810BD01891A290BD0192909D0D5
:1089E0001B2907D01D2905D01C2903D01E2901D021
:1089F00000207047AFF300800069704710B501890F
:108A00000F2901D0002010BDFFF7F6FF0028FAD093
:108A1000006810BD40687047FFF7FCBFC068704732
:108A20000849C96E0AE04A68824202D00A68824256
:108A300003D10A7E42F001020A7649690029F2D187
:108A400070470000605A002001494069C8667047BD
:108A5000605A00200249CA6E4261C8667047000031
:108A6000605A00202DE9F041070008D0F7F735FEE5
:108A700006463846F7F7F3FD0546002405E0FEE715
:108A800055F8240000F000FA641CB442F8DB3846C4
:108A9000BDE8F041F7F7D8BD2DE9F04190460D460D
:108AA00007002AD00024F7F7DAFD06463846F7F724
:108AB00014FE07461FE000BF56F824000168C9B144
:108AC0008168C1F3C032424514D14904490C02D037
:108AD0002A898A420ED14068E86056F8240001686D
:108AE00028468847287E810707D4C00702D0002087
:108AF000BDE8F081641CBC42DED30120F8E710B56C
:108B00000C460189182906D1FFF776FF0168A142BA
:108B100000DD0C46046010BD04480349C26D91603D
:108B2000C06D0021C1607047B5AF0008605A0020D9
:108B30002DE9F047894601680069D9F81050D1F84D
:108B4000188000280DD0D8F8041001EBC007387940
:108B5000797900FB01F21AB1B8F81210890B02D032
:108B60000020BDE8F0873A68D8F80010C2F313027D
:108B70008E1800240E21FBF797F8B8F81210C1F3F5
:108B80004321012904D0022941D0042974D090E066
:108B9000002238E0002131E014F007040ED0012C4F
:108BA0000FD0022C10D0032C11D0042C12D0052C85
:108BB00013D0062C14D0072C18D01DE033781B06D8
:108BC00010E033785B060DE033789B060AE03378DB
:108BD000DB0607E033781B0704E033785B0701E02E
:108BE00033789B071B121B0E6B5405E03378DB07B1
:108BF00000D0FF236B54761C491C641C3B798B42CC
:108C0000CADC0544521C79799142C3DC51E0002250
:108C10002C4B2CE0002124E014F0030406D0012C9E
:108C20000BD0022C0ED0032C11D018E096F800C007
:108C300003EB9C1C9CF800C00FE096F800C0CCF33E
:108C4000011C08E096F800C0CCF3810C03E016F894
:108C500001CB0CF0030C13F80CC005F801C0491C43
:108C6000641C97F804C08C45D6DC0544521C797905
:108C70009142CFDC1DE0FFE7124B00221B1D15E0E7
:108C800000210DE014F0010415D03CB116F801CB21
:108C90000CF00F0C13F80CC005F801C0491C641C43
:108CA00097F804C08C45EDDC0544521C797991425B
:108CB000E6DC484655E796F800C003EB1C1C9CF820
:108CC00000C0E9E7FDB9030802680AB1526810471D
:108CD000FEE72DE9F047984692460C46070009D07A
:108CE0004CB100260546B1462660287D400703D5D5
:108CF000002302E0FEE7FEE74346D5F800C05246F7
:108D000021462846E04738B1E07BC00701D016B1C4
:108D100002E0256010E02E46ED69002DE5D176B128
:108D2000307D400701D5002300E0434635685246B8
:108D300021463046A84726600120BDE8F087F86844
:108D400000EBD0704008E080801CA080C4F8009048
:108D5000B9892181A4F80A90A4F80C900120A0738D
:108D6000E0730020E9E700002DE9F0479A460C4641
:108D70008146092A46D000271146D9F81860F2F733
:108D800097FD051E3CD0F0684FF0000850B15146E9
:108D90004846F2F78DFD020004D029464846F2F716
:108DA0003FFE80467068318A00EBC50001FB08F188
:108DB0000A110168090D002F02D000BF4FEA4101DE
:108DC000114401F108014FEA1111A180417921817B
:108DD0000179E18090F90620628190F90700A08175
:108DE000708AC0F34320A0734FF00000E073256148
:108DF00004D04FF6FF7000EA4100E0804FF0010020
:108E0000BDE8F0874FF001074FF02002B4E710B53E
:108E100086B058B320292AD3A1F5C0641C3C26D0C3
:108E2000A1F588545F3C22D0B1F58B5F1FD0A4F22E
:108E3000AC63032B1BD9A3F50063042B17D91D3B8F
:108E4000072B14D9373B102B11D9A1F57E44FF3CD9
:108E50000DD0A1F57844FF3C09D013460A46694677
:108E6000FFF737FFBDF8040006B010BDFEE7002095
:108E7000FAE7C068704701460068002803D082689E
:108E8000002A00D0104770470349884203D00028C9
:108E900001D000F003B87047C45A002070B50646F0
:108EA0000BF009F8084D04463146D5F8B8010BF02F
:108EB00032F8D5F8BC11A14201D9081B00E000200E
:108EC000C5F8BC0170BD0000605A002070B50446B2
:108ED0004068C0B10269C2B1216890470546606828
:108EE000406850B1A16841B1401C03D0C86808B1C6
:108EF000FFF7CAFFA068FFF7C7FF0020206060608F
:108F0000A060284670BD0B2070BD092070BD000018
:108F100070B504460848054602F0C7FC08E008683A
:108F20000078A04201D1086870BD284602F0CFFC4D
:108F30000100F4D170BD0000305C002010B5044683
:108F400008F098FE40B1215C2E2907D02F2903D0CC
:108F50005C2901D0401EF6D102A010BD2044401C67
:108F600010BD0000000000000421014802F0BABC5E
:108F7000305C00202DE9FC41174605460E002ED03E
:108F8000684600F01DF99DF80000FFF7C1FF0400DE
:108F900027D0A16809B1884728B3E06828B36C607E
:108FA0006068401C23D0E36801993A462046984700
:108FB000F8B1411C1DD02860606868B1102002F033
:108FC00097FDA860B8B16168491C15D04FF0FF311A
:108FD00001604800A96848600020BDE8FC810B20C2
:108FE000FBE70320F9E70120F7E70920F5E72D600B
:108FF000E2E70C20F1E7FEE77168C160A968002094
:109000000860A9688860B068E4E72DE9FC411C00AD
:1090100016464FF0000300D02360426872B15568D5
:109020007DB155697DB1D2696AB1019345686A68BD
:109030005AB101AB324600F016F80FE00B20BDE844
:10904000FC815269F0E70920F9E701AA0092006863
:109050000A4601466F6933462846B847002CEED0D1
:1090600001992160EBE72DE9FF4F0546806899469D
:109070000027D0E900C18668D0F80C8068681446E3
:1090800083B0436832469B46BA46B44557D88E42B1
:1090900055D88E1BA1EB0C00761C801B401C5B1C62
:1090A00002D1B44200D9741EB44208EB000106D8C4
:1090B0002246049802F06EFDC9F8004076E0324680
:1090C000049802F067FDA86800234268D5E9001003
:1090D000521CC769B847A11BCDF804A001A88A4655
:1090E0005A465945009008D904980B468219D5E98B
:1090F00000104769B847074619E0D5E90010134644
:1091000047694246B8470746A8684168491C01605C
:109110000198AA68431E194451605146824500D205
:10912000084682B204984146304402F033FD01986B
:109130003044A04200D20446C9F8004033E0C76979
:1091400029680023B8475C4509D9CDF80090D5E9D6
:10915000001023464669049AB047074623E0B8F159
:10916000000F06D1584602F09FFCA968C860E0B124
:10917000804601A8CDE9000AD5E900105B464769A1
:109180004246B8470746A8680660019AA868511E7B
:1091900031444160944200D22246C9F80020414641
:1091A000049802F0F7FC0FB106E0FEE7A868D9F8D2
:1091B000001082681144816007B03846BDE8F08F26
:1091C0000B7863F3070223B111F8013F3A2B00D16A
:1091D000491CC0E900217047F8B5134645680A46A6
:1091E0000446DDB1EE696868D0B10EB3286AF8B103
:1091F0000020FBB1012B1FD0022B0ED12846216885
:10920000B047002809D1D4E900106A46036A98479C
:10921000002802D1A26800999160F8BD0B20F8BD2A
:1092200036B1216801B02846B446BDE8F040604739
:109230000920F8BDA16802E0A1688B681A448A6021
:10924000F8BDFFF721BE2DE9FC411D460379DDF88D
:1092500020804B431B129A4205DC028881782A80C9
:10926000A970C17874E0837A03EB8304044414F892
:10927000016C4E433612B2420BDB34F8051DA27866
:109280002980AA70817A01EB8101084410F8021C40
:109290005EE0012462E004EB8406064436794E4326
:1092A0003612B24258DCECB304EB84031C1834F8D9
:1092B000050DADF80000A378B4F80500ADF8040082
:1092C0002679677A4E4336124F43921BC6EB27210D
:1092D000C2EB022292FBF1F1CEB29DF804109DF890
:1092E0000020C6F1FF07714302FB071101EBC11219
:1092F00002EBC131C1F3C7529DF80510E07971430B
:109300009DF801C070430CFB071103FB070001EB44
:10931000C11C0CEBC13100EBC013C1F3C75103EB0F
:10932000C03000E01CE0C0F3C750F9F7EBFA009042
:10933000BDF8000028809DF80200A870207AE1782E
:10934000704301FB070000EBC01101EBC030C10D01
:1093500088F80010BDE8FC81641CE4B2A3429AD8EE
:10936000FEE7F8B50546C07A430708D000F00700CD
:1093700006280AD2DFE800F00907050505050020E8
:10938000F8BD0C4602E0144600E0402404EB440023
:10939000C01C20F00306E01C20F0030030440C3019
:1093A00002F082FB48B100F10C01016031180C3170
:1093B000C0E90114064600240CE0FEE7706804EBE7
:1093C0004402204400903068831822462846FFF764
:1093D0003AFF641CB168A142F0D83046F8BD0000E5
:1093E00004480349C26D1161C06D0021416170479D
:1093F00015C40008605A002070B506000D461AD04A
:10940000084600F078F8A86810B9284603F054F927
:10941000A8684660304602F0BCFA04000AD0304624
:10942000256002F042FAA04205D13046BDE8704006
:1094300000F04CB8FEE770BD10B504000DD0084A2E
:109440000849F1F722FF6269002A07D0002805D1F8
:109450002046BDE8104001211047FEE710BD000086
:10946000CFB80108ABB8010810B504000DD0084A08
:109470000849F1F70AFF6269002A07D0002805D1E0
:109480002046BDE8104000211047FEE710BD000057
:10949000D7B80108DDB801080148006C704700002A
:1094A000605A0020002802D0007FC0F340007047BF
:1094B000002803D0C068002800D000687047000072
:1094C0002021014802F00EBA945A002070B50446DB
:1094D000007FC0F3C00540F0080020774007204619
:1094E00002D4FFF7A9FF01E0FFF7BEFF207F65F37D
:1094F000C300207770BD2DE9F041064603F0E3FE7E
:1095000004003DD0E068002740B30068B04220D19D
:10951000207FC10702D020F001002077204602F012
:10952000C4F9E16888420FD1204602F0D7F9E1681A
:10953000884209D12046F2F75BFA0246E068112121
:10954000006806F018FB02E02046FFF7BFFFE06866
:1095500020B1E0680068B04200D1E760204602F028
:10956000A4F911E028682946B04220460AD102F049
:1095700066FA2846FFF788FCB068002800D04760EC
:10958000BDE8F08102F0A3F90500EBD1F8E770B572
:1095900004001CD0207FC0F340028A4218D061F33F
:1095A000410020772046FFF783FF050010D02046BA
:1095B000F2F71EFA0246E0681021006806F0DBFAB6
:1095C000012805D12846BDE8704005F025BAFEE720
:1095D00070BD2DE9F0478AB05FEA030ADDE9138721
:1095E000DDF8489015460E4604460FD14FF48071C1
:1095F00089450BD1884509D1551E0020E560761EAE
:109600002060C4E901060AB0BDE8F087202102A865
:10961000E6F7B3FE0496CDE9075609950125CDE995
:10962000007543464A46514602A807F086F8CDE940
:10963000007543464A46514604A807F07EF8CDE936
:10964000007543464A46514606A807F076F8CDE92C
:10965000007543464A46514608A807F06EF804993B
:109660000298884200DB0846089A0699914200DB7E
:109670001146884204DA04990298884205DB03E027
:1096800006981146904200DB084620600499029833
:10969000884200DC0846089A0699914200DC11468F
:1096A000884204DD04990298884205DC03E00698AC
:1096B0001146904200DC0846401EA06005990398C0
:1096C000884200DB0846099A0799914200DB11465F
:1096D000884204DA05990398884205DB03E007987D
:1096E0001146904200DB0846606005990398884265
:1096F00000DC0846099A0799914200DC114688422D
:1097000004DD05990398884205DC03E007981146BB
:10971000904200DC0846401EE06074E71CB50D4C2A
:10972000D4F81C1199B90C4AD2E900319268CDE9FC
:109730000012024618210948F8F7D9F808A1C4F820
:109740001C01F8F76DF9D4F81C01002800D00120A5
:109750001CBD0000605A0020E87F0408C07F040898
:10976000494D4147450000000248D0F81C01F8F778
:109770002BB90000605A002070B50025CD62886DBD
:109780000C4620F07C0040F003008865084604F099
:1097900007FEE063204603F09BFDC4E910054FF48B
:1097A0008070A064E064A06D002240F08000A0659D
:1097B000114604F1340006F0AEFF0B4904F15000ED
:1097C0000A4606F0A8FFA06D022120F4706000F5A3
:1097D0001060A065204605F013FF2046BDE87040EC
:1097E0004FF4803102F00BBD3200002010B501466D
:1097F000034803F06FF8044603F0D2F8204610BD8A
:10980000708604082DE9F04180460D4817461E4633
:10981000D0F81C010022F8F746F8051E0DD0F8F725
:10982000A8F80446C760007A012803D1606808F0F0
:109830000FFA6060C4E904862846BDE8F0810000A4
:10984000605A002010B504460068002812D0C26893
:109850000AB121469047FFF787FF00280AD0206C05
:10986000002807D0616C002904D0BDE81040002218
:10987000F8F7AFB810BD000010B5054802F03AF88F
:10988000040004D0182102F07CFA204610BDFEE747
:10989000705B002070B505680E460021AC682CB1E5
:1098A0001346014632462846A0470146084670BD89
:1098B00030B593B00D4604464C21684602F061FA7B
:1098C0002046039400F0AAFB8DF810002946684654
:1098D000F3F7FCFC002800D0012013B030BD0000DD
:1098E00070B50D4604461821054801F0FBFF2046DF
:1098F000FFF714FF2846BDE8704000F0B3B9000040
:10990000705B0020F0B50D4687B0164604464C212A
:1099100002F037FA85B12846E56000F07FFB20743D
:10992000FFF722FF0025F0B11E48D0F81C0120648B
:109930002EB1B17819B116E0002007B0F0BD217C3E
:109940008DF80810E168019100226946F7F786FF5B
:10995000070008D0F8F70DF8C168E1620069676494
:1099600020600120E9E704F120012046F3F7AEFC76
:1099700020600028E1D026B1316861603179217220
:1099800001E0656025724268214690470546207ACD
:1099900030B1012D04D1E06A10B10021F9F7F7FFD1
:1099A0002846CAE7605A0020F8B50C004CD0051DC7
:1099B0000079264F30B32088C0F30721142921D025
:1099C000A08880B2FAF770F90646208981B2304645
:1099D000B14217D001462046F9F7F3FD012811D016
:1099E00000962088C0F307236068020C81B23846D5
:1099F000F9F754FF060027D0002322461946F9F74D
:109A0000C5FE34466878E8B12088C0F30720A0F18D
:109A10000B01042916D3F8F746FF98B1012120461F
:109A2000FAF721F870B920212046FAF71CF808B19E
:109A3000204605E021463846F9F787FF040003D0A9
:109A4000FAF770F82046F8BD0020F8BD585B0020FA
:109A5000C160704781607047016070474160704726
:109A600010B591F858000C4600F00300012801D011
:109A7000022808D1E06AFFF707FA0020E062A06D33
:109A800040F00300A06510BD2DE9F0418AB0884682
:109A90000846FEF765FF054641466A4803F021FB8C
:109AA00001281AD14046FEF75FFF044607A900F0DF
:109AB000CBF82F2D14D007AF4FF48076182D1DD082
:109AC000132D59D0312D7DD01A2D03D01D2D01D04D
:109AD000172D02D14046EEF7A3FB0AB0BDE8F08196
:109AE00094F8580000F003000228204602D005F048
:109AF000DDFCF2E7E16A00F0F2F9EEE74046FEF73E
:109B00007BFF0546606C28B9A06CB04202D1E06CC6
:109B1000B042E2D0204604F043FC8046204603F0E9
:109B2000D7FB0646B4F84C00B4F8481080B289B2AE
:109B3000CDE9001002973246414603A8636CFFF757
:109B400048FD039829684042814200DD08462860AC
:109B500004994942884200DC08462860059AA2EB35
:109B60000801884200DC084628600699891B884263
:109B700000DC08462860B0E74046FEF73DFF05469A
:109B8000204604F00DFCE16B884248D1204603F0EA
:109B90009FFB0146206C814241D1A16CB14213D19F
:109BA000E16CB14210D1616C71B9E16B226D01EBD6
:109BB000D171B2EB610F07D1616D00EBD070B1EBE9
:109BC000600F00E036E02AD0204604F0E9FB0646AC
:109BD000204603F07DFB0246B4F84C00B4F8481070
:109BE00080B289B2CDE900100297636C314603A8B8
:109BF0001434FFF7EEFC0398216800220844039018
:109C00000498616808440490059821680844059008
:109C1000069861680844069003A8296806E069462A
:109C2000204603F0CCFA002268462968F6F755FC76
:109C3000287152E74046FEF7DFFEE16B0160216CC0
:109C400041604AE77086040870B50D460446C16B52
:109C5000006D06F081FC2860216C606D06F07CFCD4
:109C6000686070BD1CB50D4CD4F8201199B90C4A30
:109C7000D2E900319268CDE9001202461821094864
:109C8000F7F735FE08A1C4F82001F7F7C9FED4F8AC
:109C90002001002800D001201CBD0000605A0020D7
:109CA000F47F0408987F0408494D4147455F4845C3
:109CB00041444552000000000248D0F82001F7F767
:109CC00083BE0000605A00202DE9F0430446B0F83E
:109CD000580089B0C0F3032015460E460A2801D962
:109CE00000263546206DB04202D1606DA8426DD08D
:109CF000204606F0ADFB204604F052FB814620468C
:109D000003F0E6FA804607A92046FFF79DFFB4F866
:109D10004C00B4F8481080B289B2CDE9001007AF0A
:109D200002974246494603A8636CFFF752FC039929
:109D30006069084403900499A06908440490059957
:109D40006069084405900699A0690844069003A933
:109D5000204604F07CFE2A46314604F1500006F00D
:109D6000DAFC204603F088FA05460021F9F70AF8E4
:109D7000204605F09BFB01212846F9F703F807A9C7
:109D80002046FFF761FFB4F84C00B4F8481080B2E9
:109D900089B2CDE9001002974246494603A8636C98
:109DA000FFF717FC03986169084403900498A169C0
:109DB0000844049005986169084405900698A169D3
:109DC0000844069003A9204604F041FE09B0BDE80E
:109DD000F08300002DE9F0410446B0F858008AB045
:109DE000C0F303200D460A2805D900250CE000BF6A
:109DF000A5F5616501E04FF461608542F8DA01E0A4
:109E000005F56165002DFBDB606CA84264D020463F
:109E100006F01EFB204604F0C3FA8046204603F0FD
:109E200057FA074607A92046FFF70EFFB4F84C0083
:109E3000B4F8481080B289B2CDE9001007AE02969E
:109E40003A46414603A8636CFFF7C3FB0399606978
:109E5000084403900499A069084404900599606936
:109E6000084405900699A0690844069003A9204675
:109E700004F0EDFD2046656403F0FEF9054600217F
:109E8000F8F780FF204605F011FB01212846F8F77E
:109E900079FFB4F84C00B4F8481080B289B2CDE92B
:109EA000001002963A46414603A8636CFFF791FB07
:109EB00003986169084403900498A16908440490D8
:109EC00005986169084405900698A16908440690C0
:109ED00003A9204604F0BBFD0AB0BDE8F0812DE9DE
:109EE000F04389B08846044604F096FD404600F0F1
:109EF00095F805464FF0000903280BD003A940460A
:109F0000FFF7D6FC012816D1C5B1012D24D0022DB2
:109F100022D05CE094F8580000F00300022801D041
:109F2000012802D1E06AFEF7AFFFC4F82C90A06DC3
:109F300040F00300A06509B0BDE8F08394F8580034
:109F400000F00300012801D0022802D1E06AFEF7E8
:109F50009BFFC4F82C803AE0E06A404512D094F8A8
:109F60005810002601F00301012901D0022900D177
:109F70000646404607F06CFE38B1E06216B1304646
:109F8000FEF782FF022D01D021E0FEE720460021EE
:109F90005A2204F02DF80746204600215B2204F0E7
:109FA00027F80646204600215C2204F021F86FF0D5
:109FB00060428DE8050233463A46414606A808F05D
:109FC00003FF0698ADF810000798ADF81200A06DD9
:109FD00065F30100A065049881B2E1630498010C67
:109FE00021640398010AA06D61F38600A0652046F4
:109FF00005F07CFA204615F01DFB606C38B9A06CAA
:10A000004FF48071884202D1E06C884202D0204631
:10A0100005F04CFA204604F0FFFC8CE730B10078E4
:10A02000A0F120015F2903D8012070470320704769
:10A03000802801D302207047002070470148006D3E
:10A0400070470000605A00200148406D70470000D2
:10A05000605A002090F8980000097047002801D04D
:10A06000D0F8A80070470000044A18B10146104615
:10A0700001F02DBC104601F018BC0000A45A0020CD
:10A0800030B10278012A05D0032A03D04FF0FF3007
:10A09000086002E0026B0A60406B4860704700286D
:10A0A00005D00178012903D0032901D00020704791
:10A0B00090F8980000F00F007047002805D0017854
:10A0C000012903D0032901D000207047006F704799
:10A0D000002800D0007A7047002800D00078704730
:10A0E00000220A604A60002808D00278012A01D0C4
:10A0F000032A03D1826C0A60C06C4860704700007C
:10A1000070B50D4638B1BDE87040F3F7EDBC294697
:10A11000F3F7EAFC2046FFF7A7FF0400F7D1014957
:10A12000486570BD605A002070B588B015460E466F
:10A13000044668461C22002101F0E7FD009404F16A
:10A14000B0000194ADF80860012269460495044608
:10A15000FEF7A2FC012804D1002269462046FEF742
:10A160009BFC08B070BD002803D0817A41F0080143
:10A170008172704770B5244D2878002842D12C4652
:10A1800020464FF4F672002101F0BFFD4FF44471F8
:10A19000201D01F0A7FBC42104F1440001F0A2FB43
:10A1A0001A486066012684F824600320A0658C208C
:10A1B000E0623F202067164806F016FB01F0CAFC5B
:10A1C000F9F78CFC07F0F2FA06F060F909F014FDDB
:10A1D000FEF7CAFE01F0C6F8F5F74CF9FFF770F983
:10A1E000FAF746F8FDF70AF905F0EEFF06F074FC01
:10A1F00000210846FFF774FBF6F70AFE44201128F9
:10A2000001D02E7070BDFEE7605A0020D4C3B2A109
:10A21000CDAB341270B588B00D46040003D1F8F709
:10A22000D1FD040023D0F8F74FFE00281FD0A06B0B
:10A23000800300D5FEE70026BDB1049620460596B2
:10A24000F8F7D0FD401E06902046F8F723FE401E8A
:10A25000079004AA29466846F6F789F8002806D030
:10A2600094F83B00072804D00BE0C4F85C6208B007
:10A2700070BD009820F007000090029840F00700A1
:10A28000029094F83900022808D06A46322120460C
:10A29000F8F7B6FE0128EAD1002514E004AD95E8F0
:10A2A0000F0004F13C0585E80F0001201FE000BF0E
:10A2B00004EB0511002268463C31F6F778F80028D7
:10A2C000D5D16D1CADB2D4F85C02A842F0D8694675
:10A2D000202802D304A9C4F85C62D4F85C0204EB21
:10A2E00000103C30F5F778FFD4F85C02401CC4F84D
:10A2F0005C02002235212046F8F782FEB7E7000015
:10A3000010B50C460421204605F07AF90020A0641F
:10A3100084F84C0084F84D0003460246052120468F
:10A3200002F03BF8002320220649204601F056FFA8
:10A3300000221146204605F08AFD2046BDE8104067
:10A3400000F03AB949A3010870B5FEF70DFB0446C9
:10A35000F7F73CF90146A0F57F40FF3876D020465C
:10A36000F7F70EF9050071D069A107F05BFC694EA3
:10A37000002846D068A1284607F054FC002846D0A3
:10A3800066A1284607F04EFC002846D064A1284666
:10A3900007F048FC00284CD062A1284607F042FC98
:10A3A000002846D060A1284607F03CFC002853D086
:10A3B000A06C00284AD05DA1284607F033FC002895
:10A3C0005AD05CA1284607F02DFCE8B35AA12846D4
:10A3D00007F028FCC8B359A1284607F023FCB0B306
:10A3E00057A1284607F01EFC90B356A1284607F057
:10A3F00019FC0028A06C59D02946BDE8704008F02F
:10A4000087BF002184F84C10204631680AE0012102
:10A4100084F84C102046716804E0022184F84C1046
:10A420002046B168F7F720F92046BDE8704000F0FB
:10A430008BB800222421204605F09DFB012865D120
:10A44000A06C002862D004E016E020E05EE023E08B
:10A4500027E0002224210BE000222321204605F0E2
:10A460008AFB012852D1A06C00284FD00022232162
:10A47000BDE8704005F07FBB0A21A06C08F0C8FE63
:10A48000A06C09F071F9002840D0A06CEEE7A06C38
:10A49000BDE8704009F043B8A06CBDE8704009F019
:10A4A00045B8A06CBDE8704009F06AB809F05AF9E7
:10A4B0000546A06C09F078F900782D280FD02B28DC
:10A4C000A06C16D0002109F07FF92D21A06C08F0B6
:10A4D0009FFEA06C691CBDE8704009F075B90121B0
:10A4E000A06C09F071F9A06C09F04AF82B21A06C5E
:10A4F00007E0012109F068F9A06C09F041F82D216D
:10A50000A06C08F085FE2946A06CE4E770BD000051
:10A5100061626300C4010020414243003123000016
:10A52000EF808D00EF849C00EF808C00456E746599
:10A5300072000000EFA2A200EF819300EF8194006F
:10A54000EF959A002B2F2D002DE9F0410446074688
:10A5500090F84D00174EC00708D094F84C0056F8FC
:10A5600020103846BDE8F041F7F771B8A06B400005
:10A5700001F09AFA0546A06B420097F84C0056F895
:10A580002010284601F006FB002006E035F81010E8
:10A5900021F4806125F81010401CA16B8142F5D890
:10A5A00029462046F7F753F82846BDE8F041FEF764
:10A5B0006BBC0000EC01002010B5044690F84C0084
:10A5C000054951F820102046F7F74EF82046BDE81F
:10A5D0001040FFF7B9BF0000C401002070B500258E
:10A5E000CD6291F85C006E1E20F0080000F0F800CB
:10A5F0004E630C4681F85C002A46294604F154005B
:10A6000006F089F8300CC4E91050A064C4E90E6566
:10A61000256394F85C00022120F0200084F85C009F
:10A62000204604F0EDFF0021204600F0C5FD204645
:10A63000BDE8704001A100F0FBBD000054657874D6
:10A640000000000010B50146034802F043F904463B
:10A6500002F0A6F9204610BD308A040810B508465D
:10A660000C4600F00AF894F85C00000702D4E06A97
:10A67000FEF70AFC0020E06210BD10B5044690F819
:10A680005C00800603D5206B08B1FEF7FDFB94F853
:10A690005C0020F0200084F85C000020206310BDE6
:10A6A0002DE9FE4F8846464802F01BFD01287DD16A
:10A6B0004046FEF755F905464046FEF755F9044673
:10A6C0002F2D0CD02E2D0AD0182D0FD0312D1CD0AF
:10A6D0001A2D73D14046BDE8FE4FEFF758B800F091
:10A6E00039FD2046BDE8FE4F00F0D0BA002103F04E
:10A6F00084FDFEF7BEFBC11700EB9170811003B023
:10A700004046BDE8F04FFEF7FAB994F85C00400609
:10A7100043D50021204603F070FD824600212046EB
:10A7200003F07DFD81460021204603F08AFD0746A7
:10A7300094F85C000026C00600D50126204602F0F1
:10A7400084FD0021204603F0A6FD6FF040418842C1
:10A7500004D1608D000501D44D1003E0204602F0C5
:10A7600074FD05460021204603F06AFBA84204DC84
:10A770000021204603F064FB05460097CDE9015611
:10A780004B46524604F14C00E16A08F01DFB94F878
:10A790005C0020F0400084F85C004046FEF72CF995
:10A7A0000268E16C8A4200DD114600E006E00160CB
:10A7B0004168226D914200DC11464160BDE8FE8F88
:10A7C000308A04082DE9F04F99B00C00054636D0C8
:10A7D0000021122203F00CFC21681022081A1290AA
:10A7E0000021284603F004FC6168081A14900EA9A1
:10A7F000284602F0F7FC002634460EA8EF6AF5F76B
:10A80000A4FD09900EA8F5F791FD179000212846A8
:10A8100003F0F3FC04900021284603F012FD0D9094
:10A820000021284603F0FBFC06900498FEF721FB6C
:10A830008246B0462846F1F790F981462DE0FEE7C2
:10A840000D9908EB0A0B594417985144814207DDD2
:10A8500095F85C0000F00700012801D149F00409D7
:10A860000021CDE90019B819099B069A049908F04E
:10A87000A3F90444149858450BDC2E4A0094694609
:10A880001268384690470A280AD0385D40B9641CDF
:10A8900006E00D99264651448844B85D0028CFD182
:10A8A0004FF00008CDF82C8007EB060928464146FA
:10A8B000EA6A01F0F1FF014604980EAD069A8DE8B0
:10A8C0002500A31B4A460BA8EBF715FD4546CDF81E
:10A8D0001480DCB91DE005AB01AA02A9484608F0C6
:10A8E00053F9DDE901210498FEF791FA0B9A1299C8
:10A8F000104481421BDB05993144A14217D0A919AC
:10A90000795CA1B10699059D08440B90A819A04255
:10A91000E1D3094C294648462268904705462268FB
:10A9200031463846904719B02844BDE8F08F059568
:10A93000EFE70000B0840408B48404082DE9F74F61
:10A9400096B05FEA0208044648D01494E56A0021F4
:10A950002A46204601F0A0FF0B902878E8B314980F
:10A96000F1F7FBF84E4A1390284612681799904762
:10A9700007460021204603F064FC83460021204660
:10A9800003F04DFC02900021204603F036FC0390BA
:10A99000FEF76FFA82460DA9204602F023FC0DA8AF
:10A9A000F5F7D3FC12900DA8F5F7C0FC4FF00009A5
:10A9B0004E461590A85D4C46F0B300BF09EB0A0166
:10A9C000594415985144814228DD149890F85C0050
:10A9D00000F0070001281DD020E000E0FEE7002085
:10A9E000C8F804000B99012906D0022909D00329CF
:10A9F00004D1204602F029FCC8F8000019B0BDE8D7
:10AA0000F08F204602F021FC00EBD0704110C8F816
:10AA10000010F3E7139840F00400139013990020FE
:10AA2000CDE90001DDE902212819129B08F0C4F8E4
:10AA30000644B74208D300E006E0A85D20B10AEB67
:10AA40000B0189443446B9E767B1E81910F8010CE5
:10AA50000A2801D00D2805D1E85D18B90AEB0B01D1
:10AA600089443C46DDE902322544391B284608F07A
:10AA700007FA17990A90A14202D0029908440A9055
:10AA8000DDE902100DAA8DE80700331B2A460AA84B
:10AA90000B99EBF730FC0A99C8E90019AEE7000002
:10AAA000A8840408C06A7047806C7047406C704787
:10AAB0002DE9F04117000D46044627D094F85C00BC
:10AAC000000725D4204603F0A7FFE06A07F0D2F87C
:10AAD0000646384607F0CEF88119491CE06A05F0B1
:10AAE0007BFFE06298B1A5F57F41FF3903D10949A9
:10AAF0000968884705463A462946E06A08F0ECF9B5
:10AB00002046BDE8F041002100F092BBFEE7FEE7E1
:10AB1000BDE8F081B88404082DE9F34F97B05FEAEF
:10AB2000010929D00FA9179802F05CFB179800249F
:10AB30002546C76A14900FA8F5F707FC09900FA8DF
:10AB4000F5F7F4FB16900021179803F056FB0390DD
:10AB50000021179803F075FB0E900021179803F061
:10AB60005EFB82460398FEF784F980461498F0F75E
:10AB7000F4FF8346002626E0FEE700BF06EB080050
:10AB80000E991590014416984144814208DD1498AD
:10AB900090F85C0000F00700012801D14BF0040B95
:10ABA0000020CDE9000B38195246099B039908F0A3
:10ABB00003F80544D9F804101598814206DD0E9873
:10ABC0002C4640440644385D0028D7D11498002113
:10ABD000C26A179801F060FE0026022802D00328FE
:10ABE00012D01CE0291B38195346039A08F048F983
:10ABF00006460FA8F5F7A9FB00EBD071491006EB4C
:10AC0000D670A1EB60060AE0291B38195346039A57
:10AC100008F036F906460FA8F5F797FB861B4FF0AC
:10AC20000008CDF82C80CDF834800594A5B16D1EB8
:10AC3000AC4211D805AB0DAA0BA9384607F0A4FF0A
:10AC4000B0460D9A0B990398FEF7E1F8D9F8001079
:10AC50003044814214DA05940D9A0B990398FEF75B
:10AC6000D6F85044D9F80010A8EB0A02401C9142D3
:10AC70000ADB4044814207DC012019B0BDE8F08FB7
:10AC800000EB0A06059CD3E70020F6E72DE9F04F1C
:10AC90000446C06AA3B000287ED04FF0FF36A663FA
:10ACA00094F85C0040F0400184F85C10204616A93E
:10ACB00002F098FA16A8F5F748FB804600212046D6
:10ACC00003F09BFA83460021204603F0BAFA0546BA
:10ACD0000021204603F0A3FA07462046F0F73DFF87
:10ACE0000095CDE901803B465A461DA8E16A08F06F
:10ACF0006BF8204604F0FAFB94F85C0042F21079FD
:10AD000000F007004FF4967A4FF00008022804D0B4
:10AD1000032871D0012870D007E20021204602F0FC
:10AD2000B1FF07460021204602F0AFFF050005D124
:10AD30004A4651462820F4F799FC05466846F4F740
:10AD4000F1FB21466846F4F78FFC31466846F4F77C
:10AD50007DFC51466846F4F775FC68460E99F4F799
:10AD600077FC002616A8F5F7F0FA1D99884245DA17
:10AD700016A8F5F7EAFA1D99421A31466846F4F723
:10AD80006DFCED496846F4F759FCEB492046F4F7B1
:10AD9000AFFB00210A4600E0CAE120B1416B90F808
:10ADA000540000F001020C9888420FDD9DF8540019
:10ADB0000D9120F008008DF854003AB140F00100E8
:10ADC0008DF854000B99099809910B902946684613
:10ADD000F4F72CFC68460C99F4F736FC3FB194F874
:10ADE0005C00394600F0070268460AF0EBFA684654
:10ADF000F4F75CFC012607E051E0E7E0CE4920468D
:10AE0000F4F752FBC4F8548016A8F5F78FFA1E9990
:10AE100088427CDA002E7AD116A8F5F787FA1E99B7
:10AE2000461A5846FEF725F8321A00216846F4F70C
:10AE300015FCC2496846F4F701FCC0492046F4F706
:10AE400057FB00210A4620B1416B90F8540000F0F6
:10AE500001020C9888420FDD9DF854000D9120F0FE
:10AE600008008DF854003AB140F001008DF854000C
:10AE70000B99099809910B9029466846F4F7D6FB7F
:10AE800068460C99F4F7E0FB002F07D094F85C00BB
:10AE9000394600F0070268460AF094FA92E0002171
:10AEA000204602F0EFFE07460021204602F0EDFEAC
:10AEB000050005D14A4651462820F4F7D7FB054640
:10AEC0006846F4F72FFB21466846F4F7CDFB314680
:10AED0006846F4F7BBFB002616A8F5F736FA1D996D
:10AEE000884236DA202211465846FDF790FF1D9918
:10AEF00000EB40000844424200216846F4F7AEFBF4
:10AF00008D496846F4F79AFB2946684600E02DE033
:10AF1000F4F78CFB88492046F4F7EAFA00B1406B5D
:10AF200047B194F85C00394600F0070268460AF021
:10AF300049FA09E00C99814206DD0D909DF8540014
:10AF400020F008008DF854006846F4F7AFFB0126A6
:10AF500005E079492046F4F7A7FAC4F8548016A80A
:10AF6000F5F7E4F91E99884200DA36B173492046B4
:10AF7000F4F79AFAC4F85880D7E05846FDF779FFFD
:10AF80001E990844424200216846F4F767FB6B496A
:10AF90006846F4F753FB29466846F4F747FB6749D0
:10AFA0002046F4F7A5FA00B1406B002F7FF46EAF96
:10AFB0000C99814206DD0D909DF8540020F00800A8
:10AFC0008DF854006846F4F771FBAEE016A8F5F76B
:10AFD000ADF91E9988420BDA5846FDF74AFF1E99D3
:10AFE000884205DA5649E06A09688847032801D88B
:10AFF00066639AE016A8F5F7A8F906462E221146D0
:10B000005846FDF704FF3844A0EB80003044079019
:10B0100016A8F5F78BF908905846FDF72AFF08990E
:10B02000284491FBF0F200FB12165846FDF721FF71
:10B03000B0420898A0EB060006DC08905846FDF7E1
:10B0400018FF0899084400E0401B0890002207A957
:10B050002046FFF7B7FB8146E06A06F00BFE394A4F
:10B06000074649461268E06A9047374D039005E06D
:10B070002A6803A9E06A9047A9F101090398C01C56
:10B08000B842F5D80025DFF8C4B0039EAA46E06AAE
:10B0900003990844DBF8001088472D4A2844C5B2BC
:10B0A000126803A9E06A9047032D07D80398B842B5
:10B0B00004D80AF1010ABAF1030FE8D9E16A20467F
:10B0C00001EB060A0746FFF7D8FA042D12D9681CCF
:10B0D00000F0EAFC386340B32A46514600F05AFDBE
:10B0E000396B01F8058097F85C0040F0200087F884
:10B0F0005C000BE097F85C002A4620F0200087F8FF
:10B100005C00514607F1300000F044FD00202E2184
:10B110003318E26A401C0328D154F9D3E16AF61CC3
:10B1200009F1030001F806806063204603F074FC17
:10B1300023B0BDE8F08F0000E1AC0208E7AC0208E4
:10B14000B8840408A8840408B0840408A08404080F
:10B15000A48404082DE9F0410446054690F85C00FB
:10B1600000F00700012823D1696B481C20D0114A48
:10B17000E86AC91E12689047024694F85C100020E5
:10B18000890601D5216B06E004F1300103E00F5C74
:10B19000401CF754C0B2EE6A1318F75C002FF6D1CA
:10B1A000095C104431542046FFF767FA781E686343
:10B1B000BDE8F081A884040870B50D4604461A491C
:10B1C000F4F772F919492046F4F76EF90022114696
:10B1D00004F1540005F09FFA022D0ED0032D0CD07F
:10B1E000042D0AD094F85C0020F0100101F0070053
:10B1F00084F85C10012805D00AE094F85C0040F067
:10B200001001F3E7606B401C02D02046FFF7A2FF5D
:10B2100094F85C0065F3020084F85C002046BDE809
:10B220007040FFF733BD0000E1AC0208E7AC020854
:10B2300070B50D46044603F0EFFB05B9E56A2846F4
:10B2400006F018FD461CE06AA84209D194F85C108B
:10B25000090705D4314605F0BFFBE062B8B9FEE747
:10B2600038B194F85C10090703D4FDF70DFE0021F6
:10B27000E162304600F018FCE06268B1294606F051
:10B28000DDFC94F85C0020F0080184F85C10204696
:10B29000BDE87040FFF7FABCFEE70FB470B5044696
:10B2A0000598F8B1204603F0B7FB0598D8B1E06ADD
:10B2B000002530B194F85C10090702D4FDF7E4FDD5
:10B2C000E56206A9059807F081FEE06294F85C004B
:10B2D00020F00801204684F85C10FFF7D7FC70BC12
:10B2E0005DF814FBFEE72046F7E7816403F094BBAA
:10B2F000416403F091BB70B5044690F85C000D46C4
:10B30000000705D4E06A18B1FDF7BEFD0021E16237
:10B3100035B194F85C0040F0080184F85C10E562F7
:10B320002046BDE87040FFF7B1BC000010B50446F0
:10B330000021162202F05CFE10F0FF000ED008493A
:10B340008A6D82420AD3CA6D042101EBC0015158B3
:10B3500052F830202046BDE81040104710BD0000D4
:10B36000605A002010B5064CA06DC00000F09CFB98
:10B37000E065FDF7D1FBBDE81040FEF731B80000F5
:10B38000605A002038B508460C4608F0C9FB00900A
:10B39000BDF8000024F82C0F9DF80200A070FF20DB
:10B3A000E07038BD10B50146034801F093FA044639
:10B3B00001F0F6FA204610BD548A040870B59EB01C
:10B3C0000D460846FDF7CCFA06461A2807D01B2E74
:10B3D00005D029469E4801F084FE01287ED12846EA
:10B3E000FDF7C2FA04461A2E78D16846F9F7B4FF81
:10B3F0006A460021204603F086F9BDF82100ADF829
:10B4000070009DF823008DF872001C98F7F7FAF988
:10B410000646F7F7E9F90146324654F82C0FF7F7DC
:10B420007CFA1C90BDF87000ADF821009DF8720008
:10B430008DF823000998F7F7E5F90646F7F7D4F9F0
:10B44000014632462068F7F768FA1C90BDF8700094
:10B45000ADF824009DF872008DF82600BDF8290093
:10B46000ADF870009DF82B008DF872001C98F7F76E
:10B47000C9F90646F7F7B8F9014632462068F7F7EA
:10B480004CFA1C90BDF87000ADF829009DF87200D0
:10B490008DF82B00BDF85900ADF870009DF85B00E9
:10B4A0008DF872001C98F7F7ADF90646F7F79CF98E
:10B4B000014632462068F7F730FA1C90BDF870005C
:10B4C000ADF859009DF872008DF85B00DDF83E0084
:10B4D000F7F798F90646F7F787F900E0B5E0014677
:10B4E00032462068F7F719FA1C90BDF87000ADF8E5
:10B4F0003E009DF872008DF84000DDF84A00F7F735
:10B5000081F90646F7F770F9014632462068F7F7E9
:10B5100004FA1C90BDF87000ADF84A009DF8720066
:10B520008DF84C00F7F760F90146E278BDF821008C
:10B53000ADF870009DF823008DF872001C98F7F7A5
:10B54000ECF91C90BDF87000ADF821009DF8720078
:10B550008DF82300F7F748F90146E2780998F7F7E4
:10B56000DCF91C90BDF87000ADF824009DF8720065
:10B570008DF82600F7F738F90146E278BDF8290082
:10B58000ADF870009DF82B008DF872001C98F7F74D
:10B59000C4F91C90BDF87000ADF829009DF8720048
:10B5A0008DF82B00F7F720F90146E278DDF83E0030
:10B5B000F7F7B3F91C90BDF87000ADF83E009DF8A8
:10B5C00072008DF84000F7F70FF90146E278BDF8F8
:10B5D0005900ADF870009DF85B008DF872001C9862
:10B5E000F7F79BF91C90BDF87000ADF859009DF875
:10B5F00072008DF85B00F7F7F7F80146E278DDF8A6
:10B600004A00F7F78AF91C90BDF87000ADF84A00BF
:10B610009DF872008DF84C0014F8031F17985039EC
:10B620004143AF2091FBF0F1179114F82F191A9AAA
:10B630005039514391FBF0F01A902846FDF7CBF9B1
:10B6400004F114026946F9F771FC1EB070BD0000E8
:10B65000548A0408FF21AFF3008090F82F208A421B
:10B660000AD0FF2903D2502902D2502100E0FF2145
:10B6700080F82F1003F0D0B9704703B4BDF8041060
:10B6800081859DF8061080F82E1002B003F0C4B931
:10B69000084600210163C162416B21F0030141634F
:10B6A000022103F0ADBF000010B50146034801F0D0
:10B6B00011F9044601F074F9204610BD788A040897
:10B6C0002DE9F04F95B00D46644801F00AFD0128C0
:10B6D0003ED12846FDF744F906462846FDF744F9D1
:10B6E0000446182E27D04FF00409312E33D01A2EDD
:10B6F0002ED12846FDF76FF98346206B002827D00E
:10B70000E06A002824D010A9204601F0AFFD2046B1
:10B7100001F078FF10990F1A204601F079FF119976
:10B720000E1A6846F9F707F96A460021204602F02A
:10B7300087FF002588E00021482202F059FC0446DA
:10B740002846FDF759F901460068A04200DA0C606E
:10B7500015B0BDE8F08F206B0028F9D0E06A002812
:10B76000F6D02846FDF748F9002319461A463C4F03
:10B77000266B20E0D4F82CC05CF83250C5F3417839
:10B78000B8F1010F03D125F0C048B84502DD9D4254
:10B7900000DD2B4609EBC2055CF80550C5F3417C82
:10B7A000BCF1010F03D125F0C04CBC4502DD8D4238
:10B7B00000DD2946521C9642DCD8C0E90031C7E7BB
:10B7C000204602F0EDFD8246204601F081FD8046D4
:10B7D000E06A514650F835000BF05AF838440790AB
:10B7E000E16A09EBC500085841460BF051F8089092
:10B7F0000821E06A01EBC501405851460BF048F8BA
:10B80000384409900C21E06A01EBC50140584146DB
:10B810000BF03EF80A9094F83400C00719D008994C
:10B82000A8EB010030440A990890A8EB01003044CD
:10B830000A9069465846F9F742F89DF83D006D1C9C
:10B8400020F004008DF83D00206B401EA842B7D8C0
:10B850007EE70898304408900A98E8E7788A040858
:10B86000FEFFFF1F0023F3F7A4BD0021AFF300800C
:10B870002DE9F0410E46074600F017F8044608E0AF
:10B880002146384600F023F8054636B12046B04739
:10B890002C46002CF4D1BDE8F0812146384600F05A
:10B8A000CEF82046FDF7F0FAF2E7002800D0406815
:10B8B000704700B503460022FFF7F7FF03E0184684
:10B8C000521C00F004F80100F9D1104600BD0068D8
:10B8D000091D40587047006840587047002800D044
:10B8E0008068704700224260C91C21F00301826019
:10B8F0000160704770B504460068083000F0D4F865
:10B90000050013D001460022204609F03DFC2946DF
:10B910002046626809F032FC616819B12A46204667
:10B9200009F032FC6560A06800B9A560284670BDCA
:10B930002DE9F0410C4606000AD04CB1FFF7B5FFE7
:10B94000A04208D13046FFF7D5FF051E01D01EE00A
:10B950000020BDE8F0813068083000F0A5F8051E31
:10B96000F7D030682A4607593046394609F006FCB8
:10B970003A462946304609F007FC2A462146304619
:10B9800009F002FC22462946304609F0F7FB28461A
:10B99000DFE770B504460068083000F085F8050060
:10B9A00013D001460022204609F0E8FB2946204634
:10B9B000A26809F0E9FBA16819B12A46204609F0FE
:10B9C000DDFBA560606800B96560284670BD28B1E0
:10B9D000416809B9806808B10020704701207047AC
:10B9E0002DE9F04114460E460746A14225D014B178
:10B9F0003868055902E0FFF771FF0546AE421CD0DA
:10BA00003146384600F01BF832462946384609F0E0
:10BA1000B5FB2A463146384609F0B6FB3246214688
:10BA2000384609F0B1FB22463146384609F0A6FBFC
:10BA300004B9BE60002D00D17E60BDE8F08170B514
:10BA400004000DD0FFF731FF00228842204608D1C4
:10BA5000FFF73DFF6060011E01D000221EE0A260E2
:10BA600070BDFFF73BFF8842206808440AD1016897
:10BA7000A16029B12046BDE87040002209F07EBBDC
:10BA8000626070BD05682046FFF721FF064602464A
:10BA90002946204609F072FB2A4631462046BDE879
:10BAA000704009F071BB704708B100F005B801485B
:10BAB00070470000C45A002070B50C4C0146D4F801
:10BAC000B80108F057FA05000DD008F0F4F9D4F8E1
:10BAD000BC110844C4F8BC01D4F8C011884200D895
:10BAE0000846C4F8C001284670BD0000605A002016
:10BAF00070B5040009D0FFF7DFFF050007D022462C
:10BB0000002100F002F9284670BD024870BD0020F7
:10BB100070BD0000C45A002010B58A42029C01DBAF
:10BB2000904207DA8A4201DB884209DD8A4203DC5F
:10BB3000904201DC204610BD8A4203DC884201DBD2
:10BB4000184610BD521AE41A401A604390FBF2F0F6
:10BB5000184410BD70B54FF4C0410C4808F0CDF941
:10BB60000B4D0421C5F8B80105F5E2700446FFF756
:10BB7000B9FE2046FFF70DFF040005D0D5F8B80147
:10BB800008F0F5F9206070BDFEE700004C5C002075
:10BB9000605A002030B50346102A06D308E000BFE3
:10BBA00011F8014B03F8014B521E002AF8D130BDA9
:10BBB00003F0030401F00305A54243D14EE00C78E5
:10BBC0001C704C785C708C789C70CC78DC700C7934
:10BBD0001C714C795C718C799C71CC79DC710C7A1C
:10BBE0001C724C7A5C728C7A9C72CC7ADC720C7B04
:10BBF0001C734C7B5C738C7B9C73CC7BDC730C7CEC
:10BC00001C744C7C5C748C7C9C74CC7CDC740C7DD3
:10BC10001C754C7D5C758C7D9C75CC7DDC750C7EBB
:10BC20001C764C7E5C768C7E9C76CC7EDC760C7FA3
:10BC30001C774C7F5C778C7F9C77CC7FDC772031C6
:10BC4000203A2033202ABAD805E000BF11F8014B72
:10BC500003F8014B521E002AF8D130BD4CB3C4F199
:10BC6000040405E011F8015B521E03F8015B641E39
:10BC7000FCB1002AF6D11CE010C9203A10C310C94B
:10BC800010C351F8084B43F8084B51F8044C43F8E3
:10BC9000044C51F8104B43F8104B51F80C4C43F83E
:10BCA0000C4C51F8084C43F8084C51F8044C43F83C
:10BCB000044C202AE0D804E011F8014B03F8014BB2
:10BCC000521E002AF8D130BD10B4884202D38B181E
:10BCD000834202D210BCFFF75DBF88420CD98118A5
:10BCE000491E5B1E04E000BF13F8014901F8014939
:10BCF000521EF9D210BC7047034603E011F8014B05
:10BD000003F8014B521EF9D2F4E710F0030309D0F7
:10BD1000C3F1040303E0521E00F8011B5B1E0BB1CC
:10BD2000002AF8D101EB012303EB014303EB01638C
:10BD30000EE008C0203A08C040F8083B40F8043C38
:10BD400040F8103B40F80C3C40F8083C40F8043CFC
:10BD5000202AEED802E000F8011B521E002AFAD178
:10BD600070470A460021FFF7D0BF0A460021FFF7BF
:10BD7000CCBF0A460021FFF7C8BF0A460021FFF7E3
:10BD8000C4BF0A460021FFF7C0BF0A460021FFF7E3
:10BD9000BCBF0A460021FFF7B8BF026D8A4206D039
:10BDA000C26B8A4205D190F86900012801D80120B0
:10BDB0007047002070472DE9F0410446FCF7D0FDA4
:10BDC00007283FD12046FCF7CFFD05462046FCF76B
:10BDD00025FE0446C06BA84202D0206DA84231D196
:10BDE00094F8680084F8690029462046FFF7D5FFDB
:10BDF000002827D104F15C063046FFF756FD0746C0
:10BE000001463046FFF763FD05001BD0394630463A
:10BE1000FFF715FE3846FDF737F814F8680F294686
:10BE2000401E20703046FFF70AFE2078401E04F8BE
:10BE300068092046296800F033F92846BDE8F0413A
:10BE4000FDF722B8BDE8F08110B504465C30FFF77D
:10BE50000CFD002084F8680010BD00002DE9F041C1
:10BE60000C460121204603F0F3FE0021204603F09A
:10BE7000C1FE94F86A00002520F00E0084F8685096
:10BE8000C0B284F8695020F0010084F86A000421EF
:10BE900004F15C00FFF726FD204600F00BFE0121B7
:10BEA000E06200F0ACF96564E564256565652146EE
:10BEB0003448A56400F00EFD064600F071FD324FD7
:10BEC0003046394603F0AEFE0121304603F09EFEB7
:10BED0000121304603F08EFE4FF480484146304643
:10BEE00000F08DF90221304603F08AFB25483146E7
:10BEF0002430266300F0EEFC064600F051FD6FF0A2
:10BF000040423946304603F088FF0021304603F0B6
:10BF100071FE02231A460021304603F053FE02212F
:10BF2000304603F06DFB4146304600F068F930467C
:10BF3000A663F5F76DF8064623460722134900F07D
:10BF40004DF94146304600F05AF90021304603F0E1
:10BF500051FE3046E663FDF749FC0DA1FDF7BFFF3A
:10BF6000A06BFEF76FFB0646012100F048F9656300
:10BF700023462664A565BDE8F04120220549184600
:10BF800000F02CB9E08B040864000020B7BD010864
:10BF9000EF81930075C1010810B50C4600212046C1
:10BFA00003F028FE02231A460021204603F00AFE71
:10BFB0002046BDE81040022103F022BB01F15C00E5
:10BFC000FFF753BC10B50C46084601F0D1F9C16A21
:10BFD000204603F06EFE0121204603F00BFE0223F3
:10BFE0001A460021204603F0EDFD2046BDE8104032
:10BFF0004FF4804100F003B910B591F830000C46C1
:10C0000018B9E06A08B1FCF73FFF0020E06284F84D
:10C01000300010BD10B50446806B002833D0616B32
:10C02000002930D094F86A10C1F3410111B30129FD
:10C0300002D0022908D11CE0002102F041FE0021BB
:10C04000D4F8340003F0E2FDA06B03F0E9F8606B74
:10C0500003F0E6F8A06B04F0FBF9A06B01F0E4F844
:10C060000028A06B4FF0010109D0BDE8104003F09B
:10C07000C7BA012102F024FE0121606BE2E7BDE8AE
:10C08000104000F0BCB810BD10B50C460121204690
:10C0900003F0B0FD2046BDE81040022103F0B0BA25
:10C0A00070B50446406B0D4610B1E16A03F001FE25
:10C0B00085B104F15C00FFF71DFC50B1056094F8F8
:10C0C0006800401C84F868002846216B03F0F1FDED
:10C0D00003E0FEE72046FFF7B7FE6563A06D48B1B9
:10C0E000A16C00294FF0010102D000F0CCF801E072
:10C0F00003F0F1FAA06CD0B194F86A00C10711D036
:10C100000007206D4FF0010106D503F079FA0221F6
:10C11000206D00F074F805E000F071F80221206D48
:10C1200003F06EFA94F86800022808D210E094F840
:10C130006800022803D294F86A00000708D501219C
:10C14000E06B03F05DFA0221E06B00F058F807E0C5
:10C150000121E06B00F053F80221E06B03F050FA8C
:10C1600000222021204603F006FD2046BDE8704055
:10C17000FFF750BF10B5FCF751FC0446406B78B197
:10C18000226C6AB1C16A39B11046FFF751F801213A
:10C19000206C03F035FA03E00121104600F02FF87F
:10C1A000A06C002813D0626D002A10D0C16A41B182
:10C1B0001046FFF73DF8606DBDE81040012103F027
:10C1C0001FBABDE810400121104600F018B810BD9C
:10C1D0000120704701207047012070472DE9F04190
:10C1E0001D4616460F46044600F066FAA0682B4628
:10C1F00032463946BDE8F0410830FCF793BBF0B554
:10C2000089B00C46074602F067FC0646E00702D0FC
:10C21000384602F001FC786A20437862E00711D0CA
:10C220000221384602F00EF960B1384601F04BF8B1
:10C23000050007D0FDF700F92846FDF739F908B1E8
:10C2400002F0EAFB384602F047FCB04202D114F09B
:10C25000C07F07D0384601F08BF802F071FC3846F9
:10C2600002F06EFCE0060CD504AA6946384601F0DF
:10C27000D5F96946384602F0EAFB04A9384602F0CF
:10C28000E6FB09B0F0BD70B50546008D40EA01043B
:10C29000A0420DD024EA0000000603D52946002064
:10C2A000FDF72EFF21462846BDE8704013F084BB01
:10C2B00070BD00002DE9F0410446408D1646C0F3E4
:10C2C00005100F463F2800D3FEE70023FF2231462A
:10C2D000204611F0F9FB06F47F0047B138B9202160
:10C2E00038460EF009FF10B1204602F095FB3246A9
:10C2F0003946204603F0F7F9618D00254FF0040818
:10C30000C1F3051009E000BFE36808EBC5029A58C5
:10C31000930101D4D20102D56D1CA842F4D84FF08C
:10C32000806000EBB1204FEAB050608510F47C7F54
:10C330000DD0C0F30510C100E06804F04DFBE060D3
:10C3400030B1608D6FF00702C0F305100BE0FEE71F
:10C35000FEE7E16802EBC00C8C4401EBC003DCE9B2
:10C36000001CC3E9001C401EA842F2D8E068082166
:10C3700000EBC500FFF7F5FCE06840F83570E168B8
:10C3800008EBC5000A5866F317020A5031462046EA
:10C39000BDE8F041FF2203F0C1B870B516461D4656
:10C3A0000446002203F049FD2A4631462046BDE8F6
:10C3B000704003F0EEBC00002DE9FF4F83B09846BB
:10C3C0008946DDF840A0039804F042F8B9F1000F67
:10C3D00003D1039800F0CCFF814600242546039842
:10C3E00000F0C6FF8346002101F061FE00900021AD
:10C3F000584601F0BAFE01900021484601F057FE70
:10C4000007460021484601F0B0FE0646059870B187
:10C41000162834D2DFE800F0EB1123343E42526498
:10C4200066137E83929BA0AFB8BDC2C7CCDF00214C
:10C43000484601F030FC012822D03C461EE0484628
:10C4400000F003FF0446039801F0AAFF014604EB45
:10C45000D470401001EBD171A0EB61004AE0484676
:10C4600000F0F3FE0446039801F09AFF04EBD47148
:10C47000491000EBD070A1EB600009E03546B6E052
:10C48000484600F0E2FE0446039801F089FF201AB6
:10C49000C419F3E73C461AE08519A8E0484600F0C5
:10C4A000D4FE0446039801F07BFF014604EBD470F0
:10C4B000401001EBD171A0EB610007E0484600F0AD
:10C4C000C4FE0446039801F06BFF201AC4194846C5
:10C4D00000F0AAFE0546039800F0FAFE281ADBE7F2
:10C4E0003C4608E0484600F0B0FE0446039801F0E0
:10C4F00057FF201AC419484600F096FE05460398D7
:10C5000000F0E6FE05EBD571491000EBD070A1EB11
:10C510006000C1E7039800F0DBFE454267E0484653
:10C5200001F03EFF0446039801F03AFF04EBD4719A
:10C53000491000EBD070A1EB6004EBE7484601F036
:10C540002FFF0446039801F02BFF241AE2E7484628
:10C5500000F0BEFE05464AE0484601F021FF0446D1
:10C56000039801F01DFF04EBD471491000EBD0706B
:10C57000A1EB6004EBE7484601F012FF0446039884
:10C5800001F00EFF241AE2E7039801F009FF44428C
:10C590002DE0039801F004FF44420DE0039801F000
:10C5A000FFFE44421BE0484601F0FAFE04461EE04E
:10C5B000484601F0F5FE0446484600F089FE05466F
:10C5C000039800F085FE05EBD571491000EBD070A3
:10C5D000A1EB60050BE0484601F0E2FE0446484648
:10C5E00000F076FE0546039800F072FE2D1AC8F39F
:10C5F0004170304F01280FD128F0C046BE420BDCFD
:10C60000484601F0CDFEB6F1805F01DB79108E1B4C
:10C610007043642190FBF1F8CAF34170012810D1F6
:10C620002AF0C046BE420CDC484600F051FEB6F18E
:10C63000805F02DB6FF070418E1B7043642190FBC2
:10C64000F1FA0021584601F026FB0128584625D072
:10C6500000F010FFD9F81420DBF814104244511AEE
:10C6600001440098081A0444584600F0C5FFD9F860
:10C670001820DBF818105244511A01440198002286
:10C68000081A05440121039803F0D7FB039807B06B
:10C690002A462146BDE8F04F03F07BBB00F044FF83
:10C6A0000146D9F81420DBF814004244101A014462
:10C6B000D7E70000FEFFFF1F10B504468068002882
:10C6C0000CD12C20FFF714FAA06040B1418D41F449
:10C6D00070714185A06841F00301418510BDFEE7FE
:10C6E000F0B50D4689B00646012101F09FFEE8BB7A
:10C6F000304600F041FE044600F0BEFD0746F6F766
:10C70000ADFBA04213D03846F6F7B2FBA0420ED0E4
:10C710003846F6F77BFBA04209D03846F6F78AFB8D
:10C72000A04204D03846F6F77BFBA04226D1304623
:10C7300000F0C4FD044606F1140104A8F3F743FD1C
:10C740002246114604A8F3F705FE294604AA084626
:10C75000F3F70DFE002812D001222946304601F0E1
:10C76000A3FD304600F004FE044600E006E04FF46E
:10C77000801628E0012101F059FE10B1002009B017
:10C78000F0BD04F114000FC88DE80F0031462046BB
:10C7900001F04CFE38B1204600F090FD0146024603
:10C7A0006846F3F7D7FD01226946204601F07CFD7B
:10C7B00029466A460846F3F7DAFD0028DFD020460E
:10C7C00000F0D6FD0446002CD4D10120D7E72DE996
:10C7D000F0410E460746002501F037FC040033D037
:10C7E0003146384601F028FC02282DD904EBD470DC
:10C7F000012101EB60043146384601F023FC00EBD7
:10C8000004083146384601F00BFC044631463846F0
:10C8100001F00CFC002C01DD214600E06142002803
:10C8200001DD024600E04242914205DD002C01DDBF
:10C83000204604E0604202E0002800DC404210EBA9
:10C84000080000D5284605463146384601F037FB3A
:10C8500004000DD03146384601F028FB022807D9E4
:10C860003146384601F028FB2044A84200DB05464B
:10C8700038463146682201F0BBFB04463846314653
:10C88000692201F0B5FB844200DD2046002800DD6E
:10C8900005442846BDE8F08170B50D4606465E2287
:10C8A00001F0A6FBC4B230462946272201F0A0FBC6
:10C8B00004B90124204670BD00231A460921FFF760
:10C8C0006CBD002803D00068884201D10120704768
:10C8D000002070472DE9F0410E46054600272F4AFB
:10C8E00000E0006890B1016A1142FAD0006AC0F31A
:10C8F0000F1000BFFFF7FCF8041E15D0C4E9005666
:10C900006FF0030526B1B06880B334E03846F1E734
:10C91000F6F758FA060003D0D6F8B40230B107E0B3
:10C920002046FCF7B1FA0020BDE8F081C6F8D072CD
:10C93000D6F8D0128900091D04F04EF8B8B1D6F827
:10C94000D012491CC6F8D01205EB8101C6F8B4021A
:10C95000445067610020A761F6F744FA401EE06189
:10C960000020F6F797FA401E206215E000E0FEE78F
:10C970003046FFF7A1FEB068018D491C89B20185E0
:10C98000B0688900006804F027F8B1680860B168F1
:10C99000098D05EB810144502046C5E7F0FF0F00EB
:10C9A00070B5040036D002F0CBF8002000F0E4F9B6
:10C9B000204607F013F82146206800F02CF80120EB
:10C9C00000F0DAF9FF224FF47021204602F0A6FDB4
:10C9D000204602F08BFDFCF75FFD020007D02046E9
:10C9E00002F06AF818B121461046FCF705FD204612
:10C9F00000F0BEFC05000DD02246272103F0BBF855
:10CA000022462821284603F0B6F82046BDE87040AB
:10CA100002F002B870BD70B50D6806460C46286875
:10CA200020B120603046FFF7F6FF25606A68002AD3
:10CA300004D021463046BDE87040104770BD00006C
:10CA40002DE9F0414D680C46EDB1284600F012FD8D
:10CA50000746284600F0D0FD064628460021102251
:10CA600001F0C6FAA96912220844801BA061401E89
:10CA700020622846002101F0BBFA69690844C01B06
:10CA80006061401EE06141F202006062002D06D04C
:10CA900043F20200C4F8240043F20230606240F026
:10CAA000740040F40060606202D040F400406062B4
:10CAB000BDE8F08110B501460448FFF70BFF040004
:10CAC00003D0FFF76DFF204610BDFEE798B90308BD
:10CAD00070B50546408DC0042AD4284601F09CFF5D
:10CAE000284600F045FC0400284613D008F052FB0D
:10CAF000608DC0041CD4204603F01AF800222721C0
:10CB0000204603F038F82046BDE870400022292175
:10CB100003F031B800F0B0FB040009D0D4F8C00233
:10CB2000A842284605D108F035FB0020C4F8C00211
:10CB300070BDBDE8704008F02DBBFFF7C9BF10B550
:10CB40000446006882680AB1214690472068006860
:10CB5000002801D02060F5E710BD70B50C460846EE
:10CB6000FBF75EFF002000F007F9204602F048FEC8
:10CB7000012000F001F900212046F2F795FC204643
:10CB800000F0A1FB10B12046FCF7B5FCA06800281E
:10CB90000ED00068002518B1FCF776F9A068056092
:10CBA000A0680830FBF75EFFA068FCF76DF9A56090
:10CBB00070BD00002DE9F047A0B00746FBF7D0FE9E
:10CBC00005463846FBF7D0FE00260446172D3ED01A
:10CBD0001A2D7DD01D2D37D13846FBF7FCFE0546BA
:10CBE00001462046EDF7C5FA0021204601F096F8EF
:10CBF000002829D06846F8F7AFFB8DF858608DF80B
:10CC000020608DF83B608DF86C606A4600212046FC
:10CC100001F079FD0021204601F02BFB07460021A1
:10CC2000204601F020FB064604F114011CA8F3F78E
:10CC3000C1FA324639461CA8F3F78CFB1CAA694698
:10CC40004FEA0500F8F772F920B0BDE8F0873846E2
:10CC5000FBF7D2FE054600780228F5D020460021D9
:10CC60002D2201F0C5F9012710B102202870EBE751
:10CC70000021204601F0D1F982460021204601F032
:10CC8000F8FA81460021204601F0EDFA804604F1D1
:10CC900014016846F3F78EFA424649466846F3F7B0
:10CCA00059FB524669466868F3F781FB70B300216F
:10CCB000204601F027F8FD2828D3204600215F22D6
:10CCC00001F096F9C0B2FD2820D32046002100E0F3
:10CCD00023E0202201F08CF910F0FF0F07D020464E
:10CCE0000021252201F084F9C0B2FD280ED3204690
:10CCF0000021262201F07CF968B10021827A08E047
:10CD000001EB81030344DB78FD2B01D22F709BE7FD
:10CD1000491C8A42F4D82E7096E73846FBF75BFE32
:10CD200007466846F8F718FB6A460021204601F0DE
:10CD3000EAFC0021204600F0F1FF28B19DF84900EF
:10CD400040F020008DF849000021204601F091FAC2
:10CD500006460021204601F086FA054604F114013A
:10CD60001CA8F3F727FA2A4631461CA8F3F7F2FA73
:10CD70001CAA6946384665E7014981F824007047D6
:10CD8000605A00202DE9F04188B088460846FBF73C
:10CD9000E7FD04464046FBF7E7FD0546012C29D098
:10CDA000082C29D0032C44D02F2C44D00E2C53D047
:10CDB000102C7DD0092C7CD00B2C7BD0112C7AD060
:10CDC0002E2C79D0272C78D0292C77D0182C76D0FF
:10CDD0001A2C75D01D2CFCD0172CFAD0142C70D026
:10CDE000152C6FD0162C34D1102108B0BDE8F041BD
:10CDF00002F071BC20216FE1202102F06CFC404662
:10CE0000FBF7FAFDFDF759F9002822D10821284641
:10CE100001F00CFB00281CD095F828004FF0010110
:10CE2000C007284602D002F056FC31E0FFF72BFA8B
:10CE30002EE02021D9E700F0A9F90646002406E0FB
:10CE4000A868006850F8240001F07AFE641CB4421F
:10CE5000F6D308B0BDE8F081082101F0E7FAF8B197
:10CE60004046FBF7ACFD0446132806D0112C04D035
:10CE7000142C07D0122C05D008E001212846FFF71A
:10CE800002FA03E00121284602F025FC0A2CE0D03A
:10CE900008B02846BDE8F0410022202102F06BBE18
:10CEA0004FF40161284601F0C1FA0028D1D00AE010
:10CEB00074E09BE09CE0B2E0B3E0CFE0F0E0F4E0AF
:10CEC000FDE002E107E1284601F0E7FD0028C0D1BE
:10CED0000027284600F0CEFA0646284600F024FB3C
:10CEE00004464046FBF76BFD12281BD011280CD0DE
:10CEF00013282AD01428ACD1284600F093FA8007D2
:10CF000003D0002E37DC002C35DC284600F0E0F999
:10CF10000446284600F07CFBE11704EB9171A0EB7E
:10CF2000A1010BE0284600F0D3F90446284600F0A2
:10CF30006FFBE11704EB917100EBA10108B03A46D9
:10CF40002846BDE8F04102F0DFBD284600F06AFA4D
:10CF50008007E7D0002E01DC002CE3DD284601F03D
:10CF60001FFA0446284600F04DFBE11704EB9171CF
:10CF700000EBA1010BE0284601F012FA0446284616
:10CF800000F040FBE11704EB9171A0EBA10108B0A8
:10CF90003A462846BDE8F04102F0A2BD4FF4806158
:10CFA00001F044FA18B10121284602F07AFD284622
:10CFB00000F089F9FCF776FA06460224FDF73EF800
:10CFC00010B94046FBF7D2FCFDF786F8022801D0E5
:10CFD000042800D106241EB144F0080128467BE055
:10CFE00021462846FFF74FF9082172E0402173E0FF
:10CFF000402102F070FB284600F011FE02287FF469
:10D0000028AF04AA6946284600F008FB694628466E
:10D0100001F01DFD04A9284601F019FD19E70E21B4
:10D02000E3E6002100F022FE04460021284600F03D
:10D03000CBFE204302D0284601F082FD284600F0B6
:10D04000A5F80646002406E0A868006850F8240009
:10D0500001F076FD641CB442F6D3FAE60021012209
:10D0600000F0C6FF064628460021022200F0C0FF5D
:10D0700004460021284600F0F9FD07460021284615
:10D0800000F0A2FE384305D16FF04040864201D047
:10D090008442C3D108B02846BDE8F04101F050BD3C
:10D0A000688D40F002006885F4E70021FFF78FFBF0
:10D0B000014608B04046BDE8F041FBF720BD08B08E
:10D0C0004046BDE8F041FFF775BD202102F003FBAB
:10D0D0004021284689E6102108B0BDE8F041FFF75D
:10D0E000D2B810B50C4600B92068006868B1C168B4
:10D0F0000029FAD00021E160C26821469047217ED4
:10D100000120C90700D0002010BD012010BD80689B
:10D11000002809D0002902DA028D511803D4038DAA
:10D120000A468B4201D800207047006850F8220060
:10D130007047000030B584681CB3208D002911DBD6
:10D14000002308E0256855F823502D68954201D149
:10D1500021B1491E5B1C8342F4DB12E0206850F8C9
:10D16000230030BD401E01F101010AD4D4F8003083
:10D1700053F820402468944201D121B1491C401E3B
:10D18000F6D5002030BD53F8200030BD806800285F
:10D1900000D0008D704730B583684FF00000002B41
:10D1A0000CD002461C8D07E01D6855F822502D68F2
:10D1B0008D4200D1401C521C9442F5D830BD70B550
:10D1C0000D46044600F114012846F2F7FCFFA06862
:10D1D000002806D0016A2846BDE870400A46F3F7E9
:10D1E000B9B870BD70B50C46054600F03FF8002197
:10D1F000284600F05CFF2168084420600021284692
:10D2000000F084FFA168081AA0600021284600F001
:10D21000ACFF6168084460600021284600F018FFF8
:10D22000E168081AE06070BD70B50546002100F0A5
:10D230009CFF06460021284600F00AFF04462846C7
:10D2400000F046F8801B001B70BD70B5054600213C
:10D2500000F02DFF06460021284600F057FF044647
:10D26000284601F09DF8801B001B70BD0A4600F1A6
:10D2700014011046F2F7A7BF70B5416809B100F07C
:10D280007BF80D4D04462846FEF70FFB11E0002108
:10D29000D0F8D02207E000BFD0F8B43253F82130E4
:10D2A000A34208D0491C8A42F6D801462846FEF718
:10D2B0000EFB0028EBD170BD645A00208068002866
:10D2C00000D0406A70478068002800D040687047EE
:10D2D0001430F3F72BB870B50546002100F0A7FD18
:10D2E00004462846FFF7F4FF04440021284600F0D6
:10D2F00083FD204470BD10B5024600F039F80100EE
:10D3000003D0896800200B8D08E04FF0FF3010BD7E
:10D310000C6854F820409442F9D0401C8342F7DC5A
:10D32000FEE78068002802D0408DC0F3812070475E
:10D33000F0B4468D00240425C6F3051613E000BFA3
:10D34000C76805EBC40C57F80C705FEAC71C09D519
:10D3500027F07F479F4205D1C06850F83400F0BCE9
:10D3600004F090BC641CA642EAD8F0BC00207047D0
:10D37000002800D04068704700B50146FFF7F8FF6D
:10D380000028FAD1084600BD2DE9F047DFF88C905F
:10D3900080464C46FFF7FAFE07460025DFF880A0DE
:10D3A00016E000BFD8F808005146006850F8256024
:10D3B000304601F042F850B930460021192200F001
:10D3C00017FE316A0844844200DD204604466D1C85
:10D3D000BD42E7D30021404600F0DFFE06460021B3
:10D3E000404600F04DFE05464C4503D0D8F82000DD
:10D3F000401B241A404600F01BFC07464046FFF73E
:10D4000067FF801B401B391A404600F001F9081ADB
:10D41000844200DD2046BDE8F0870000010000E006
:10D4200001000400806818B1408DC0F3831070477C
:10D430000F20704770B50C4605460C49F2F758F8B6
:10D4400010B1C06A404202E0284600F0DBF82060DC
:10D4500007492846F2F74CF810B1C06A404202E092
:10D46000284600F0D5F8606070BD0000FDAA0208F3
:10D4700013AB02082DE9F05F0646002100F011FC15
:10D48000012806D0B068002801D080694042BDE87C
:10D49000F09F0021304600F051FE834600213046C7
:10D4A00000F01DFE81466FF0604A54463046FFF79B
:10D4B0006DFE0746002515E0B0681949006850F870
:10D4C0002500804600F0B9FF58B9404600211A22D5
:10D4D00000F08EFDD8F81410081A844200DA2046B5
:10D4E00004466D1CBD42E7D3544504D0716901EB7D
:10D4F0000900041B00E00B4C304600F0A7FB05467A
:10D50000304600F04DFFA0EB0B01A1EB0900291AFA
:10D51000304600F077F808448442B8DD2046B6E78C
:10D5200001000400010000E02DE9F047064600215B
:10D5300000F0B7FB01280AD0DFF8949030464C4643
:10D54000FFF724FE07460025DFF888A01BE0B0683F
:10D55000002800D08069BDE8F087B06851460068B7
:10D5600050F82500804600F068FF58B94046002179
:10D570001B2200F03DFDD8F81C100844844200DD59
:10D58000204604466D1CBD42E7D30021304600F022
:10D59000D5FD05460021304600F0A1FD07464C456B
:10D5A00002D0F069401B241A304600F04FFB804641
:10D5B000304600F0F5FE401BC11BA8EB01013046D0
:10D5C00000F020F8081A8442C5DD2046C3E70000B9
:10D5D000010000E0010004008068002803D090F8FA
:10D5E0002A00C0F3810070478068002803D090F8BB
:10D5F0002A00C0F3011070478068002801D0C0697C
:10D60000404270478068002801D0806940427047DE
:10D610008068002801D0C069404270472DE9F04F72
:10D6200091B016460C464FF0FF37054600223B46A8
:10D63000114620460097F2F7ECFF00223B461146C8
:10D6400030460097F2F7E5FF1021284600F0EEFE85
:10D65000002816D0284600F0E2FA070011D000207A
:10D66000FCF702FD8046022F08D010E0FCF725FDF4
:10D67000A84209D04046FCF7F7FC8046B8F1000FFD
:10D68000F4D111B0BDE8F08FB8F1000FF9D0284601
:10D69000FFF7B2FF05902846FFF776FE0C9028466C
:10D6A000FFF7E8FE0A902846FFF73EFF089028465D
:10D6B000FFF7B8FE8146002019F00C0F009014D03F
:10D6C000012F10D0032F02D0022F07D00DE00598B4
:10D6D000002808DC0C98002805DC06E04046FCF732
:10D6E000DEFC0C2801D101200090002009905FEAA7
:10D6F000897014D0012F10D0032F02D0022F07D031
:10D700000DE00A98002808DC0898002805DC06E0EF
:10D710004046FCF7C4FC032801D101200990009980
:10D7200009980843ADD04FF480373946284600F0B9
:10D73000B8FA012800D000200E903946284600F0A3
:10D7400036FC06903946284600F0BCFB0F9039465F
:10D75000284600F0E4FB80463946284600F000FCED
:10D76000824628460122394600F042FC814628467E
:10D77000FFF7AEFD0490284600F012FE03900098DB
:10D7800000B148468346099800B1484610902846A3
:10D7900039461D2200F02CFCC0B2022808D22846CF
:10D7A0003946322200F024FCC0B20228FFF469AFEF
:10D7B000DDE9040101440C98A02708440B9000986F
:10D7C00000286CD00B980028FBD0A8697060286AEC
:10D7D000F0600E9840B1696901EB0800A9F1010100
:10D7E00030600844B06007E0E969A1EB0A00B0606E
:10D7F000A0EB0900401C306006990498411A0F986C
:10D80000091A1098081A0499009048430B9990FB44
:10D81000F1F005900020F5F7DBFA00EB80015020D5
:10D8200000EB4100B0F5A07F0ADB0020F5F7D0FA4D
:10D8300000EB8001502000EB410090FBF7F000E08E
:10D8400001200599884201DA084616E00020F5F724
:10D85000BFFA00EB8001502000EB4100B0F5A07F43
:10D860000ADB0020F5F7B4FA00EB8001502000EB52
:10D87000410090FBF7F000E001200099049B0B9A17
:10D88000091AD21A002A0BDCA969069808447060AC
:10D89000296A0F98091A1098081A401EF06087E04C
:10D8A0000C9B401E4B4393FBF2F2891A069AAB691C
:10D8B0001144194408447160F060AA690698104444
:10D8C000814236DA70600020F5F782FA00EB8001C1
:10D8D000502000EB4100B0F5A07F0ADB0020F5F7F7
:10D8E00077FA00EB8001502000EB410090FBF7F04D
:10D8F00000E0012071680844F168884219DD0020C9
:10D90000F5F766FA00EB8001502000EB4100B0F51E
:10D91000A07F0ADB0020F5F75BFA00EB80015020C6
:10D9200000EB410090FBF7F000E001207168084433
:10D93000F0602A6A1098F168121A0F98101A814242
:10D9400036DDF0600020F5F743FA00EB800150204F
:10D9500000EB4100B0F5A07F0ADB0020F5F738FAB4
:10D9600000EB8001502000EB410090FBF7F000E05D
:10D970000120F168081A7168884219DA0020F5F769
:10D9800027FA00EB8001502000EB4100B0F5A07FAA
:10D990000ADB0020F5F71CFA00EB8001502000EBB9
:10D9A000410090FBF7F000E00120F168081A706078
:10D9B0000A9903980144089808440490099800289B
:10D9C0003FF45FAE04980028FAD0296A0F98081A2D
:10D9D000E060A0EB0900401C606068692060E869B5
:10D9E000A0600398A0EB0801A1EB0A01A1EB0B00DA
:10D9F000039900904843049990FBF1F002900020B5
:10DA0000F5F7E6F900EB8000502606EB40004FF4F6
:10DA1000A079484509DB0020F5F7DAF900EB800032
:10DA200006EB400090FBF7F000E0012002998842ED
:10DA300001DA084613E00020F5F7CAF900EB800090
:10DA400006EB4000484509DB0020F5F7C1F900EB83
:10DA5000800006EB400090FBF7F000E00120DDE9DC
:10DA600003320099D21A091A002A16DC0E98696945
:10DA700040B14144ABF1010008442060E969A1EBE9
:10DA80000A0008E001EB08002060E969A1EB0A0147
:10DA9000A1EB0B00401EA060F3E5089B4B4393FBFA
:10DAA000F2F2891A0E9ACAB36A69401E531808EB3B
:10DAB0000B02991808442160A060686910448842EC
:10DAC00031DD20600020F5F783F900EB800006EBE4
:10DAD0004000484509DB0020F5F77AF900EB8000AB
:10DAE00006EB400090FBF7F000E0012021680844BD
:10DAF000A168884217DD0020F5F76AF900EB800085
:10DB000006EB400048450ADB0020F5F761F900EB21
:10DB1000800006EB400090FBF7F001E035E00120CB
:10DB200021680844A060A168EA696FE0A060002055
:10DB3000F5F74EF900EB800006EB40004D46A84299
:10DB400069DB0020F5F744F900EB800006EB4000AC
:10DB500090FBF7F0A168081A216888429CDA00203F
:10DB6000F5F736F900EB800006EB4000A84254DBE5
:10DB70000020F5F72DF900EB800006EB400090FB4C
:10DB8000F7F0A168081A20607BE56B6941441944ED
:10DB9000401E08442160A0606A6902EB08008142CF
:10DBA00030DA20600020F5F713F900EB800006EB77
:10DBB0004000484509DB0020F5F70AF900EB80003A
:10DBC00006EB400090FBF7F000E0012021680844DC
:10DBD000A168884216DD0020F5F7FAF800EB800016
:10DBE00006EB4000484509DB0020F5F7F1F800EBB3
:10DBF000800006EB400090FBF7F000E00120216878
:10DC00000844A060EA69A168A2EB0B02A2EB0A003B
:10DC100081428BDC35E501209CE70120B1E780687B
:10DC200020B190F82A0000F00300704703207047ED
:10DC30001CB5054AD2E90212CDE900126A4631212B
:10DC400001F099FF01981CBDBCB903081CB5054A39
:10DC5000D2E90012CDE900126A46312101F08BFFB2
:10DC600000981CBDBCB90308008D704710B50A228E
:10DC700000F0BEF9C0B210BD10B50A2200F0B8F92C
:10DC8000C0B210BD632200F0B3B9642200F0B0B995
:10DC9000502200F0ADB910B5272200F0A9F9C0B2AA
:10DCA00010BD10B5272200F0A3F9C0B210BD10B509
:10DCB000272200F09DF9C0B210BD10B5272200F058
:10DCC00097F9C0B210BD10B5272200F091F9C0B28B
:10DCD00010BD10B5272200F08BF9C0B210BD10B5F1
:10DCE000272200F085F9C0B210BD70B50C4605467C
:10DCF0001C2200F07DF9024621462846BDE870400E
:10DD000002F092B910B51D2200F072F9C0B210BD38
:10DD100010B5672200F06CF9C0B210BD10B5352205
:10DD200000F066F9002800D0012010BD10B53422A3
:10DD300000F05EF9C0B210BD10B5342200F058F901
:10DD4000C0B210BD10B5342200F052F9C0B210BDFF
:10DD500010B5342200F04CF9C0B210BD10B5342219
:10DD600000F046F9C0B210BD302200F041B93022B7
:10DD700000F03EB9302200F03BB9302200F038B953
:10DD8000302200F035B9302200F032B9302200F0F4
:10DD90002FB9302200F02CB9302200F029B93022FE
:10DDA00000F026B910B5812200F022F9C0B210BDF2
:10DDB000022200F01DB9022200F01AB9022200F07E
:10DDC00017B9022200F014B910B5162200F010F9AC
:10DDD00080B210BD032200F00BB94C2200F008B94C
:10DDE00010B54D2200F004F9C0B210BD482200F079
:10DDF000FFB8192200F0FCB8192200F0F9B8192276
:10DE000000F0F6B81A2200F0F3B81A2200F0F0B8C9
:10DE10001A2200F0EDB81B2200F0EAB81B2200F035
:10DE2000E7B81B2200F0E4B8182200F0E1B818228D
:10DE300000F0DEB8182200F0DBB8072200F0D8B8F6
:10DE4000052200F0D5B8062200F0D2B810B55F2246
:10DE500000F0CEF8C0B210BD70B50E460546FFF713
:10DE6000F5FF02281AD9FF24FD2802D2C0EB0020BA
:10DE7000040A0EB1002603E02846FFF779FA0546AA
:10DE800055B131462846FFF7E1FF022806D9FD28A3
:10DE9000F2D24443240AEFE7022C01D8002070BDDF
:10DEA000FD2C01D3FF2070BD204670BD10B53A2275
:10DEB00000F09EF8C0B210BD3B2200F099B83822A5
:10DEC00000F096B8112200F093B8112200F090B83B
:10DED000112200F08DB8112200F08AB8112200F052
:10DEE00087B8112200F084B8112200F081B8112205
:10DEF00000F07EB8112200F07BB8112200F078B853
:10DF0000152200F075B8152200F072B8152200F045
:10DF10006FB8152200F06CB8152200F069B8122213
:10DF200000F066B8122200F063B8122200F060B868
:10DF3000122200F05DB8122200F05AB8122200F04E
:10DF400057B8122200F054B8122200F051B8122231
:10DF500000F04EB8122200F04BB8122200F048B880
:10DF6000132200F045B8132200F042B8132200F04B
:10DF70003FB8132200F03CB8132200F039B8132246
:10DF800000F036B8132200F033B8132200F030B896
:10DF9000132200F02DB8132200F02AB8142200F04A
:10DFA00027B8142200F024B8142200F021B810225F
:10DFB00000F01EB8102200F01BB8102200F018B8B4
:10DFC000102200F015B8102200F012B8102200F054
:10DFD0000FB8102200F00CB8102200F009B810227F
:10DFE00000F006B8102200F003B81022AFF3008052
:10DFF00038B514460A4668B1018D6B4611430022BC
:10E0000000922246EEF7B4F8012804D0204603F02F
:10E010008DFE38BDFEE7009838BD0C22FFF7E8BF43
:10E020004022FFF7E5BF4022FFF7E2BF4122FFF7A2
:10E03000DFBF4122FFF7DCBF10B53E22FFF7D8FF5C
:10E04000C0B210BD4222FFF7D3BF3C22FFF7D0BFC2
:10E050002DE9F0410D4606461122FFF7C9FF04469F
:10E0600029463046FFF780FE074629463046FFF72F
:10E070005DFEC00702D0E019BDE8F0812046FBE755
:10E080002DE9F0410E460746FFF71CFF04463146D6
:10E090003846FFF76CFE054631463846FFF74CFE22
:10E0A000C00702D06019BDE8F0812046FBE72DE9EA
:10E0B000F0410D4606461222FFF79AFF0446294614
:10E0C0003046FFF751FE074629463046FFF72EFE41
:10E0D000400702D5E019BDE8F0812046FBE72DE9B5
:10E0E000F0410E460746FFF71AFF04463146384610
:10E0F000FFF73DFE054631463846FFF71DFE400757
:10E1000002D56019BDE8F0812046FBE72DE9F0411A
:10E110000D4606461322FFF76BFF0446294630469C
:10E12000FFF722FE074629463046FFF7FFFD0007AE
:10E1300002D5E019BDE8F0812046FBE72DE9F0416A
:10E140000E460746FFF70CFF044631463846FFF7F8
:10E150000EFE054631463846FFF7EEFD000702D5B4
:10E160006019BDE8F0812046FBE72DE9F0410D463E
:10E1700006461022FFF73CFF044629463046FFF7CB
:10E18000F3FD074629463046FFF7D0FD800702D54C
:10E19000E019BDE8F0812046FBE72DE9F0410E468D
:10E1A0000746FFF704FF044631463846FFF7DFFD18
:10E1B000054631463846FFF7BFFD800702D5601996
:10E1C000BDE8F0812046FBE75822FFF711BF70B58C
:10E1D0000C4605465822FFF70BFF0246214628460B
:10E1E000BDE8704001F020BF5A22FFF701BF5A225C
:10E1F000FFF7FEBE5A22FFF7FBBE5A22FFF7F8BE1A
:10E200005A22FFF7F5BE5A22FFF7F2BE5A22FFF755
:10E21000EFBE5A22FFF7ECBE5B22FFF7E9BE5B229E
:10E22000FFF7E6BE5B22FFF7E3BE5B22FFF7E0BE2F
:10E230005B22FFF7DDBE5C22FFF7DABE5C22FFF750
:10E24000D7BE5C22FFF7D4BE5C22FFF7D1BE5C22B2
:10E25000FFF7CEBE5C22FFF7CBBE10B55922FFF709
:10E26000C7FEC0B210BD6922FFF7C2BE6922FFF728
:10E27000BFBE6822FFF7BCBE6822FFF7B9BE01220D
:10E28000FFF7B6BE0122FFF7B3BE0122FFF7B0BE13
:10E290000122FFF7ADBE0122FFF7AABE0822FFF759
:10E2A000A7BE0922FFF7A4BE10B588B00C460968C6
:10E2B00000916168019121680291E1681346491C4F
:10E2C0000391A1680422491C049161680591A16829
:10E2D000491C0691E168491C0791694602F06EF8F5
:10E2E00002990098884200DB0846069A04999142F8
:10E2F00000DB1146884204DA02990098884205DB67
:10E3000003E004981146904200DB08462060029921
:10E310000098884200DC0846069A0499914200DC85
:10E320001146884204DD02990098884205DC03E02A
:10E3300004981146904200DC0846A06003990198B9
:10E34000884200DB0846079A0599914200DB114696
:10E35000884204DA03990198884205DB03E00598B6
:10E360001146904200DB084660600399019888429C
:10E3700000DC0846079A0599914200DC1146884264
:10E3800004DD03990198884205DC03E005981146F5
:10E39000904200DC0846E06008B010BD006970479C
:10E3A0001430F1F7D2BF70B505460021FFF72DFDFF
:10E3B00004462846FFF7F4FF044400212846FFF7EF
:10E3C0002DFD204470BD70B50546FEF7D1FF040059
:10E3D00068690AD06169451A2046FFF713F90544B8
:10E3E00000212046FFF763FE281A70BD70B5054670
:10E3F000FEF7BEFF0400A8690AD0A169451A2046AD
:10E40000FFF706F9054400212046FFF7AEFE281A63
:10E4100070BD70B50546FFF7E9FF04462846FEF7D4
:10E4200057FF204470BD0021FFF73BBF406A814386
:10E4300001D00020704701207047406A084000D09A
:10E4400001207047008D084000D001207047F8B5CA
:10E4500016460C4605465022C6E90001FFF7C8FDE6
:10E460003062002839D0284621465322FFF7C0FDEC
:10E47000C0B286F83C0002282FD921462846FFF773
:10E48000EBFCFD2805D296F83C104143080A86F8BB
:10E490003C0096F83C0002281FD95222214628460B
:10E4A000FFF7A6FD02462146284601F0BDFD00907B
:10E4B000BDF80000B0839DF80200B07728462146E1
:10E4C0005422FFF795FDB063284621465122FFF7FD
:10E4D0008FFD00B1012086F83D00F8BDF8B5144667
:10E4E0000D4606464422C4E90001FFF781FDC0B293
:10E4F00084F84C00022849D929463046FFF7ACFC85
:10E50000FD2805D294F84C104143080A84F84C00C9
:10E5100094F84C00022839D9002044F82C0F4FF40D
:10E5200080706060A06006F114000746F1F70DFFEF
:10E5300000EBD070401060613846F1F7F7FE00EB59
:10E54000D0704010A061304629464622FFF750FDAA
:10E55000E077452229463046FFF74AFD0246294624
:10E56000304601F061FD0090BDF80000A0839DF8E9
:10E570000200A0772C3C002D08D029463046FFF73A
:10E58000C7FB14F84D1F60F303012170F8BDF8B507
:10E5900014460D4606465922C4E90001FFF728FD3E
:10E5A000C0B284F84800022849D929463046FFF70E
:10E5B00053FCFD2805D294F848104143080A84F81A
:10E5C000480094F84800022839D929463046FFF718
:10E5D000FEFD0090BDF80000A0859DF8020084F8C3
:10E5E0002E00304629465B22FFF702FDE0633046ED
:10E5F00029465C22FFF7FCFCA063304629465D22D9
:10E60000FFF7F6FC94F84C1060F3020184F84C100C
:10E610004DB129463046FFF77BFB94F84C1060F370
:10E62000C50184F84C1029463046FFF7DDFD206215
:10E63000304629465E22FFF7DBFC84F84A00F8BD2D
:10E64000F8B514460D4606464D22C4E90001FFF711
:10E65000CFFCC0B284F83C00022853D9294630468A
:10E66000FFF7FAFBFD2805D294F83C104143080A55
:10E6700084F83C0094F83C00022843D930462946EF
:10E680004822FFF7B5FC206300283BD04C222946E6
:10E690003046FFF7ADFC02462946304601F0C4FC87
:10E6A0000090BDF80000A0859DF8020084F82E00BF
:10E6B000304629464922FFF79BFC606328B130466B
:10E6C00029464A22FFF794FCA063304629464B2294
:10E6D000FFF78EFC08B1012100E0002194F83D0015
:10E6E00061F38200810861F3C30084F83D00002DCE
:10E6F00008D029463046FFF70BFB14F83D1F60F3A6
:10E7000001012170F8BDF8B514460D460646C4E96E
:10E710000001FFF7A1FB07466DB1022F0BD80020C7
:10E7200084F8200084F83B0084F8480084F85800FE
:10E7300084F86C00F8BD304629460C22FFF758FCDF
:10E74000E06194F8200000286AD0304629461D2256
:10E75000FFF74EFCC0B284F82000022860D9294699
:10E760003046FFF7C2FA0090BDF80000A4F821007F
:10E770009DF8020084F82300304629462622FFF740
:10E7800037FC010008D0C87A400705D00C2204F1FC
:10E790002400FDF7FFF943E0304629462022FFF729
:10E7A00027FC94F82F1060F3020184F82F1048071B
:10E7B00036D029463046FFF798FA0090BDF80000A1
:10E7C00024F8240F9DF80200A07023222946304629
:10E7D000FFF70EFC02462946304601F025FC00906A
:10E7E000BDF80000A4F805009DF80200E071304675
:10E7F00029462122FFF7FCFB2071304629462222C0
:10E80000FFF7F6FB6072304629462422FFF7F0FB43
:10E81000E070304629462522FFF7EAFB2072243CAF
:10E8200094F8480070B3304629463022FFF7E0FBE9
:10E83000606438B3304629463222FFF7D9FBC0B2B4
:10E8400084F8480002281DD9304629463422FFF7B3
:10E85000CFFB14F8491F312260F3040104F80B19AF
:10E8600029463046FFF7C4FB02462946304601F0F0
:10E87000DBFB0090BDF8000024F8020B9DF80200BD
:10E8800004F8400994F8580028B329463046FFF7A9
:10E8900016FB2065F8B129463046FFF707FB84F8E0
:10E8A0005800022817D929463046FFF705FB606556
:10E8B000392229463046FFF79BFB0246294630465F
:10E8C00001F0B2FB0090BDF80000A4F84A009DF8EA
:10E8D000020084F84C0094F83B00B8B33046294657
:10E8E0002822FFF785FB206380B330462946292282
:10E8F000FFF77EFBC0B284F83B00022826D9206BCC
:10E90000FBF78CFB022875D02A2229463046FFF7F8
:10E910006FFB02462946304601F086FB0090BDF8A9
:10E92000000020879DF8020084F83A00304629460E
:10E930002B22FFF75DFB84F83C00304629462C2251
:10E94000FFF756FB00B1012084F83D0094F86C00FD
:10E9500098B329463046FFF778FBE06568B394F832
:10E960006C00022829D929463046FFF765FB84F858
:10E970006C00022821D929463046FFF751FB20665A
:10E9800029463046FFF752FB606629463046FFF7BE
:10E9900059FBA0663D2229463046FFF729FB024677
:10E9A0002946304601F040FB0090BDF80000A4F875
:10E9B00059009DF8020084F85B00FD2FBFF4BAAE49
:10E9C00014F8200F7843000A04F8190BA078784354
:10E9D000000AA070E07B7843000AE07394F83300EB
:10E9E0007843000A84F83300E07F7843000AE07738
:10E9F000F8BDFFE729463046FFF7F6FB606329467E
:10EA00003046FFF7E4FB0090BDF8000020879DF83A
:10EA1000020084F83A0099E77FB50546FEF74EFC00
:10EA2000044605F114016846F1F7CDFB00986946EC
:10EA3000001B00900198001B019002982044029056
:10EA4000039820440390284600F001F87FBD7FB56D
:10EA50000D460446FEF710FCF4F736FA00281BD0EA
:10EA600029466846F1F7AFFB69462046FDF738FEB8
:10EA7000002811D0A06848B1408DC0F38120022841
:10EA800004D1052211466846F1F764FC2046FEF7E2
:10EA9000F3FB6946FBF7BEFB7FBD006800280AD088
:10EAA00090F820108907F8D090F8200000F00300BB
:10EAB000012800D000207047006800280BD090F893
:10EAC000201011F00C0FF7D090F82000C0F3810057
:10EAD000012800D00020704710B504460949FFF70F
:10EAE000ACFC08B1002010BD2046FEF741FC002818
:10EAF000F9D000211622FFF77BFA0004000CF2D0B7
:10EB0000012010BD010006007FB50546FEF7D6FBCB
:10EB1000044605F114016846F1F755FB0098694673
:10EB2000001B00900198001B019002982044029065
:10EB30000398204403902846FDF7D2FD04B070BD31
:10EB400010B5418D41F001014185FEF715FC418D65
:10EB500041F004014185FEF78FFB0022BDE8104023
:10EB60003521F4F74DBA00002DE9F04799461746D4
:10EB700088468246FEF70AFB0646002523E000BFD2
:10EB8000DAF80800B9F1000F006850F8254005D008
:10EB90004FF480212046FFF749FC98B961690023B2
:10EBA00001EB08006061A0693A463844A061E16960
:10EBB00001EB0800E061206A4146384420622046AB
:10EBC000FFF7D2FF6D1CB542DAD3BDE8F0872DE91F
:10EBD000F041456888B016460F460446F5B14FF43B
:10EBE0008021FFF723FC18B168690744A8690AE08F
:10EBF0002846FEF707FD6969081A07442846FEF70C
:10EC000007FDA969081A064400212846FFF74FFAB4
:10EC1000074400212846FFF7A8FA064460693F1A16
:10EC2000A069A6EB000601D1002E40D02046FFF7D8
:10EC3000F3FE04A92046FEF719FB4FF0000875B15A
:10EC400069462846FEF7CEFA0022694604A8F1F785
:10EC5000AEFB5FEA000802D1284600F069FF606958
:10EC6000324638446061A06939463044A061E069A9
:10EC700000233844E061206A304420622046FFF7D8
:10EC800073FF8DB122462721284600F074FF2046ED
:10EC9000FFF7C2FE0022694604F11400F1F787FB7A
:10ECA000B8F1000F08D105E02046FFF7B5FE08B027
:10ECB000BDE8F0810028FAD0284600F039FFF6E7D9
:10ECC0002DE9F0410C460746FEF752FB050038D00F
:10ECD000FEF75CFA06463846FEF70DFB002800DA20
:10ECE000FEE7002C01DAA4192BD4B44229DA8442BD
:10ECF00027D015DA6FF00302A04214DDA96802EBF9
:10ED000080030968CB5841F82030401EF4E7A96819
:10ED100002EB80030968CB5841F82030401C00E02A
:10ED20000422A042F3DBA86800222721006840F8F3
:10ED30002470284600F01FFF2846BDE8F041FFF789
:10ED40006BBEBDE8F0812DE9F0410D460646FEF7A9
:10ED50004BFCA0B93046FEF74FFC04463046FEF7A8
:10ED600013FB00280BDA002C09DD4042844200DA54
:10ED7000204602462B460021304600F067FD304613
:10ED8000FEF72AFC002825D13046FEF773FB044627
:10ED90003046FEF7C9FB074600213046FEF781FFEB
:10EDA00001280BD0002F15DA002C13DD78428442A5
:10EDB00000DB044621462B46002206E0002C09DA3F
:10EDC000002F07DD2B46002221463046BDE8F041EA
:10EDD00000F03CBDBDE8F0812DE9F0430546183058
:10EDE0000C460FC8C7B004AE86E80F0043A9204602
:10EDF000FEF73CFA2046FEF761FA0146024643A8B8
:10EE0000F1F7A8FA43AA04A908A8F1F7B0FA002874
:10EE100071D008AE96E80F0005F1180686E80F00DD
:10EE20002A461921204600F0A6FE2A461A2120462D
:10EE300000F0A1FE2A461B21204600F09CFE4FF464
:10EE400080112046FFF7F2FA010004F11400814618
:10EE500001D043AA00E0024604A90CA8F1F787FA02
:10EE600000287DD02046FEF791F906003BD00CAF7C
:10EE700097E80F0005F1180787E80F0020460021EA
:10EE80002D22FFF7B5F810B3204600210C22FFF722
:10EE9000AFF85FEA00081AD01CA8F6F743F804F1AF
:10EEA0001400CDF89C800FC823AF87E80F0028A876
:10EEB000F5F7F0F84846F1F748FA07464846F1F703
:10EEC00035FA8742484617DAF1F73FFA16E000278D
:10EED00007E0A068006850F82710284607F01CF8E3
:10EEE0007F1CB742F5D308AE96E80F0005F118066F
:10EEF00086E80F00A8E0BCE0F1F718FA4146B8EB4D
:10EF0000600F01DA084600E040108046D4E90701AE
:10EF10006269CDE91A01A1EB0800401CCDE9182077
:10EF200018A904AA0846F1F722FA68B318AA102112
:10EF30002846F5F793FC8146002707E0A0680068A3
:10EF400050F82710484606F0E7FF7F1CB742F5D37C
:10EF50004A461C21204600F00EFE4A461D2100E0D4
:10EF600081E0204600F007FE4A461E21204600F0C0
:10EF700002FE1CA94846F5F79DFF18AA28A92846B5
:10EF8000CDF8BC90F5F7EEFB04F1140014AB07C804
:10EF900083E80700A8F10100084414A9179004AA07
:10EFA0000846F1F7E4F958B314AA10212846F5F7FA
:10EFB00055FC8146002707E0A068006850F827103C
:10EFC000484606F0A9FF7F1CB742F5D34A461C21EC
:10EFD000204600F0D0FD4A461D21204600F0CBFD22
:10EFE0004A461E21204600F0C6FD1CA94846F5F7FA
:10EFF00061FF14AA28A92846CDF8BC90F5F7B2FB0A
:10F0000004F1140010AF0FC887E80F0001EB0800EF
:10F010001190A3EB080010A9139004AA0846F1F779
:10F02000A6F900B397E80F0005F11808002788E853
:10F030000F0007E0A068006850F82710284606F087
:10F040006BFF7F1CB742F5D32A461C21204600F0F7
:10F0500092FD2A461D21204600F08DFD2A461E21E4
:10F06000204600F088FD04AC183594E80F0085E8D0
:10F070000F0047B0BDE8F0832DE9F14F82B0029850
:10F08000FFF72AFD00287DD10298FEF771F9009064
:10F0900000210298FFF702F9834600210298FFF74A
:10F0A00000F90746009858B1FEF7CFF8814600985E
:10F0B000FEF7BAF80546CBF34170012803D011E002
:10F0C0003A4659468AE055492BF0C040884209DC4F
:10F0D000B0F1805F01DB4910081A00FB09F06421E0
:10F0E00090FBF1FBC7F3417001280DD14B4927F08C
:10F0F000C040884208DCB0F1805F01DB4910081A8B
:10F100006843642190FBF1F700216A220298FEF720
:10F110006FFF064600216B220298FEF769FF8246C8
:10F120000298FFF73DF980460298FEF7D1F80446B1
:10F13000C6F3417001280ED1384926F0C0408842FC
:10F1400009DCB0F1805F01DB4910081A00FB08F010
:10F15000642190FBF1F6CAF3417001280DD12F49CB
:10F160002AF0C040884208DCB0F1805F01DB491022
:10F17000081A6043642190FBF1FA5E445744002171
:10F18000029800E048E0FEF777FD40B10A2823D25C
:10F19000DFE800F022220C14202A32183639002130
:10F1A0000098FEF778FD012808D015E009EBD97129
:10F1B000491008EBD870A1EB600001E0A9EB080052
:10F1C000064409E005EBD570401004EBD471A0EBC8
:10F1D000610000E0281B07443A463146029803B01C
:10F1E000BDE8F04FFFF7F3BC09EBD971491008EB0C
:10F1F000D870A1EB600001E0A9EB08000644E9E744
:10F20000A9EB080006E009EBD971491008EBD870AA
:10F21000A1EB60000644D5E7BDE8FE8FFEFFFF1FAF
:10F220002DE9F04F0446408D89B0010501D5400518
:10F2300076D42046FEF79CF8060071D0608D6FF002
:10F24000404A000503D52046FFF7AAF860E00021F8
:10F250002046FFF714F80546504501D1012000E093
:10F2600000208146C5F34170012806D18E4825F063
:10F27000C041814201DC012700E000273046FDF754
:10F28000E4FF8046B9F1000F04D02046E6F74EFEB9
:10F2900005462CE05FB3708D000510D40021304688
:10F2A000FEF7EDFF50450AD100212046FEF7FFFE94
:10F2B000054600212046FEF729FF054417E025F00A
:10F2C000C040B0F1805F02DB6FF07041081A00FBB4
:10F2D00008F0642190FBF1F500212046FEF792FD35
:10F2E000074600212046FEF796FD38442D1A204699
:10F2F00000210422FEF77CFE07462046002105225D
:10F30000FEF776FE0246434639462846F3F73EF8B6
:10F310000746608D400504D52046FDF7D9FF66E01D
:10F3200070E000212046FEF743FDD34605465845D0
:10F3300001D1012000E000208246C5F34170012880
:10F3400006D1594825F0C041814201DC012000E08E
:10F35000002080463046FDF767FF8146BAF1000F76
:10F3600004D02046E6F768FD05462FE0B8F1000F0F
:10F370002CD0708D400510D400213046FEF718FDCA
:10F3800058450AD100212046FEF7EFFE0546002130
:10F390002046FEF75DFE054418E025F0C040B0F1C0
:10F3A000805F02DB6FF07041081A00FB09F06421F6
:10F3B00090FBF1F800212046FEF736FD05460021BE
:10F3C0002046FEF716FD2918A8EB0105204600216E
:10F3D0000622FEF70DFE8046204600210722FEF79A
:10F3E00007FE02464B4641462846F2F79BFF05467C
:10F3F0002046FEF7D5FFB84208D12046FDF768FF4A
:10F40000A84203D1002009B0BDE8F08F2046FFF7E5
:10F4100003FB69462046FDF729FF04A93046FDF7A6
:10F42000E1FE002204A96846F0F7C1FF5FEA000888
:10F4300002D1304600F07CFBA0696D1E284420629A
:10F4400000212046FEF727FC01281ED060697F1EA0
:10F450003844E0616A462E21204600F08CFB2246AB
:10F460002721304600F087FB2046FFF7D5FA608D54
:10F47000002240F00200608504A904F11400F0F7B6
:10F4800096FFB8F1000F06D104E0E069C01B401CF4
:10F490006061DFE710B1304600F04AFB204600F023
:10F4A00005F80120AFE70000FEFFFF1F38B5044656
:10F4B000FDF704FF0546002000906A46182120460B
:10F4C00000F059FBA06810B10099416207E0009874
:10F4D00028B12046FDF7F0F8A1680098486200982E
:10F4E000A84202D02046FFF797FA38BD70B505460E
:10F4F0000021FEF7C4FE044600212846FEF758FC12
:10F500006FF040418C4203D0884201D0002070BD92
:10F510002846FFF715FB012070BD00002DE9F84FCC
:10F520008046364817460C4690F82400002862D0E2
:10F530004046FFF771FA04F47F040421384602F0D4
:10F5400069FC06460221384602F064FC05460121AA
:10F55000384602F05FFC00901021384602F05AFC59
:10F5600081464FF4702BD6B15C4510D07CB140463B
:10F5700000210222FEF73CFD6FF0404A504506D0C4
:10F58000404600210122FEF733FD50451CD10022E8
:10F590002F21404600F0EFFA4046FFF7D1FA5C45D4
:10F5A00000D08CB9FF2F00D02EB14046FDF7E0FE11
:10F5B00008B1FFF7C5FA5C4500D02CB9B9F1000FCE
:10F5C00002D0404600F031FFFF2F00D015B1404679
:10F5D000FFF76CFF4046FFF71FFAFF2F03D000989C
:10F5E0003543054207D0B4F5803F04D04046BDE81E
:10F5F000F84F06F0A1BFBDE8F88F0000605A002068
:10F6000070B588B00C460646FFF766FA0546E00678
:10F610000CD504AA69463046FEF700F86946304624
:10F62000FFF715FA04A93046FFF711FA706AA043F4
:10F630007062E0070ED03046FFF7EEF93046FFF774
:10F640004BFA38B13046FDF793FEFFF779FA3046B2
:10F65000FFF776FA3046FFF73FFAA84202D114F0DE
:10F66000C07F07D03046FDF783FE08B0BDE870408C
:10F67000FFF766BA08B070BD2DE9F04104460E46AA
:10F68000408D002115460423C0F305100BE000BF98
:10F69000E26803EBC107D259D70103D522F07F42BC
:10F6A000AA4202D0491C8842F2D8884202D10020E6
:10F6B000BDE8F081E06850F83100314602F0CCFB43
:10F6C00028B1324629462046FFF728FF01E00028EE
:10F6D000EED00120ECE7028D22EA01018A4201D03E
:10F6E00010F06AB970472DE9F05F5FEA010905463D
:10F6F0001FFA82FA02F47F064FF0FF070CD099F848
:10F70000080000B900273EB9202148460BF0F4FC60
:10F7100010B12846FFF780F9002421465EE0EA6830
:10F72000042000EBC40B964652F80B00AAF57F4864
:10F73000C0F307431B0482B2B8F1FF0801D0524561
:10F740000BD1B6F5702F01D0B34206D1B9F1000F3D
:10F7500005D05EF834304B4501D0641C3EE080019A
:10F7600005D50023FF22314628460EF0ADF9E868A2
:10F7700050F80B10CA0101D489010DD550F834009E
:10F7800008B102F0AAFBE86850F83400F9F77CFBF6
:10F79000E968002041F83400204608220AE0E968C0
:10F7A00002EBC00C01EBC0036144401CD1E900C175
:10F7B000C3E900C1698DC1F30511491E8142EED82C
:10F7C000688D0109491E61F309106885C0F30510B1
:10F7D000C100E86801F000F90121E860688DC0F31C
:10F7E0000510A0429BD8002908D0002F06D03A4629
:10F7F00031462846BDE8F05FFFF790BEBDE8F09FB8
:10F80000014A0021FFF76FBFFFFF0F0070B50646EA
:10F810000D4890F82400002815D000200FE00025A6
:10F8200008E000BFD4F8B40250F82510304606F0C6
:10F83000EAFF6D1CD4F8D002A842F3D82046F3F7B3
:10F8400003FB0400EBD170BD605A00202DE9F041AC
:10F850001546074696B00C4651EA05007ED0012BAE
:10F860001DD041493846EFF71FFE40493846EFF7B3
:10F870001BFE00220921384600F07DF9012870D1D5
:10F880002A462146384600F0DAF8012869D116B038
:10F890003846BDE8F04100220B2100F06CB9384633
:10F8A000FDF7EAFC80466846EFF73CFE39466846BD
:10F8B000EFF7DAFE2E496846EFF7B6FE4FF4C8764A
:10F8C0002CB34046F3F78EFA40103246C821EFF7CA
:10F8D000CDFE01466846EFF7A9FE3846FDF792FED9
:10F8E000221A41426846EFF7B9FE20496846EFF711
:10F8F000A5FE20496846EFF7A3FE6A46092138466F
:10F9000000F039F901282CD16846EFF7CFFE002D21
:10F9100027D04046F3F7BEFA40103246C821EFF731
:10F92000A5FE01466846EFF781FE3846FDF770FEFA
:10F930002A1A41426846EFF791FE0B496846EFF7F5
:10F940007DFE0C496846EFF77BFE6A460921384682
:10F9500000F011F9012804D1684600E001E0EFF75A
:10F96000A5FE16B0BDE8F08113AB0208FDAA02089F
:10F9700085AA0208AFF500082DE9F0471546824632
:10F9800099460C4651EA050057D0504600F060FDFC
:10F990005046FDF737FEC0F10008444400215046B0
:10F9A000FEF77FF9012810D0002C10DC20DA504639
:10F9B000FDF760FD06465046FDF7B6FD301800D550
:10F9C00000204042844212DB12E0002C02DA4FF0A9
:10F9D00000040DE00CDD5046FDF74CFD0646504698
:10F9E000FDF7A2FD301800D50020844200DD04465A
:10F9F0005046FDF70DFE46423544002D02DD4FF026
:10FA000000050EE00DDA5046FDF7F6FD07465046BC
:10FA1000FDF7BAFC381800D500204042854200DAD4
:10FA20000546A4EB0801AA1B51EA020005D04B468B
:10FA30005046BDE8F047FFF709BFBDE8F08770B555
:10FA4000164605460C4651EA06001AD02846FCF731
:10FA500033FEA86801233246816921448161A86888
:10FA6000C1693144C16121462846FFF77DF8002273
:10FA70000C21284600F07FF8012803D12846FEF724
:10FA8000CBFF012070BD70B516461D4604461A46D0
:10FA900000F026F82A4631462046BDE8704000F0C6
:10FAA00033B82DE9FC410E46044600F0D1FC00209D
:10FAB000009001902046FDF75BFC054604F1140719
:10FAC0000AE033466A46214638460AF0ADFE2C4627
:10FAD0002046FDF74DFC0546002DF2D1BDE8FC8126
:10FAE00070B50D46144606460649EFF7DDFC304674
:10FAF000FDF788FD411B23463046BDE870400022DB
:10FB0000FFF73ABFFDAA020870B50D461446064637
:10FB10000649EFF7C9FC3046FDF77AFD421B234644
:10FB20003046BDE870400021FFF726BF13AB020846
:10FB300010B588B0044604AA6946FDF76FFD684613
:10FB4000F0F7F9FB20B904A8F0F7F5FB002810D076
:10FB50006846F0F7F0FB18B169462046FEF777FFDC
:10FB600004A8F0F7E8FB002803D004A92046FEF71C
:10FB70006EFF08B010BD10B588B0C8B100900190FC
:10FB8000ADF808100020CDE903029DF8180020F020
:10FB900007008DF818006846F8F75CFF6846EBF739
:10FBA00085F804466846F8F74FFF204608B010BDB8
:10FBB0000120FBE770B50D460446FCF77DFDA0680B
:10FBC000056270BD70B516461D460446002200F061
:10FBD00096F900223146204600F082F9002229469B
:10FBE000204600F091F92046BDE870400022012136
:10FBF00000F094B910B50446002200F076F92046D2
:10FC00000022BDE81040012100F088B910B504467B
:10FC1000002200F06FF92046FDF7AAFBBDE8104076
:10FC2000FEF78EBF38B50C46054600236A46022112
:10FC3000FDF77EFB012807D0002804D100222146D1
:10FC4000284600F066F938BD0098A042F6D138BDCC
:10FC500010B5044689B2002200F060F92046BDE8E4
:10FC60001040FEF76DBF2DE9F0410D461C461646CB
:10FC700003F47F01804600232A460DF025FF21462C
:10FC80004046EBF78FFF07463CB92021284602F09B
:10FC9000C1F810B14046FEF7BFFE3246294638464D
:10FCA00002F024FA2A4621464046BDE8F041FFF71B
:10FCB00035BC70B5064640680C46002868D0002C5C
:10FCC00066D0A04264D03046FEF7A6FE2046FCF780
:10FCD000F3FC30467568FDF70EFB0146042207E091
:10FCE000A86802EB81030068C35840F82130491C22
:10FCF0002846FDF74BFA801E8842F1DAA968088D84
:10FD0000401E0004000C0885A96805D08200086820
:10FD1000114600F061FE03E00868F9F7B5F800202D
:10FD2000A9680860A168088D401C80B20885A26897
:10FD30008100106800F050FEA16808602046FDF7C1
:10FD400025FA6FF0030101EB8000A16809680E50ED
:10FD500028467460FFF7ECFE324627212846FFF75D
:10FD60000AFF002229212846FFF705FF32462721F6
:10FD70002046FFF700FF002228212046FFF7FBFE68
:10FD80003046FEF7DDFE3046BDE87040FEF744BE6B
:10FD900070BD70B51546044600F01AF92946204694
:10FDA000BDE8704000F02AB970B50C460546FCF776
:10FDB00083FCA868418DC1F38312A24202D064F390
:10FDC0008911418570BD70B50C460546FCF774FC81
:10FDD000A868418D64F38301418570BD70B50C4600
:10FDE0000546FCF769FCA868418D64F3051141855F
:10FDF00070BD70B50C460546FCF75EFCA868418DE9
:10FE000001F00302A24207D064F3010141852846B4
:10FE1000BDE87040FEF700BE70BD70B515460446E3
:10FE200000F0C0F829462046BDE87040FFF7FABE52
:10FE30000AB1FCF728BAFFF74EBC13460A460A215E
:10FE4000FFF711BF13460A466421FFF70CBF1346A4
:10FE50000A462721FFF707BF07B481B01346BDF854
:10FE60000810ADF800109DF80A108DF80210009AE5
:10FE70001C2104B0FFF7F7BE07B481B01346BDF8EC
:10FE80000810ADF800109DF80A108DF80210009AC5
:10FE9000232104B0FFF7E7BE13460A462021FFF7EF
:10FEA000E2BE13460A462821FFF7DDBE13460A4686
:10FEB0001D21FFF7D8BE07B481B01346BDF8081066
:10FEC000ADF800109DF80A108DF80210009A31214B
:10FED00004B0FFF7C8BE13460A463221FFF7C3BE7F
:10FEE00013460A467F21FFF7BEBE13460A467D2110
:10FEF000FFF7B9BE13460A468121FFF7B4BE134689
:10FF00000A467E21FFF7AFBE13460A468021FFF75F
:10FF1000AABE13460A460221FFF7A5BE13460A46AB
:10FF20001621FFF7A0BE13460A460421FFF79BBE29
:10FF300013460A465F21FFF796BE13460A4638214C
:10FF4000FFF791BE13460A460C21FFF78CBE1346FD
:10FF50000A463C21FFF787BE13460A465E21FFF79B
:10FF600082BE07B481B01346BDF80810ADF800108A
:10FF70009DF80A108DF80210009A582104B0FFF77E
:10FF800072BE13460A460121FFF76DBE13460A46AC
:10FF90000821FFF768BE13460A460921FFF763BE32
:10FFA0000161704738B50C46054600236A460121B9
:10FFB000FDF7BEF9012807D0002804D10022214610
:10FFC0002846FFF7DEFF38BD0098A042F6D138BDC5
:10FFD00038B50C46054600236A460821FDF7A8F906
:10FFE000012807D0002804D1002221462846FFF727
:10FFF000CDFF38BD0098A042F6D138BD38B50C46CB
:020000040802F0
:10000000054600236A460921FDF792F9012807D029
:10001000002804D1002221462846FFF7BCFF38BD46
:100020000098A042F6D138BD77B581B00E460500E4
:100030001BD06122FDF7DCFF040016D02068A0B1C0
:10004000284631466222FDF7D3FF10F0FF020CD0A4
:1000500023682046039998470090BDF80000ADF84A
:100060000C009DF802008DF80E00039804B070BDDE
:100070002DE9F047074696B0408D1E9E40F00800DF
:10008000788515463A8599468A46327A3846FDF78C
:10009000AFFF0446A7F82890327A51463846FDF75C
:1000A000A7FF798D804621F008017985444505D167
:1000B00001462046F2F7C4FB002879D13D85327A0B
:1000C00051463846FDF794FF0446A7F8289051465C
:1000D0003846ECF78FF8317A0068224602F006F8CD
:1000E000327A38467168FFF719FA307A0C2824D131
:1000F00047F6FF794C4501D0C8451ED13846FEF77A
:100100004FF900EBD07045103846FDF7E1F800EBF1
:10011000D07040104C4506D16A1C431C9A4201DA4B
:100120006C1C00E01C46C84507D1691C421C91426A
:1001300001DA681C00E0401C80461F48FBF7DAFB30
:10014000050038D02F60C5E90348307A2871684629
:10015000C5F808A0EFF7E6F929466846EFF784FAF4
:1001600016496846EFF76AFA15496846EFF772FADA
:1001700014496846EFF753FAFF2200216846EFF76B
:100180006DFA31886846EFF751FA71886846EFF7E3
:1001900048FA6846F168EFF753FA00216846EFF72E
:1001A00047FA68463169EFF757FA6846EFF77EFA83
:1001B00016B0BDE8F087FEE7785A00209BD8020809
:1001C0007DDA0208D5D9020814210148FBF78ABB61
:1001D000785A00202DE9F84F0025904689460646BA
:1001E0002C460427DDE000BFF16807EBC400085887
:1001F00082016CD480B230EA090211D05FF00002B3
:1002000030EA08000ED00020824260D051F834A0BD
:100210006A461021504601F035FD002863D103E005
:100220000122EDE70120EFE76A461121504601F077
:1002300029FD002857D16A461221504601F022FDBF
:10024000002850D16A461321504601F01BFDE8BB3F
:100250006A461521504601F015FDB8BB6A461421C7
:10026000504601F00FFD88BB6A461621504601F04A
:1002700009FD58BB6A466A21504601F003FD28BBC0
:100280006A466B21504601F0FDFCF8B96A4601212F
:10029000504601F0F7FCC8B96A460221504601F009
:1002A000F1FC98B96A460421504601F0EBFC68B9AC
:1002B0006A460521504601F0E5FC38B96A46062138
:1002C000504601F0DFFC08B96A4601E00BE067E048
:1002D0000721504601F0D6FC28B96A463021504625
:1002E00001F0D0FC10B10320BDE8F88F6A46682108
:1002F000504601F0C7FCE8BB6A466921504601F050
:10030000C1FCB8BB6A466E21504601F0BBFC88BBFD
:100310006A466C21504601F0B5FC58BB6A466D2117
:10032000504601F0AFFC28BB6A463A21504601F026
:10033000A9FCF8B96A463B21504601F0A3FCC8B9B4
:100340006A463821504601F09DFC98B96A463C2126
:10035000504601F097FC68B96A463E21504601F0CC
:1003600091FC38B96A464021504601F08BFC08B92F
:100370006A4600E010E04121504601F083FC58B984
:100380006A464221504601F07DFC28B96A46482160
:10039000504601F077FC08B1022501E005B90125BE
:1003A000641C708DC0F30510A0423FF61DAF2846B7
:1003B0009AE71346012200F001B800002DE9F0474A
:1003C0001F4691464FEA010A5FEA00082BD0FCF76E
:1003D000A8FF022818D0002507F00104C7F3400643
:1003E000A6B13CB14046FCF7C3FF3B464A465146E6
:1003F000FFF7E4FF002D16D033464A4651464046EB
:10040000BDE8F0470DF0A8BE0125E5E72DB1334664
:100410004A46514640460DF09FFE002C03D0404610
:10042000FCF7A6FFD0E7BDE8F08770B50546E5F715
:1004300025FF0446A86820B1418D64F38B214185D6
:1004400070BD002CFCD02846FCF736F9A868F3E70D
:1004500070B50D4D95F86010002913D1012185F874
:100460006010FCF789FF044606E000BF20F004009E
:1004700060852046EEF7ADFD608D4107F6D4002083
:1004800085F8600070BD0000605A002070470000D1
:1004900008B5132802D209B1042907D9F2F7A4F943
:1004A0000090BDF800009DF802100BE0491E074ABD
:1004B000C9B200EB400002EB800001EB41010144B6
:1004C0000888897840EA014008BD00000C830408D0
:1004D00008B5132802D209B1052907D9F2F784F922
:1004E0000090BDF800009DF802100AE0491E064A7F
:1004F000C9B2C0EB0010104401EB4101014408886F
:10050000897840EA014008BDEF81040808B5132846
:1005100007D3F2F769F90090BDF800009DF80210CA
:1005200005E0044900EB400001440888897840EA6E
:10053000014008BDB68104086FF07041002805DA5B
:100540004A42904200DC1046081A02E0884200DB72
:10055000084640F000507047C0F34172012A0DD1A7
:10056000074B20F0C0429A4208DCB2F1805F01DB09
:100570005810821A4A43642092FBF0F07047000042
:10058000FEFFFF1F2DE9FE4F9946DDE90CA60F4641
:1005900004462AB94FF48071894501D18A4566D055
:1005A00000200CE054F830303168591A44F830100B
:1005B00004EBC00175684B685B1B401C4B60B84284
:1005C000F0D3E2B3B2F5616F01DDA2F56162002AFA
:1005D00001DA02F561620A2092FBF0F5684200EB55
:1005E000800002EB400805F1010B28B203F04CFD3E
:1005F00002900FFA8BF003F047FD5A35019028B2B4
:1006000003F042FD00900BF15A0000B203F03CFDF4
:1006100003460298C8F10A0101FB00F5019A0A207D
:1006200002FB085292FBF0F042110098414303FB99
:1006300008100A2190FBF1F04311002163E0FFE76D
:10064000002012E054F83020336802FB09F203EB7B
:10065000222144F8301004EBC00175684B68401C3F
:1006600003FB0AF305EB23224A60B842EAD3BDE854
:10067000FE8F00BF04EBC10B54F831004FF48075BE
:10068000DBF80480A94512D1AA4510D103FB00F57F
:1006900002FB1855D6F800C050430CEBA52544F8D2
:1006A000315003FB0800756805EBA02528E00E9D7E
:1006B0008DB100FB09F008FB0AF503FB00FC02FB0F
:1006C00015CCD6F80080504308EBAC4C03FB05007A
:1006D00044F831C011E003FB00F502FB1855D6F8D1
:1006E00000C005FB09F50CEBA54544F8315002FBB1
:1006F00000F503FB085000FB0AF0756805EBA04508
:10070000491CCBF80450B942B4D3B0E7D1E9002179
:10071000C0E900217047C0E90012704730B5D0E948
:100720000023D1E90045C0E90045C1E9002330BDFF
:10073000D1E90021C0E9002170473EB5DDE9064559
:100740008DE8380013460A460121FFF71BFF3EBD26
:1007500010B5036882680C68D21A02EBD27252108C
:100760004068134410444968E31A081A5B4300FBCD
:1007700000305243904201D8012010BD002010BD2E
:1007800038B5E1F7CBFC4FF4A071F020F2F732FA64
:1007900004460649F2F7BEFC0020024600904FF4E2
:1007A000965303492046F2F749FC38BDE57400082A
:1007B0001802002070B50C460123002110E0D50777
:1007C00006D01D46A5FB003601FB006105FB0411A8
:1007D000A0FB005604FB006600FB04645210284690
:1007E000002AECD1184670BD0149886670470000A8
:1007F000605A00202DE9F041050002D000262C6847
:1008000016E0FEE7606808B10446FBE7A068002830
:10081000FAD127682FB17868A04201D17E6000E04C
:10082000BE602069F8F730FB2046F8F72DFB3C4608
:10083000002CE7D12E60BDE8F08110B538B100F092
:1008400085F8002802D0F8F71FFB012010BDFEE755
:1008500070B50E46050001D02C680CE0FEE76A6812
:10086000216930469047002802D003DA646802E02C
:10087000204670BDA468002CF1D1204670BD70B533
:1008800015460E4604000BD05EB15DB10C2200216E
:10089000FBF73BFA0020A560C4E90006012070BD0B
:1008A000FEE7FEE7FEE72DE9F0478A4607001DD088
:1008B000FFF7CEFF002841D11420FBF719F90400FF
:1008C00015D0B868FBF714F9206188B14FF0000823
:1008D00084F80C80C4F80480C4F80880396841B1F9
:1008E000C4F810A03E688146354612E0FEE7FEE7F8
:1008F000FEE73C600120C4F8008020731DE07A68A8
:100900003546316920699047002801DA766800E0B1
:10091000B668002EF3D1256084F80C807A682969C6
:1009200050469047002801DA6C6000E0AC60214638
:10093000384604F095FFC4F810902046BDE8F087D3
:1009400000E0084641680029FBD1704770B50C46AD
:100950000346D4E9011041B348B3FFF7F1FF216822
:1009600031B14A68A24201D1486002E0886000E0EB
:1009700018600268057B8168A24201D1024606E048
:1009800001B10A605160A6688660A668306026687A
:100990000660267B0673666846606668012D3060D7
:1009A00014D1184604F0E8FE10E000B10146207BA7
:1009B000226801B10A6032B15568A54201D1516087
:1009C00002E0916000E019600128EAD02046256924
:1009D000F8F75AFA284670BD10B5084C31B1A0425C
:1009E00008D1BDE810400846FBF75EB8F8F74CFAAE
:1009F000204610BDBDE8104000F002B8C45A0020E7
:100A00002DE9F0410D46074603F055FA104C064615
:100A10002A463946D4F8B80103F0BFFA050014D0CD
:100A2000D4F8BC01801BC4F8BC01284604F5DE7470
:100A300003F041FA2168084420606168A4F5DE747F
:100A4000884200D80846C4F8C0012846BDE8F081B5
:100A5000605A00200148006970470000605A002079
:100A60002DE9FC410E46002507462A461431EFF7D2
:100A70009EFC002826D001213046FDF7D7FC00BBA4
:100A80003046FCF74EFCE0B900208DF800006A46C5
:100A9000172130460197FFF76EF89DF800000228F5
:100AA0000FD03046FCF772FB401E04000ED4B06835
:100AB000006850F824103846FFF7D2FF050009D12E
:100AC00002E00020BDE8FC81641EF0D59DF8000026
:100AD00000B935462846F5E7704700002DE9F04F8C
:100AE00085B000254FF03C0ADFF8AC804BE000BF3A
:100AF00005F50F72895CE9BB00243AE004F50F7933
:100B000010F80910A1BBA54232D00AEB04110491E0
:100B100001440AEB051B5844EFF78CFC40B33069E5
:100B20000499B046421800EB0B016846EFF74AFD06
:100B30006846EFF700FCD8F81010074601EB0B00F1
:100B4000EFF7F9FB0646D8F8101004980844EFF7C1
:100B5000F2FB304487420BD2D8F81010464601EB26
:100B60000B006946EFF738FB3269012102F80910E2
:100B7000641C00E006E0D8F810004646D0F85C128D
:100B8000A142BBD86D1CD8F81010D1F85C22AA4243
:100B9000AED805B0BDE8F08F605A002010B591F8CE
:100BA0003C000C4620F0030081F83C000020C862A5
:100BB0000863486310212046FEF722FD4FF40071C0
:100BC0002046FEF71DFD21460548FBF783FEFBF797
:100BD000E7FE2046BDE81040002202A100F03CB92B
:100BE0006C8D04084F7074696F6E20310A4F7074F9
:100BF000696F6E20320A4F7074696F6E20330A4F2E
:100C00007074696F6E20340A4F7074696F6E20358E
:100C1000000000007CB50E466F48FCF762FA012820
:100C200030D13046F7F79CFE05463046F7F79CFE7C
:100C30000446312D1ED02F2D25D02E2D2FD0012D45
:100C40002FD0022D3CD0082D59D0032D57D0102D78
:100C50005DD0112D6BD00E2D74D00F2D7ED0182DA0
:100C60007DD01A2D01D01D2D0CD13046BDE87C4021
:100C7000E8F7A8BE3046F7F7BFFE05462046EBF77B
:100C800050FA28607CBDEAF765FF18B100222F21D9
:100C9000FEF771FF2046FEF729FC00214DE0002100
:100CA0004CE0E06A0128EDD9E06B20F00401204619
:100CB000E163EAF74FFFBDE87C404849EEF7F4BB3B
:100CC000E06A0128DED9F9F7B9F96946F9F708FAB7
:100CD000694620460DF0F0FC01980028D2D020464D
:100CE000EAF738FF0546FDF79EFB019901442846C7
:100CF000FFF784F9E06B40F00400E0637CBDE06A3C
:100D00000128FBD92046BDE87C4005F035BCFCF746
:100D1000DAFA0546F9F792F9F9F7DEF9042803D172
:100D20002846F8F7BFFB10B1206B60637CBDD4E9A7
:100D30000C108142FAD0012120632046BDE87C409E
:100D400005F066BAE06A0128F0D93046F7F737FEB9
:100D5000132813D0122811D0142801E018E035E030
:100D600001D01128E2D1216B20460029DED00122DA
:100D7000491E656B00F004F965637CBD216BE26A76
:100D8000481C9042F9D201222046491C656BF1E7CC
:100D9000E06A0128F1D93046F7F730FE236BE16AAB
:100DA00018444A1E824201DD054600E01546002D2A
:100DB00001DA002104E0824201DD014600E0491E23
:100DC0008B42DAD020460122656BD3E7EAF7C2FEF8
:100DD000BDE87C40FEF76ABB488D0408F5AC02080C
:100DE00070B50E460846F7F7BBFD04461A2805D035
:100DF00031461848FCF775F9012822D13046F7F73B
:100E0000B3FD0546182C08D02E2C1BD01A2C18D157
:100E10003046BDE87040E7F7F5BD3046F7F7ECFD2A
:100E200004462846FCF7A4FAEBF77BF90646284669
:100E3000FDF7B6FA02462068B11A884200DC08467F
:100E4000206070BDFCF794FABDE87040002105F009
:100E5000DFB900006C8D04082DE9F84F15465FEAF4
:100E6000010904460DD02046EAF774FE4FF0000B4E
:100E70000090C4F830B0C4F834B05846C4F82CB070
:100E800006E0FEE70A2902D1E16A491CE162401C42
:100E900019F800100029F5D1E06A401CE06294F8CE
:100EA0003C0020F00300DDB1401C84F83C002046EB
:100EB000FDF7A6F9F7F7DDFF054600212046FDF70F
:100EC000B1F9E16A284448434FF47A7191FBF0F29A
:100ED0000F2A0CDA91FBF0F2032A08DA03200EE065
:100EE00084F83C0049460098FAF7A2F941E091FBEA
:100EF000F0F20F2A02DA91FBF0F000E00F20A0637D
:100F0000C10701D1401CA063484600F0B3FE471C56
:100F1000A06B78435FEA000801D101208046FAF710
:100F2000C3FD05460026A0F1010A0AE007FB0650B2
:100F3000494600F083FE711C0A207943761C01F8B3
:100F40000A00A06BB042F1D805EB0800294600F872
:100F500001BC0098FAF76CF92846F7F795FFA16BEA
:100F6000E06A4A0842434843C4E90B022046ECF7D2
:100F700003FE206B60630098BDE8F84FFEF796BA59
:100F8000F0B490F83C30C56A03F00303012B19D18B
:100F9000836B046BB5FBF3F3B4FBF3F7994211D207
:100FA00007FB1346741A24B2002C00DC6442B4EB35
:100FB000530F05D90C468E4201D9E11800E0E11A21
:100FC00003FB07118D4200D8691E01634163F0BC29
:100FD000114605F01DB910B50C463C2104F12C005A
:100FE000FAF780FCA06C05216FF30E000B3061F363
:100FF000DD30A064012084F83C00A06C642140F046
:101000008040A0644FF487702065872060650020D1
:10101000C4E91001E0652066A16C21F00041C4E93B
:101020001210A065A0632046BDE810401021FEF715
:10103000E7BA000070B50C4601F12C060AE000BFCB
:10104000FAF733FC054601463046FAF7F8FC284625
:10105000F7F71AFF206B00283046F1D1BDE8704049
:10106000FAF703BC70B50E461D48FCF73AF80128A4
:101070002DD13046F7F774FC05463046F7F774FC7F
:1010800004461A2D09D01D2D1ED0182D1FD1304613
:10109000BDE870406421F7F732BDA06C002816DB74
:1010A000204608F003FF204608F07CFB94F84C0033
:1010B0003146C00720460BD008F0A8FD3146204637
:1010C000BDE8704008F01EBCA06C0028E8DB70BDD5
:1010D00008F018FC31462046BDE8704008F096BD87
:1010E000908D040801484069F1F7B8BE605A0020AD
:1010F00008B500210B460A46009100F001F808BD32
:101100002DE9F047ACB0994692460E460746DDF809
:10111000D080FCF7B1F8D0F8C0520446BD427DD073
:10112000D4F8CC02B84279D0C8B1A84217D0002177
:10113000EEF7BAF90022D4F8CC02114604F5307467
:10114000FEF727FE00225F21E068FEF795FA20688F
:10115000A060E068A4F53074054609F031FBC4F8DE
:10116000CC72D4F8C80228B194F8D412890701D5FA
:10117000FBF7AEFC0020C4F8C8020A2E66D00B2E86
:1011800064D00C2E62D00D2E60D00E2E5ED00021C9
:1011900094F8D40261F3000068F3410084F8D402AB
:1011A00000213846EEF780F91DB100212846EEF700
:1011B0007BF9002211463846FEF7EBFD25B10022EF
:1011C00011462846FEF7E5FD00225F213846FEF76E
:1011D00053FA25B100225F212846FEF74DFA5AEA5C
:1011E000090035D06846EEF79DF939466846EEF7B6
:1011F0003BFA6F496846EEF72DFA6E496846EEF7FE
:101200000EFA51466846EEF711FA49466846EEF77F
:1012100008FA16A8EEF786F9294600E023E016A89A
:10122000EEF722FA514616A8EEF700FA494616A83C
:10123000EEF7F7F90F2E2BD2DFE806F0181E363E38
:101240004751657B90A6AD5D71879C0001219FE7AA
:10125000384609F0B5FAB8F1000F04D0002D02D0DD
:101260002846FBF735FC2CB0BDE8F08752496846AC
:10127000EEF7E4F900228CE04F496846EEF7DEF91C
:101280002046F1F7AFFD1EE04FEA0D00EEF7E6F95C
:10129000002D78D000222A212846FEF76CFC6846F3
:1012A000EEF704FA16A87FE043496846EEF7C6F960
:1012B0002046F1F797FD0FE040496846EEF7BEF98A
:1012C0002046F1F7E7FD014607E03C496846EEF7A6
:1012D000B5F92046F1F7DEFD41420022D4E7364958
:1012E0006846EEF7ABF92046F1F77CFD0146002297
:1012F0006846EEF7B3F9304916A8EEF79FF9204695
:10130000F1F770FD28E02C496846EEF797F9204682
:10131000F1F768FD414200226846EEF79FF9264941
:1013200016A8EEF78BF92046F1F75CFD29E00021C5
:1013300037E022496846EEF781F92046F1F7AAFD29
:10134000014600226846EEF789F91C4916A8EEF717
:1013500075F92046F1F79EFD4242E8E717496846D5
:10136000EEF76CF92046F1F795FD41420022684600
:10137000EEF774F9114916A8EEF760F92046F1F777
:1013800089FD0246D3E70EE00D496846EEF756F9AF
:10139000FF22002178E70A4916A8EEF74FF900224C
:1013A000FF2116A872E76846EEF780F95BE70000B8
:1013B0009BA7020837A70208EDAC0208F1AC0208AF
:1013C000BD53020870B50020C1F89C0091F8A00040
:1013D0000C4620F0030081F8A0004FF480712046F5
:1013E000FEF70EF910212046FEF70AF94FF480614E
:1013F0002046FAF704FF0020F1F7EAFC502505EB40
:10140000C000B0F5A07F08DB0020F1F7E1FC05EBA0
:10141000C000A02190FBF1F100E001212046BDE8D1
:101420007040FEF7C7BB000010B501460348FBF74C
:1014300051FA0446FBF7B4FA204610BDB48D0408F7
:101440002DE9F34F85B0C5480699FBF74AFE012800
:1014500058D10698F7F784FA05460698F7F784FA04
:101460008146044600F07EF90646132D1CD0012D5E
:101470004BD0022D58D04FF400767710082D5AD05B
:10148000032D58D0102D7BD02E2D7AD0182D79D049
:101490000E2D78D00F2D77D01A2D33D1069807B0A6
:1014A000BDE8F04FE7F71EBA0698F7F7A5FA05462C
:1014B000D9F8080008B1076A00E0002704F18401A8
:1014C0006846EEF7B6FE3A4611466846EEF742FF2A
:1014D000002268462968EFF700F82871002811D12A
:1014E000022E0FD104F174016846EEF7A2FE3A46CF
:1014F00011466846EEF72EFF002268462968EEF78F
:10150000ECFF287107B0BDE8F08FF8F797FD04F104
:1015100094010C46F8F7B4FD07B021464846BDE8F3
:10152000F04F0322FEF745BF07B04846BDE8F04F35
:1015300001210EF075B9002148460EF071F994F8BA
:10154000A00020F0010084F8A0000020C4F89C0056
:101550004846FDF761FA4846FBF7B5FE8046F7F7C7
:10156000A1FF0546F8F76AFDF8F7B6FD04280CD090
:101570000128C7D14846ECF70AFD08B3314620E000
:1015800025E032E049E0A5E0D6E0002DBAD048469B
:1015900000F0E8F802280CD194F8A000810704D4E8
:1015A00040F0020084F8A000ACE720F0020084F8CC
:1015B000A00007B04046BDE8F04F0021F7F7E7BFB5
:1015C000394607B04846BDE8F04FFAF718BEF8F7BD
:1015D00035FDF8F781FD042801D0022892D114F8D6
:1015E000A00F20F0020020708CE74846ECF7CFFCFB
:1015F00028B131464846FAF702FE394604E039463A
:101600004846FAF7FCFD31464846FDF7F9FF07B0BA
:101610004846BDE8F04FFDF749BF4FF44037394623
:101620004846FCF791FC804639464846FCF7AAFC40
:10163000064639464846FCF7CFFC0546394648463B
:10164000FCF752FC044639464846FCF715FE834633
:1016500039464846FCF70AFE82464846FCF7A0FE9B
:1016600000EB4B074846FBF733FE00EB4A0087428E
:10167000484604DAFCF794FE00EB4B0003E0FBF76E
:1016800027FE00EB4A0040104146B04500DC3146E1
:10169000AC4201DD224600E02A46914206DD414689
:1016A000B04501DD0C4604E0344602E0AC4200DC0B
:1016B0002C4604444FF440314846A41CFBF787F8FD
:1016C00004440698F7F798F90168A14200DD0C463A
:1016D000046017E70698F7F772F9132813D011285A
:1016E00011D0142801D01228F3D194F8A00080075B
:1016F000484611D400F03FF8401E014601224846FA
:1017000000F041F810E094F8A000800721D448468A
:1017100000F031F8401CF0E700F022F8401E0146CE
:101720000122484600F02BF807B04846BDE8F04FCC
:1017300000222021FEF71FBA0698F7F75FF9054649
:1017400094F8A000800704D4484600F014F841192A
:10175000D4E7484600F004F8401CE0E7B48D0408E4
:10176000EFF7FDB810B5EFF7F5F8012802D0022821
:1017700000D0002010BDEFF701B9EFF70DB9EFF77A
:1017800054B9EFF71CB9EFF775B900000FB40A466A
:1017900008B505A9009101460348049B02F0E0FC4E
:1017A00001B05DF814FB00009F2F000810B540F257
:1017B0000470FAF779F903490028C1F8DC0100D177
:1017C000FEE710BD605A002010B500204867D1F830
:1017D00084000C4620F0FF00401DC1F88400012069
:1017E000C1F880000C4888674042C867D1F884007F
:1017F000012120F4E06000F58060C4F884002046F8
:1018000002F050F80121204601F0D7FF2046BDE844
:10181000104000F027B900009F86010030B4416FEE
:10182000D0F880300A1E02DDD41A00D5991ACB1ADE
:10183000C16F8B4201DB194606E0B0F88430DB054E
:1018400002D58A4200D1816F8A4203D0416730BC01
:1018500000F008B930BC704770B50E465D48FBF724
:1018600040FC01287ED13046F7F77AF8054630462D
:10187000F7F77AF80446082D17D00E2D72D1F8F735
:10188000DDFBF8F729FC05463046F7F7B5F80168A7
:10189000132968D0142967D0112966D0122973D072
:1018A0002046BDE8704001F0B3BCF8F7C7FBF8F77D
:1018B00013FC042831D12046FBF705FDF7F7F2FDB4
:1018C00058B3D4F8840000F00F02012A4AD9C0F3BB
:1018D000412002280FD00A200021521EFEF76AFF85
:1018E000D4F88030DA17181A8A4167DB0A212046BB
:1018F000C4F8801004E0D4F88000012804DD2046FC
:10190000BDE8704000F088B80A200021921EFEF762
:1019100051FFC4F88000204651E0204601F044FF0A
:10192000054600F0A7F9E16C6A5C2E2A03D08142DB
:1019300005D1411E08E0204601F0F1FD07E031B974
:10194000E06F002803DA0121204601F03DFFD4F8C2
:101950008410E06CC1F30312904208D911F0F00F2B
:1019600005D003E034E020E026E020E0401E01F056
:101970000F01491E091AE06F002800DA491C0122F4
:101980000020C4F8802009E01DE000BFD4F88020CA
:1019900002EB82025300401CC4F880308842F5D329
:1019A0002046BDE8704000F05DB8042DA7D1204668
:1019B000BDE8704000F010B8042D04D02046BDE80A
:1019C000704000F035B82046BDE87040FFF726BFF4
:1019D00070BD0000D88D040830B4416FD0F880305D
:1019E0000A0004D5D418002C01DD991849420B4493
:1019F000816F8B4201DC194606E0B0F88430DB05CC
:101A000002D58A4200D1C16F8A4203D0416730BCFF
:101A100000F028B830BC7047D0F880100A2291FB43
:101A2000F2F1002900DC0121C0F8801000F01AB8A2
:101A3000D0E91E21002901DD0B4600E04B429A420D
:101A400001DD114602E0002900DC4942D0F8802087
:101A500002EB820252008A4201DCC0F8802000F0D2
:101A600001B80000F0B589B0054614216846DEF7DC
:101A700084FCE86F00266C46002809DA686F0028AD
:101A800001DB2B2000E02D208DF80000641C00E01D
:101A900001266B6F002B00DC5B4230A20E2105A8F3
:101AA000FFF774FE05A800F0E5F895F8841001F042
:101AB0000F010A1A05A90DD0002804DB0B5C87185A
:101AC000401ECB55F8E70020302301E00B54401CAA
:101AD0009042FBDBD5F8840010F0F00F03D0C0F388
:101AE0000317002005E000F00F07FAE704F8012BC8
:101AF000401CB84202DA0A5C002AF7D195F884202B
:101B000012F0F00F10D02E2204F8012B03E000BFDA
:101B100004F8012B401C95F8842002F00F02824249
:101B200002DD0A5C002AF3D16946284601F0F4FE82
:101B300095F884000A2200F00F00D5F8801002E02A
:101B400091FBF2F1401E0A29FADAB84200D9401C92
:101B5000811B284601F038FE09B0F0BD2564000065
:101B600010B50C4602212046FDF74AFD2046BDE88F
:101B70001040C8224FF47A71AFF3008070B50E4662
:101B800098B0144605460021EDF78EFC01A8EDF74C
:101B9000C9FC294601A8EDF767FD1F4901A8EDF72B
:101BA0004DFD4FF0FF3101A8EDF750FD314601A882
:101BB000EDF73CFD04F5B472214601A8EDF74EFDAA
:101BC00001A8EDF773FD154901A8EDF739FD4FF4B4
:101BD00080600090002340F251224FF4D77101A899
:101BE000EDF715FD4FF4B4742246002101A8EDF77E
:101BF00035FD0B4901A8EDF721FD01A8EDF756FDD4
:101C0000224600212846EEF700F94FF48771284656
:101C1000EEF7A0F918B070BD5F48000895F5000810
:101C20006348000801E0401C491C027812B10B789F
:101C30009A42F8D00978D0B2401A70474FEA0002B1
:101C400011F8013B00F8013B002BF9D11046704719
:101C500070B5064600F00EF8401C0446F9F724FF64
:101C6000050005D022463146F9F794FF284670BD9D
:101C7000002070BD0146002000E0401C0A5C002AE4
:101C8000FBD17047F0B50346057A01201B68FF2D94
:101C900003D003EB8506002415E0002406E08D4206
:101CA00003D103EBC40149680AE0641C13F8345003
:101CB000002DF4D109E0375D8F4203D153F8241091
:101CC0001160F0BD641CA542F5D80020F0BD70B5D0
:101CD000047A0068FF2C03D000EB8405002316E093
:101CE000002306E08C4203D100EBC30040680AE009
:101CF0005B1C10F83340002CF4D10AE0EE5C8E42FD
:101D000004D150F823001060012070BD5B1C9C4280
:101D1000F4D8002070BD0C220021F9F7F6BF007A3C
:101D200008B1002070470120704700000CB5002268
:101D3000374901923E280B6800935DD022DC2928A8
:101D40005AD010DC222859D006DC05285CD00728A0
:101D50005AD01C2838D13BE0232843D024284BD02C
:101D6000252831D148E039283CD006DC312839D04B
:101D7000322841D0342827D142E03A283CD03D28AF
:101D800022D12FE0592837D010DC4D2834D006DC82
:101D9000442831D0452825D04C2815D122E052289E
:101DA00020D0532828D058280ED11BE06C280DD005
:101DB00006DC5A2826D05F281ED0602804D11BE0FC
:101DC0006D2803D0742821D010460CBD48680CBD86
:101DD000BDF80000ADF804009DF802008DF8060083
:101DE00001980CBDBDF80400ADF800009DF8060098
:101DF0008DF8020000980CBD88680CBDC8680CBD49
:101E000008690CBD48690CBD88690CBDC8690CBD6A
:101E1000F083040810B50C4600F004F8204000D010
:101E2000012010BDFF2805D0002804D08D2803D242
:101E3000074909E03F207047064A8D38C0B2116B50
:101E400021B1926A824201D9085C70470020704734
:101E500010840408605A00202DE9F0410446007AFD
:101E60000F46FF2806D0002805D02668002106EB83
:101E700080052FE00020BDE8F0816A5CBA4228D1DD
:101E8000401E00EB8000F9F70FFE0100F2D0216048
:101E9000207A401EC0B2207201EB8003002002466F
:101EA0000EE000BF15F800C0BC4508D056F820E091
:101EB00041F822E015F800C003F802C0521C401C93
:101EC00094F808C08445EDD23046F6F7DDFF0120D6
:101ED000D1E7491C8842D0D8CCE710B50446007A37
:101EE000FF2802D02068F6F7CFFF20460C22BDE87D
:101EF00010400021F9F709BF0A46642100F0F6B846
:101F000003B482B0BDF80C10ADF800109DF80E10AF
:101F10008DF80210009A522104B000F0E7B80A468A
:101F2000512100F0E3B80A46502100F0DFB803B4B5
:101F300082B0BDF80C10ADF800109DF80E108DF8B1
:101F40000210009A1C2104B000F0D0B803B482B093
:101F5000BDF80C10ADF800109DF80E108DF80210B1
:101F6000009A232104B000F0C1B80A46202100F0F5
:101F7000BDB80A46282100F0B9B80A461D2100F074
:101F8000B5B803B482B0BDF80C10ADF800109DF8E0
:101F90000E108DF80210009A312104B000F0A6B89E
:101FA0000A46322100F0A2B80A46352100F09EB858
:101FB0000A46342100F09AB80A46302100F096B85B
:101FC0000A462D2100F092B80A46612100F08EB831
:101FD0000A46622100F08AB80A46022100F086B85B
:101FE0000A46032100F082B803B482B0BDF80C1099
:101FF000ADF800109DF80E108DF80210009A4C21DB
:1020000004B000F073B80A464B2100F06FB80A46DE
:10201000482100F06BB80A46072100F067B803B406
:1020200082B0BDF80C10ADF800109DF80E108DF8C0
:102030000210009A392104B000F058B80A463A213B
:1020400000F054B80A463B2100F050B80A46382147
:1020500000F04CB870B50C46054600F02CF821464F
:10206000284600F02CF82146284600F030F821469A
:102070002846BDE87040AFF300800A46112100F009
:1020800035B80A46152100F031B870B50C46054642
:1020900000F019F821462846BDE87040FFF7F1BF6F
:1020A00070B50C46054600F006F821462846BDE806
:1020B000704000F004B80A46122100F017B80A4632
:1020C000132100F013B80A46142100F00FB80A4695
:1020D000102100F00BB870B50C460546FFF7F7FF6E
:1020E00021462846BDE87040FFF7C7BF2DE9F04103
:1020F0000D46017A01270446FF290DD075B12368EA
:10210000164673B103EB8102481E0AD412F800C0D0
:10211000AC4504D143F82060BDE8F081FEE7401EE5
:10212000F4D5491C01EB81011846FEF755FC01006E
:10213000F2D02160207A01EB800204E002EB000C77
:10214000135C8CF80430401EF8D5207A401CC2B2D3
:1021500001EB8200401E22721554207A01EB8000B0
:1021600040F8046CA8081E2800D91F206168874029
:1021700039436160D0E70A460C21FFF7B7BF0A4632
:102180007421FFF7B3BF03B482B0BDF80C10ADF8F3
:1021900000109DF80E108DF80210009A3D2104B039
:1021A000FFF7A4BF0A464121FFF7A0BF0A463E2120
:1021B000FFF79CBF0A464221FFF798BF0A463C2121
:1021C000FFF794BF70B51546044600F02DF8294678
:1021D0002046BDE87040FFF7FFBE0A465E21FFF7CC
:1021E00085BF03B482B0BDF80C10ADF800109DF8A7
:1021F0000E108DF80210009A582104B0FFF776BF38
:102200000A465A21FFF772BF0A465C21FFF76EBFEC
:102210000A466921FFF76ABF0A466821FFF766BFD1
:102220000A466621FFF762BF0A460121FFF75EBF3B
:102230002DE9F0471546DDE908890F461E4604469C
:1022400014220021F9F761FD276005B9034DC4F898
:102250000490083484E86001BDE8F087C5F5000803
:1022600000684FF0FF31C162FCF7D6BBC162FCF7DA
:10227000D3BB10B54FF0FF300C46C862102120468A
:10228000FDF7BEF908212046F9F7B9FF2046BDE861
:1022900010404FF48061F9F7B2BF08460021EDF716
:1022A00003B900002DE9F04789463448FAF719FFD1
:1022B000012859D14846F6F753FB04464846F6F73D
:1022C00053FB8046182C08D0202C4FD01A2C4BD111
:1022D0004846BDE8F047E7F73ABC4FF44036314690
:1022E000FBF735FE074631464046FBF74EFE0546F6
:1022F00031464046FBF773FE044631464046FBF745
:10230000F6FDAF4201DD394600E02946A04201DD7D
:10231000024600E02246914205DDAF4201DD38462B
:1023200004E0284602E0A04200DC2046841C31463E
:102330004046FAF74CFA05194846F6F75DFB0446A5
:102340000068A84200DD054625604FF400352946A7
:102350004046FAF73CFA01462068814203DB2946F1
:102360004046FAF734FA2060BDE8F08700F008F83C
:102370004046BDE8F047FCF74FBB0000208E040844
:10238000F0B597B0064600216422FBF731FE070046
:1023900039D03046FBF768FCF46A00F00100611C9C
:1023A0004FF4807501D038B905E008B1002403E08E
:1023B0002C46002503E00025601B002801DD601B82
:1023C00000E0281B7843070A00213046EDF76CF83F
:1023D0006846EDF7A7F831466846EDF745F90B4931
:1023E0006846EDF72BF92A4621466846EDF736F99F
:1023F00007496846EDF713F939466846EDF716F9CF
:102400006846EDF753F917B0F0BD00006D220208E1
:102410006122020810B50120C86208630C4604203E
:10242000F9F742FBE063206B8000F9F73DFBA06306
:10243000E16B63200860A16B0860D4E90B1048438E
:102440008100606BFEF7C8FA00216063016010BD77
:1024500010B501460348FAF73DFA0446FAF7A0FA28
:10246000204610BD448E040870B500250C462E464B
:1024700014E000BF50F8250078B1406828B1F6F7A5
:1024800003FD606B50F825004660606B50F8250036
:10249000F6F7FAFC606B40F825606D1CD4E90B017F
:1024A0004843A842606BE5D808B1F6F7EDFCA06B95
:1024B00008B1F6F7E9FCE06B002803D0BDE87040F6
:1024C000F6F7E2BC70BD00002DE9FC410F466C48F8
:1024D000FAF707FE012841D13846F6F741FA0546DA
:1024E0003846F6F741FA04462F2D14D0312D17D077
:1024F000012D35D0022D33D04FF6FF76082D44D074
:10250000102D61D00E2D63D01A2D27D13846BDE88D
:10251000FC41E7F7A3BBBDE8FC41002103F00CBF81
:102520003846F6F769FA034600210846E26A04E0F5
:10253000E56B55F82050401C29448242F8D800220F
:102540001046256B04E0A66B56F82060401C324410
:102550008542F8D8491E521EC3E90012BDE8FC812D
:1025600001AA6946E9F713FC0128F7D1216C01980B
:10257000814203D1616C009A9142EFD020640099AE
:1025800020466164FCF748FAE8E7FCF745FAF7F7FC
:1025900055FDF7F792FD216CB1420AD0616CB14252
:1025A00007D030B9002220212046FDF7E4FA0128A7
:1025B000D4D1F7F743FDF7F78FFD012801D00328A9
:1025C000CCD126646664C9E7BDE8FC41FCF724BAB7
:1025D0003846F6F711FA0568216C606C0F468446A0
:1025E000B14201D0B04207D100202064606420468F
:1025F00008F052FA2046E7E7E36A8B4200DC00214C
:10260000226B824200DC0020142D0ED0132D0ED040
:10261000112D0ED0122DA1D1401C8B420DDC511E6C
:10262000814208DD0021401C0EE0491EF5E7491CEF
:10263000F3E7401EF1E7591E06E0002904DA10B165
:10264000591E401E00E00021824201DC501E02E0C3
:10265000002800DA00208F4201D1844594D0C4E9DB
:1026600010102046FCF7D8F9204608F015FA02B001
:102670002046BDE8F04100222021FDF77CBA000091
:10268000448E04082DE9F0471D001746884604468D
:1026900042D0E06AB84203D8791C204600F03EF8E8
:1026A000216B414504D808F10101204600F0BFF834
:1026B000E16A606B08FB01764FF0000A50F82600D3
:1026C000002801D090F800A04FF0000901D0D0F808
:1026D00004902846FFF7CEFA00F10D01606B50F828
:1026E0002600FEF779F9616B41F82600A8B129466A
:1026F0000830FFF7A3FA616B3A46204651F82610DE
:1027000081F800A0616B51F82610C1F80490414691
:10271000BDE8F04703F068BAFEE7FEE72DE9F34FA6
:1027200083B00D46039CE06AA84269D08146E56209
:10273000206B68438000F9F7B7F95FEA000A0ED012
:10274000D4E90B1041438A0050460021F9F7DDFA25
:102750004846A94500D328460190002030E0FEE716
:1027600008FB09F10091626B08FB05F002EB8101A7
:10277000019A0AEB80009200F9F70CFA0026A9EB07
:10278000050B19E0DDE9000108448719606B50F87A
:102790002700406830B1F6F777FB616B002051F8F5
:1027A00027104860606B50F82700F6F76DFB616BEF
:1027B0000020761C41F82700B345E3DC08F1010056
:1027C000216B80464145CBD8606BF6F75DFBC4F8C2
:1027D00034A0A900E06BFEF7FFF8E06310B14846B3
:1027E000632104E0FEE7E26B42F82010401CA8429F
:1027F000F9D3039805B00021BDE8F04F03F09CBD6C
:1028000005B0BDE8F08F70B50546C06A0C461646A7
:10281000A04203D8611C2846FFF780FFE86B002127
:1028200040F824602846BDE8704003F085BD2DE9DE
:10283000F047066B0F460446BE4246D02763B900F8
:10284000A06BFEF7C9F8A06348B1BE421DD9E56A86
:10285000206B05FB06F845434FF0000913E0FEE747
:10286000606B50F8250040B1406830B1F6F70CFBC2
:10287000616B51F82510C1F80490606B50F8250089
:10288000F6F702FB6D1C4545EAD3D4E90B1048432B
:102890008100606BFEF7A0F86063021E14D0BE4298
:1028A0000CD2E16A236B01FB06F0594302EB800373
:1028B000081A820000211846F9F727FA2046BDE8D9
:1028C000F047002103F038BDFEE7BDE8F0870000C7
:1028D00070B500200C4681F83000144920460A46A5
:1028E000FDF79BFA2046FAF7E5F82046FAF7E2F8FA
:1028F00005460021FDF77EF900231A460C492846BB
:10290000F9F76CFC00212846FDF773FA04212046F4
:1029100000F09AF880212846F9F771FC2846BDE8B6
:1029200070404FF48061FCF76BBE00006400002033
:10293000316A000870B50C460A48FAF7D2FB012844
:102940000ED12046F6F70CF805462046F6F70CF8AF
:102950002E2D05D1C16ABDE87040002200F014B8E8
:1029600070BD0000688E04080121FAF7D0BB002179
:10297000FAF7CDBB10B5FFF7FAFFBDE810400149EB
:10298000FAF709BC108504082DE9F04791460C467A
:102990000746FFF7E9FF05463846FFF7E8FF82469E
:1029A0003846FFF7E7FF844200D3441E3846FDF760
:1029B0004FFD002D43D097F830004FF0000110F08C
:1029C0000C0F28461AD01522FBF712FB06462846A4
:1029D000FAF73BFC804600213846FBF780F90128D6
:1029E00003D006EB0801614303E0604206EB0801F7
:1029F00041434A462846FDF773F80CE01422FBF7E2
:102A0000F7FA06462846FAF70FFC311861434A46A2
:102A10002846FDF779F800250A4A09E0A54201D1C8
:102A2000012200E000220121FDF702FA054A6D1C97
:102A300029465046FAF77EFB0028EFD1FC62BDE83C
:102A4000F0870000108504082DE9F0410C46064689
:102A500009290CD2DFE801F00B1D1F0B050B0B0B36
:102A60000700012100E009213046FDF7C3F8304698
:102A7000FFF77DFF80463046FFF776FF3149054678
:102A8000092C36D2DFE804F0351E1E350935353500
:102A900009000021E8E70821E6E72846FDF782FA69
:102AA00001212846FDF7B2F800214046FDF7A2F8C3
:102AB00000212846FDF79EF803212846FDF783F9FB
:102AC000002113E02846FDF7ADF801212846FDF767
:102AD0009DF801214046FDF78DF801212846FDF7BC
:102AE00089F800212846FDF76EF903212846FDF7F5
:102AF00075F996F8300010F00C0000D0012014F0A9
:102B00000C0F01D0012700E00027B84216D0304654
:102B1000FAF7B2FBF0F75CF905464FF0640037B105
:102B2000FDF70AFD014605EBD570421003E0FDF705
:102B300003FD024629464046FDF76FF986F830400E
:102B4000BDE8F081640000202DE9F04190460C467C
:102B5000050015D0FFF78EF80A4F06462146BA68E1
:102B6000284690470446BA682819414690470146CE
:102B7000701A03E06218AA5C2A55641CA042F9D2BC
:102B8000BDE8F081A08404082DE9F041094D90468C
:102B90000E466A681C46074619469047306020B1C9
:102BA00020686A68384400219047C8F80000BDE8F2
:102BB000F0810000A08404082DE9FF5F0446DDE9F0
:102BC0000E581F4693468A46002005B1286054B12E
:102BD000217841B1BAF1000F05D000265FEA887173
:102BE00015D0002004E0002004B0BDE8F09F401C98
:102BF000215C0A2904D00D2902D00029F7D100E078
:102C0000401C002DF0D04FF0FF312960ECE75FEA67
:102C1000C87101D06FF060478146029020E04046C5
:102C200009B948F0040003A9CDE900010298CDF8E4
:102C30000C9020443B465A46514600F02FF8039929
:102C40007F1A0E4488B102990144029120780A2823
:102C50000BD00D2809D0605C0A280CD00D280AD0B2
:102C60000299605C08B1002FD9DC029830B105B13F
:102C70002E600298B8E7481C0290F6E7064A02A9BF
:102C80002046526890470146002DF2D0002250465F
:102C9000F6F7BDF80646EBE7A08404082DE9FF4FE0
:102CA00083B05FEA0009119E76D099F800000028F1
:102CB00072D0049800286CD01098C00702D06FF032
:102CC0006040069000253C4A009501955268AB464D
:102CD0002C462F464FF0FF386946484690478246BB
:102CE000009801904AE0344A01A94846526890474A
:102CF0008346024651467F1C0498F6F788F8044440
:102D0000002801DD05980444B8F1FF3F05D105987E
:102D1000211A0698814200DDA8465046BAF10A0FF2
:102D200014D0BAF10D0F11D00146002005E023A206
:102D3000125C8A420AD0401CC0B220A2125C002A57
:102D4000F5D1584600F0F2F860B907E025B9B8F1BE
:102D5000FF3F01D106B134607F1E13E0504600F002
:102D6000E5F810B13460009D0CE01EB1B8F1FF3FF2
:102D700000D13460DDE90050DA46009019F8050012
:102D80000028B0D1B8F1FF3F07D0109840070ED50A
:102D9000404607B0BDE8F08F0CE02FB1BAF10D0F3F
:102DA00003D1BBF10A0F00D1009D2846F1E70EB117
:102DB000002030600020ECE7A0840408202C2E3B8B
:102DC0003A2D5F295D7D00002DE9FF4F83B0044659
:102DD0004FF0000BDDF848A0DDF84090C4F800B0DB
:102DE0000E00C0F804B046D00598002843D05FEA32
:102DF000CA7002D06FF0604011900025A846059877
:102E0000F6F737F887B221E07019CDF800B0CDE9B8
:102E100001A0DDE90512119BFFF7CEFE8044616839
:102E200007EB09000844B0F1004F24D2C819484408
:102E30006060DDE90523A8EB0501029800F020F8A9
:102E40002168814200DB084645462060705D00280D
:102E5000DAD15DB1701910F8010C0A2801D00D28E3
:102E600004D1616807EB090008446060606828B11C
:102E7000A0EB0900606007B0BDE8F08F6760FAE77B
:102E80002DE9FE431E4690460D4607000AD0B8F1D4
:102E9000000F07D03878002805D0002004460290A3
:102EA00095B917E00020BDE8FE8302AB01AA694690
:102EB0003846FFF769FEDDE900124046F5F7A7FF47
:102EC000002801DD204484190298A842EDD3002C8B
:102ED00000DDA41B2046E6E72DE9F04117468846B1
:102EE00006001ED0002F1CD0FEF7C4FE0446384654
:102EF000FEF7C0FE050014D00B4A2C4441469268F0
:102F000030469047411903E0621BB25C3255641EA3
:102F1000A142F9D930442A463946BDE8F041F8F7D4
:102F200039BEBDE8F0810000A0840408002823D049
:102F3000A0F59C41B1F5A44F1DD36FF47F4101442E
:102F40005D2918D9A0F540513F2914D9A0F53A516F
:102F50007F2910D9A0F547512F290CD9A0F541514F
:102F6000BF2908D9A0F57E4110390F2903D9A1F155
:102F700020001F2801D8012070470020704720281A
:102F800022D3A0F5C0611C391ED0A0F588515F394D
:102F90001AD0B0F58B5F17D0A1F2AC61032913D919
:102FA000A1F5006104290FD91D3907290CD937393A
:102FB000102909D9A0F57E41FF3905D0A0F5784147
:102FC000FF3901D000207047012070472DE9F04102
:102FD0000D460746024600212B46084601F0B4F88C
:102FE0000446401CF8F760FD060007D02B463A4621
:102FF000611C01F0A9F83046BDE8F081FEE710B58C
:103000000146802825D3002301F03F0242F08002D0
:10301000B1F5006F0AD2C0F3841141F0C00161F331
:10302000070062F30F2063F3174010E0C1F385142B
:1030300044F08004B1F5803F0CD2C0F3033141F07D
:10304000E00161F3070064F30F2062F3174063F3BC
:103050001F6010BDB1F5881F10D2C1F3824343F049
:10306000F003C1F3053163F3070041F0800161F320
:103070000F2064F3174062F31F6010BD002010BDE5
:103080002DE9F04100240F4606462546DFF824804E
:1030900007E0D8F800103019884700B9012004442F
:1030A0006D1CBD4202D2305D0028F2D12046BDE841
:1030B000F0810000A0840408F8B5074600200D4602
:1030C0000446064E009004E0726869463846904710
:1030D000641C0098A842F7D32046F8BDA0840408D9
:1030E000F8B500240546074E009404E0726869466E
:1030F00028469047641C0098285C0028F6D120469A
:10310000F8BD0000A084040878B5002504460095A9
:1031100001B969460A68A05C030601D4054634E09B
:1031200006260223B6EB501F06D1C006400D24E050
:1031300004F03F031D1828E00E26B6EB101F02D145
:103140000007000C0FE01E26B6EBD00F1DD1521C5D
:103150000A604007A55CC00AB3EB951F13D105F0C8
:103160003F0500EB0530521C0A60A55CB3EB951FD0
:1031700009D105F03F0500EB8510521C0A60A45CE4
:10318000B3EB941FD4D0002078BD521C28460A60AF
:1031900078BD0000F8B5074608680025401E0C46BB
:1031A0000D4E086001E0042D13D2206831683844C8
:1031B000884718B9216861B1491E21606D1CEDB2C4
:1031C0000028F0D020680090726869463846904721
:1031D000F8BD0020F8BD0000A084040800780106B6
:1031E00001D4012070470621B1EB501F01D102200C
:1031F00070470E21B1EB101F01D1032070471E2133
:10320000B1EBD00F01D104207047002070470000BF
:103210002DE9FF47044690F87000000703D50A29FE
:1032200031D00D292FD00027CDE90017E9460391B1
:1032300049462046EAF728FD012824D1DFF8C88056
:10324000002103A8D8F8002090470646216C2046AC
:10325000254639B100F0A8FA2C4909688847296C3D
:10326000884210D2E86B80B1007870B1029747466F
:1032700004E03A6802A99047B04206D0E86B029990
:10328000415C0029F5D1BDE8FF8794F87000400744
:1032900002D5204602F02AFA206B38B1E06AF7F72F
:1032A00001FC007810B92046FBF7B6FB4A46E16CFA
:1032B000E06AF7F7FDFB204600F098F894F87000FC
:1032C000400714D5606BFEF7D5FC05464846FEF76F
:1032D000D1FC2918491C606BFDF77EFB606388B147
:1032E0004A46E16CFFF7F8FD2046E2F7E7F8E16CAB
:1032F0002046491C00F068FA002220212046FCF7F5
:103300003AFCC0E7FEE70000A4840408B88404087F
:10331000F8B50D00044609D094F87000400702D5B6
:10332000204602F0E3F9E06B18B900E0FEE7206CFC
:1033300098B100202A4E2B4F009009E03268694670
:10334000284690473968884701462046FFF760FFC6
:103350000098285C0028F1D1F8BD29462046EAF7FC
:1033600093FC0128F8D1206B38B1E06AF7F79AFB9B
:10337000007810B92046FBF74FFB2A46E16CE06A63
:10338000F7F796FB204600F031F894F870004007FC
:1033900014D5606BFEF76EFC06462846FEF76AFC05
:1033A0003118491C606BFDF717FB6063B0B12A460A
:1033B000E16CFFF791FD2046E2F780F80A492846C4
:1033C000E66C096888473118204600F0FDF9204670
:1033D000BDE8F84000222021FCF7CDBBFEE700004D
:1033E000A4840408AC840408B884040870B50446B6
:1033F000C06AF7F75BFB4FF6FF75A84204D1E06A9D
:10340000F7F752FBA84209D02946E06AF7F770FFA8
:103410002946E06ABDE87040F7F767BF70BD00005D
:1034200010B591F870000C4620F0040081F870008F
:1034300000204863886340F2DC51E063C4E9100176
:1034400094F8641041F0010184F864100121E164F2
:1034500094F8641041F0020184F86410A06494F8B8
:10346000701021F00A0184F87010E0622063204699
:10347000F7F7E8F8E0626420FDF75EF80146E06ADD
:10348000FCF790FD0EA1E06AF7F7D2FE00231A4682
:103490000C49E06AF8F7A2FE4FF480612046F8F785
:1034A000AEFE4FF400612046FCF7AAF8002120464A
:1034B00000F08AF92046BDE8104007F0DFBD0000AB
:1034C00000000000B7EE00087CB50446C16CC06A7D
:1034D0006A46F7F733FA00212046FAF7BBFE0546A5
:1034E00000212046FAF795FEF5F7C3FC01996D1C03
:1034F000084428440190A06C0090E06AF9F7E8FEC7
:10350000019988420ADD01226946E06AF7F75AF913
:1035100001462046A56C00F057F9A5647CBDC16C3E
:10352000002902D0491E00F04FB97047C16C491CF8
:1035300000F04AB97CB50446C16CC06A6A46F7F728
:10354000FDF900212046FAF785FE054600212046B8
:10355000FAF75FFEF5F78DFC014601982944401A01
:10356000401C0190A06C009001226946E06AF7F7C8
:1035700029F901462046A56C00F026F9A5647CBD1A
:1035800038B50446C06C00283FD021A069460068C9
:1035900000902046EAF778FB012836D1E06AF7F779
:1035A00081FAE16C05460122491EFFF7CDFA294652
:1035B000E06AF7F73DFE2046FFF718FF206B38B1B1
:1035C000E06AF7F76FFA007810B92046FBF724FAA3
:1035D00094F8700040070ED5E16C0122491E606B23
:1035E000FFF7B2FA606BFEF745FB411C606BFDF71D
:1035F000F3F9606350B1E16C2046491E00F0E4F835
:10360000002220212046FCF7B6FA38BDFEE7000074
:103610007F00000070B5C56C0446691C00F0D4F84A
:10362000E06CA84204D02046BDE87040FFF7A8BF78
:1036300070BD70B5486B0C46002510B1F5F724FC41
:103640006563A06B10B1F5F71FFCA563206B002824
:1036500002D0F5F719FC256370BD000070B50E4669
:103660003F48F9F73EFD012878D13046F5F778F963
:1036700004463046F5F778F90546102C12D00E2C8A
:1036800014D0012C60D0022C5ED0032C5CD0082C0E
:103690005AD01A2C5DD01D2C60D13046BDE8704048
:1036A000E4F774BBBDE8704007F0E8BC3046F5F7BE
:1036B000A3F90168132910D0142913D0112916D0A9
:1036C000122919D008291CD07F291FD0022922D005
:1036D000032922D00A2927D031E02846BDE87040CE
:1036E000FFF724BF2846BDE87040FFF718BF284603
:1036F000BDE87040FFF71EBF2846BDE87040FFF7E9
:10370000E3BE2846BDE87040FFF73ABF2846BDE853
:103710007040FFF77FBF002101E047F6FF712846A8
:10372000BDE8704000F050B8284600F01DF830B1F8
:103730002846BDE8704000222321FCF71CBA284629
:10374000BDE87040FFF764BD3046BDE870400BF047
:10375000ACBF3046BDE87040E6F7A7BC70BD0000C6
:103760008C8E0408C06C704790F87000C0F3C000E5
:103770007047000000B5816B87B011B1084607B0F3
:1037800000BD0021FAF745FD002342F222026946FE
:10379000F5F79FFA08B102A0F1E702A0EFE70000F9
:1037A000E280A2002A00000090F87010490702D4BD
:1037B000C06AF7F777B9406B704710F8642F61F370
:1037C00041020270704700007CB50546C06C0C4693
:1037D000A04263D0E86AF7F765F93149096888477C
:1037E000002C00DA0444844203DCA4F5FE41FF39D6
:1037F00000D104462846EC64FCF72AFE0021284646
:10380000FAF707FD06466A462146E86AF7F796F892
:103810003046F5F72EFB04462846F9F7EDFE0199F0
:10382000884203DD01222846FCF76EF92846F9F7A5
:10383000FBFC06462846F9F7DFFE01992144081AE9
:10384000B04206DD01980122801B01192846FCF7D1
:103850005BF92846F9F70EFE0099884203DD012244
:103860002846FCF73DF92846F9F7EFFC06462846BE
:10387000F9F700FE00992144081AB04206DD0098CD
:103880000122801B01192846FCF72AF900992846D5
:10389000A96407F0F3FB284602F010FA7CBD000093
:1038A000B88404082DE9F041044690F870000D46F4
:1038B000C0F3C001A9422DD065F3C30084F87000A5
:1038C0006FF040482DB147466420FCF735FE0646B0
:1038D00004E06420FCF730FE074600263946E06A23
:1038E000FCF760FB00223146E06AFCF71CFB25B1C7
:1038F00041462046FCF796F904E0002202212046CA
:10390000FBF7BAFE2046BDE8F04100231A461946EF
:10391000FCF7B9B8BDE8F081F8B50D00044606D053
:10392000FFF764FDE06B47F6FF7618B900E0FEE7AD
:10393000206C10B326A1E06AF7F77AFC31462046E6
:10394000FFF742FF94F8700041074FF0000001D5E7
:10395000616B08701F4E204F009009E03268694685
:10396000284690473968884701462046FFF750FCB3
:103970000098285C0028F1D107E02946E06AF7F7B3
:1039800057FC31462046FFF71FFF206B38B1E06A35
:10399000F7F788F8007810B92046FBF73DF894F85F
:1039A000700040070BD5606BF5F76EFA2846FEF7FE
:1039B0004FF92146606348B1084601F097FE204662
:1039C000BDE8F84000222021FCF7D5B8FEE7000052
:1039D00000000000A4840408AC84040870B5054607
:1039E00000F0AFF8040008D02846FBF709FF29468D
:1039F0002046BDE87040E0F71DBF70BD00B500F087
:103A000085F8002802D00248D0F8B00100BD0000BF
:103A1000605A00202DE9FF4782B09A4607460E9E65
:103A200000F074F8374C28B94FF46770F8F760F875
:103A3000C4F8B001D4F8B04167B138468146EFF719
:103A4000C7F980464846EFF7CDF9B0F5A07F04DC12
:103A5000032508E0EFF7B6F9F0E7B0F5347F01DAB7
:103A6000022500E0012594F83C0008B3E16A4145D5
:103A70001ED194F82800A8421AD103992069EEF7C4
:103A8000DFFEA8B1B4F81300ADF80000607D8DF83A
:103A9000020004990098EEF7D3FE48B1616A5145DF
:103AA00006D1A069B04203D106B02046BDE8F08738
:103AB00084F82850C4F80C90C4F82C80BDF80C0091
:103AC00020829DF80E00A074BDF81000A4F8130029
:103AD0009DF812006075A6610B48E6612060C4E99C
:103AE000086A204607F02EFB27B13846EFF7CAF9DF
:103AF000A04202D10020FBF789FE012084F83C009F
:103B0000D2E70000605A002075CA02080348D0F8C6
:103B1000B001002801D090F83C007047605A0020A6
:103B200008B500F00EF808B1006902E01120FCF7BA
:103B3000EDFC0090BDF800009DF8021040EA014045
:103B400008BD10B510B1F9F797FB01E0EFF73AF9AE
:103B5000BDE81040EFF796B910B5044600F002F842
:103B6000001B10BD0649D1F8C000B83100B10047B4
:103B7000086801220A710B79002BFBD07047000006
:103B8000605A00200449002281F8BC2051F8B82F67
:103B90001044086070470000605A002010B50C46C1
:103BA0000C4920460A46FCF738F900231A460A4910
:103BB0002046F8F713FB80212046F8F720FB03216D
:103BC0002046FCF700F92046BDE810400321FCF731
:103BD00005B9000064000020CDD7020810B50C46DE
:103BE000044920460A46FCF718F92046BDE8104073
:103BF000FCF72EBC6400002010B518210348F7F72D
:103C000071FEBDE81040012000F03CB8D45A0020FD
:103C10002DE9F041074615460E461048F7F76AFEB3
:103C200004001AD0A7604FF0FF3026602061606961
:103C300020F001006061FFF795FFE560606060695A
:103C4000064940F0020060617439012081F8830068
:103C500000F0D6F82046BDE8F081FEE7D45A0020F7
:103C600010B5044601460648F7F7E9FE044901206D
:103C7000743981F882002046BDE81040F5F704B998
:103C8000D45A00200349002881F8800001D000F0B8
:103C9000B7B87047605A002070B50446007DC00771
:103CA00001D0002070BD0025204600F0D1F868B991
:103CB0002569002D01DD681E2061FFF753FF60605C
:103CC000A16811B10DB1204688470125084890F838
:103CD000820050B9206940B9207D8007204602D576
:103CE000FFF7BEFF01E000F099F8284670BD000024
:103CF000605A0020044A18B101461046F7F7E7BDA4
:103D00001046F7F7D2BD0000D45A00202DE9F04745
:103D10003A4C94F88800743410B10120BDE8F08763
:103D200001212175207B002538B1F7F7BCFEFFF794
:103D300019FF5FEA000802D00BE02575EDE72F4878
:103D4000D0F89810491CC0F89810642901D9C0F81F
:103D50009850A146A573E5734846F7F7A6FD0646B9
:103D600015E031464846F7F7B2FD07463046FFF703
:103D700093FF58B1E07B08B9A07B38B1002EE9D1A0
:103D80004FF0FF364846F7F790FD10E03E46002E14
:103D9000E7D1F5E7387DC00705D1384600F058F87F
:103DA000B04200D2064639464846F7F790FD070074
:103DB000F0D14046FFF7D0FEE1690844E061206A97
:103DC000FFF7CAFEB0F5FA7F11D3E16964225143CF
:103DD000B1FBF0F0C0B26073642801D9002001E0AB
:103DE000C0F164006073E561FFF7BCFE20622661EC
:103DF000257500F081F9304690E70000605A0020F8
:103E000005480021C0F88410D0F89C10002902D089
:103E1000D0F8A00008477047605A002020B14169DF
:103E200041F0010141617047FEE710B5040006D082
:103E3000FFF798FE2168401A401E606010BDFEE743
:103E400028B1416921F001014161FFF7D9BFFEE7C7
:103E500010B504464068FFF77FFE2168814201D813
:103E6000002010BD081A10BD70B50346083A0C4674
:103E700002F00300111AA00705D1A1F10C0047F6CA
:103E8000F572904201D3002070BD2078251F00F00C
:103E90000300084320F0020040F0010121602946A0
:103EA0001846E1F787FC2846E1F7B9FC01790221C1
:103EB0004160204670BD002118B150F8040C20F07C
:103EC00003010846704770B5810701D0002070BD1E
:103ED00000238060C0E90303194600EB810200EB78
:103EE000C1145361002204EB8206521CB063202AE5
:103EF000F9DB491C0929F0DB70BD70B50C4605469D
:103F0000FFF7E1FF0646A4F5976205F59761FFF715
:103F1000ABFF304670BD2DE9F041002611B30839E2
:103F200005464E680C46F00700D0FEE70846E1F76C
:103F3000CCFC2179284689070CD52768AFB139799F
:103F4000C90713D03946E1F728FD21463846E1F785
:103F500016FC044621462846E1F7D1FC01462846D6
:103F6000E1F728FC3046BDE8F081FEE7FEE700F50A
:103F70009760704770B50A46054604211046DFF782
:103F800085FC044601462846E1F74FFC01462246DF
:103F90002846BDE87040E1F7D8BC2DE9F05F9046B7
:103FA0000C0081464FF0000522D0B8F1000F1BD065
:103FB000A4F108052846E1F7BDFC824668680421A3
:103FC00020F00307DAF8040020F00300384400F181
:103FD000040B4046DFF75AFC0646B84500D966B1E7
:103FE0002879C0070CD0FEE74846FFF794FF44E06D
:103FF0001146FFF7BFFF05463FE00020BDE8F09FF8
:10400000BE4216D99AF80400C00701D05E4510D907
:1040100041464846FFF7AEFF05002ED040464745D3
:1040200000D307463A4621462846F7F7B3FD214616
:10403000DAE7BE4206D929464846E1F760FC284641
:10404000E1F750FC28794F46C00700D0FEE7314623
:104050002846E1F7A5FB78B131462846E1F7AEFCEA
:104060000146406820F0020048603846E1F747FC0E
:1040700001463846E1F79EFB25462846BEE75A3002
:1040800000B200F001B8000003E000BF00F5B4701A
:1040900000B20028FADB4FF4B471884203DBA0F5CC
:1040A000B47000B2F9E713495A2802DA31F8100067
:1040B00013E0A0F15A025A2A03D2C0F1B40000B2B0
:1040C000F4E7A0F1B4025A2A01D210B202E0C0F51E
:1040D000B47000B231F810004042A0F5FE41FF3943
:1040E00005D047F6FF71C84200D1401E70474FF41B
:1040F0000040704700800408704700002DE9F04739
:104100001E4614460D468246DDF8209015E000BF9D
:104110004FEA540808FB0657394650464A4690472E
:10412000002808DD44F30000C0EB540407EB06054B
:10413000A4F1010401E005DA4446002CE8D1204650
:10414000BDE8F0873846FBE708B5009313460A46FA
:104150000146024800F004F808BD00009F2F000847
:104160002DE9FF4F89B005460A98002492460028A1
:1041700000D1FE4D8FE1252804D02246641C534611
:104180000A990BE2491C4FF0000808460C9101788F
:104190002B2919D004DC202919D0232904D119E0B6
:1041A0002D290ED0302909D00026C8B2DEF7DAFD5D
:1041B000B0B10CA8DEF7D5FC06461FE048F00101BF
:1041C0000AE048F0020107E048F0040104E048F08A
:1041D000080101E048F01001401C88460C90D6E729
:1041E0000C9908782A2809D1169840C81690002EF4
:1041F00002DA48F002087642491C0C910C984FF004
:10420000000B01782E2919D1401C0C9048F48068CD
:104210000078DEF7A7FD20B10CA8DEF7A2FC8346EC
:104220000CE00C9A10782A2808D1169901C9169129
:10423000002800DC0020521C83460C920C98017868
:104240006C290AD004DC68290FD06A2919D128E02A
:10425000742929D07A2914D126E0401C0C900178C9
:1042600048F480786C291CD00BE0401C0C9001783D
:1042700048F08008682904D148F04001401C884675
:104280000C9001460078692822D015DC62281FD0E6
:104290000DDC252872D050281AD058287FF46DAF35
:1042A00016E048F40071E9E748F48071E6E7632816
:1042B00079D06428F2D10BE0732875D004DC6F2824
:1042C00006D07028EAD103E0752801D07828E5D11E
:1042D00078280DD058280BD070280BD0502809D042
:1042E0006F2816D0622816D00A2228F0100016E097
:1042F000102207E04878102248F48878562804D124
:10430000491C0C910878582807D00878502804D008
:1043100006E0082209E0022207E048F0200080467B
:104320000878692803D0642801D028F00C085FEAD7
:10433000485001D528F00108087869281FD0642862
:104340001DD0562864D05FEA885072D51698CDF8F3
:1043500018B0C01D0021CDE904210291CDE9076804
:1043600020F007005346F0E80212CDE90012169043
:10437000224628460A99DEF7D2FD88E009E15FEA85
:10438000885022D5169804AFC01D20F00703F3E82B
:1043900002011693002387E80C08CDE9076800297D
:1043A00003DA012202E07FE0A6E00022002302926D
:1043B0001A461B1A8A4103DB0022404262EB0101CC
:1043C00053462246CDE90001D3E75FEAC85004D541
:1043D000169901C90FE0404215E05FEA486003D535
:1043E000169911F8040B06E05FEA0860F0D51699FB
:1043F00031F8040B00B21691CDE9022BCDE9046827
:10440000C10F0028E7DD53462246CDE900013AE01E
:104410001699AAEB040201C9169141680968009136
:1044200003680A9801192846FFF79AFE04442FE012
:10443000FFE75FEAC8500CD5CDE9022BCDE904684F
:1044400016980021534604C8CDE900211690224653
:1044500019E05FEA486003D5169810F8041B08E0DD
:104460005FEA0860169803D530F8041B89B200E0B3
:1044700002C8169001AF0020009187E80508CDE939
:1044800004685346224628460A99DEF708FD04468A
:104490000C98401C0C900C99087800287FF46BAEA7
:1044A00054457DD222467DE001275FEA887006D51B
:1044B00009E02246641C534620200A99A847384642
:1044C0007F1CB042F5D316982246641C10F804CB2A
:1044D0001690534660460A99A8475FEA887006D44A
:1044E000D6E72246641C534620200A99A84738463E
:1044F0007F1CB042F5D3CBE7169850F8049B16907A
:104500004B46BBF1000001D0014601E04FF0FF3106
:10451000484600E0401C02780AB1491EFAD2C71A88
:104520005FEA485003D558465F4500D307465FEA27
:10453000887006D511E02246641C534620200A9953
:10454000A84738467F1CB042F5D306E0224609F161
:104550000109641C53460A99A84799F8000040B124
:104560005FEA4851F2D5BBF1010B01E0A72F00082B
:10457000ECD25FEA887006D48AE72246641C534670
:1045800020200A99A84738467F1CB042F5D37FE720
:1045900006E02246641C534625200A99A84777E77F
:1045A000AAF10102534600200A99A8470DB02046FF
:1045B000BDE8F08F70B50D460846F8F7D9FE0646FF
:1045C000F8F786FE04463046F9F7EAFE0146224631
:1045D0002846FBF722FC01212846FBF70BFB284667
:1045E000F8F768FA04462846F8F746FEEEF7F0FBBF
:1045F00000EBD0700E4E421031462046FBF70DFC0A
:1046000000212046FBF7F6FA02231A460021204635
:10461000FBF7D8FA2846F8F74DFA04460121FBF7D4
:10462000F5FA31462046BDE87040FBF7BBBC000000
:1046300064000020F5F79EFDFCF7A2F8E2F722FCEB
:10464000E2F73CFCE2F76CFCE2F79CFCE2F788FA4C
:1046500004A004F0E9F800BFFFF758FB0A2004F0BB
:104660008BFCF9E772796D6375206C76676C20744A
:10467000657374210A0000001CB5DCF7BDFEDEF78F
:104680004BF8DDF74DFFDDF7FBFFDDF70DFFDDF745
:10469000E3FE1420009001904FF48063002216493D
:1046A00016A004F020FC4FF47A74204604F064FC59
:1046B0000A210920CDE900018B020022124913A032
:1046C00004F011FC30B104F0F3FC48B911A004F07F
:1046D000ABF805E003F00CFF014614A004F0A4F8C9
:1046E0001C4D40212846DCF773FE1BA004F09CF80B
:1046F000204604F041FCF4E72D5302086F6C65641A
:104700005F74687265616400354602086C76676C98
:10471000000000006C76676C5F74687265616420ED
:10472000637265617465206F6B210A00546872655D
:104730006164206372656174696F6E206661696C83
:10474000656421204572726F7220636F64653A2040
:1047500025640A000014014072796D63752072743B
:104760002D7468726561642074657374210A000099
:1047700010B503F077FEBDE81040FFF77DBF2DE9CF
:10478000F0414FF480740E4607462246ECF720FFB6
:10479000054621463846ECF75EFC002D06D0224641
:1047A00031463846BDE8F041ECF71EBFBDE8F08168
:1047B00070B515460E460446802805D2E117002044
:1047C00004EB9171891006E009F060F8411FCC40BC
:1047D00084F02001801F3060296070BDFD2902D265
:1047E000022901D800207047484300EBC01101EBBB
:1047F000C030C0F3C75070472DE9F047F4F7B4F864
:104800000746F8F7B5FD8146F8F7B2FD8046EDF7AB
:1048100095F9046844F307456E1E0C2E00D3FEE79D
:1048200000214846F8F773FCB84209D1012D02D0A7
:1048300066F3174409E00C2060F31744601E1FE084
:104840000C2D19D06D1C65F3174444F30742A1B237
:1048500015460C464046EDF773F901214846F8F736
:1048600056FC0949224601EB850151F8043CBDE89C
:10487000F04706A1F6F711BD012060F31744601C54
:1048800060F30F04E1E700008C010020256420257F
:104890007300000070B50546F4F766F80446284634
:1048A000F4F7BCF805462046F3F710FE0446284608
:1048B000EDF744F90088641C62B262F3174081B2DC
:1048C0002846BDE87040EDF73BB9000070B50D46D5
:1048D00000212846FAF7F4F900212846FBF78AF967
:1048E0000023022219462846FBF76CF92846ECF70C
:1048F0008FFB0646002229A1FBF7D3FA6420FBF7C1
:104900001BFE01463046FBF78DF93046FBF7A0FD54
:104910003046F8F7DDFC044601463046FBF742FB23
:10492000002307221E493046F7F758FC0421304681
:10493000FAF766FE2846F5F785FE06460321F6F7E8
:104940003BFC002202213046FBF706FB01213046EA
:10495000FBF75CF92846ECF75BFB0646002211A149
:10496000FBF79FFA224611463046FBF756FA002322
:1049700007220B493046F7F731FC04213046FAF79D
:104980003FFE0023202208492846F7F727FC284647
:10499000BDE8704000222021FBF7EDB8EF819300C5
:1049A000F9470208EF8194005DFB02082DE9F04110
:1049B0000F460846F8F7DCFC044600213846FAF7B3
:1049C0007FF900213846FBF715F93846F3F7B8FCB4
:1049D000164D06466968F3F700FF23462022144966
:1049E0003046F7F7FBFB01213046FBF70FF938465D
:1049F000F3F7A6FC06462968F3F7EFFE23462022CC
:104A00000C493046F7F7EAFB01213046FBF7FEF888
:104A10000023202208493846F7F7E0FB3846BDE876
:104A2000F04100222021FBF7A6B80000BC010020C5
:104A30000BFD020895480208A9FB020810B51448AE
:104A4000DCF77AFA05211248DCF7D8F91048DCF7D0
:104A50002DF9DBF736FE00220E4BDBF7B2FD4FF0EF
:104A600066320D4BDBF73BFDDBF76AFEDBF755FEED
:104A70000A4A0B4BDBF730FD0A4A0B4BDBF7A1FD73
:104A800000220A4BDBF784FCBDE81040DBF758BE80
:104A9000D015002000FEAF4066660A40E17A14AEF1
:104AA00047E1F63F22FDF675E09C713F000039407A
:104AB00070B5C2B0FCF716FB0546F6F7F5FD00220F
:104AC00004461146FBF765F90222A6492046F6F78F
:104AD000C9FEA548FDF71FF91220FBF717FD014697
:104AE000A148FDF781FA04219F48FDF790FA0121C2
:104AF0009D48FDF788FA00229B492046F7F7DAFB2C
:104B00006846EAF70FFD21466846EAF7ADFD002248
:104B10006FF04F016846EAF7A1FD4FF47A716846DD
:104B2000EAF784FD91496846EAF788FD90496846AE
:104B3000EAF786FD6846EAF7B9FD2846F5F782FDF3
:104B400004460021F6F738FB8AA12046F6F770FBF1
:104B5000302243212046FBF71CF983480C30FDF737
:104B6000DAF80020FBF7D2FC01467F480C30FDF755
:104B700038FB7D4882490C30FDF742FB7A49002220
:104B80000C312046F7F796FB16A8EAF7CBFC214636
:104B900016A8EAF769FD3022002116A8EAF75EFDA3
:104BA00040F2DC56314616A8EAF740FD6F4916A8D8
:104BB000EAF744FD6E4916A8EAF742FD16A8EAF79F
:104BC00075FD2846F5F73EFD04460321F6F7F4FA95
:104BD00050212046FBF7E6F96AA12046F6F728FBAC
:104BE0007023002209212046F7F7D7FB5E481830D2
:104BF000FDF791F80020FBF789FC01465A48183070
:104C0000FDF7EFFA584866491830FDF7F9FA5649AA
:104C1000002218312046F7F74DFBEDF75AFF014609
:104C200000222846FBF718F92846F4F7DFFD044672
:104C30005C49F5F754F900231A4609212046F7F795
:104C4000ACFB642211462046FBF7E7F80022FF2167
:104C50002846FBF72BF92846F5F7F4FC044600211B
:104C6000F6F7AAFA50A12046F6F7E2FAF022502110
:104C70002046FBF78EF83C482430FDF74CF80E2018
:104C8000FBF744FC014638482430FDF7AAFA3648C1
:104C90003B492430FDF7B4FA334900222431204641
:104CA000F7F708FB2CA8EAF73DFC21462CA8EAF709
:104CB000DBFC50226FF063012CA8EAF7CFFC3146F1
:104CC0002CA8EAF7B3FC3A492CA8EAF7B7FC284924
:104CD0002CA8EAF7B5FC2CA8EAF7E8FC2846F5F77B
:104CE000B1FC06460021F6F767FA32A13046F6F726
:104CF0009FFA0522C6213046FBF74BF82846F5F708
:104D0000A1FC04460021F6F757FA2CA12046F6F73D
:104D10008FFA052208212046FBF73BF81248303075
:104D2000FCF7F9FF0320FBF7F1FB01460E4830309A
:104D3000FDF757FA0C481A493030FDF761FA0A4975
:104D4000002230313046F7F7B5FA074900223031FA
:104D50002046F7F7AFFA2846E1F70EFF42B02846A3
:104D600070BD000074A70308B41A0020FDFF0108FD
:104D7000E9F500086E6562756C612D7069000000D0
:104D8000747F0408706F77657265642062793A4CAD
:104D900056474C20392E32202020202000000000D1
:104DA000C4E603085CA7030852594D4355000000B0
:104DB000D1FF0108EF87AB20EF898100EF829520BA
:104DC000EF84A4002DE9F8430020F7F773FEBE4CF2
:104DD000E061FCF729FBE060F7F76EFD002320227D
:104DE000BA49E068F7F7FAF9FF220021E068FCF71A
:104DF000C8FC4FF4FA6600223146E068FBF722F85F
:104E0000B348FCF788FF1421B148FDF7B4F9FF213E
:104E1000AF48FDF7B2F80020EDF756FD0146AC486B
:104E2000FDF785F84FF47F052846EDF74DFD014667
:104E3000A748FDF78BF80221A548FDF796F84FF437
:104E400040384246A249E068F7F734FA2022A049E8
:104E5000E068F7F72FFA4FF400394A469C49E068BA
:104E6000F7F728FA00229A49E068F7F723FAE06991
:104E7000F5F7E8FB97A12060F6F7DAF92846EDF799
:104E800023FD014600222068FBF76BF80025009502
:104E90000A231A46E1682068F7F78EFAE069FCF702
:104EA000C3FA2061F7F708FD002320228749206913
:104EB000F7F794F9FF2200212069FCF762FC002239
:104EC00031462069FAF7BEFF81480C30FCF723FF1A
:104ED0007F4814210C30FDF74EF97D48FF210C303E
:104EE000FDF74BF80020EDF7EFFC014678480C3059
:104EF000FDF71DF84FF47F473846EDF7E5FC014616
:104F000073480C30FDF722F8714802210C30FDF790
:104F10002CF86F4942460C312069F7F7CBF96C4900
:104F200020220C312069F7F7C5F969494A460C314E
:104F30002069F7F7BFF9664900220C312069F7F7BD
:104F4000B9F9E069F5F77EFB63A16060F6F770F9E7
:104F50001E2200212069FAF71CFF3846EDF7B4FC49
:104F6000014600226068FAF7FCFF00950A231A4602
:104F700021696068F7F720FAE069FCF755FA60618B
:104F8000F7F79AFC0023202250496069F7F726F9C9
:104F9000FF2200216069FCF7F4FB002231466069C2
:104FA000FAF750FF4A481830FCF7B5FE484814217C
:104FB0001830FDF7E0F84648FF211830FCF7DDFF18
:104FC0000020EDF781FC014641481830FCF7AFFFA7
:104FD000FF20EDF779FC01463D481830FCF7B6FF9D
:104FE0003B4802211830FCF7C0FF394942461831CE
:104FF0006069F7F75FF93649202218316069F7F7E1
:1050000059F933494A4618316069F7F753F930497D
:10501000002218316069F7F74DF9E069F5F712FBE6
:105020002EA1A060F6F704F93C2200216069FAF78E
:10503000B0FEFF20EDF748FC01460022A068FAF719
:1050400090FF00950A231A466169A068F7F7B4F942
:10505000E069F6F7A7F96FF04F0300220921A0617C
:10506000F7F79BF9FE21A069F6F7F7FA3C22114603
:10507000A069FAF7D2FEFF2211461046EDF742FC76
:105080000146A069F6F7F9FAA069F6F7E3FA0020FD
:10509000EDF71AFC01460022E069FAF7DDFE002078
:1050A000EDF712FC01460022E069FAF7E5FE002266
:1050B0000121E069FAF7F0FE0022FF21E069FAF72A
:1050C000F5FEE069BDE8F88384000020CDAF02085A
:1050D000FC1A0020523A3000473A3000423A300081
:1050E00010B500224FF47A710F48FEF791FD0020B1
:1050F000F7F7E0FC0D4C60606FF07F40EDF7E4FBEC
:10510000014600226068FAF7A7FE6068F5F79AFA90
:105110006FF01303002209212060F7F73EF9606861
:10512000E1F7A8FF606810BD31510208A40000201B
:1051300010B586B014220B496846DBF705F9FFF776
:105140007DFC094CA060DBF7E8FA02460B4607A19C
:105150006846DDF7B1FC69462068F6F769F806B0E5
:1051600010BD000094A70308A400002054656D70D2
:105170003A2025302E316620A1E34300002902D0D9
:105180000068091D42507047002901D00068425054
:10519000704700002DE9F0410446408DC10419D448
:1051A00040F480506085002226212046FAF7E3FC77
:1051B00060B1A06810B10830F3F754FC002120461C
:1051C000F7F7A5FF40B1FFF7E5FFF7E7608D20F4A3
:1051D00080506085BDE8F0812046F8F774F80646F7
:1051E0000020F4F741FF054600272AE0F4F774FF9A
:1051F000012801D0032814D1A86EA04205D0E86E82
:10520000A04202D0286FA04203D12146284600F0D8
:105210007DF8686FA04200D16F67A86FA04200D1EF
:10522000AF67D5F8A800B04207D1F4F70DFFA04250
:1052300003D12146284600F069F82846F4F714FF08
:105240000546002DD2D121462F48EBF749FA012817
:10525000F9D02046F7F773FC606804260028204642
:1052600002D0F8F748F833E0F8F706F805460020D2
:10527000D5F8D022D5F8B41205E000BF51F820309F
:10528000A3420BD0401C8242F8D807E0D5F8B412F4
:1052900006EB80028A5841F82020401CD5F8D01235
:1052A000491E8142F2D8D5F8D002401E8100C5F8CF
:1052B000D002D5F8B40205F52D75FBF78DFB2860FB
:1052C0001CE0116806EB80028A5841F82020401C3F
:1052D000616880B28A68118D491E8142F1DC606884
:1052E0008068008D401E81B21185606889008068E9
:1052F0000068FBF771FB6168896808602046BDE8BB
:10530000F041F3F7C1BD00003BCB010870B50C467E
:105310000546F4F7DDFE10B12846F4F724FF2146D8
:105320002846BDE87040F4F7EBBE0000DDF7C6F993
:105330001A4C0027651CE61C4FF47A782078401C34
:10534000C0B22070092800D9277020781449303065
:105350002870144809F0BFFA0021124809F0B3FA86
:105360000E4B3222DB1C64210E4809F07DFA01212C
:105370000C4809F0A8FA094B32225B1C6421094849
:1053800009F072FA074809F095FA2878307006A0FB
:1053900003F04AFA404603F0EFFDCFE70900002092
:1053A000AEFD02083C15002072796D6375206F6CAC
:1053B00065642074657374210A000000C9B200227C
:1053C000FAF7B6BD022A0DD0032A0AD1426B002A91
:1053D00001DC4A6B42634A6C42640A6C02640969EC
:1053E00001617047426B002A01DC4A6B42634A6CE0
:1053F00042640A6C02640A690261896B81637047C6
:1054000070B50026DDE90445891A012B03DC032869
:1054100008D0042806D0062829D2DFE800F0280AA0
:105420000320150E2E60206801EBD17100EB6100A6
:105430001BE02E602068084417E0012B03DD5B1E93
:1054400091FBF3F0286070BD91FBF3F029680844EC
:105450002860216800EBD07001EB600005E05B1C68
:1054600091FBF3F0286021680844206070BD2E6035
:1054700070BD30B5826A4B681A440023914211D046
:105480001478E4070ED1C46A94420BD0046B9442A2
:1054900000D10163136054684C60846A52680D1B2C
:1054A00022449560826A8C6822448A420ED0147825
:1054B000E4070BD1046B8C4200D102630B604B6894
:1054C0005360806A4968121A0844826030BD2DE931
:1054D000F05F05460C46501E53B12168A1EB6201F6
:1054E00008442160A060A8696060286AE06009E063
:1054F0006168A1EB620108446160E0606869206056
:10550000E869A0604FF4403631462846F8F71CFDA4
:10551000814631462846F8F735FD82463146284611
:10552000F8F75AFD804631462846F8F7DDFC8346F9
:1055300031462846F8F7A0FE074631462846F8F7D8
:1055400095FE0146206809EB0702801A2060A068DA
:105550000AEB07021044A060606808EB0102801AA1
:105560006060E06859440844E060BDE8F09F70B5B1
:105570000446E6F7E8FA05001ED0F7F7A9FE06464E
:105580002046F7F751FE864216DD00212846F8F73F
:1055900031FEF3F76EFC064600212846F8F74EFE72
:1055A000216C304441430022E06AFAF7ADFAE06A28
:1055B000BDE87040F9F730BA70BD00002DE9F04F3A
:1055C00085B09946DDE90EA5109CAB46630602D571
:1055D000DFF814C103E0DFF810C1ACF1110CE306F1
:1055E00001D524F00104E30701D0302300E020239B
:1055F00000260493A3070BD5002A02DA2D26524277
:1056000006E0630701D52B2602E0230700D52026FC
:105610000023EE4622B930228DF8002001230CE051
:10562000B9F10A0F14D002F00F0812091CF8088013
:105630000EF803805B1C002AF2D1AB4200DD1D4650
:10564000AAEB050214F0110F4FF0200708D015E067
:105650000A27B2FBF7F807FB1828B2FBF7F2E5E7D9
:105660003EB1002A05DD521E03E0884200D20770D9
:10567000401CB2F1000CA2F10102F6DC26B1884216
:1056800000D20670401C521EE40605D508E0884290
:1056900001D2049C0470401C141EA2F10102F6DC2D
:1056A00030242E466D1E9E420ADD884200D20470D0
:1056B000401CF6E7884201D2E55C0570401C00E022
:1056C00074461D1EA3F1010307DDBBF1000FF1D1EC
:1056D00003E0884200D20770401C131EA2F10102B1
:1056E000F7DC05B0BDE8F08F85B903082DE9F04778
:1056F000054690F87000400733D5E86AF5F7D2F90F
:1057000019490968884704002BD02846FEF732F86B
:105710008146FCF7AFFA074604FB07F0401CF6F79A
:10572000C3F98046002606E006FB07803A46494654
:10573000F6F730FA761CA642F6D37E43002108F82D
:1057400006104146E86AF5F773FD4046F3F79CFB07
:1057500028460649E9F7A8FE2846BDE8F04700F0CC
:10576000ADBABDE8F0870000B8840408715702089C
:1057700070470068FFF7BABF2DE9F04114460A46AA
:10578000070007D000260125002A61D0107B0128E0
:105790005ED062E0FEE7616891422BD1A168087B90
:1057A00030B90D7326732146384600F0A0F8A16881
:1057B000486840B1007B012805D0886848B1007B6B
:1057C000012806D00CE0886860B3007B012829D04E
:1057D00006E0486805730E73384600F09DF8A1682E
:1057E000207B08732573886821460573384600F0CE
:1057F0007EF82BE0087B30B90D73267321463846BE
:1058000000F08AF86168486810B1027B012A14D15F
:105810008A683AB1127B012A04D038B1007B012892
:1058200004D00AE00E7322462468ADE78868057349
:105830000E73384600F05BF86168207B08732573AF
:10584000486821460573384600F066F83A6802E079
:10585000386890429FD1002A00D01573BDE8F081CE
:105860002DE9F0470D4681464FF0000801272DE055
:1058700026687068A04215D1B06808B1017B79B381
:10588000A068A84206D12146484600F030F82046DC
:105890002C460546277386F80C803146484600F0B2
:1058A0003BF813E008B1017BD1B16068A84206D192
:1058B0002146484600F030F820462C46054627731E
:1058C00086F80C803146484600F011F82C6814B177
:1058D000207B0028CCD0D9F800000773BDE8F08702
:1058E000FFE70773277386F80C803546EEE78A6872
:1058F00053688B60536803B119600B6813600B68C1
:1059000023B15868884203D15A6002E0026000E087
:105910009A6051600A6070474A6893684B60936868
:1059200003B119600B6813600B6823B19868884253
:1059300003D19A6002E0026000E05A6091600A6060
:10594000704700002DE9F04F634E074685B030697F
:10595000D0F8A842406A2060306990F839000028E9
:105960004DD000206060A0603069EDF73BFA401E2A
:10597000E0603069EDF78EFA401E20613069EDF786
:1059800089FA451E3069EDF72DFA431E00221146B3
:1059900001A80095EAF73DFE306990F83910022918
:1059A0001BD0012916D1816B826B61F341028263A6
:1059B0002068008981B22046E9F7F6FA97E80F00DF
:1059C00018340FC497E80F0084E80F00A4F12800F2
:1059D00000F084F805B0BDE8F08F816B41F0020162
:1059E00081632068008981B22046E9F7DDFA01ADC4
:1059F000183495E80F000FC495E80F00E4E7384627
:105A0000EAF7A3FC81463846EAF790FC8046306905
:105A1000EDF740FAFD68A84203DC3069EDF73AFA89
:105A2000451EB346424649463069E6F72BF98246A1
:105A30004FF00008786825E0DBF81030BA68396864
:105A40005B6A2360C4E90110C4E90326C4E90610B7
:105A5000C4E90826C4E90A10C4E90C26002120463E
:105A6000E9F7A2FAAE4200DD2E46B046454505D123
:105A7000DBF81000816B41F002018163204600F0E9
:105A80002DF8484600EB0A09A9F10106AE42D3DD24
:105A900045459FD0DBF81030BA6839685B6A2360EF
:105AA000C4E90110C4E90325C4E90610C4E90825C6
:105AB000C4E90A10C4E90C255E4600212046E9F736
:105AC00073FA3069816B41F00201816305B02046B1
:105AD000BDE8F04F00F002B8605A00202DE9FF4108
:105AE0000746404C07F118012EC9206900F54076A1
:105AF00086E82E00EDF7E2F910B920690AF0E2F825
:105B0000206990F83B00ECF7CEFEA8B1206900F5C3
:105B100040712EC98DE82E0090F8391041B9D0F8A7
:105B20000413D0F800034A4241426846EAF764FD94
:105B300069463868EDF7D9FD00252069EDF78EF943
:105B4000014607F118008046FAF78AFF06462069E9
:105B5000D0F8C81219B14046FAF782FF054656EA56
:105B6000050006D12069EDF751F90146384600F0ED
:105B700011FB206990F8D412C9070ED00EB9D0F8E5
:105B8000C0623846314600F005FB2069D0F8C802F3
:105B9000A0B105B9054629460DE0D0F8C80228B1E4
:105BA00005B905462946384600F0F4FA16B92069C9
:105BB000D0F8C0623146384600F0ECFA2069EDF7C3
:105BC00039F90146384600F0E5FA2069EDF728F981
:105BD0000146384600F0DEFA206904B0BDE8F04125
:105BE000E2F766B8605A00202DE9F74F0F464FF4F0
:105BF000A02488B006462146F8F7ACF98046214635
:105C00003046F8F7C5F9814621463046F8F7EAF9FB
:105C1000824621463046F8F76DF9834621463046E4
:105C2000F8F706FB069021463046F8F710FB009087
:105C300021463046F8F7EAFA059021463046F8F753
:105C400002F9054621463046F8F7F7F801A904465F
:105C500081E8000FDDE9052339463046E6F7AAF969
:105C6000B26BA04252F8271001DA034600E0234647
:105C7000AB4201DA284602E0A04200DB204642F8AF
:105C80002700884211D16B46394630460A9AE5F71B
:105C900024FDD6E905126846EAF7AEFC69463046AF
:105CA000F8F7D5FE0BB0BDE8F08F3046F9F71EFCD3
:105CB0000BB03046BDE8F04FF8F7AEBE2DE9F04F1F
:105CC00095B004460021F8F7A4FA0B900021204675
:105CD000F8F7C0FA0A90E06C0C90E06AF4F7E2FE84
:105CE000644A82460C9912689047DFF88CB10646E8
:105CF0000AEB0600DBF800208046002190470546AD
:105D00000B98F3F7B6F881462F463846E8F74DF979
:105D100000B12027002239460B98F3F778F80746A0
:105D200001AAE06A0C99F4F709FEE06AF4F7BAFEFA
:105D300002460021E06AF6F7AFFDE16A019A4B697D
:105D4000C9691A443A448A4225DD94F8701009075B
:105D500021D403281FD000200A990190029A09EB50
:105D60000100104402905DB14449404609688847EB
:105D70000644DBF800200AEB0600002190470546A8
:105D80002846E8F712F900B12025002229460B9891
:105D9000F3F73DF807464FF4C02B204659462666D8
:105DA000F7F7FDFF054659462046F8F71EF900EBC8
:105DB000050A59462046F8F7A0F800EB05085946B1
:105DC0002046F8F7CAF8461959462046F8F7E3F88E
:105DD0000199029A891B0F91A2EB0A011091019976
:105DE000284408447F1E3844119002EB0801A9F1B1
:105DF0000100084404F1500112900D4604A8EAF78E
:105E000021FAE06A04994269114404910599806974
:105E100008440590E06A0699406908440690E06AE3
:105E2000079980690844079004A92046F8F70FFEF7
:105E30000FA92846EAF706FA294604A8EAF702FA63
:105E4000E06A049942691144049105998069084403
:105E50000590E06A0699406908440690E06A07994F
:105E600080690844079004A92046F8F7F0FD15B0B2
:105E7000BDE8F08FA8840408A4840408A084040862
:105E80002DE9F041234D2869D0F85C42002C3ED02A
:105E9000002703E004F50F71415CB9B1641EF9D528
:105EA00000223821EDF7ACF82869816B21F001015F
:105EB00081632869816B21F00201816328690026D2
:105EC0003C24816B41F40031816317E02746E7E70A
:105ED00006F50F71415C81B9BE4203D1816B41F07F
:105EE000010181632869816B21F0020181632869C6
:105EF00004EB06110844FFF725FD761C2869D0F84D
:105F00005C12B142E4DC816B21F400318163BDE8B5
:105F1000F0810000605A00202DE9F34F0C46ABB031
:105F200001212046F8F782FA00287CD12046002182
:105F30006022F8F75DF8C7B2022F74D32046F7F756
:105F4000F0F9050016D002A800900AAB2A462146B7
:105F50002B98E8F7CDFF012865D10AA8EAF7E6F902
:105F600082460AA8EAF7E2F9DFF820B28046012D5E
:105F700007D01BE02B982DB02146BDE8F04FF8F775
:105F80002BBF0AA8EAF7E1F90546DBF8100090F804
:105F90003B00ECF782FC01464FF4C04292FBF5F067
:105FA00090FBF1FA92FBF5F04FEA90080A98069000
:105FB0000C9808900B980790099004F11400009039
:105FC000DCE000BF0799AAF1010008440D9909908F
:105FD000884200DD099106AD28460099EAF72AFAC1
:105FE00058B100208DF8A40029AA172120462A952F
:105FF000F9F7C1FD9DF8A40020B30799A8F10100AD
:1060000008440D990990884200DD0991102106AAE3
:106010002B98EEF723FC81462146F8F7DDFE0021A0
:1060200020466F2200E0AEE0F7F7E2FF054620468B
:1060300000217022F7F7DCFF0646C5F34170012806
:1060400002D018E01221E2E725F0C040504901904B
:10605000884210DC0098EAF778F9014625F0C04044
:10606000B0F1805F019802DB6FF07042101A41437B
:10607000642091FBF0F5C6F34170012816D126F09B
:10608000C04043490190884210DC0098EAF74EF97D
:10609000014626F0C040B0F1805F019802DB6FF04E
:1060A0007042101A4143642091FBF0F60EA8EDF700
:1060B000F1FF60696E224119D9F80400081A1E9098
:1060C000A0698119D9F808008DF88470081A1F900A
:1060D00020460021F7F78CFF4FF46161199002E030
:1060E000A0F5616019908842FADC02E000F5616079
:1060F00019900028FADB204600216C22F7F778FF80
:106100001A90204600216D22F7F772FF1B9020465F
:1061100000217122F7F76CFF1C90204600217222AB
:10612000F7F766FF1D90204600216722F7F760FF12
:106130009DF88510732260F303018DF88510DBF85C
:106140001000806B010CBDF8840061F30C30ADF8D9
:10615000840000212046F7F74BFF02AD289095E818
:106160000F0023ADCDF8549085E80F0006AA0EA9C4
:106170002B98EEF7F7FA0998401C07900D990998AB
:106180008842FFF61FAF2DB0BDE8F08F605A0020A7
:10619000FEFFFF1F2DE9F0470C00814605D11B488B
:1061A0000069ECF75BFE04002AD021464846FFF761
:1061B000B3FE1FE00027F6F7E9FF0646002508E0DA
:1061C000A068006850F82510E7B14846FFF7A4FE24
:1061D0006D1CB542F4D34A461C212046F9F7CBFC8E
:1061E0004A461D212046F9F7C6FC4A461E21204694
:1061F000F9F7C1FCA0464046F7F7BAF80400D9D138
:10620000BDE8F0874145E3D10127E1E7605A00206E
:106210002DE9F04796B088460646E5F79BFC070057
:1062200076D0F4F73FFC024600213846F6F734FBFF
:106230000021012818D0022802D0032814D10BE035
:106240003046F7F702F804463846F8F7A9F8201A5E
:1062500000EBD070411007E03046F6F7F6FF044639
:106260003846F8F79DF8211A3846F9F7B1FE0021B3
:106270003046F7F7C5FF044600213046F7F7E4FF44
:1062800082462046F2F7F5FD05463046F6F7CCFF8C
:106290008146304600216422F7F7AAFE0446B8F191
:1062A000000F00D014B93046E7F766FC316B05EB00
:1062B0000A00484309EBD971491005EBD572A1EBEF
:1062C00062010D1AB8F1000F25D024B36846E9F732
:1062D00029F939466846E9F7C7F914496846E9F7E4
:1062E000ADF93846F8F782F801462A466846E9F7DC
:1062F000B5F921466846E9F799F90D496846E9F785
:106300008EF90C496846E9F79BF96846E9F7CEF93A
:1063100016B0BDE8F08705493846E9F7C5F816B06C
:1063200029463846BDE8F047F9F768BEF5AC0208E3
:1063300017A80208AFF500082DE9F04F0C464FF4FE
:10634000A02689B005463146F7F704FE079031468E
:106350002846F7F71DFE834631462846F7F742FEEA
:10636000824631462846F7F7C5FD80463146284625
:10637000F7F75EFF069031462846F7F768FF81463B
:1063800031462846F7F742FF059031462846F7F791
:106390005AFD074631462846F7F74FFD06461CE0F2
:1063A0000798CDF808B0CDE90090CDE903A8DDE964
:1063B000052321462846E5F7FDFDB04201DA0146F6
:1063C00000E03146B94201DA384602E0B04200DB73
:1063D0003046A96B41F82400641C286BA042DFD82A
:1063E0002846F9F783F809B02846BDE8F04FF8F7DA
:1063F00013BB00002DE9F04F4E4C9FB0206990F880
:10640000391001297AD1ECF759FD002876D020699E
:1064100000F51970F5F7DBFA00286FD1206909F053
:1064200051FC2069426A1392C1698A4200D1016A13
:106430000191ECF7D7FC1C902069ECF72BFD83460B
:10644000402103A8D9F799FF0025A0463FE000BFEF
:1064500005F50F71415CC1BB00F51970F5F725FA20
:106460000646A0462FE0D8F810004446314600F515
:106470001970F5F72CFA82463C21206901EB0511D1
:106480004218314603A8E9F7E6FE0746401C19D03A
:1064900000240DF10C0909E0F5F74AFA09EB0411A3
:1064A000641C91E80E1080E80E1064B2D8F8100059
:1064B000BC42314600F51970EEDBF5F7C0FA304604
:1064C000F2F7E2FC5646002ECDD16D1CADB2D8F8E5
:1064D00010004446D0F85C12A942B9D800201790A9
:1064E00018901C982546401E1990ABF101001A9097
:1064F000206900F51970F5F7D8F910E016E017AA31
:106500000146E9F734FF23461946019A1398EDF73F
:106510003DF92869214600F51970F5F7D8F904000E
:10652000EDD1286900F51970F5F79FF91FB0BDE8A6
:10653000F08F0000605A00202DE9F0410746F6F781
:1065400025FE0546002412E0B868006850F8246073
:106550003046F8F761FA00222F213046F9F70BFB9D
:106560003046F8F759FA3046FFF7E6FF641CAC42B4
:10657000EAD3BDE8F08100002DE9FF470446E5F7C6
:10658000E9FA060009D0F3F759FD0746F3F7A4FD31
:10659000042806D0022804D013E0012004B0BDE88E
:1065A000F087226B2146626304280AD10846F6F779
:1065B0008AFE0546F2F776FF18B100212846F2F769
:1065C000E6FF3846F3F788FD012804D03846F3F794
:1065D00083FD032872D194F83C0040072ED4002597
:1065E00069463846F3F74CFD0198B1690122401A1B
:1065F000019000987169401A009069463046F4F79E
:10660000E1F807463046F4F74DFA8246002080460E
:106610000646DFF8B89003900DE0D9F8002003A9F2
:10662000504690470A2803D1B84501D06D1C2DB2C1
:10663000DDF80C80761CBE42EFD338E00021204606
:10664000F7F7DEFD804600212046F7F7FDFD054601
:106650004046F2F70EFC226AA16900EB0508501AC9
:1066600000EBD07001EB6005D7E91801CDE900011E
:106670006946204608F020F897F825200021C2F14D
:1066800064026423019803E00144504390FBF3F05B
:106690000028F9D1B0690844291A91FBF8F00028C4
:1066A00000DA0020E16A814200DC481E05B2002DBC
:1066B00004DB012229462046FAF762FC206B029097
:1066C00002AA20212046F9F756FA67E7A4840408B5
:1066D00010B5044601460648F5F7B1F9616909B1FC
:1066E000204688472046BDE81040F2F7CDBB0000A9
:1066F0000C5B00202DE9F041040024D021B30846B2
:10670000EBF737F90646014604F124000746FAF78D
:106710009FF8010015D00A69E06A104450F8045C43
:106720003846FAF713F9294604F13000F5F787F9EE
:106730002846F2F7A9FBE16B30468847E168081A62
:10674000E060BDE8F081FEE7FEE700002DE9F041E2
:106750000546406810B9A86800282ED018480026C1
:10676000074620E0AC4221D0606B002803DA94F8A1
:10677000540000071AD520682968884216D160683D
:10678000A0B16968884211D121463846F5F757F91A
:10679000616909B1204688472046F2F775FBDDF7AD
:1067A000A1FF01263846F5F780F803E02146384678
:1067B000F5F78DF80400D5D13046BDE8F081000032
:1067C0000C5B002070B5D1E90245D5B1D4B1E560CC
:1067D000AC6000EBC21505EB8305AE6B8E420FD1AA
:1067E000AC6384420CD100EB820501216C6901FA93
:1067F00003F39C436C6103D1036991408B430361B4
:1068000070BDFEE7FEE72DE9F0410C46498D0646D6
:106810000020C1F305110DE026B1E26852F83020E6
:10682000B24206D1FF224FF470212046F8F776FEDF
:1068300002E0401C8142EFD82046F6F7A7FC07464D
:10684000002507E0A068006850F825103046FFF7E3
:10685000DAFF6D1CBD42F5D3BDE8F08170B5154679
:10686000040004D021B1E26B0846904701E0FEE746
:106870000020A168814201D2012070BDE268284455
:106880001044884201D9022070BD002070BD000074
:1068900030B5C0F34172012A22D11B4B20F0C04217
:1068A0009A421DDC5B1020F0C0404FF080551B1A4F
:1068B000AA4201DB184600E010464843642490FBDE
:1068C000F4F0884208DAAA4201DB184600E01046DC
:1068D000484390FBF4F000E00846002801DA00206D
:1068E00030BDAA4201DB184600E01046484390FB49
:1068F000F4F0884206DAAA4200DB1A464A4392FBC9
:10690000F4F030BD084630BDFEFFFF1F10B5044651
:10691000416AD4E90B20E0F7EBF82063E26A616A90
:10692000E06BE0F7E5F8E063E26A616AA06BE0F72C
:10693000DFF8A063E26A616A206CE0F7D9F82064AE
:1069400010BD00002DE9F04F064691B0D6E9017068
:10695000814696F8210007903468F0680F90D6E9D8
:1069600006500E90D6E904B008900CA8ECF742F857
:1069700096F8220008B10020CFE00798BBF1000F85
:1069800004D0FD284FF000006BD293E0FD284FF0BB
:1069900000001CD221E000264FF0FF0A0FE000BFEC
:1069A00005EB46000088ADF804000198EBF722FDE6
:1069B00004F8160004EB4601761C81F801A0BE42E3
:1069C000EEDB0F9804440E98054408F10100804660
:1069D0004845E0DB11B0BDE8F08F82464845F9DA62
:1069E000002613E005EB46000088ADF80800029889
:1069F000EBF700FD60F307080799404661F30F20AD
:106A000004EB46010CAAEBF773FD761CBE42E9DBF2
:106A10000F9804440E9805440AF10100DDE70026B2
:106A200015E000BF05EB46000088ADF81C00079894
:106A3000EBF7E0FC60F307081BF80610404661F333
:106A40000F2004EB46010CAAEBF752FD761CBE4268
:106A5000E8DB0F98089904440E988B4405440AF12A
:106A6000010082464845DADBB4E7002618E000BFA3
:106A700005EB46000088ADF828000A98EBF7BAFC51
:106A80001BF80610079A60F3070851434046090AAD
:106A900061F30F2004EB46010CAAEBF729FD761CED
:106AA000BE42E5DB0F98089904440E988B440544D8
:106AB0000AF1010082464845D7DB8BE700201EE043
:106AC00005EB4A000088ADF828000A98EBF792FC25
:106AD000414660F30701BBF1000F22D01BF80A000A
:106AE000079A50435FEA102060F30F2196F82220A6
:106AF00004EB4A000CABDEF727FD0AF101008246E9
:106B0000B842DDDBBBF1000F01D008998B440F9830
:106B100004440E9805440398401C03904845CDDB7F
:106B200058E70798E0E700002DE9F04F064693B0DC
:106B3000D6E90170824696F821B03568F068119068
:106B4000D6E906401090D6E904900A900BA8EBF71E
:106B500065FF96F8220008B10020FAE0B9F1000FB5
:106B600005D0BBF1FD0F4FF0000072D2AEE0404601
:106B70006BF31F60804600202FE0002625E000BF59
:106B800034F8161040F63A02C80A5043020A40464A
:106B900062F31740C1F3451240F20D435A43120A03
:106BA00062F30F2001F01F0140F63A025143090A37
:106BB00061F3070005EB860B8046DBF800100BAA9B
:106BC000EBF74EFDCBF80000761CBE42D8DB1198E7
:106BD00005441098044409F1010081465045CCDB7E
:106BE00013B0BDE8F08F002629E000BF19F80610A9
:106BF000404661F31F6034F8161040F63A03CA0AA3
:106C00005A43120A62F31740C1F3451240F20D4392
:106C10005A43120A62F30F2001F01F0140F63A02B4
:106C20005143090A61F3070005EB86010491804690
:106C300009680BAAEBF714FD0499761C0860BE42A4
:106C4000D4DB11980A9905441098894404440BF147
:106C5000010083465045C6DBC2E700262CE000BF9A
:106C600019F80610404601FB0BF1090A61F31F6099
:106C700034F8161040F63A03CA0A5A43120A62F36D
:106C80001740C1F3451240F20D435A43120A62F312
:106C90000F2001F01F0140F63A025143090A61F347
:106CA000070005EB86010F91804609680BAAEBF7F8
:106CB000D7FC0F99761C0860BE42D1DB11980544C1
:106CC000109804440A9881440598401C059050454A
:106CD000C3DB85E700202EE034F8181040F63A02B6
:106CE000C80A5043020A009840F20D4362F317406D
:106CF000C1F345125A43120A62F30F2001F01F013B
:106D000040F63A025143090A61F30700B9F1000F56
:106D100023D019F8081001FB0BF1090A61F31F6079
:106D2000009096F8222005EB88000BAB0099DEF767
:106D300030FC08F101008046B842CDDBB9F1000F0C
:106D400001D00A9989441198054410980444059883
:106D5000401C05905045BDDB42E76BF31F60DFE749
:106D60002DE9F04F054693B0D5E9016790F8210071
:106D70000D90D5F800B0E8681090D5E906400F9066
:106D8000D5E904800990686AC11700EB517121F0C0
:106D90000701A0EB010A95F8220008B1002035E1B7
:106DA0000D98B8F1000F04D0FD284FF000007DD2FF
:106DB000E3E0FD284FF0000021D226E00025A846A0
:106DC00015E000BF04EB45000088ADF80400019811
:106DD000EBF710FB7F2808EB0A01584602D903F0B5
:106DE0006FFF01E0DFF712FE08F101086D1CB542EC
:106DF000E8DB109883440F98044409F101008146B0
:106E0000B842DBDB13B0BDE8F08F8146B842F9DA57
:106E10000025A84626E000BF04EB45000088ADF839
:106E200004000198EBF7E6FA08EB0A0109900391D8
:106E30005846E4F722FBC0EB00208DF8140005A9AA
:106E40000D9A0998EBF7B6FC9DF8140003997F287A
:106E5000584602D903F034FF01E0DFF7D7FD08F10F
:106E600001086D1CB542D7DB109883440F98044489
:106E700009F10100C9E700BF4FF000094D4648463F
:106E8000CDF808902CE000BF04EB40000088ADF87E
:106E90000C000398EBF7AEFA05EB0A010D900A918E
:106EA0005846E4F7EAFAC0EB002000E022E08DF853
:106EB000300018F809200CA90D98EBF77BFC9DF821
:106EC00030000A997F28584602D903F0F9FE01E004
:106ED000DFF79CFD029809F10109401C6D1C02902E
:106EE000B542D1DB10990F988B4404440999069858
:106EF0008844401C0690B842BEDB83E74FF000098F
:106F00004D464846CDF808902DE000BF04EB400008
:106F10000088ADF814000598EBF76CFA05EB0A0150
:106F200011900A915846E4F7A8FAC0EB00208DF8BA
:106F3000300018F809000D994843020A0CA911986D
:106F4000EBF738FC9DF830000A997F28584602D9A3
:106F500003F0B6FE01E0DFF759FD029809F10109DF
:106F6000401C6D1C0290B542D0DB109809998344F7
:106F70000F98884404440698401C0690B842BDDB34
:106F800040E700BF4FF00009484631E034F81910DF
:106F900040F63A02C80A5043020A039840F20D43F1
:106FA00062F31740C1F345125A43120A62F30F20ED
:106FB00001F01F0140F63A025143090A61F307004C
:106FC000B8F1000F26D018F809100D9A5143090A9C
:106FD00061F31F600390049895F8223000EB0A01DA
:106FE0005846039ADEF725FB049809F10109401C75
:106FF0000490B145CADBB8F1000F01D0099988446B
:107000000F981099044406988B44401C0690B8428F
:10701000B8DBF7E60D99DBE72DE9F04F06468FB0B8
:10702000D6E90170804696F821B03568F0680C907A
:10703000D6E906400E90D6E904900A9096F8220010
:1070400008B10020D6E0B9F1000F05D0BBF1FD0F6B
:107050004FF0000063D287E0BBF1FD0F4FF000005E
:1070600019D21EE00026B1460DE000BF04EB460039
:107070000088ADF804000198EBF7BCF905F80900A9
:1070800009F10109761CBE42F0DB0C9805440E980C
:1070900004440AF1010082464045E3DB0FB0BDE83D
:1070A000F08F82464045F9DA0026B14610E000BF75
:1070B00004EB46000088ADF804000198EBF79AF95C
:1070C00005EB09015A46EBF782FB09F10109761C31
:1070D000BE42EDDB0C9805440E9804440AF1010011
:1070E000DFE70026B24610E004EB46000088ADF86A
:1070F00004000198EBF77EF919F8062005EB0A0168
:10710000EBF765FB0AF1010A761CBE42ECDB0C983A
:107110000A9905440E98894404440BF10100834602
:107120004045DEDBBAE70026B24613E004EB46003A
:107130000088ADF804000198EBF75CF919F8061027
:1071400001FB0BF10A0A05EB0A01EBF740FB0AF120
:10715000010A761CBE42E9DB0C980A9905440E9898
:10716000894404440698401C06904045DBDB95E7C3
:107170004FF0000A50462FE034F81A1040F63A0259
:10718000C80A5043020A019840F20D4362F31740C7
:10719000C1F345125A43120A62F30F2001F01F0196
:1071A00040F63A025143090A61F30700B9F1000FB2
:1071B00024D019F80A2002FB0BF2110A61F31F60B8
:1071C0000190059896F8222028440199DEF768FA84
:1071D00005980AF1010A401C0590BA45CCDBB9F1CB
:1071E000000F01D00A9989440C9805440E98044474
:1071F0000698401C06904045BADB4FE76BF31F60D2
:10720000DEE700002DE9F04F804687B0D8E9017035
:10721000814698F821B0D8F80040D8F80C000390C7
:10722000D8E906500290D8E904A0049098F822000A
:1072300008B100201AE1BAF1000F05D0BBF1FD0F33
:107240004FF0000047D265E0BBF1FD0F11D37F0086
:10725000002609E03A4629462046F4F79BFC0398AD
:10726000761C0444029805444E45F3DB07B0BDE8A4
:10727000F08F002080464845F8DA00260AE000BF7B
:1072800034F8161035F816005A46EBF713F924F8BF
:107290001600761CBE42F3DB0398044402980544B2
:1072A00008F10100E6E700260BE000BF1AF806200F
:1072B00034F8161035F81600EBF7FCF824F8160031
:1072C000761CBE42F2DB03980499044402988A4477
:1072D000054408F1010080464845E4DBC6E7002686
:1072E0000EE000BF1AF8061035F8160001FB0BF18E
:1072F0000A0A34F81610EBF7DDF824F81600761CAD
:10730000BE42EFDB03980499044402988A44054482
:1073100008F1010080464845E1DBA7E7CDE90054CC
:10732000002695E098F82200012825D002284BD0AD
:1073300003289BD135F81610A1F57F40FF385DD0AA
:107340000099019831F8161030F81620CB0AD00AAF
:107350005843C2F34513C1F3451C400903FB0CF32A
:10736000C0029B0902F01F0201F01F0100EB431055
:107370004A4300EB521051E035F81600F0B3019883
:1073800030F816100098CA0A30F8160002EBD02226
:107390001F2A00D31F224FF6FF7303EAC223C1F353
:1073A0004512C0F3451C62443F2A00D33F2201F03E
:1073B0001F0100F01F0003EB4212084492B21F2885
:1073C00000D31F20104429E035F81600B0B1019811
:1073D000009930F8160031F81620C30AA3EBD22129
:1073E000002900DC00214FF6FF7303EAC123C0F33C
:1073F0004511C2F3451CA1EB0C0100E027E0002978
:1074000000DC002100F01F0002F01F0203EB41111D
:10741000801A89B2002800DC0020084480B2BAF14A
:10742000000F05D0BBF1FD0F06D31AF8062008E0C7
:1074300034F816105A4606E01AF8061001FB0BF154
:107440000A0A34F81610EBF735F824F81600761C03
:10745000BE42FFF667AF0398BAF1000F04440298EA
:10746000054401D004998A440598401C059048457C
:10747000FFF654AFFAE600002DE9F04F06468FB054
:10748000D6E90170804696F8210005903568F068CD
:107490000890D6E906400E90D6E90490099096F837
:1074A00022008B4608B1002028E10598B9F1000FB1
:1074B00004D0FD284FF000007ED2D8E0FD282FD365
:1074C000002228E0002001461EE000BF34F8103002
:1074D00040F63A06DB0A73431E0A6B1840F20D4C65
:1074E0009E7034F81060C6F3451606FB0CF6360A9B
:1074F0005E7014F8103040F63A0603F01F03734331
:107500001B0A6B545944401CB842DFDB0898521CDC
:1075100005440E9804444245D4DB0FB0BDE8F08F1B
:10752000002082464045F8DA0026B14625E000BF3B
:1075300034F8160040F63A01C00A4843000A8DF8B4
:107540000E0034F8160040F20D41C0F345104843D8
:10755000000A8DF80D0014F8160040F63A0100F00C
:107560001F004843000A8DF80C0005EB090103A831
:10757000059AEBF752F8D944761CBE42D8DB08983E
:1075800005440E9804440AF10100CAE70026B246F9
:1075900028E000BF34F8160040F63A01C00A48431C
:1075A000000A8DF82A0034F8160040F20D41C0F3AD
:1075B00045104843000A00E01EE08DF8290014F849
:1075C000160040F63A0100F01F004843000A8DF80B
:1075D000280019F8062005EB0A010AA8EBF71DF8A8
:1075E000DA44761CBE42D5DB0898099905440E980A
:1075F000894404440698401C06904045C6DB8CE74D
:107600000026B24629E000BF34F8160040F63A01E1
:10761000C00A4843000A8DF8320034F8160040F2E0
:107620000D41C0F345104843000A8DF8310014F8AD
:10763000160040F63A0100F01F004843000A8DF89A
:10764000300019F80610059841430A0A05EB0A01B3
:107650000CA8EAF7E2FFDA44761CBE42D4DB0898B5
:10766000099905440E98894404440698401C0690E4
:107670004045C5DB51E700BF4FF0000A50462FE000
:1076800034F81A1040F63A02C80A5043020A019828
:1076900040F20D4362F31740C1F345125A43120AF8
:1076A00062F30F2001F01F0140F63A025143090A2C
:1076B00061F30700B9F1000F24D019F80A10059AF8
:1076C0005143090A61F31F6001900B9896F822203C
:1076D00028440199DEF708F80B980AF1010A58448A
:1076E0000B90BA45CCDBB9F1000F01D00999894460
:1076F000089805440E9804440698401C069040459E
:10770000BADB0AE70599DDE72DE9F34F064693B0AA
:10771000D6E90170824696F821B03468F06811907D
:10772000D6E906500B90D6E904900A900FA8EBF723
:1077300061F996F8220008B10020DFE0B9F1000FEE
:1077400004D0BBF1FD0F78D300206DE0BBF1FD0F3D
:107750001FD3002017E00026B0460CE005EB080020
:10776000EAF781FE04F8160004EB4601FF2048709A
:107770001499761C8844BE42F0DB119804440B989F
:10778000054409F1010081465045E4DBBBF1FD0FE2
:1077900020D200201BE00026B14610E005EB0900D6
:1077A000EAF761FE60F3070840466BF30F2004EB35
:1077B00046010FAAEAF79CFE1498761C8144BE424B
:1077C000ECDB119804440B9805440798401C079083
:1077D0005045E0DB15B0BDE8F08F002006460C9068
:1077E000069017E02844EAF73EFE0C9960F307087C
:1077F000404619F801100FAA61F30F2004EB46016F
:10780000EAF776FE0C981499401C0C900698761CAA
:1078100008440690BE42E5DB11980A9904440B988F
:10782000894405440798401C07905045D5DBB9F1C1
:10783000000FCFD0BBF1FD0FCCD2002029E00020FB
:107840000646039006901AE02844EAF70CFE0399D6
:1078500060F30708404619F801100FAA01FB0BF16D
:10786000090A61F30F2004EB4601EAF741FE039891
:107870001499401C03900698761C08440690BE425A
:10788000E2DB11980A9904440B988944054407984F
:10789000401C07905045D2DB9CE700BF4FF000082A
:1078A00040461DE006982844EAF7DDFD414660F3B6
:1078B0000701B9F1000F25D019F8080000FB0BF003
:1078C000000A60F30F2100BF96F8222004EB480065
:1078D0000FABDDF739FE1499069808F1010808444A
:1078E0000690B845DEDBB9F1000F01D00A99894452
:1078F000119804440B9805440798401C0790504584
:10790000CCDB67E76BF30F21DEE700002DE9F34FD7
:10791000804693B0D8E9016790F821B00568C06847
:107920001290D8E906401190D8E9049007900DA86C
:10793000EBF774F898F8220008B1002025E1B9F1BE
:10794000000F04D0BBF1FD0F77D30020A5E0BBF101
:10795000FD0F3CD31498042803D003286AD10020DB
:107960002FE04FEA860900200AE04A4621462846D1
:10797000F4F710F9129805441198044408F1010035
:107980008046B842F1DB1FE0002001464FF0FF0CBB
:107990000FE0631805EB800293F8028082F8028002
:1079A0005B785370635C05F82030401C82F803C09C
:1079B000C91CB042EDDB129805441198044409F14A
:1079C00001008146B842DFDBBBF1FD0F32D25046E9
:1079D0006BF31F608246002029E000BF4FF00008D3
:1079E00040461BE004EB090150468A78497862F36F
:1079F000174061F30F2014F809100DAA61F3070076
:107A000005EB8801059182460968EAF729FE059988
:107A100008F101080860149909EB01008146B0459E
:107A2000E0DB12980544119804440BF101008346F1
:107A3000B842D3DB15B0BDE8F08F37E04FF0000857
:107A400040461FE019F80810504661F31F600A997C
:107A500021448A78497862F3174061F30F200A992C
:107A60000DAA615C61F3070005EB88010B9182466A
:107A70000968EAF7F5FD0B9908F101080860149907
:107A80000A9808440A90B045DCDB1298079905442F
:107A90001198894404440698401C0690B842CDDBF6
:107AA000B9F1000FC6D0BBF1FD0FC3D2002031E009
:107AB0004FF00008404622E019F80810504601FB3C
:107AC0000BF1090A61F31F600A9921448A78497809
:107AD00062F3174061F30F200A990DAA615C61F30C
:107AE000070005EB88010B9182460968EAF7B8FDAB
:107AF0000B9908F10108086014990A9808440A9043
:107B0000B045D9DB1298079905441198894404447B
:107B10000698401C0690B842CADB8BE74FF0000A7B
:107B2000504624E00A98211800988A78497862F330
:107B3000174061F30F200A99B9F1000F615C61F3FE
:107B4000070026D019F80A1001FB0BF1090A61F3AE
:107B50001F60009098F8222005EB8A000DAB009979
:107B6000DDF717FD14990A980AF1010A08440A90F2
:107B7000B245D7DBB9F1000F01D0079989441298BB
:107B80000544119804440698401C0690B842C5DB91
:107B900050E76BF31F60DCE72DE9F04FD0E90156A9
:107BA00093B08A4690F821100F9101680091C16846
:107BB0000E91D0E906410D91D0E904810B91416A03
:107BC00090F82200CA1701EB527222F00702A1EBD3
:107BD000020900282DD10F98B8F1000F04D0FD281C
:107BE0004FF000007ED2D2E0FD284FF000001DD201
:107BF00022E00027B8460FE004EB0800EAF733FC68
:107C00007F28009807EB090102D903F059F801E039
:107C1000DEF7FCFED0447F1CAF42EDDB0E990098EE
:107C2000084400900D9804440BF101008346B042D3
:107C3000DFDB13B0BDE8F08F8346B042F9DA0027EE
:107C4000B84620E004EB0800EAF70DFC07EB090159
:107C50000B9003910098E3F710FCC0EB00208DF827
:107C600028000AA90F9A0B98EAF7A4FD9DF82800AE
:107C700003997F28009802D903F022F801E0DEF78B
:107C8000C5FED0447F1CAF42DCDB0E99009808444F
:107C900000900D9804440BF10100CDE74FF0000B6C
:107CA0005F465846CDF818B026E02044EAF7DBFBE3
:107CB00007EB090110900C910098E3F7DEFBC0EB95
:107CC00000208DF83C0018F80B200FA91098EAF757
:107CD00071FD9DF83C000C997F28009803D902F0B3
:107CE000EFFF02E014E0DEF791FE06990BF1010BC5
:107CF00001EB0A007F1C0690AF42D6DB00990E987C
:107D0000084400900D980B99044405988844401C41
:107D10000590B042C2DB8CE74FF0000B5F4658463F
:107D2000CDF818B027E02044EAF79DFB07EB0901E6
:107D30000C9111900098E3F7A0FBC0EB00208DF8A8
:107D4000400018F80B000F994843020A10A9119837
:107D5000EAF730FD9DF840000C997F28009802D981
:107D600002F0AEFF01E0DEF751FE06980BF1010BC9
:107D700050447F1C0690AF42D5DB00990E98084412
:107D800000900D980B99044405988844401C059078
:107D9000B042C1DB4DE700002DE9F34F064691B03C
:107DA000D6E90170814696F821B03568F0680B90ED
:107DB000D6E906400A90D6E90480089096F8220099
:107DC00008B10020CEE0B8F1000F04D0BBF1FD0FE8
:107DD00069D300205EE0BBF1FD0F1BD3002013E050
:107DE0000026B04608E000BF04EB0800EAF73BFBC2
:107DF000A8551299761C8844BE42F5DB0B980544C1
:107E00000A9804440AF1010082464845E8DBBBF1C8
:107E1000FD0F1BD2002016E00026B0460BE000BF8D
:107E200004EB0800EAF71FFBA9195A46EAF7CFFC52
:107E30001299761C8844BE42F2DB0B9805440A98DE
:107E400004440AF1010082464845E5DB13B0BDE871
:107E5000F08F00BF4FF0000A56465046CDF814A0F0
:107E60000EE02044EAF7FFFA18F80A20A919EAF709
:107E7000AEFC129905980AF1010A0844761C059097
:107E8000BE42EEDB0B98089905440A9888440444E6
:107E90000698401C06904845DCDBB8F1000FD5D0B1
:107EA000BBF1FD0FD2D2002021E000200646824621
:107EB000029012E004EB0A00EAF7D5FA029A18F8E9
:107EC000021001FB0BF10A0AA919EAF780FC0298DB
:107ED0001299401C02908A44761CBE42EADB0B9841
:107EE000089905440A98884404440698401C069062
:107EF0004845DADBAAE700BF4FF0000A504623E00E
:107F00000598211802988A78497862F3174061F33E
:107F10000F200599B8F1000F615C61F3070025D0CF
:107F200018F80A1001FB0BF1090A61F31F600290B7
:107F300096F8222005EB0A000299DDF7B1FB1299B1
:107F400005980AF1010A08440590BA45D8DBB8F152
:107F5000000F01D0089988440B9805440A980444FE
:107F60000698401C06904845C6DB6FE76BF31F6020
:107F7000DDE700002DE9F04F804687B0D8E90170B9
:107F8000824698F821000090D8F80040D8F80C00FC
:107F90000290D8E906500390D8E90490059098F82B
:107FA00022008B4608B100202AE10098B9F1000FA9
:107FB00003D0FD2863D3002058E0FD2821D3002200
:107FC0001AE00020014610E06B189E785B7806F0FE
:107FD000F806360203F0FC0306EBC3036E5C59445B
:107FE00003EBD60324F81030401CB842ECDB0298B7
:107FF000521C0444039805445245E2DB07B0BDE837
:10800000F08F002081465045F8DA0026B0460AE09D
:1080100034F8161005EB0800009AEAF7C8FA24F8BD
:108020001600D844761CBE42F2DB02980444039842
:10803000054409F10100E5E70026B0460CE000BF69
:1080400019F8062034F8161005EB0800EAF7AFFA25
:1080500024F81600D844761CBE42F1DB029805993C
:1080600004440398894405440198401C01905045FC
:10807000E2DBB9F1000FC1D00098FD28BED200208C
:108080001BE00026B0460EE019F8061000984143A8
:108090000A0A34F8161005EB0800EAF788FA24F803
:1080A0001600D844761CBE42EEDB029804440398C6
:1080B0000544059881440198401C01905045E0DB3F
:1080C0009CE70026019604948CE000BF98F82200FB
:1080D00001281FD002284CD003288FD1019A049880
:1080E0002A44937830F81600DB08C10A59435278C5
:1080F000C0F34513920849095343C9029A0901EB99
:108100004211019A00F01F00AA5CD208504301EB13
:10811000501024E0049801996A1830F816009178FC
:10812000C30A03EBD1011F2900D31F214FF6FF73B0
:1081300003EAC1235278C0F3451101EB92013F29B4
:1081400000D33F2100F01F02019803EB411189B2D7
:10815000285C02EBD0001F2800D31F20084480B207
:10816000B9F1000F2AD00099FD292BD319F8062068
:108170002DE004980199294430F816008B78C20A42
:10818000A2EBD303002B00DC00234FF6FF7202EAC0
:10819000C3224978C0F34513A3EB9101002900DC09
:1081A000002102EB411100F01F02019889B2285C06
:1081B000A2EBD0000028D1DC0020CFE734F8161065
:1081C000009A06E019F80610009A51430A0A34F89A
:1081D0001610EAF76FF924F816000199761C01EBE6
:1081E0000B000190BE42FFF671AF0298B9F1000F8B
:1081F00004440398054401D0059989440698401C1D
:1082000006905045FFF65DAFF8E600002DE9F74F08
:1082100090B080464668876890F821000790D8F8AB
:108220000050D8F80C000C90D8E906400B90D8E923
:10823000049009908A4698F8220006FB0AF608B1D5
:108240000020E5E00798B9F1000F03D0FD287DD3A9
:10825000002074E0FD2833D3129850454FF0000001
:108260000BD028E0324621462846F3F793FC0C98C1
:1082700005440B98044408F101008046B842F1DB44
:108280001BE000210A460FE0A35C6B5404EB020CD8
:108290006B189CF8018083F801809CF802C083F879
:1082A00002C0129B51441A44B142EDDB0C99401CB0
:1082B0000D440B990C44B842E3DB0798FD281CD20F
:1082C000002017E04FF0000840460AE005EB0801E7
:1082D00004EB0900079AEAF7A0F91299D04409EBD8
:1082E00001008146B045F1DB0C9805440B9804442D
:1082F0000BF101008346B842E4DB13B0BDE8F08F18
:108300000020804608900FE0089904EB0B0019F854
:10831000012005EB0801EAF780F90898D044401CD9
:10832000089012990BEB01008346B045ECDB0C98EA
:10833000099905440B98894404440498401C04900E
:10834000B842DDDBB9F1000FD7D000E002E00798BA
:10835000FD28D2D2002021E000208046089012E0C3
:10836000089919F8010007994843020A05EB08012A
:1083700004EB0B00EAF751F90898D044401C089030
:1083800012990BEB01008346B045E9DB0C98099983
:1083900005440B98894404440498401C0490B84256
:1083A000DADBAAE74FF0000B584623E006982118C5
:1083B00008988A78497862F3174061F30F2006998C
:1083C000B9F1000F615C61F3070025D019F80B10BB
:1083D000079A51435FEA112161F31F60089098F8F2
:1083E000222005EB0B000899DDF77EF9129906981B
:1083F000D34408440690B345D8DBB9F1000F01D04F
:10840000099989440C9805440B9804440498401C2D
:108410000490B842C6DB70E70799DDE71CB514216C
:108420000A20CDE900014FF480630022034904A033
:1084300000F059FDBDE81C4000F03ABE714702084B
:108440006D61696E0000000070B5044C044D02E0DF
:1084500020688047241DAC42FAD370BD54960408AE
:108460005C96040870B5044C044D02E02068804717
:10847000241DAC42FAD370BD5C96040860960408D3
:1084800010B5D7F771FE044A5188491C5180BDE8E8
:108490001040D7F76DBE00005801002010B5D7F787
:1084A00063FE0B4C6188491E09B2618000290ADC19
:1084B00000216180D7F75CFE6068002807D0BDE826
:1084C000104000F0B1BABDE81040D7F751BE10BD62
:1084D0005801002010B5040008D0FFF7D1FF204656
:1084E00000F019FCBDE81040FFF7D8BF10BD000038
:1084F00010B500F07FF9044C20B900F0B1FD08B1CF
:10850000006B10BD206810BDD000002000487047EF
:10851000181E002000487047185A002010B5D8F7E0
:108520006BFFDAF7F9F8DAF735F9D9F7F9FFDAF787
:10853000A7F8D9F7B9FFD9F78FFFD9F755F94FF455
:108540007A71B0FBF1F0D9F75FFBFFF77DFFFFF722
:10855000E1FF0446FFF7DAFF2146BDE8104000F0D6
:108560007FBC0000F8B506460D200F498DF80000CD
:10857000002481F84040304600F057FC05460FE0EB
:10858000305D0A2805D101231A4669460648D9F705
:1085900052FD012331191A460348D9F74CFD641CDA
:1085A000AC42EDD3F8BD0000185A002070B5054666
:1085B000041D2B48016819B12846884700284DD072
:1085C00028A0E16B00F030F92AA0216A00F02CF914
:1085D0002CA0616A00F028F92EA0A16A00F024F90D
:1085E00030A0E16A00F020F932A0216800F01CF907
:1085F00034A0616800F018F936A0A16800F014F901
:1086000038A0E16800F010F93AA0216900F00CF9F7
:108610003CA0616900F008F93EA0A16900F004F9EE
:1086200040A0E16900F000F942A0216B00F0FCF8E5
:1086300044A0616B00F0F8F846A0A16B00F0F4F8DC
:108640002878400706D500F00BFD014645A000F054
:10865000EBF802E04BA000F0E7F8FEE770BD000089
:10866000B00000207073723A203078253038780AD4
:10867000000000007230303A203078253038780A17
:10868000000000007230313A203078253038780A06
:10869000000000007230323A203078253038780AF5
:1086A000000000007230333A203078253038780AE4
:1086B000000000007230343A203078253038780AD3
:1086C000000000007230353A203078253038780AC2
:1086D000000000007230363A203078253038780AB1
:1086E000000000007230373A203078253038780AA0
:1086F000000000007230383A203078253038780A8F
:10870000000000007230393A203078253038780A7D
:10871000000000007231303A203078253038780A75
:10872000000000007231313A203078253038780A64
:10873000000000007231323A203078253038780A53
:1087400000000000206C723A203078253038780A1A
:10875000000000002070633A203078253038780A15
:108760000000000068617264206661756C74206F9F
:108770006E207468726561643A2025730D0A0D0AD3
:108780000000000068617264206661756C74206F7F
:108790006E2068616E646C65720D0A0D0A0000003F
:1087A00070B50446121D22F007000022094D403822
:1087B00040F82250521C102AFAD301620021416273
:1087C00081624FF0807200F13005C263C16285E8BA
:1087D0001A0070BDEFBEADDE10B5D7F7C5FC044A78
:1087E0001178491C1170BDE81040D7F7C1BC0000DA
:1087F000CC00002010B5D7F7B7FC03490C78D7F7A9
:10880000B7FC204610BD0000CC00002010B5D7F703
:10881000ABFC044A1178491E1170BDE81040D7F72F
:10882000A7BC0000CC0000200FB47F2110B503AB23
:108830000748029A00F08CFD04467F2800D97F2467
:108840000348FFF78FFE204610BC5DF814FB0000C4
:10885000981C00200268516002680A60016048604C
:1088600070470268516002680A60016048607047A2
:10887000D0E900124A60D0E9001211604060006047
:108880007047D0E900124A60D0E9001211604060E0
:1088900000607047D0E900124A60D0E90012116010
:1088A000406000607047000010B50446FFF7E8FD27
:1088B00004482146406800F0D3F90446FFF7EEFD76
:1088C000204610BDD000002010B50346CCB2042ACB
:1088D0001AD3810718D1194644EA042343EA034313
:1088E00006E008C1103A08C141F8083B41F8043CD1
:1088F000102AF6D201E008C1121F042AFBD20B464F
:1089000002E000BF03F8014B521EFBD210BD2DE95F
:10891000F0410F46064600F045F80546C068FFF7EF
:10892000C3FF040019D00021EA68FFF7CDFF2672CB
:108930000020607208223946204600F07EFAD7F700
:1089400013FC064604F10C01281DFFF783FF304697
:10895000D7F70EFC2046BDE8F0810020FBE770B59C
:10896000044600202072D7F7FFFB054604F10C00F7
:10897000FFF77EFF2846D7F7FBFB2046BDE8704097
:10898000FFF7A8BD70B5044600202072D7F7ECFBB6
:10899000054604F10C00FFF76BFF2846BDE8704068
:1089A000D7F7E6BB074A002102EB01131B7883428D
:1089B00002D102EB01107047491C0529F4DB0020AD
:1089C00070470000080100202DE9F04104461646DA
:1089D0000D460846FFF7E6FF0746FFF751FD381D35
:1089E000796800E009688142FCD1FFF757FD45F046
:1089F0008000207208223146204600F01EFAD7F788
:108A0000B3FB054604F10C01381DFFF723FF284690
:108A1000BDE8F041D7F7ACBB007A000601D50120D4
:108A20007047002070470000F8B5D7F79DFB2A4D2E
:108A300007466888D0BBA868C0B300266846DAF746
:108A40004BFE0446686890F8341001F00702032AD0
:108A50000ED190F83520009B9A4202D303D10A0729
:108A600001D4044600E0012621F0080180F834100A
:108A7000844222D0009A29462A7005464C600EB1E5
:108A800000F02EF8204600F065F894F8340020F04D
:108A90000700C01C84F834001048007804F11C0161
:108AA000002805F11C0002D0D7F765FB0EE0D7F7D0
:108AB00062FB3846D7F75CFBF8BD00F04BF86868FE
:108AC00010F8341F21F00701C91C01703846BDE8B9
:108AD000F840D7F74DBB000058010020CC00002023
:108AE00070B50546D7F740FB1849024648688542ED
:108AF00006D115F8340F20F00700C01C287020E0C4
:108B000095F8340005F1140420F00700401C85F8A6
:108B1000340003070E4895F8353000EBC30006D546
:108B200043681C60436863604460206005E003683C
:108B30005C600368236004606060A86B8B68184306
:108B40008860BDE870401046D7F712BB580100207E
:108B5000181D002010B50446D7F706FB04F11401D8
:108B6000D1E900235360D1E900231A60A16161615A
:108B700094F83520074951F8323001EBC2018B429D
:108B800004D10549A36B8A689A438A60BDE8104006
:108B9000D7F7EEBA181D0020580100201CB50AA016
:108BA000FFF742FE0BA0FFF73FFE13A115A0CDE992
:108BB000000101231A46042115A0FFF735FE1DA070
:108BC000FFF732FE1CBD00000A205C207C202F0A2B
:108BD000000000002D205254202D20202020205461
:108BE0006872656164204F7065726174696E672098
:108BF00053797374656D0A0031313A31353A303644
:108C000000000000417072203233203230323500D3
:108C1000202F207C205C202020202025642E25640D
:108C20002E2564206275696C642025732025730AE3
:108C3000000000002032303036202D203230323219
:108C400020436F707972696768742062792052548A
:108C50002D546872656164207465616D0A000000BE
:108C6000F0B5E9B3C91C21F003020C2A00D20C2292
:108C7000416B91424DD3846A036B1B1B8D1A46E0F6
:108C8000E1180E78F60740D14E68F61A0C3E96426F
:108C90003BD34D6802F11807EE1A0C3EBE4222D3B8
:108CA0009D180C352C4420F0010626604E68C4E95E
:108CB00001634D606368446B0C34A34202D0846A44
:108CC00023449D60036A0C321A440262436A934251
:108CD00000D2426240F001020A60026B8A4200E068
:108CE00017E009D00EE00A1B036AAA1A1A44ECE73F
:108CF000836A52681A4402631378DB0702D0C36A9E
:108D00009A42F5D101F10C00F0BD1B1DE3589D42C4
:108D1000B6D20020F0BD002812D0A0F10C010868E6
:108D200020F001000860026B8A4200D90163836A67
:108D30004A68CB1AD21A036A9A1A0262FCF799BBE4
:108D4000704700002DE9F04106461346C81C20F08C
:108D5000030404F13802D01C20F003050B4423F077
:108D60000300182830D9A0F1180797422CD3471BCD
:108D7000382200212046183FFFF7A6FD32460C217D
:108D80002046FFF721FE04F1140112A081E8A100A2
:108D90006763A5622C60606B0C3068600020A8607F
:108DA000A06A6968084444F00101E0620160606BF8
:108DB000E16A0C304860606BE16A0C308860A06A40
:108DC00020632046BDE8F0811A4604A0FFF72CFD81
:108DD0000020F7E7736D616C6C0000006D656D201D
:108DE000696E69742C206572726F722062656769A2
:108DF0006E206164647265737320307825782C204E
:108E0000616E6420656E64206164647265737320B2
:108E1000307825780A0000000FB410B504AA039931
:108E200000F0D8FB10BC5DF814FB014600E0491CC3
:108E30000A78002AFBD1081A704710B5002A07D01B
:108E4000034611F8014B03F8014B2CB1521EF8D127
:108E500010BD03F8011B00E00021521EF9D110BD26
:108E6000C21C22F0030221F003018A1A10B5014648
:108E700002A0FFF767FF0349486010BD6865617095
:108E800000000000D000002010B5074B0022074C66
:108E90005A80104604EBC001401C4960096020283C
:108EA000F8DB9A6010BD000058010020181D00205A
:108EB00038B56846DAF710FC044606484460204698
:108EC000FFF748FE032084F8340004F11C00D7F7B4
:108ED00080F938BD580100200148406000607047AB
:108EE0006801002070472DE9FF478946DDE90C76CF
:108EF000824601461D4690460120FFF708FD041EEC
:108F00000DD02846FFF7D0FC60B103968DE8A10094
:108F100043464A4651462046DAF712FC204604B042
:108F2000BDE8F0872046FFF71AFD0020F7E70000B4
:108F300070B50A480025046884420DD0A4F11405D8
:108F4000D7F712F9D4E900124A60D4E9001211608F
:108F500064602460D7F70CF9284670BDC400002077
:108F6000044914300A6850600A6802600860416071
:108F700070470000C400002000F078B8FFF7D8FF69
:108F80000400FBD0266FFFF747FD0546012802D1FC
:108F90002046FFF7F7FC0EB12046B047002DEDD17B
:108FA000A06AFFF797FA2046FFF7D9FCE6E7000032
:108FB00010B586B000220BA104A8FFF72DFF0B48C7
:108FC00020231F22D9008DE80F00A0F1780420464D
:108FD0000023074A04A900F00DF8204600F068F8C5
:108FE00006B010BD7469646C65256400981B002090
:108FF0007D8F02082DE9FF5F92460EAA0C4692E88B
:10900000E0010A46994683460121FFF7DDFC8DE821
:10901000E0014B46524621465846DAF791FB04B030
:10902000BDE8F09F70B5044690F8340000F00700EA
:10903000022802D04FF0FF3070BDD7F795F80546F3
:1090400004F11400FFF71DFC04F1440000F068F97E
:109050002046FFF745FD2846D7F78AF8002070BD67
:1090600001480068704700005C010020F1B50F481E
:109070000468D7F779F8064600252046256300F0F6
:109080002BF804F144006A460021074600F0B8F8C6
:10909000384600F003F93046D7F76AF8FFF7C4FC0A
:1090A000206B801C00D12563206BF8BD5C01002083
:1090B00010B590F83520012191408163022180F89C
:1090C0003410FFF7AFFF0348006808B1FFF7ACFCAE
:1090D000002010BD5C01002070B5044690F83400FB
:1090E00000F00700012804D0032802D04FF0FF3021
:1090F00070BDD7F739F805462046FFF72BFD94F8E9
:10910000340020F00700801C84F8340004F144008F
:1091100000F006F92846D7F72BF8002070BD0000B4
:109120000148006870470000C000002010B5D7F764
:109130001BF804460E480168491C0160FFF790FFC8
:10914000016C491E016406D02046D7F711F8BDE82E
:10915000104000F00FB8C16B016410F8341F41F0EB
:10916000080101702046D7F703F8FFF75DFCEEE732
:10917000C00000202DE9FC41CDF804D0CDF800D08E
:10918000FFF7CEFF0646D6F7EFFF07461B4D2DE053
:1091900060696FF00041301A143C884229D22046A1
:1091A000DAF72CFB607A810702D420F001006072AC
:1091B00004F1140188466846FFF753FBD4E9071011
:1091C0008847FFF7ADFF06460098694688420DD0F4
:1091D0004046FFF75FFB607A810707D5C10705D0DE
:1091E00020F001006072204600F058F82C68AC4274
:1091F000CED13846D6F7BCFFBDE8FC81680100201F
:1092000070B515460E460446D6F7AEFF062E17D2A9
:10921000DFE806F00503080C111A616A0FE02968FF
:1092200061620DE0617A21F0020102E0617A41F0B1
:109230000201617204E0617AC90700D0012129604E
:10924000D6F796FF002070BDA16AF8E770B5044616
:10925000D6F78AFF05462046DAF7D0FA607A20F082
:10926000010060722846D6F783FF2046FFF78AFB8D
:10927000002070BD2DE9F8439046DDE908450A4617
:109280001F4606460A21FFF79FFB23463A46414602
:1092900030460095DAF7A4FABDE8F8832DE9F843E3
:1092A0000446D6F761FF80462046DAF7A7FA607ACF
:1092B00020F001006072FFF733FF616A174A43181C
:1092C000A3620020009202EBC002694656686FF06C
:1092D00000475DF820200AE01268A2EBC0056D6926
:1092E0009D4202D0ED1ABD4203D341F82020B24284
:1092F000F2D10A48001F0168491C016004F1140101
:109300000098FFF7AEFA607A40F0010060724046C4
:10931000D6F72EFF0020BDE8F8830000680100208A
:1093200070B50446407AC0070ED0D6F71DFF05463B
:109330002046DAF763FA607A20F00100607228466E
:10934000D6F716FF002070BD4FF0FF3070BD000053
:109350002DE9FF4F8946044600EB090783B080469C
:109360004FF0FF3A4FF0200BA74202D25746C8F108
:10937000FF390BE1252803D0BC4200D2207080E0E9
:1093800000260599491C059108782D2811D02B2815
:1093900012D0202813D0232814D0302815D00A78D2
:1093A0005546303A0A2A13D205A801F0FAFD0546BF
:1093B0001AE046F01006E4E746F00406E1E746F05E
:1093C0000806DEE746F02006DBE746F00106D8E7B0
:1093D0002A2809D10698491C059120C80690002D1D
:1093E00002DA6D4246F010060598D44601782E291F
:1093F00018D1401C05900178A1F130020A2A04D24C
:1094000005A801F0CEFD844607E02A2908D1401CBA
:109410000590069850F804CB0690BCF1000F01DAD5
:109420004FF0000C059A00201178682901D06C29B2
:1094300002D1521C0846059211780A236F2974D074
:109440000CDC63291FD004DC25296FD058290DD1ED
:1094500084E0642901D0692908D183E0702966D0AD
:1094600073292CD075297FD0782979D0BC4201D2BC
:10947000252020700598641C0178E9B3BC4200D215
:109480002170641C7FE0F00608D458466D1E002D44
:1094900004DDBC4200D22070641CF7E70698BC4291
:1094A00010F8041B069000D22170584602E0BC421E
:1094B00000D22070641C6D1E002DF8DC63E006985D
:1094C00002C8069001B941A1002000E0401CA8425A
:1094D00002D00A5C002AF9D1BCF1000F02DD604520
:1094E00000DD6046F2060BD45A462B466D1E8342C1
:1094F00006DDBC4202D200E054E02270641CF4E7B6
:10950000002206E0BC4201D20B782370491C521C99
:10951000641C8242F6DB5A4629466D1E814232DDCA
:10952000BC4200D22270641CF6E715E010E0681C13
:1095300002D1082546F00106CDE9005C06980296A6
:10954000102304C806903946204619E00CE007E0D5
:10955000BC4296D2252011E7082305E046F04006DC
:10956000102301E046F002066C2801D068281CD0C8
:10957000069804C80690CDE9005C3946204602965C
:10958000FCF71CF804460598401C059005980078E7
:1095900000287FF4EFAEB9F1000F11D0BC420DD21C
:1095A00020700DE0401E0590EDE7069830F8041B92
:1095B00006908AB2B007DED512B2DCE707F8010CDC
:1095C00007B0A4EB0800BDE8F08F0000284E554C12
:1095D0004C290000134610B50A464FF0FF31FFF743
:1095E000B7FE10BD00207047002070470020704774
:1095F0000020704710B5D6F7B7FDFEF78FFFFFF7D5
:10960000CDFAFFF769FCFFF73FFCFEF707FFFFF716
:1096100069FCFFF7CDFCFFF74BFC002010BD0000FC
:10962000F8B50446F0F70AFDF0F714FD07462046AA
:10963000EFF7F2F91A4C012F1CD0022F22D000258F
:109640004FF47A76042F0CD0082F09D100F02AF8B5
:109650000095A0690023324600680E21F7F750FDFF
:10966000F8BD00F031F80095A0690023324600688B
:109670000D21F3E7A069616800688842F0D000F02E
:1096800011F806E0A069616800688842E8D000F03F
:109690001BF8A0690068BDE8F840F7F729BD000095
:1096A0003000002010B5064C0648A169F2F70FF90A
:1096B000A061002803D10348F2F7F7F8A06110BDBC
:1096C00030000020A81A002010B5064C0648A169F9
:1096D000F2F701F9A061002803D10348F2F7FEF880
:1096E000A06110BD30000020A81A002070B5151A26
:1096F0005E1A6D1C761CADB2B6B2049CD8F78EFE15
:109700002C20C10608800021074A0AE0002004E05E
:1097100034F8023B1380401C80B2A842F8D3491CA5
:1097200089B2B142F2D370BD0000026010B50421CD
:109730001348F2F7D7F81248F2F7DCF8114CA061A1
:10974000216901600E48F2F7D5F8A061E168016077
:109750000B48F2F7CFF8A061A16801600848F2F762
:10976000C9F8A061616801600548F2F7C3F8A0611B
:10977000216801600248F2F798F8A06110BD00006E
:10978000A81A00203000002070B50446154608468F
:1097900001F088FA204601F085FA2846BDE87040BD
:1097A00001F080BA2DE9F04F0446B0F84800AFB0A0
:1097B000C0F30E07012F73D994F83C0010286FD026
:1097C00008286DD018A8EBF7B6F84FF4003B18AA9C
:1097D00059462046F4F734FF03A8EBF7ACF803AA88
:1097E0004FF4A0212046F4F72BFF00257EE0A06C6B
:1097F000C0F3CE30B5FBF0F100FB115098B1002062
:109800008246606C00907A1E00212846236CF2F795
:1098100083F9814604F12C000190F2F75FF80646C7
:109820004FF4A02824E00120EAE7F068484510DC66
:10983000316949450DDBBAF1000F03D05B4618A929
:10984000726802E0B268434603A9204600F048FE71
:1098500010E018AA59462046F4F7F2FE03AA414642
:109860002046F4F7EDFE31460198F2F734F806464B
:10987000002EDAD12BA8009029AB5246294620466B
:1098800000F01AFCDDF890C00F98A0464DB1002200
:10989000B8F84830C3F30E03AB4204D1012303E010
:1098A00027E00122F4E70023BAF1000F00D0604660
:1098B00053EA02010DD098F83C10082909D010296C
:1098C00007D0CBB1022901D0042901D1E06500E025
:1098D000206629AAE9B2CDF80090CDE9011203ABC8
:1098E00018AA5146404600F051FE6D1CBD42FFF4DF
:1098F0007EAF2FB0BDE8F08F0229E9D00429E7D070
:10990000E4E700002DE9F34FD3B004465498EFF795
:1099100062F84E90B4F84800C0F30E00012871D9E7
:1099200016A8EAF7D7FC4FF4003B16AA5D46594645
:109930002046F4F72CFE2BA8EAF7FDFF2BAA2946B8
:109940002046F4F77DFE94F83C00102801D008284A
:1099500005D19DF8E90020F010008DF8E90003A87A
:10996000EAF7E9FF03AA4FF4A0212046F4F768FEC6
:109970003CA8EAF7E0FF3CAA00212046F4F760FE8D
:10998000B4F848000026C0F30E08B24690E000BFCD
:10999000A06C4FF00009C0F3CE30B6FBF0F100FB35
:1099A000116018B94FF001090AF1010A606C0090CA
:1099B000A8F1010200213046236CF2F7ADF807460A
:1099C00004F12C000190CDE91867F1F787FF2EE034
:1099D000E868B84217DC2869B84214DBB9F1000F17
:1099E00008D016A920466A6800F012FD5B462BA934
:1099F0006A6803E0AA684FF4A02303A9204600F098
:109A00006FFD16E057E016AA59462046F4F7BFFD51
:109A10002BAA59462046F4F713FE03AA4FF4A021BF
:109A20002046F4F70DFE29460198F1F754FF050092
:109A3000CED14CAD50AB4A4631462046009500F0A1
:109A40003BFBA06CC0F3807010EA090F08D00097B0
:109A5000CDE90156534616AA2046549900F02EF837
:109A6000B9F1000F50A968460FD0F6F761FEDDE9A5
:109A70000001CDE932014CA96846F6F759FEDDE94F
:109A80000001CDE934012BA90EE0F6F751FEDDE926
:109A90000001CDE90A014CA96846F6F749FEDDE967
:109AA0000001CDE90C0103A94E98EAF708FF761CE6
:109AB0004645FFF46DAF55B0BDE8F08F2DE9F04F8E
:109AC00097B00446DDE921A81E4615460846DDF894
:109AD0008090EEF780FF834614210BA8D6F74DFC4B
:109AE000A16B002791B1A06DB2B290420CDB381F80
:109AF00000EB8200085838B1E86195F84C0020F07E
:109B0000400185F84C100FE0EF610DE04B463EA29E
:109B100014210BA8F7F73AFE0BA8E86195F84C0062
:109B200040F0400085F84C0094F83C0002281AD020
:109B3000042818D0012816D0A8B1102801D0082870
:109B40005ED102A92046F3F74DFB02A8E6F7FDFB24
:109B5000460802A8E6F7EAFBB6EB500F02A805D2CA
:109B6000E6F7F3FB04E011AB524640E0E6F7DEFB1C
:109B7000460802984FF40031304406900398304470
:109B800007902046F4F726F908EB8802216D520071
:109B90005143B4F84820C2F30E02521EB1FBF2F159
:109BA000626D02EB820201EB420C94F83C20002132
:109BB000082A02D0102A05D008E0311AE86B0F30CD
:109BC000091A03E0E96B0F303144014406984FF461
:109BD0008072084415900798169006A8CDE90007F2
:109BE0001346614615A8F6F7A8FD11AB15AA29463C
:109BF000204600F0E2F911AA29465846EAF739FB57
:109C000017B0BDE8F08F0000256400002DE9F04F8B
:109C10000446B1B00846EEF7DEFE8246B4F84800CE
:109C2000C0F30E00012873D994F83C0004F12C090C
:109C300002283BD0042839D0012837D0A8B31028F7
:109C400001D0082864D112A8E9F7E1FA12AA00218C
:109C50002046F4F7FCFB2DAA29A9204600F069F95B
:109C6000D4E9140318440090D4E910020146F1F736
:109C700053FF0546D4E9140318440090D4E91010AA
:109C80000246F1F749FFDDE92912CDE91D122D99B0
:109C9000ADF87C10CDE91B5012A95046E9F784FAC3
:109CA0004846C846F1F71AFEFDE0FFE716A8EAF7B6
:109CB00042FE16AA00212046F4F7C2FC00212046ED
:109CC000F4F76AF8054600212046F4F782F94719AF
:109CD00000212046F4F705F900EB05080021204695
:109CE000F4F72FF9461900212046F4F748F94319F3
:109CF000002094F83C200146022A0AD0042A0ED003
:109D0000012A26D06AB3022A10D0042A0ED030E0ED
:109D100086E0E069229900EB5100C01A04E0229924
:109D2000606906EB51010844A1693944401ECDE940
:109D300002010490216AA1EB080005900399E06DEF
:109D4000A1EB500003900599206E01EB50000590A7
:109D50001FE0229A6069A16907EB5202184411447E
:109D600007E0216A229A606901EB52023044A2EBBB
:109D70000801CDE90201E069801BCDE904010299E7
:109D8000E06DA1EB500002900499206E01EB5000B1
:109D9000049002A908A8F6F7CBFCDDE90801CDE99B
:109DA0001D0104A908A8F6F7C3FCDDE90801CDE907
:109DB0001F0116A95046EAF782FD4846CB46F1F747
:109DC0008DFD2BE006A8EAF7B6FD06AA0021204685
:109DD000F4F736FC686A94F83C204108A86A400809
:109DE000022A20D0042A1ED0EA6A039EA2EB0109AF
:109DF000696BB0460F18002306A920462A6800F0B8
:109E00006FFB0EAACDF8349082E8C00106A9504637
:109E1000EAF755FD29465846F1F75DFD0500D1D119
:109E200031B0BDE8F08F2A6BDDF808905618A96BA9
:109E30004F46A1EB0008DEE702A8E9F7E8F902AA1D
:109E400000212046F4F703FB2FAA2BA9204600F09F
:109E500070F8D4E9140318440090D4E91012E868AB
:109E6000F1F75AFE0646D4E9140318440090D4E9E9
:109E700010122869F1F750FE074602A920462A6809
:109E800000F075FADDE92B01CDE90D012F98ADF851
:109E90003C0002A95046CDE90B67E9F785F9294650
:109EA0004046F1F718FD0500C6D1B9E72DE9F84F96
:109EB000D0E910A80546B0F848000024C0F30E060B
:109EC00033E000BFA86C4FF00009C0F3CE30B4FB04
:109ED000F0F100FB114008B94FF001095346721E22
:109EE00000212046CDF80080F1F716FE074605F167
:109EF0002C008346F1F7F2FC14E0C868B8420EDC8F
:109F00000869B8420BDB4869FF2802D1C1F81C90F0
:109F10004C614869A04202D0C1F820908C6158463B
:109F2000F1F7D9FC0100E8D1641CB442CAD3BDE802
:109F3000F88F2DE9F05F8946934682460021F4F7B9
:109F400000F8054600215046F4F719F88046002134
:109F50005046F4F73EF8044600215046F3F7C1FF9F
:109F600006465046F4F71CFA411BA1EB0807504681
:109F7000F3F7AEF9001B801B8742504605DAF4F771
:109F80000FFA411BA1EB080003E0F3F7A1F9001B56
:109F9000801B4008DAF8141042190A44C9F800205E
:109FA0000219DAF81810BBF1000F0A44C9F80420AE
:109FB00001D0CBF80000BDE8F09FF0B5064685B0B3
:109FC0001C461546886B00236FF060428DE80D003B
:109FD000CB6B0A6AC96903A8F8F7F6FE96F83C202D
:109FE0004FF40031012A1AD0CAB1022A37D0042A0C
:109FF00035D0102A01D0082A0FD128680399A0EB88
:10A00000510020606968049AA1EB52016160039AD3
:10A010001044A06004980844E06005B0F0BD2868D2
:10A02000039AA0EB520020602868039A00EB5200CC
:10A03000A06096F83C000128304608D0F3F7C9FF2D
:10A040006968081AE0600499401A6060E5E7F3F770
:10A0500048FF69680844606004990844DCE7686860
:10A06000049A0F46A0EB520060606868049A00EB07
:10A070005200E06096F83C00022830460ED0F3F71C
:10A080007EFF29680844206039463046F3F777FFA1
:10A090002968039A11440844A060BEE7F3F751FF12
:10A0A0002968039A891A081A206039463046F3F75E
:10A0B00048FF2968081AEFE72DE9FF4F9FB00446D3
:10A0C00098460E4609A8EAF736FC09AA0021204660
:10A0D000F4F7B6FA4FF0000921984D464FF4A02B43
:10A0E00030B14FF400312046F3F774FE054604E02A
:10A0F00059462046F3F76EFE814694F83C0002284C
:10A100001AD0042818D0012816D0A8B1102801D0E0
:10A11000082878D105A92046F3F764F805A8E6F7E2
:10A1200014F9470805A8E6F701F9B7EB500F05A8A1
:10A130006AD2E6F70AF9CFE000212046F3F72CFEB9
:10A14000824600212046F3F744FF00EB0A07002176
:10A150002046F3F7C6FE5044039000212046F3F753
:10A160000EFF5044069000212046F3F7EAFE5044CB
:10A170000290DA4659462046F3F701FF19905146FE
:10A180002046F3F7DEFE059051462046F3F721FF07
:10A19000079051462046F3F7A4FE089094F83C003F
:10A1A000022814D004281ED0636901282DD0059AF6
:10A1B0000299114403EB010A216A159A01EB52023C
:10A1C0000399A2EB010BD0B1042818D028E0E16973
:10A1D000159A01EB52020699A2EB010A0799A269AE
:10A1E000394411441BE0159B0299626901EB53014C
:10A1F00002EB010A0799A269394402EB010B21998C
:10A2000089B16D4212E047E064E0199A0699114461
:10A2100003EB010A159AA16907EB520211448B4620
:10A22000219919B901E0C9F100094D460495B4F826
:10A2300048100228C1F30E01A1F101090AD0042837
:10A2400008D05546B1452AD105990298E2690844DB
:10A25000151A34E008990398226A0844151AB14582
:10A2600001D15D460EE06EB12046F3F731F8039957
:10A270007A1807990A4408991144401A464396FBF4
:10A28000F9F02D1AAAF10100C8E900050499411A54
:10A290002C9801602C98456023B0BDE8F08F76B112
:10A2A0002046F4F77DF8029A06990A4419990A445F
:10A2B00005991144401A464396FBF9F00544C8E954
:10A2C000005B2C980560D8F80410049801442C9881
:10A2D0004160E1E7E6F72AF8059940080144029158
:10A2E000069906EB860201440391216D5200514309
:10A2F000B4F84820C2F30E02521EB1FBF2F1626DB7
:10A3000002EB820201EB420694F83C1008291599F1
:10A31000A0EB0100219901D029B903E001B94D4614
:10A32000441B01E04D462C18029900250144C8F851
:10A3300000100399C8F8041002AF4FF48079CDE9FA
:10A3400000754B4640461A463146F6F7F6F9029834
:10A350004B4601192C981A4601602C9803994160CC
:10A36000CDE9007531462C98F6F7E7F994E77CB50E
:10A3700015000C46064635D06A4650212846F7F7A8
:10A3800081FC012824D000213046F3F72FFD206204
:10A390006A4652212846F7F775FC01281AD0002199
:10A3A0003046F3F71AFD0190BDF80400A0839DF834
:10A3B0000600A0776A4653212846F7F763FC012878
:10A3C0000ED000213046F3F70BFD84F83C007CBD35
:10A3D0000098DCE7BDF80000A0839DF80200E8E7E4
:10A3E0000098F2E70021F3F7F8FC0090BDF80000B8
:10A3F000A0839DF80200A07700213046F3F7F0FC1F
:10A4000084F83C0000213046F3F7F0FC20627CBD6C
:10A410002DE9FC4115000C4607464FF4003648D0A4
:10A420006A4658212846F7F72DFC01282ED03146E0
:10A430003846F3F7C9FE0190BDF80400A0859DF8E9
:10A44000060000BF84F82E006A4659212846F7F717
:10A4500019FC012820D031463846F3F7FEFE00BF34
:10A4600084F848006A465B212846F7F70BFC012870
:10A4700014D031463846F3F7D8FEE0636A465A21D5
:10A480002846F7F7FFFB01280AD00BE0BDF80000D3
:10A49000A0859DF80200D5E70098E1E70098ECE779
:10A4A000009803E031463846F3F7ADFE2062BDE880
:10A4B000FC813146F3F788FE0090BDF80000A085CE
:10A4C0009DF8020084F82E0031463846F3F7C5FEA9
:10A4D00084F8480031463846F3F7A7FEE063E1E729
:10A4E0002DE9FC4115000C461E46074638D06A4649
:10A4F00048212846F7F7C6FB012827D031463846C1
:10A50000F3F774FC20636A464C212846F7F7BAFB40
:10A5100001281DD031463846F3F75FFC0190BDF8A5
:10A520000400A0859DF8060084F82E006A464D219F
:10A530002846F7F7A7FB012810D031463846F3F735
:10A540004FFC00BF84F83C00BDE8FC810098D9E7CF
:10A55000BDF80000A0859DF80200E5E70098F1E74E
:10A560001946F3F73AFC0090BDF8000024F82C0FD0
:10A570009DF80200A07031463846F3F731FC207494
:10A5800031463846F3F732FC6060DDE72DE9F84FDD
:10A590000546DDE90A762C30994692468B46DDF871
:10A5A00030800090F1F79AF949E0E068B84211DC98
:10A5B0002069B8420EDBBBF1000F04D04FF400332A
:10A5C0005146626803E0A2684FF4A023494628463A
:10A5D000FFF786FF6069B04216D1E06910B1DAF882
:10A5E000300001E0D9F83000D8F804102163C10729
:10A5F00006D095F83C10022904D0042902D0401E50
:10A60000606218E0401CFBE7A069B04213D1206AE9
:10A6100010B1DAF8300001E0D9F83000D8F80410B1
:10A62000A163C10706D095F83C1002290BD004297C
:10A6300009D0401CA06221460098F1F74CF90400B3
:10A64000B3D1BDE8F88F401EF4E72DE9F04389B09F
:10A6500090460E460446F5F7FBFE2046F3F7A0FEB3
:10A6600081462046F2F734FE074607A92046EFF759
:10A67000EBFAB4F84C00B4F8481080B289B2CDE9D6
:10A68000001007AD02953A46494603A8636CEEF701
:10A69000A0FF039861690844401E03900498A169D3
:10A6A0000844401E0490059861690844401C0590C8
:10A6B0000698A1690844401C069003A92046F4F7B7
:10A6C000C6F9C4E912682046F2F7D6FD0646002115
:10A6D000E8F758FB2046F4F7E9FE01213046E8F799
:10A6E00051FBB4F84C00B4F8481080B289B2CDE9FF
:10A6F000001002953A46494603A8636CEEF769FFDD
:10A70000039861690844401E03900498A1690844B5
:10A71000401E0490059861690844401C0590069805
:10A72000A1690844401C069003A92046F4F78FF95C
:10A7300009B0BDE8F08370B505460068F2F79CFDEE
:10A740000446D0F8C00200222C21F5F714FA0022AA
:10A750002D21D4F8C802F5F70EFAD4F8C80228B1B2
:10A7600094F8D412890701D5F2F7B2F90020C4F8A1
:10A77000C80294F8D412002221F0010184F8D41206
:10A78000C4F8CC025F2104F530742868F4F774FF34
:10A790002068BDE87040F4F73FB910B50446006882
:10A7A000F2F76AFDD0F8C012C0F8C8122368C0F8EA
:10A7B000C0320022BDE810402B211846F5F7DBB966
:10A7C00070B5060025D0F2F757FD040022D0D4F86A
:10A7D000C05225B100222A212846F5F7CCF90022E3
:10A7E0002B213046F5F7C7F90020C4F8C0620246B5
:10A7F000C4F8CC022C213046F5F7BDF925B1002272
:10A800002D212846F5F7B7F93046BDE87040F4F73A
:10A8100003B9FEE770BD10B50068F2F7A9FDBDE809
:10A820001040E3F7A9B900002DE9FF4F85B091462C
:10A830000C460846F2F79CFD06461021F3F7F6FD9C
:10A84000002876D03046F2F7EDFD834600253046ED
:10A85000F2F7CAFE1434CDE9014000B9059C00218D
:10A860003046F3F79AFC804600213046F3F708FCA7
:10A870000090B169606841440A1AD9F80410009840
:10A88000571A326A101AE268801AA1EB000A3046A1
:10A89000F2F71EFDA0EB08010098081A0390002FA4
:10A8A0000BDBBAF1000F13DA002F06DD3D46304610
:10A8B000F2F7A2FE401B0AD40AE0BAF1000007DD5D
:10A8C00007467D423046F2F75FFDB84200D50025CD
:10A8D0000298A0B1012804D0022809D003280ED183
:10A8E00015E0B16901EB080061682944401A05E0F0
:10A8F000316A0098091AE0682844081A05440024BF
:10A900003046F2F769FE0090A0B1019813E0039879
:10A91000B16900EBD07208EB62000F182046E5F732
:10A9200005FD00EBD070616805EB60000844381A43
:10A93000E4E79FE00598002180463046F3F7CFFB1F
:10A94000824600213046F3F7F9FB01907169D8F88F
:10A9500000005144D9F80020091A881AF3690199B6
:10A96000A3EB0103D8F80810A3EB0101A2EB010748
:10A970000AD4002F11DA002806DD04463046F2F72B
:10A9800079FD001B08D408E0002F06DD7C4230462C
:10A99000F2F7CAFDB84200D500243046F3F700FDB7
:10A9A000A0EB0A010198081A0099A1B1012904D06D
:10A9B000022908D003290ED119E0716901EB0A00C0
:10A9C000D8F8001004E0F1690198081AD8F80810C6
:10A9D0002144401A044429493046E4F765FD2849DA
:10A9E0003046E4F761FD5FEACB7012D014E000EB73
:10A9F000D07271690AEB62000F184046E5F7A5FCBA
:10AA000000EBD070D8F8001004EB60000844381A4E
:10AA1000E0E7002C00DA00245FEA8B7002D4002CFF
:10AA200000DD00245FEA4B7002D4002D00DA00251F
:10AA30005FEA0B7002D4002D00DD00250898D9F8DC
:10AA40000010002800D020460144C9F80010D9F8B1
:10AA5000041002D14FF0000000E028460144C9F87C
:10AA60000410089B09B02A4621463046BDE8F04F45
:10AA7000F4F7ECBE09B0BDE8F08F000013AB02089C
:10AA8000FDAA020890F85410490704D50022006876
:10AA90000B21F5F770B870471FB504466B46D4E933
:10AAA0001021E0F71AFE0098002801DA41420AE07E
:10AAB0002046F3F775FC0299884209DA2046F3F73D
:10AAC0006FFC0299411A012300222046F4F754FF3B
:10AAD0000198002801DA42420AE02046F2F7F8FB2A
:10AAE0000399884209DA2046F2F7F2FB0399421AE9
:10AAF000012300212046F4F73FFF1FBD10B5034698
:10AB0000F2F780FD0144BDE8104000221846F4F73A
:10AB100096BF10B50346F2F77BFD4218BDE8104022
:10AB200000211846F4F78BBFF8B505460C460846D9
:10AB3000EAF712FC4FF4803631462846F3F7E2F884
:10AB400084F8200002280DD9284631461C22F3F74C
:10AB50004FFA0090BDF80000A4F821009DF8020013
:10AB600084F82300284631463222F3F741FAC0B276
:10AB7000002784F84800022817D928463146302299
:10AB8000F3F736FA606400280DDD2846314631229D
:10AB9000F3F72EFA0090BDF80000E0879DF8020060
:10ABA00084F8400001E084F84870284631463E228F
:10ABB000F3F71EFAC0B284F86C0002281ED92846AA
:10ABC00031463C22F3F714FAE065002814DD2846EC
:10ABD00042223146F3F70CFAA06628463D22314660
:10ABE000F3F706FA0090BDF80000A4F859009DF8AC
:10ABF000020084F85B0001E084F86C70314628465E
:10AC0000F3F72AF9FD2809D294F820104143080AE5
:10AC100084F8200084F8480084F86C0094F8200040
:10AC200030B994F8480018B994F86C00002805D0A1
:10AC300031462846F3F7F1F9E0610120F8BD000044
:10AC400070B5174B4FF400544FF00102A0B12546E8
:10AC500021461C461846D6F7C3FB00BF00BF0222A0
:10AC600000BF521C052AFBDB002229462046D6F7EE
:10AC7000B7FB00BF00BF70BD21461D461846D6F782
:10AC8000AFFB00BF00BF002221462846D6F7A8FB35
:10AC900000BF00BF022000BF401C0528FBDB70BDC9
:10ACA0000010014070B505465FF0000405F080001B
:10ACB000FFF7C6FF6806050E641C082CF6DB70BDA6
:10ACC000CA1701EB527200EBE20022F00702891A68
:10ACD000C1F107020378012191400B4303707047D3
:10ACE0004165F3F799BE8165F3F796BEF5F770B944
:10ACF000F5F784B9F5F782B92DE9F84F04464F10FE
:10AD000091460D464FEA610AC80700D17F1E6000D8
:10AD10008346F0F7C9FE06464B46002026E000BFFA
:10AD200003EB4400009030F8021C6943601E15D408
:10AD3000002200EB0A0C26F81010A44501DA33F8C3
:10AD40001C208A1AC11B012901D5198803E003EBD5
:10AD5000410131F8021C401E1144E9D55A463146E2
:10AD60001846F0F717FF009B08F101008046A0424B
:10AD7000D6DB4FF47F51B1FBF5F21FFA82FC0020C5
:10AD800004FB04F20DE000BF39F8103043B18B42F0
:10AD900002D129F810C003E093FBF5F329F8103035
:10ADA000401C8242F0D8002039E000BF09EB40038C
:10ADB0009B461A886A43002123E0002A02DA4FF0FA
:10ADC000000C01E04FEAA21C26F811C0A1EB0A0C0E
:10ADD000BCF1000F02DCB3F800C003E00CFB040878
:10ADE00039F818C0A2EB0C0CCA19521CA24200DBA5
:10ADF000621E02FB040803EB440339F81820491CC7
:10AE00006244A142D9DB5A46002105E036F81130F0
:10AE1000138002EB4402491CA142F7DB401CA04214
:10AE2000C4DB3046BDE8F84FEEF72EB82DE9F04709
:10AE30000E468EB01F468146014615469046D419EF
:10AE40000AA8E5F7D2F905EBD57007EB600145F3E9
:10AE50000002891A891E0C91012101EB60000B9000
:10AE60004846E5F772FA0C99081A0A904846E5F741
:10AE70005DFA0B99002308440D903A460AA901A8EF
:10AE8000ECF702FD4546B8F1010F01D04FEA680525
:10AE90002046F0F709FE81463746002035E022467D
:10AEA000FF214846F0F731FF01A80090DDF804C00B
:10AEB0002346524600214846E04738B199F8000041
:10AEC000800190FBF5F03880012018E038466200E0
:10AED0000021F0F71AFF14E009EB000219F8001046
:10AEE00012F8012C914204D107EB400131F8021C09
:10AEF00002E0890191FBF5F127F81010401CA042F7
:10AF0000EADB07EB44070AF101008246A042C6DBF8
:10AF10004846EDF7B9FF01A8ECF7DAFB012D12D096
:10AF2000324629462046FFF7E7FE08F001004119A6
:10AF3000012926DD4FF47F5090FBF1F295B20020FD
:10AF400004FB04F217E00020644304E036F810101C
:10AF50008A093254401C8442F8DC0EB0BDE8F08708
:10AF600036F8103033B1FF2B0ED09B0193FBF1F379
:10AF700026F81030401C8242F2D832462046FFF7B5
:10AF8000BBFE0020644307E026F81050F2E700BF44
:10AF900016F810103154401C8442F9DCDDE70068DB
:10AFA000704710B5014600206FF02F0307E0541CD6
:10AFB0000C60127800EB800003EB400010440A683C
:10AFC0001478303C0A2CF2D310BD00002DE9FC416E
:10AFD000EDF720FD224CE16888420AD1F6F7CBFB61
:10AFE000034620A208216846F6F7D0FB6946206890
:10AFF00017E0216988420AD1F6F7BDFB03461BA280
:10B0000008216846F6F7C2FB6946606809E0F6F772
:10B01000B2FB034617A208216846F6F7B7FB69465C
:10B02000A068F0F705F9E068F6F7A5FBC7B220695C
:10B03000F6F7A1FBC6B26069F6F79DFBC5B22A46DA
:10B0400031463846E7F75EFC0146A069F0F715FB8C
:10B050002A4631463846FEF797FBBDE8FC810000E2
:10B0600084000020523A256400000000473A25641D
:10B0700000000000423A25640000000030B597B09F
:10B0800004464FF4C0216422F2F7B2FF050025D038
:10B090006846E4F747FA21466846E4F7E5FA1449BA
:10B0A0006846E4F7CBFA29466846E4F7BFFA294632
:10B0B0006846E4F7C9FA002201216846E4F7CEFAAF
:10B0C0000C496846E4F7BCFA4FF0FF316846E4F7F4
:10B0D000BDFA6846E4F7EAFA17B030BD04492046E5
:10B0E000E4F7E2F914F8640F40F001002070F3E790
:10B0F00091710008FFF500082DE9F0410546007A3E
:10B100002F680E46FF2803D007EB8007002414E0C9
:10B11000002404E0F1B2F6F77DFE50B9641C17F884
:10B1200034000028F6D10BE0F1B2385DF6F772FE7C
:10B1300010B10120BDE8F081641C287AA042F3D848
:10B140000020F7E72DE9FC5F044690F82400C007D3
:10B1500003D0FE48E7F7B8FB03E004211220F5F71F
:10B16000B7F90090BDF8000020869DF8020084F831
:10B17000320094F82400C00704D005211220F5F70E
:10B18000A7F903E004211220F5F782F90090BDF839
:10B190000000A4F833009DF8020084F8350094F80C
:10B1A0002400C00703D0EA48E7F78EFB01E0E7F789
:10B1B00090FC0090BDF80000E0869DF8020084F845
:10B1C000380094F82400C00703D0E248E7F77CFB7E
:10B1D00003E002211220F5F77BF90090BDF8000092
:10B1E000A4F839009DF8020084F83B0004F5C27011
:10B1F000804601F033FC04F5C870064601F02EFCD1
:10B2000000254620CDE9000504F55D705023D24AA3
:10B21000D2490746F7F70CF804F562700095502301
:10B22000CD4ACE4981460195F7F702F839464046A6
:10B23000F6F7F6FF49463046F6F7F2FF04F14C0008
:10B24000074601F00BFC94F82400C00704D002214B
:10B250001220F5F71DF902E01220F5F757F9014623
:10B260003846F6F764FE47F6FF7841463846F6F76B
:10B2700082FFE06A4FF4A076C0EBC000A0255030FA
:10B28000B04202DB90FBF5F100E001213846F6F711
:10B29000E1FEE06A00EB80005030B04202DB90FB40
:10B2A000F5F100E001213846F6F7BEFF6621384689
:10B2B000F6F763FE49463846F6F7B2FF04F1580048
:10B2C000074601F0CBFBFF213846F6F756FE04F1A6
:10B2D0004000074601F0C2FBFF213846F6F74DFE5D
:10B2E0003846216BF6F723FEB4F83300ADF80000C2
:10B2F00094F835008DF8020038460099F6F771FF92
:10B300003846E169F6F77CFF94F82810E06A0129D5
:10B3100010D0022910D00A2242435032B24211DB2F
:10B3200001290BD002290BD00A214843503090FB51
:10B33000F5F108E00E22EFE70C22EDE70E21F4E72D
:10B340000C21F2E701213846F6F7BDFE94F82810EB
:10B35000E06A012910D0022910D00A22424350325B
:10B36000B24211DB01290BD002290BD00A2148433C
:10B37000503090FBF5F108E00E22EFE70C22EDE7EC
:10B380000E21F4E70C21F2E701213846F6F779FEA9
:10B39000E06AC11700EB9170801001023846F6F7A1
:10B3A000EEFE04F16400814601F058FB94F8281089
:10B3B000E06A01290CD0082242435032B2420BDB32
:10B3C000012907D008214843503090FBF5F104E0F3
:10B3D0000C22F1E70C21F6E701214846F6F7CBFEF7
:10B3E000FF214846F6F7C9FDD4F836104846F6F76F
:10B3F0009EFDB4F83900ADF8000094F83B008DF8DC
:10B40000020048460099F6F7BCFDE06A502707EBBA
:10B410004000B04202DB90FBF5F100E0012148461C
:10B42000F6F7CAFD01214846F6F7BEFDB4F8330031
:10B43000ADF8000094F835008DF8020048460099F8
:10B44000F6F7CFFE94F82810E06A012910D00229FF
:10B4500010D0102242435032B24211DB01290BD0EE
:10B4600002290BD010214843503090FBF5F108E041
:10B470001822EFE71422EDE71821F4E71421F2E790
:10B4800001214846F6F7E6FD94F82810E06A012904
:10B4900010D0022910D00A2242435032B24211DBAE
:10B4A00001290BD002290BD00A214843503090FBD0
:10B4B000F5F108E00E22EFE70C22EDE70E21F4E7AC
:10B4C0000C21F2E701214846F6F7FDFD94F828101B
:10B4D000E06A012910D0022910D00A2242435032DA
:10B4E000B24211DB01290BD002290BD00A214843BB
:10B4F000503090FBF5F108E00E22EFE70C22EDE76B
:10B500000E21F4E70C21F2E701214846F6F7B9FDD8
:10B510001220F4F7FBFF01464846F6F765FDE06AA6
:10B520005030B04202DB90FBF5F100E001214846CB
:10B53000F6F76DFD04F59870814601F08FFA4846E4
:10B540002169F6F76CFDE06A0AE000001A171500A1
:10B55000302B280037322F00C5F50008BC840408C2
:10B5600000EB40005030B04202DB90FBF5F100E010
:10B5700001214846F6F76AFDE06A00EB40005030D2
:10B58000B04202DB90FBF5F100E001214846F6F7FE
:10B5900059FD7F214846F6F751FD04F59E7081461E
:10B5A00001F05CFAB4F81300ADF80000607D8DF88E
:10B5B000020048460099F6F732FDE06A00EB4000D1
:10B5C0005030B04202DB90FBF5F100E0012148462B
:10B5D000F6F73CFD7F214846F6F730FD04F1700098
:10B5E000814601F03BFA94F82810E06A012910D056
:10B5F000022910D0082242435032B24211DB012905
:10B600000BD002290BD008214843503090FBF5F1B4
:10B6100008E01022EFE70C22EDE71021F4E70C21FF
:10B62000F2E701214846F6F7A6FDFF214846F6F766
:10B63000A4FCB4F83900ADF8000094F83B008DF894
:10B64000020048460099F6F772FC94F82400C007FF
:10B650005FD11220F4F75AFF01464846F6F793FDF2
:10B660000020E7F7B5FB00EB40005030B04208DBAC
:10B670000020E7F7ADFB00EB4000503090FBF5F108
:10B6800000E001214846F6F799FD7F214846F6F78C
:10B690008DFD0020E7F79CFB07EB8000B04207DB45
:10B6A0000020E7F795FB07EB800090FBF5F070B109
:10B6B0000020E7F78DFB07EB8000B04209DB00209C
:10B6C000E7F786FB07EB800090FBF5F002E0002136
:10B6D0001CE00120E16A48435030B04215DB0020F5
:10B6E000E7F776FB07EB8000B04207DB0020E7F7C7
:10B6F0006FFB07EB800090FBF5F000E00120E16AB2
:10B700004843503090FBF5F100E001214846F6F740
:10B7100049FDB4F83300ADF8000094F835008DF819
:10B72000020048460099F6F75CFD94F82810E06A9C
:10B73000012910D0022910D0102242435032B242C7
:10B7400011DB01290BD002290BD0102148435030C6
:10B7500090FBF5F108E01822EFE71422EDE718213D
:10B76000F4E71421F2E701214846F6F799FC94F832
:10B770002810E06A012910D0022910D00A22424381
:10B780005032B24211DB01290BD002290BD00A2121
:10B790004843503090FBF5F108E00E22EFE70C2211
:10B7A000EDE70E21F4E70C21F2E701214846F6F718
:10B7B00092FCE06A00EB80005030B04202DB90FB6C
:10B7C000F5F100E001214846F6F75BFCE06A00EB8A
:10B7D00080005030B04202DB90FBF5F100E0012127
:10B7E0004846F6F770FC04F55970FD498146E7F7C5
:10B7F00035F804F55B70FB498246E7F72FF804F152
:10B80000C400834601F02AF949465846F6F7DCFBA6
:10B8100023215846F6F7DCFB04F1D000814601F005
:10B820001DF951464846F6F7CFFB7F214846F6F70B
:10B83000CFFB04F5B070814601F010F901214846B4
:10B84000F6F7BEFB01214846F6F7AEFB04F5807023
:10B85000814601F003F994F82810E06A012910D01C
:10B86000022910D0102242435032B24211DB01298A
:10B870000BD002290BD010214843503090FBF5F13A
:10B8800008E01822EFE71422EDE71821F4E714216D
:10B89000F2E701214846F6F7DDFB94F82810E06A4C
:10B8A000012910D0022910D0102242435032B24256
:10B8B00011DB01290BD002290BD010214843503055
:10B8C00090FBF5F108E01822EFE71422EDE71821CC
:10B8D000F4E71421F2E701214846F6F7F4FB94F867
:10B8E0002810E06A012910D0022910D0102242430A
:10B8F0005032B24211DB01290BD002290BD01021AA
:10B900004843503090FBF5F108E01822EFE714228D
:10B91000EDE71821F4E71421F2E701214846F6F794
:10B92000B0FB04F1F400814601F098F894F8281077
:10B93000E06A012910D0022910D00A224243503275
:10B94000B24211DB01290BD002290BD00A21484356
:10B95000503090FBF5F108E00E22EFE70C22EDE706
:10B960000E21F4E70C21F2E701214846F6F772FBBD
:10B9700094F82810E06A012910D0022910D00A2278
:10B9800042435032B24211DB01290BD002290BD0C5
:10B990000A214843503090FBF5F108E00E22EFE712
:10B9A0000C22EDE70E21F4E70C21F2E701214846D5
:10B9B000F6F76BFB04F58670814601F04FF8E06AFC
:10B9C00000EB800007EB4000B04202DB90FBF5F19A
:10B9D00000E001214846F6F776FBE06A00EB8000C4
:10B9E00007EB4000B04202DB90FBF5F100E00121E3
:10B9F0004846F6F746FB04F58C70814601F02EF8B8
:10BA0000E06A00EB800007EB8000B04202DB90FBB5
:10BA1000F5F100E001214846F6F7F6FB04F59270D7
:10BA2000814601F01BF802214846F6F7D6FB04F1E7
:10BA3000DC00814601F012F800214846F6F70AFBC7
:10BA400000214846F6F73FFB00214846F6F719FB70
:10BA500004F1E800814601F001F894F82810E06A4A
:10BA6000012910D0022910D0022242435032B242A2
:10BA700011DB01290BD002290BD0022148435030A1
:10BA800090FBF5F108E00822EFE70622EDE7082138
:10BA9000F4E70621F2E701214846F6F7DBFA94F8CD
:10BAA0002810E06A012910D0022910D00222424356
:10BAB0005032B24211DB01290BD002290BD00221F6
:10BAC0004843503090FBF5F108E00822EFE70622EA
:10BAD000EDE70821F4E70621F2E701214846F6F7F1
:10BAE000F2FA94F82810E06A012910D0022910D047
:10BAF000022242435032B24211DB01290BD002290B
:10BB00000BD002214843503090FBF5F108E00822A9
:10BB1000EFE70622EDE70821F4E70621F2E701212D
:10BB20004846F6F7AEFA04F17C00814600F096FF35
:10BB300048462169F6F7FBF9E6F7CBFF0146484690
:10BB4000F6F74FFBFF214846F6F717FA04F1880095
:10BB5000814600F083FF48462169F6F7E8F9484638
:10BB60002169F6F73EFB33214846F6F706FA04F161
:10BB70009400814600F072FFB4F81300ADF80000A5
:10BB8000607D8DF8020048460099F6F7D0F9E6F797
:10BB9000A0FF01464846F6F724FBFF214846F6F78A
:10BBA000ECF904F1A000814600F058FFB4F813004E
:10BBB000ADF80000607D8DF8020048460099F6F768
:10BBC000B6F9B4F81300ADF80000607D8DF80200FE
:10BBD00048460099F6F705FB3321484604E000008B
:10BBE000EF710008E5C20008F6F7C7F904F1AC00F0
:10BBF000814600F033FFB4F83900ADF8000094F846
:10BC00003B008DF80200484633340099F6F78FF96F
:10BC1000FF214846F6F7B1F934F8020BADF8000001
:10BC200014F835098DF8020048460099F6F7D9FA5C
:10BC300004F1B800814600F011FFD4F836104846F0
:10BC4000F6F775F9FF214846F6F797F9B4F833008F
:10BC5000ADF8000094F835008DF8020048460099D0
:10BC6000F6F7BFFA04F5A470814600F0F7FE4146EE
:10BC70004846F6F780FA04F5AA70814600F0EEFE19
:10BC800000214846F6F777FA04F5B670814600F0D1
:10BC9000E5FEE06AC11700EB917080100102484692
:10BCA000F6F76DFA04F5BC70814600F0D7FEE06A45
:10BCB00000EB40005030B04202DB90FBF5F100E0B9
:10BCC00001214846F6F7A8FAE06A00EB4000503040
:10BCD000B04202DB90FBF5F100E001214846F6F7A7
:10BCE00097FA04F5DA70814600F0B8FE48462169FB
:10BCF000F6F71DF9FF214846F6F73FF9E06A00EB39
:10BD0000400007EB4000B04202DB90FBF5F100E0A1
:10BD100001214846F6F79EF941464846F6F72BFAC8
:10BD200004F5CE70814600F099FEC8214846F6F72A
:10BD3000E3F804F5D470814600F090FE782148467F
:10BD4000F6F7DAF804F5E070814600F087FEB4F803
:10BD50003900ADF8000094F83B008DF80200484629
:10BD60000099F6F7CDF8E06AC0EB00105030B04211
:10BD700002DB90FBF5F100E001214846F6F7D3F82D
:10BD800001214846F6F7CBF804F5E670814600F04D
:10BD900065FE48462169F6F7B3F804F5FE70814662
:10BDA00000F05CFEC6214846F6F735F904F502704E
:10BDB000814600F053FEE06A00EB40005030B04294
:10BDC00002DB90FBF5F100E001214846F6F742F96D
:10BDD000E06A07EB4000B04202DB90FBF5F100E0C7
:10BDE00001214846F6F7E8F848462169F6F7C9F810
:10BDF000D4F836104846F6F79AF8FF214846F6F789
:10BE0000BCF894F82820E06A012A0CD008214143AC
:10BE10005031B1420BDB012A07D008214843503092
:10BE200090FBF5F004E00C21F1E70C21F6E701208E
:10BE300000EBD07041104846F6F79DF94846A169DD
:10BE4000F6F7DEF9E6F745FE01464846F6F7C9F98A
:10BE500004F50570814600F001FEFBA14846F6F7A7
:10BE600088F804F50870814600F0F8FDE06A07EBF9
:10BE70008000B04202DB90FBF5F000E0012041427F
:10BE80004846F6F7E7F8E6F724FE01464846F6F797
:10BE90004EF804F50B70814600F0E0FD01214846A4
:10BEA000F6F7B5F8B4F83300ADF8000094F83500B3
:10BEB0008DF8020048460099F6F796F804F5F870F8
:10BEC000814600F0CBFD00214846F6F76DF8E06AA8
:10BED00000EB800007EB4000B04202DB90FBF5F185
:10BEE00000E001214846F6F7CCF8B4F83900ADF887
:10BEF000000094F83B008DF8020048460099F6F7E0
:10BF000073F804F5EC70824600F0A8FDE06A00EBDF
:10BF100040005030B04202DB90FBF5F100E001211F
:10BF20005046F6F774F8E06A00EB40005030B0423B
:10BF300002DB90FBF5F100E001215046F6F71BF91A
:10BF4000E06A07EBC000B04202DB90FBF5F000E0D6
:10BF500001200246814611465046F6F733F9E06A61
:10BF600007EB4000B04202DB90FBF5F100E001215D
:10BF70005046F6F786F804F5F270824600F06EFD42
:10BF8000C34641465046F6F7F6F84A461146504633
:10BF9000F6F718F950462169F5F7C9FFFF21504619
:10BFA000F5F7EBFF04F52070804600F057FD002107
:10BFB0004046F6F74FF800214046F6F766F80021B4
:10BFC0004046F6F7D8F801214046F5F7F9FF002181
:10BFD0004046F5F7EDFF04F53570804600F03EFD74
:10BFE00094F82820E06A012A0CD0082141435031FE
:10BFF000B1420BDB012A07D008214843503090FBA7
:10C00000F5F104E00C21F1E70C21F6E701214046AF
:10C01000F6F7B1F801214046F5F7D2FFFF2140467F
:10C02000F5F7ABFFD4F836104046F5F780FFB4F8CB
:10C030003300ADF8000094F835008DF8020040465A
:10C040000099F6F7CEF804F52370804600F006FD5F
:10C0500094F82810E06A012910D0022910D00A2291
:10C0600042435032B24211DB01290BD002290BD0DE
:10C070000A214843503090FBF5F108E00E22EFE72B
:10C080000C22EDE70E21F4E70C21F2E701214046F6
:10C09000F6F706F894F82810E06A012910D0022972
:10C0A00010D00A2242435032B24211DB01290BD098
:10C0B00002290BD00A214843503090FBF5F108E0EB
:10C0C0000E22EFE70C22EDE70E21F4E70C21F2E758
:10C0D00001214046F5F7FFFF94F82810E06A012996
:10C0E00010D0022910D00A2242435032B24211DB52
:10C0F00001290BD002290BD00A214843503090FB74
:10C10000F5F108E00E22EFE70C22EDE70E21F4E74F
:10C110000C21F2E701214046F5F7B7FFE06A503005
:10C12000B04202DB90FBF5F100E001214046F5F75B
:10C1300043FF19214046F5F733FFB4F83300ADF85B
:10C14000000094F835008DF8020040460099F5F79C
:10C1500018FF00214046F5F72BFF04F526708046B6
:10C1600000F07CFC00214046F5F774FF00214046BA
:10C17000F5F78BFFE06A5030B04202DB90FBF5F13F
:10C1800000E001214046F5F717FF19214046F5F779
:10C1900007FFB4F83300ADF8000094F835008DF8CF
:10C1A000020040460099F5F7ECFE08214046F5F7FD
:10C1B000FFFE04F52970804600F050FC0021404647
:10C1C000F5F748FF00214046F5F75FFF04F52F70B3
:10C1D000804600F043FC94F82810E06A012910D052
:10C1E000022910D00A2242435032B24211DB012907
:10C1F0000BD002290BD00A214843503090FBF5F1B7
:10C2000008E00E22EFE70C22EDE70E21F4E70C2107
:10C21000F2E701214046F5F743FF94F82810E06A61
:10C22000012913D0022913D0022242435032B242D4
:10C2300014DB01290ED002290ED0022148435030D0
:10C2400090FBF5F10BE00000EF808C000822ECE79A
:10C250000622EAE70821F1E70621EFE7012140463F
:10C26000F5F739FF94F82810E06A012910D0022967
:10C2700010D00A2242435032B24211DB01290BD0C6
:10C2800002290BD00A214843503090FBF5F108E019
:10C290000E22EFE70C22EDE70E21F4E70C21F2E786
:10C2A00001214046F5F7F1FE04F53270804600F0BA
:10C2B000D5FB94F82810E06A012910D0022910D08B
:10C2C000022242435032B24211DB01290BD0022933
:10C2D0000BD002214843503090FBF5F108E00822D2
:10C2E000EFE70622EDE70821F4E70621F2E7012156
:10C2F0004046F5F7D5FE94F82810E06A012910D0E1
:10C30000022910D0022242435032B24211DB0129ED
:10C310000BD002290BD002214843503090FBF5F19D
:10C3200008E00822EFE70622EDE70821F4E70621FE
:10C33000F2E701214046F5F7CEFE00214046F5F731
:10C3400035FF00214046F5F718FEB4F83300ADF88C
:10C35000000094F835008DF8020040460099F5F78A
:10C3600040FF04F52C70804600F078FB0021404629
:10C37000F5F796FE00214046F5F787FE04F5387084
:10C38000804600F06BFB33214046F5F7F6FD1220A6
:10C39000F4F7BCF801464046F5F7C9FD04F53B70DB
:10C3A000804600F05BFB00214046F5F7E6FD94F87F
:10C3B0002810E06A012910D0022910D0022242433D
:10C3C0005032B24211DB01290BD002290BD00221DD
:10C3D0004843503090FBF5F108E00822EFE70622D1
:10C3E000EDE70821F4E70621F2E701214046F5F7E1
:10C3F00072FE04F50E70804600F030FBE06A5030AB
:10C40000B04202DB90FBF5F100E001214046F5F778
:10C41000D3FDB4F83900ADF8000094F83B008DF876
:10C42000020040460099F5F7ACFD03214046F5F7C0
:10C43000BFFD04F51170804600F010FBB4F8330026
:10C44000ADF8000094F835008DF8020040460099E0
:10C45000F5F797FDE06A07EB4000B04202DB90FB86
:10C46000F5F100E001214046F5F7A6FDE06A503005
:10C47000B04202DB90FBF5F000E001204142404673
:10C48000F5F719FE04214046F5F792FD4FF4C87107
:10C490004046F5F731FD04F51470804600F0DEFAF1
:10C4A00094F82400C00704D002211220F3F7F0FF13
:10C4B00003E001211220F4F70BF801464046F5F79E
:10C4C00090FE04F51770804600F0C8FA94F8281022
:10C4D000E06A012910D0022910D00A2242435032CA
:10C4E000B24211DB01290BD002290BD00A214843AB
:10C4F000503090FBF5F108E00E22EFE70C22EDE75B
:10C500000E21F4E70C21F2E701214046F5F7A2FDE8
:10C5100094F82810E06A012910D0022910D00A22CC
:10C5200042435032B24211DB01290BD002290BD019
:10C530000A214843503090FBF5F008E00E22EFE767
:10C540000C22EDE70E21F4E70C21F2E7012000EBCD
:10C55000D07041104046F5F798FD04F51A708046FA
:10C5600000F07CFAE06A5030B04202DB90FBF5F15B
:10C5700000E001214046F5F71FFDB4F83900ADF8A1
:10C58000000094F83B008DF8020040460099F5F752
:10C59000F8FCD4F836104046F5F7C9FC3321404684
:10C5A000F5F7EBFC04F51D70804600F057FA94F89F
:10C5B0002810E06A012910D0022910D00A22424333
:10C5C0005032B24211DB01290BD002290BD00A21D3
:10C5D0004843503090FBF5F108E00E22EFE70C22C3
:10C5E000EDE70E21F4E70C21F2E701214046F5F7D3
:10C5F00057FD94F82810E06A012910D0022910D0C4
:10C600000A2242435032B24211DB01290BD00229E7
:10C610000BD00A214843503090FBF5F108E00E2280
:10C62000EFE70C22EDE70E21F4E70C21F2E7012100
:10C630004046F5F74CFD94F82810E06A012910D027
:10C64000022910D0022242435032B24211DB0129AA
:10C650000BD002290BD002214843503090FBF5F15A
:10C6600008E00822EFE70622EDE70821F4E70621BB
:10C67000F2E701214046F5F700FD94F82810E06A42
:10C68000012910D0022910D00A2242435032B2426E
:10C6900011DB01290BD002290BD00A21484350306D
:10C6A00090FBF5F108E00E22EFE70C22EDE70E21FA
:10C6B000F4E70C21F2E701214046F5F7E6FC04F52A
:10C6C0003E70804600F0CAF91220F3F71FFF0146C2
:10C6D0004046F5F72CFC7F214046F5F74EFC04F56B
:10C6E0004170804600F0BAF900214046F5F766FD3A
:10C6F00094F82810E06A03290ED001291AD00822E4
:10C7000042435032B24219DB012915D00821484377
:10C71000503090FBF5F112E0C1005031B14204DB22
:10C72000C000503090FBF5F000E0012000EBD0702D
:10C73000411004E00C22E3E70C21E8E70121404628
:10C74000F5F719FD04F55070804600F087F9404672
:10C750002169F5F716FCE06A07EB4000B04202DB06
:10C7600090FBF5F000E0012041004046F5F724FC85
:10C7700001214046F5F71CFCE06A07EB4000B0429F
:10C7800002DB90FBF5F000E0012041004046F5F7A8
:10C790009EFC04F54D70804600F060F9E06A07EBFE
:10C7A0004000B04202DB90FBF5F000E00120414286
:10C7B0004046F5F747FC04F54470804600F04EF91A
:10C7C00094F82810E06A012910D0022910D0102214
:10C7D00042435032B24211DB01290BD002290BD067
:10C7E00010214843503090FBF5F108E01822EFE7A4
:10C7F0001422EDE71821F4E71421F2E70121404665
:10C80000F5F74EFC00214046F5F765FC0021404657
:10C81000F5F73BFC01214046F5F7D2FB04F54770E4
:10C82000804600F01BF9E06A5030B04202DB90FB1A
:10C83000F5F100E001214046F5F7BEFBB4F8390000
:10C84000ADF8000094F83B008DF8020040460099D6
:10C85000F5F797FB01214046F5F7AAFB94F828105D
:10C86000E06A012910D0022910D00A224243503236
:10C87000B24211DB01290BD002290BD00A21484317
:10C88000503090FBF5F108E00E22EFE70C22EDE7C7
:10C890000E21F4E70C21F2E701214046F5F7DAFB1F
:10C8A00094F82810E06A012910D0022910D00A2239
:10C8B00042435032B24211DB01290BD002290BD086
:10C8C0000A214843503090FBF5F108E00E22EFE7D3
:10C8D0000C22EDE70E21F4E70C21F2E7012140469E
:10C8E000F5F7CFFB04F54A70804600F0B7F894F8EE
:10C8F0002810E06A012910D0022910D010224243EA
:10C900005032B24211DB01290BD002290BD0102189
:10C910004843503090FBF5F108E01822EFE714226D
:10C92000EDE71821F4E71421F2E701214046F5F77D
:10C9300073FC04F55370804600F090F8FF214046E8
:10C94000F5F71BFBE6F7C5F801464046F5F7EFFAA9
:10C950001220F3F7DBFD01464046F5F7F7FA59469A
:10C960004046F5F708FCE06AC0EB00105030B042DA
:10C9700002DB90FBF5F100E001214046F5F71EFCDB
:10C98000E6F7A7F801464046F5F7FDFBE06A00EB45
:10C9900080005030B04202DB90FBF5F100E0012155
:10C9A0004046F5F707FC04F55670804600F056F84F
:10C9B000B4F83300ADF8000094F835008DF80200AB
:10C9C00040460099F5F710FB0020E6F701FA07EB67
:10C9D0004000B04207DB0020E6F7FAF907EB400021
:10C9E00090FBF5F100E001214046F5F710FB34F82B
:10C9F000330FADF80000A0788DF802004046009992
:10CA0000F5F77EFA0020E6F7E3F907EB4000B042C5
:10CA100007DB0020E6F7DCF907EB400090FBF5F1BF
:10CA200000E001214046F5F77EFA0020E6F7D0F954
:10CA300000EB400007EB4000B04209DB0020E6F7C6
:10CA4000C7F900EB400007EB400090FBF5F100E078
:10CA500001214046BDE8FC5FF5F7C2BA0449D1F8B0
:10CA6000B01191F83C1009B1F5F737BAF5F753B9A1
:10CA7000605A00202DE9F05FFE480E46D0F8B04124
:10CA80000846F0F775FC05004FF4803B7ED0FA496C
:10CA90003046EFF716FF002861D0F8492846EFF737
:10CAA00010FF28B101212846F0F731FBB0426ED0CB
:10CAB000F2492846EFF705FF78B100212846F0F744
:10CAC00026FBB04209D1002204F1B8013046EFF74D
:10CAD000F1FB042204F5987174E02846F0F748FC55
:10CAE000E649EFF7EEFE60B1002204F580713046B2
:10CAF000EFF7E0FB002204F5B6713046EFF7DAFB02
:10CB0000E4E3DF492846EFF7DCFE48B10021284680
:10CB1000F0F7FDFAB04203D1002204F1AC01D6E3F4
:10CB2000D7492846EFF7CDFE78B101212846F0F726
:10CB3000EEFAB04209D1002204F140013046EFF78D
:10CB4000B9FB002204F58071D7E7CE492846EFF7FC
:10CB5000B8FE00281BD1002204F16401CDE7CA49C8
:10CB60003046EFF7AEFE00287FD02846F0F700FCF5
:10CB700007002ED00021F0F7CAFAA84229D1BF49F8
:10CB80003846EFF79EFE20B3202201E0FDE3DFE010
:10CB900004F1C4013046EFF78DFB012204F1880156
:10CBA0003046EFF787FB012204F550713046EFF76E
:10CBB00081FB042204F598713046EFF77BFB0822D5
:10CBC00004F59E713046EFF775FB042204F54D71B4
:10CBD00080E2002204F170013046EFF76BFB002287
:10CBE00004F17C013046EFF765FB002204F5C271C9
:10CBF0003046EFF75FFB202204F1C4013046EFF727
:10CC000059FB202204F5C8713046EFF753FB04228C
:10CC100004F598713046EFF74DFB202204F5BC7106
:10CC20003046EFF747FB012204F194013046EFF75D
:10CC300041FB802204F1D0013046EFF73BFB9349E2
:10CC40002846EFF73EFE28B991492846EFF739FE0E
:10CC500000287DD0002204F532713046EFF72AFB20
:10CC6000202204F53871B3E7FFE78A493046EFF731
:10CC700028FE18B1002204F50B71A9E78649304659
:10CC8000EFF71FFE4FF4A027A8B37E492846EFF721
:10CC900018FE4FF0000278B304F517713046EFF735
:10CCA00009FB04F5987104220D463046EFF702FBAC
:10CCB00004F59E71082288463046EFF7FBFA3A46A3
:10CCC00004F51A713046EFF7F5FA744A04F1C4011D
:10CCD0003046EFF7EFFA714A04F1D0016032304686
:10CCE000EFF7E8FA3A1D29463046EFF7E3FA6B4AC8
:10CCF0004146183AEEE139E0FFE704F164013046BD
:10CD0000EFF7D8FA04F59871042288463046EFF719
:10CD1000D1FA04F59E7108220D463046EFF7CAFAA3
:10CD20003A4604F170013046EFF7C4FA5B4A04F169
:10CD3000D00160323046EFF7BDFA584A04F1C40121
:10CD40003046EFF7B7FA554A04F17C011F3A00E08C
:10CD5000F7E33046EFF7AEFA504A41461C3A304608
:10CD6000EFF7A8FA4D4A2946183AB3E14C49304644
:10CD7000EFF7A7FD4FF4003500B3002204F188015E
:10CD80003046EFF797FA04F5A47100220F463046BB
:10CD9000EFF790FA042204F598713046EFF78AFA1B
:10CDA000082204F59E713046EFF784FA2A4604F112
:10CDB0007C013046EFF77EFA2A468AE1394930464F
:10CDC000EFF77FFD4FF44039D8B3002204F188011A
:10CDD0003046EFF76FFA04F5A47100220F46304693
:10CDE000EFF768FA042204F598713046EFF762FA1B
:10CDF000082204F59E713046EFF75CFA2A4604F1EA
:10CE00007C013046EFF756FA2A4639463046EFF7AE
:10CE100051FA4D464A4604F5DA713046EFF74AFAC0
:10CE2000214F04F5BC713A463046EFF743FA2A46E3
:10CE300004F5C2713046EFF73DFA3A4604F5C87181
:10CE400048E1FFE719493046EFF73BFD80B3002288
:10CE500004F164013046EFF72DFA002204F1DC0101
:10CE60003046EFF727FA002204F5AA713046EFF7B3
:10CE700021FA1EE0605A002098B90308688E040861
:10CE8000F88E04087485040810850408288C0408AA
:10CE9000048C0408788A04085085040820000500E2
:10CEA000EC840408B48D040820000300448E0408B8
:10CEB0003BE0042204F598713046EFF7FBF90822B5
:10CEC00004F59E713046EFF7F5F95A4604F14C012E
:10CED0003046EFF7EFF9FE4A04F158013046EFF71C
:10CEE000E9F93A4604F1B8013046EFF7E3F93A467A
:10CEF00004F50E713046EFF7DDF93A4604F580711E
:10CF00003046EFF7D7F9F34A04F1C4013046EFF7A2
:10CF1000D1F9F04A04F17C011C3A3046EFF7CAF926
:10CF2000EC4A04F19401183AD4E0EB493046EFF7AB
:10CF3000C8FCDFF8A883DFF8A4A3A8F17F08E0B35A
:10CF4000002204F586713046EFF7B4F9042204F5A7
:10CF500098713046EFF7AEF9524604F1D0013046F1
:10CF6000EFF7A8F92A4604F502713046EFF7A2F967
:10CF70004746424604F17C013046EFF79BF93A46BA
:10CF800004F505713046EFF795F9D44F04F1C4016B
:10CF9000603F3A463046EFF78DF93A4604F5BC71EA
:10CFA0003046EFF787F93A4604F5C8713046EFF797
:10CFB00081F92A4604F5C271FCE3FFE7C84930460F
:10CFC000EFF77FFCF0B3002204F1AC013046EFF73D
:10CFD00071F904F5A47100220F463046EFF76AF9A3
:10CFE000002204F5D4713046EFF764F904F1D00162
:10CFF00080228B463046EFF75DF9042204F59871E4
:10D000003046EFF757F9424604F17C013046EFF71E
:10D0100051F92A4639463046EFF74CF952465946FF
:10D020003046EFF747F94F464A4604F5DA71304685
:10D03000EFF740F93A4604F1B8013046EFF73AF914
:10D040003A4600E012E004F508713046EFF732F995
:10D05000A44A59463046EFF72DF904F5C871424607
:10D060000C463046EFF726F92A46A2E39E493046A1
:10D07000EFF727FC4FF4C02A68B3002204F16401E3
:10D080003046EFF717F9002204F1F4013046EFF7CC
:10D0900011F9002204F5F8713046EFF70BF95A4602
:10D0A00004F14C013046EFF705F9894A04F15801C3
:10D0B0003046EFF7FFF83A4604F5EC710F4630467C
:10D0C000EFF7F8F82A4604F5F2713046EFF7F2F878
:10D0D000524639466EE385493046EFF7F2FB4FF48E
:10D0E000802828B3002204F164013046EFF7E2F80B
:10D0F000002204F5CE713046EFF7DCF8002204F58B
:10D100008C713046EFF7D6F8002204F59271304664
:10D11000EFF7D0F8042204F598713046EFF7CAF81B
:10D12000082204F59E713046EFF7C4F84246EEE15E
:10D130006F493046EFF7C5FB68B3002204F1640184
:10D140003046EFF7B7F8002204F1F4013046EFF76C
:10D15000B1F8002204F5C2713046EFF7ABF804F5E0
:10D16000C87120220F463046EFF7A4F8202204F1C0
:10D17000C4013046EFF79EF8042204F5987130465A
:10D18000EFF798F8082204F59E713046EFF792F811
:10D190002A4639465EE257493046EFF792FB90B394
:10D1A000002204F164013046EFF784F8002204F510
:10D1B000B0713046EFF77EF8002204F58C713046EE
:10D1C000EFF778F8002204F5FE713046EFF772F8B9
:10D1D0005A4604F14C013046EFF76CF83C4A04F132
:10D1E00058013046EFF766F8424604F1B801304680
:10D1F000EFF760F8404A04F17C013046EFF75AF847
:10D200003D4A1F3241E1FFE73C493046EFF759FB09
:10D21000A8B104F5E07100220F463046EFF74AF856
:10D220002A4639463046EFF745F82A4604F5E671B6
:10D230003046EFF73FF84A4604F5DA71BAE2304972
:10D240003046EFF73EFB78B104F5E07100220F465F
:10D250003046EFF72FF82A4639463046EFF72AF8DE
:10D260002A4604F5E671A5E226493046EFF729FB88
:10D2700058B3002204F164013046EFF71BF8002296
:10D2800004F1F4013046EFF715F8802204F1D001E3
:10D290003046EFF70FF8042204F598713046EFF7A7
:10D2A00009F8082204F59E713046EFF703F85A4654
:10D2B00004F14C013046EEF7FDFF054A04F1580138
:10D2C0003046EEF7F7FF104A20E029E0F6E18CE166
:10D2D00040000100200005000486040880000200D0
:10D2E000208E040880000300E0850408488D0408AF
:10D2F000288604084C86040801000400C884040839
:10D30000FC8D04088C8E04080200060004F51171DF
:10D310003046EEF7CFFF4FF4002204F5147149E2D6
:10D32000F7493046EFF7CDFA18B1002204F1640155
:10D33000D6E1F4493046EFF7C4FA18B1002204F5FB
:10D340001D7137E2F0493046EFF7BBFA0028F5D1FE
:10D35000EE493046EFF7B5FAF0B3002204F1400190
:10D360003046EEF7A7FF94F82800012847D004F1D3
:10D37000E80100223046EEF79DFF042204F5987183
:10D380003046EEF797FF082200E08EE104F59E712B
:10D390003046EEF78FFF3A4604F170013046EEF763
:10D3A00089FFDB4A04F1D0013046EEF783FF3A46AD
:10D3B00004F1B8013046EEF77DFF3A4604F54171BD
:10D3C0003046EEF777FFD24A04F1C401603A3046A6
:10D3D000EEF770FFCE4A00E014E07F3A04F1AC01B2
:10D3E0003046EEF767FFCA4A04F188017C3A3046BE
:10D3F000EEF760FFC64A04F1A001783ADAE104F1E1
:10D40000F401B6E7C3493046EFF75BFA50B10022AA
:10D4100004F164013046EEF74DFF002204F544713B
:10D42000FFF76BBBBC493046EFF74BFA48B100221F
:10D4300004F1AC013046EEF73DFF002204F54A71DD
:10D44000B8E1B6493046EFF73CFA08B3002204F1E0
:10D45000B8013046EEF72EFF002204F54771304642
:10D46000EEF728FF042204F17C013046EEF722FF9C
:10D4700004F54A7104220D463046EEF71BFF2022C8
:10D4800029463046EEF716FF202204F1C40191E14F
:10D49000A3493046EFF715FA48B1002204F16401C0
:10D4A0003046EEF707FF002204F5207182E19D4926
:10D4B0003046EFF706FA18B1002204F52671AFE7FF
:10D4C00099493046EFF7FDF918B1002204F52971AA
:10D4D000A6E796493046EFF7F4F9D8B1002204F5F3
:10D4E00023713046EEF7E6FE202204F5387130460F
:10D4F000EEF7E0FE04F1880121220D463046EEF7FA
:10D50000D9FE012229463046EEF7D4FE042204F16A
:10D510007C014FE186493046EFF7D3F920B98549C0
:10D520003046EFF7CEF918B1002204F52F7141E132
:10D5300081493046EFF7C5F920B1002204F52C717E
:10D540006EE73CE17D493046EFF7BBF918B10022A8
:10D5500004F535712EE17A493046EFF7B2F918B18A
:10D56000002204F53B7125E176493046EFF7A9F931
:10D5700060B1002204F164013046EEF79BFE002208
:10D5800004F1DC013046EEF795FEB5E06E49304619
:10D59000EFF797F918B1002204F53E710AE16B49E3
:10D5A0003046EFF78EF948B1002204F1E801304629
:10D5B000EEF780FE002204F1AC01FBE06449304646
:10D5C000EFF77FF918B1002204F1E801F2E06149B8
:10D5D0003046EFF776F960B15A4604F14C01304617
:10D5E000EEF768FE5C4A04F158013046EEF762FE41
:10D5F000E9E75A493046EFF764F920B9584930460F
:10D60000EFF75FF968B3002204F170013046EEF7DE
:10D6100051FE002204F17C013046EEF74BFE002261
:10D6200004F5C2713046EEF745FE202204F1C40134
:10D630003046EEF73FFE202204F5C8713046EEF783
:10D6400039FE042204F598713046EEF733FE0122CC
:10D6500004F194013046EEF72DFE802204F1D00152
:10D66000A8E040493046EFF72CF9C8B1002204F198
:10D6700064013046EEF71EFE002204F1F40130464C
:10D68000EEF718FE042204F598713046EEF712FE0C
:10D69000082204F59E713046EEF70CFE524636E73E
:10D6A00031493046EFF70DF918B1002204F140017D
:10D6B000B6E62E493046EFF704F948B15A4604F170
:10D6C0004C013046EEF7F6FD234A04F1580171E0B3
:10D6D00027493046EFF7F5F848B1002204F1400140
:10D6E0003046EEF7E7FD002204F1DC0162E021495B
:10D6F0003046EFF7E6F8F8B3002204F5B07159E0D0
:10D700007485040898850408BC8504089486040878
:10D71000800005009C8A0408E48A0408C08A040882
:10D72000088B0408BC8B0408E08B0408508B0408A9
:10D73000288C0408048C04082C8B0408748B0408BF
:10D74000988B04084C8C0408248D0408708C040801
:10D75000B88C0408948C040840000100008D040873
:10D76000DC8C0408D88D0408B08E0408D48E04081C
:10D77000688E0408F88E0408FFE712493046EFF778
:10D78000A0F818B1002204F5537113E00E49304699
:10D79000EFF797F8002812D004F5567100220C46D6
:10D7A0003046EEF787FD2A4621463046EEF782FDE9
:10D7B0003A4621463046BDE8F05FEEF77BBDBDE856
:10D7C000F09F0000548A0408908D04082DE9FC475E
:10D7D0000546EBF7C5F804462846EBF7C5F80546BD
:10D7E0000B2C49D1ECF72AFC10B1007A012843D068
:10D7F0002846EFF72AFD06462846EFF715FD0446B2
:10D8000069462846EFF716FEDDE9001206EBD670F2
:10D8100001EB600090FBF6F704EBD47002EB6000C4
:10D8200090FBF4F1774301FB04F80F2600241AE083
:10D8300021462846EFF76BFC8146F0F7C4FD82468F
:10D840004846F0F7D3FD0146BA450BD1414509D111
:10D85000C5F82C9099F82C60002220212846F2F778
:10D860008AF905E0641C2846EFF790FCA042DFD857
:10D8700031462846F2F798FABDE8FC87C143491CB7
:10D880000840B0FA80F0C0F11F00704718B1B0FA3C
:10D8900080F0C0F12000401E70472DE9FE4306686D
:10D8A00004460025708D0422C0F305100BE0F368D8
:10D8B00002EBC507DB599F0104D5A76823F07F431E
:10D8C000BB4204D06D1CA842F1D8BDE8FE830027FE
:10D8D000009720793D285FD00EDC34284FD006DC3D
:10D8E0001C2859D0232857D0312813D154E035288B
:10D8F00045D039280ED14FE0612843D006DC4528B9
:10D900004AD0582848D05A2804D138E0662836D062
:10D91000672834D071B3FF292FD0D4E90320801AAF
:10D92000484302EB202000900197F06801272179FD
:10D9300050F8350001AAF4F7A5F960B100980199F3
:10D940008046884207D14046E4F77AFF18B1019932
:10D95000884500D10027F0682179009A50F83500F9
:10D96000F4F7C4FB002FB0D02279A1682068F1F74A
:10D97000D5FDAAE7FFE7E068D5E72069D3E7FF29EF
:10D98000FBDAF8E7E0680028F7D02269002ACAD05D
:10D990008029C8DB0092C7E7002904DCA089ADF824
:10D9A0000000A07B12E0FF2904DB208AADF8000014
:10D9B000A07C0BE0CAB2D4E90310E4F7AEFF0290FA
:10D9C000BDF80800ADF800009DF80A008DF80200CF
:10D9D000AAE700002DE9F04104682748267980462F
:10D9E0002568EDF762FF10E0A1420BD008682268BD
:10D9F000904207D18868A268904203D108792279C1
:10DA0000904237D04046EDF762FF0100ECD1698DBE
:10DA100000270420C1F305112AE000BFEA6800EBEB
:10DA2000C703D258930122D5A36822F07F429A42BD
:10DA30001DD121464046EEF702F82046EBF724FAC6
:10DA4000E868314600EBC7042068F4F705FAE86897
:10DA500050F83700F4F763F900280BD060682168AC
:10DA600020F07F422846BDE8F041F1F73CBE7F1C24
:10DA7000B942D3D8BDE8F081785A002070B5046867
:10DA8000A068227900F47F0631462068F0F7B0FAEA
:10DA9000E06025790020207123462A46314620681F
:10DAA00000F012F82571A1682068DEF7A3FB217948
:10DAB0000068E268F4F71AFB2279A1682068BDE8E3
:10DAC0007040F1F72BBD00002DE9FF4F81B00746F4
:10DAD00026489A460E4600250090EDF7FFFE0446C4
:10DAE0004FF470284FF004093AE054453AD02146EB
:10DAF0000098EDF7F0FE83462068B8422FD1A06869
:10DB0000B04201D046452AD121790398814201D003
:10DB1000FF2824D1002511E0F96809EBC500085859
:10DB200082010AD5464503D020F07F40B04204D19F
:10DB300051F835002179F4F78FF96D1C788DC0F319
:10DB40000510A842E8D800212046E1F7ADFC2146A7
:10DB50000098EDF774FF2046EBF796F901255C4637
:10DB6000002CC2D105B02846BDE8F08F785A0020BD
:10DB70002DE9FF4F8EB00020DDE91BC7DDE91F89CD
:10DB8000A1F1010AA2F1010BDDF878E092E01D9B02
:10DB900043430CEB23260EFB00F307EB2325331244
:10DBA0004FEA252405D48B4203DA002C01DB944292
:10DBB00001DB002469E0F6B2EDB20695802E06DAAC
:10DBC0004FF0FF350995C6F17F056D0004E0012592
:10DBD00009957500A5F580750795069D802D07DAD6
:10DBE0004FF0FF350395069DC5F17F056D0005E0FB
:10DBF00001250395069D6D00A5F5807506950E9D82
:10DC0000EE18119D04FB056508952D7809F8005064
:10DC10000095219D65B3099D5D1929D4554527DCE3
:10DC2000039D651924D45D4522DCDDE90834119D8E
:10DC30001C5D039B6B43089DEB5C009DA54208D0D7
:10DC4000069EC6F580767543069E04FB0654C4F313
:10DC50000724009D9D4208D0079EC6F58076754337
:10DC6000079E03FB0653C3F3072323445C080CE021
:10DC700013B9099D002D04DB534509D1099B002BE5
:10DC800006DD089B079C1B780EE009F8004010E0B9
:10DC900014B9039B002B04DB5C450AD1039B002BCA
:10DCA00007DD089B069C1B78C4F1FF0463431C0A34
:10DCB000EBE7401C4045FFF66AAF12B0BDE8F08FBD
:10DCC0002DE9FF4F91B00024DDE91E65DDE92278E2
:10DCD000501E92468946A1F1010B0890CEE0209893
:10DCE000604306EB20232198604305EB20221812A5
:10DCF0004FEA222105D4484503DA002901DB5145CA
:10DD000003DB002148F82410B7E0DBB2D2B2802B4D
:10DD100004DA4FF0FF3EC3F17F0302E04FF0010E43
:10DD2000803B0193802A05DA4FF0FF33C2F17F0276
:10DD3000049302E00123803A04930092119A08EBC5
:10DD4000840C02EB8003149ACDF808C001FB023268
:10DD50001368CCF800300C93249B002B6BD010EB95
:10DD60000E0368D45B4566DC049BCB1863D4DDF8F6
:10DD700020C063455FDC02EB8E00149900680390BD
:10DD8000049800FB012000680490000E059005D067
:10DD900004990C98E4F776FB50B121E002980099C1
:10DDA000C078C1F1FF014843010A0298C17017E031
:10DDB0000298C07850B10099009AC1F1FF01484320
:10DDC000059901FB0200010A0298C17000990498AC
:10DDD00061F31F6002990968E4F7DFFD02990860AA
:10DDE0000398000E0090029805D000680399E4F7AC
:10DDF00049FB38B141E00199C078C1F1FF014843C6
:10DE0000010A25E00298C07850B10199C1F1FF01E3
:10DE10004843DDE9001201FB0200010A0298C170CB
:10DE20000199039861F31F6002990968E4F7B5FD51
:10DE30000299086021E010B9BEF1000F04DB5845DB
:10DE400009D1BEF1000F06DD02980199C0780FE0FC
:10DE50000298C17011E011B90498002805DB0898F8
:10DE600081420AD10498002807DD02980099C07801
:10DE7000C1F17F014843C109EAE7641CBC42FFF6D7
:10DE80002EAF15B0BDE8F08F2DE9FF4F90B0894659
:10DE9000DDE921C1DDE91D5692460020A9F1010B03
:10DEA000A2F1010E9CE01F9A424305EB2227209A23
:10DEB000424306EB22243A124FEA242305D44A4572
:10DEC00003DA002B01DB534506DB002201EB4003A4
:10DED00001F810205A7082E0FFB204F0FF08802F92
:10DEE00006DA4FF0FF340694C7F17F04640004E0C3
:10DEF000012406947C00A4F580740494B8F1800F8A
:10DF000006DA4FF0FF340994C8F17F04640005E09D
:10DF1000012409944FEA4804A4F580740394109CEA
:10DF2000A718139C03FB04740594247801F810408F
:10DF3000009401EB4004FF276770239F87B3069F7F
:10DF4000D7192ED45F452CDC099FDF1929D47745DA
:10DF500027DCDDE90523009CD75C139B099A5A4313
:10DF6000059BBC429A5C0AD02346039CC4F580748E
:10DF700063433C46039F04FB0733C3F30727009B1F
:10DF8000934208D0049CC4F580746343049C02FB54
:10DF90000432C2F307223A44520801F810201EE06E
:10DFA000FFE712B9069F002F04DB5A4506D1069AF7
:10DFB000002A03DD059A049B12780BE013B9099A35
:10DFC000002A04DB73450AD1099A002A07DD059A65
:10DFD000039B1278C3F1FF035A43120A6270401C7C
:10DFE0006045FFF660AF14B0BDE8F08F2DE9FF4F3C
:10DFF0008FB09246DDE920C3DDE91C76894600201A
:10E00000A1F1010BA2F1010E9FE01E99414307EB24
:10E0100021251F99414306EB212429124FEA24228E
:10E0200005D4494503DA002A01DB524503DB002110
:10E0300043F8201088E0EDB204F0FF08802D06DAE6
:10E040004FF0FF340594C5F17F04640004E001241F
:10E0500005946C00A4F580740394B8F1800F06DA7F
:10E060004FF0FF340794C8F17F04640005E00124F9
:10E0700007944FEA4804A4F5807402940F9C651835
:10E08000129C02FB045803EB800498F8005003F83C
:10E09000205009946570A570FF25E570229C9CB303
:10E0A000059C0C1931D45C452FDC079C14192CD429
:10E0B00074452ADC059A079918F80240129A5143D0
:10E0C00018F8012098F80010A14209D0029DDDF84F
:10E0D0000880C5F580754D4304FB0854C4F307243C
:10E0E000914208D0039DC5F580756943039D02FBED
:10E0F0000511C1F30722A1184A0803F82020099945
:10E100004A7009998A701FE0FFE711B9059C002C3D
:10E1100004DB594506D10599002903DD98F8001064
:10E12000039A0BE012B90799002904DB72450BD161
:10E130000799002908DD98F80010029AC2F1FF0241
:10E1400051430A0A0999CA70401C6045FFF65DAF49
:10E1500013B0BDE8F08F00002DE9FF4F85B0984661
:10E16000044600216E22EFF743FF074620460021B8
:10E170006C22EFF73DFF002800DC01200646204618
:10E1800000216D22EFF734FF002800DC0120054656
:10E1900006B9012605B901252FB94FF480708642D2
:10E1A00001D1854268D0204600216F22EFF720FF81
:10E1B0000390204600217022EFF71AFF0490039885
:10E1C000DFF8BC90C0F3417104F114006FF0704AA5
:10E1D0004FF0640B0090012914D1039820F0C04146
:10E1E00049450FDC0098E2F7B0F80146039820F0AB
:10E1F000C040B0F1805F01DBAAEB0000414391FB1E
:10E20000FBF003900498C0F34170012814D10498E6
:10E2100020F0C04149450FDC0098E2F787F801463D
:10E22000049820F0C040B0F1805F01DBAAEB000051
:10E23000414391FBFBF0049060690399B8F1000F32
:10E2400008440390A06904990844049008D07F42D0
:10E250004FF6FF703118284491FBF6F690FBF5F568
:10E2600088F0010003A90095CDE90110DDE9060160
:10E2700033463A46F2F786F909B0BDE8F08F000060
:10E28000FEFFFF1FF0B5066A059D84694FF4807795
:10E290004EB9BC4207D1D0F81CC0BC4503D108021E
:10E2A0001860100241E0D0F82CC0A1EB0C01D0F8AE
:10E2B00030C0A2EB0C029EB1BC421ED1C669BE4268
:10E2C0001BD1446906694C4306FB1244466A06EBBF
:10E2D000A4041C6003694B43416901FB023121E046
:10E2E000090491FBF4F1446A214419601104C269E4
:10E2F000806A91FBF2F1084417E0466907694E43D2
:10E3000007FB1266360296FBF4F4466A06EBA40499
:10E310001C6003694B43416901FB0231C269090278
:10E3200091FBF2F1806A00EBA1002860F0BD2DE9BD
:10E33000FF4F87B016460798DDE9149703FB0600E8
:10E340001D46069003EBD57040100290481E002435
:10E350000590DDF860A0501E8B460490D3E016981F
:10E36000604309EB20231798604307EB2020191224
:10E370004FEA202205D4594503DA002A01DBB242D4
:10E3800001DB0021B9E0DBB2C0B2802B05DAC3F1BA
:10E390007F034FF0FF385B0004E05B004FF00108A3
:10E3A000A3F580730093802805DAC0F17F004FF059
:10E3B000FF3E400004E040004FF0010EA0F58070E9
:10E3C00001900798199B00EB410002FB0500B0F893
:10E3D00000C023F814C01C9BE3B311EB080367D4FF
:10E3E000DDF814C0634563DC12EB0E0360D4DDF886
:10E3F00010C063455CDC30F8183003930EFB05F366
:10E40000C05A1B9B3BB3069B0B44029902FB013392
:10E410001A9A1978115513F80820DDF808800EFBB8
:10E4200008FC13F80C3099420BD0DDF804C0DDF87D
:10E430000480CCF5807C01FB0CFC03FB08C3C3F318
:10E44000072391420ED0DDF800C0CCF5807C01FBA3
:10E450000CF101E02CE00BE0DDF800C002FB0C1138
:10E46000C1F3072299181A9A490811554AD002E0B7
:10E470001A99FF220A55199931F81410814202D1D4
:10E48000039A91423ED0019AD2B2E4F713F8804643
:10E490000098C2B2199830F814100398E4F70AF8FB
:10E4A0007F224146E4F706F8199921F8140029E083
:10E4B0001B9830B106984318029802FB0030007890
:10E4C00000E0FF2011B9B8F1000F05DB059B994270
:10E4D00004D1B8F1000F01DD00990AE012B9BEF1D4
:10E4E000000F05DB04998A420AD1BEF1000F07DD57
:10E4F0000199C1F1FF014143090A1A98015501E050
:10E500001A990855641C5445FFF629AF0BB0BDE8B5
:10E51000F08F2DE9FF4F8FB00024DDE92085DDE984
:10E520001C76501E92468946A1F1010B0890BDE071
:10E530001E98604307EB20231F98604306EB2022C0
:10E5400019124FEA222005D4494503DA002801DBDD
:10E55000504504DB05EB84010020C870A5E0DBB268
:10E56000D2B2802B04DA4FF0FF3EC3F17F0302E00A
:10E570004FF0010E803B0D93802A05DA4FF0FF33F8
:10E58000C2F17F02079302E00123803A07930E92C3
:10E59000129A00FB02F3239A01FB02330F9A1344F1
:10E5A00005EB840293F802C0009282F802C093F84F
:10E5B00001C082F801C093F800C005F824C04FF0F4
:10E5C000FF0C82F803C0229AE2B311EB0E024FD483
:10E5D0005A454DDC079A82184AD4DDF820C06245BE
:10E5E00046DCDDF88CC00EFB0C3292F802C06CF3F6
:10E5F000174192F801C012786CF30F2162F3070102
:10E600004FF0FF0C6CF31F610391129A079901FB05
:10E6100002318A7862F317404A78097862F30F2052
:10E6200061F307006CF31F60019000980199006886
:10E63000E3F728FF58B90E99019861F31F6000991C
:10E64000096800E014E0E4F7A8F900990860009870
:10E6500003990068E3F716FF38BB0D99039861F33F
:10E660001F6000990968E4F798F9009908601CE0B8
:10E6700011B9BEF1000F04DB594504D1BEF1000F02
:10E6800001DD0D980AE010B90799002905DB08990A
:10E6900088420AD10798002807DD0E98C0F1FF00D4
:10E6A000C0EB0020010A0098C170641C4445FFF6CD
:10E6B0003FAF13B0BDE8F08F2DE9FF414FF48076F6
:10E6C00088460027354604001FD000216E22EFF750
:10E6D0008FFC384407B2204600216C22EFF788FCFB
:10E6E000002800DC01200646204600216D22EFF7BD
:10E6F0007FFC002800DC012005FB06F145430E12DB
:10E700002D122046EEF734FEDDE74FF4803191FB09
:10E71000F6F291FBF5F3002002A9CDE9001002907A
:10E72000039079424046F2F708F8BDE8FF8101689E
:10E730000A7C90F83810406B5143C900D1F71DBED8
:10E740002DE9F041044690F870001F4615460E462C
:10E7500030B1012809D002280CD0032815D10FE0D0
:10E76000E16D20468847284408E0E16D204688474F
:10E77000301A09E0E16D20468847281A85B204E086
:10E78000E16D20468847304486B22846A4F864608C
:10E79000A4F8660039460025204600F0E1FA0100A1
:10E7A00003D0204600F00CFA85B22846BDE8F0817F
:10E7B00038B50024009400F001F838BD3FB581B0B1
:10E7C000044690F88C00089900283AD0BDF8100053
:10E7D000002836D0012811D9022902D0032907D0F8
:10E7E0000CE0BDF80820101A401CADF8080005E048
:10E7F000BDF80C20101A401CADF80C0011F00105FA
:10E8000021D0B4F84810BDF80800814219D8B4F8F6
:10E810004A10814215D9B4F84E30B4F84C2004A9FE
:10E820000DF10C0000F03EF900280AD00095206B95
:10E83000BDF81030BDF80C208568BDF808102046E2
:10E84000A84705B030BDB4F84C10BDF80C008142AB
:10E85000F7D8B4F84E108142F3D9B4F84A30B4F87E
:10E86000482004A902A8DDE730B4024C446030BC63
:10E8700000F045B9D9F1020838B501240094FFF73A
:10E880009DFF38BD70B50D461E460446B0F84E10CB
:10E89000B0F84C00049B00F0E9FA002809D0B4F865
:10E8A0004A10B4F8480033462A46BDE8704000F0EC
:10E8B000DDBA70BD10B5044600F0DFFB2046BDE8B0
:10E8C000104000F04EBC80F89210032902D30121C1
:10E8D00080F89210704710B50446806D884209D0C8
:10E8E00004F17400A16500F093FB2046BDE81040E0
:10E8F00000F05CB810BD80F87010704780F86D10A3
:10E90000704700000149C1657047000075EB0208BF
:10E910000021A0F85010A0F854104FF6FF71A0F895
:10E920005210A0F85610016B4968084770B50446AC
:10E9300000250498A565E362616384F8382084F8B3
:10E94000395084F86D5084F8915084F88D5001212D
:10E9500084F8921084F89310206301682046884759
:10E960002046FFF7D5FF2046FFF7CCFF84F8705014
:10E9700070BD00007CB50C46009313460546084A5E
:10E98000084900F0FEFB01A800F03CFB0146064BE5
:10E9900000949DF804202846FFF7C8FF7CBD0000C6
:10E9A00089F30208B1F4020885EE020810B5816D02
:10E9B00000291AD090F9813080F88E3090F98220A9
:10E9C00080F88F2090F88D1000290ED001290DD0ED
:10E9D00090F97E4090F980100C449C4201DD80F853
:10E9E0008E408A4201DD80F88F1010BD90F98310AF
:10E9F0008B4201DA80F88E1090F98410F1E72BB188
:10EA0000012B05D0022B06D0104402E0084400E0A0
:10EA1000801A80B27047401AFBE72BB1012B05D05A
:10EA2000022B06D0401A02E0104400E0084480B2F5
:10EA30007047801AFBE738B50446B0F856000090DE
:10EA4000B4F85230B4F85420B4F850102046FFF710
:10EA500019FF18B3012084F88C00B4F84810B4F8FA
:10EA60005000814201D2A4F84800B4F84A10B4F82A
:10EA70005200814201D9A4F84A00B4F84C10B4F80D
:10EA80005400814201D2A4F84C00B4F84E10B4F8FE
:10EA90005600814201D9A4F84E0038BD002084F808
:10EAA0008C0038BD30B504880D882544ADB2AC4229
:10EAB00005D99C4202D25D1EADB200E014469C42D4
:10EAC00001D2954201D8002030BD944200D21446B4
:10EAD0009D4200D91D460480281B0880012030BDBE
:10EAE00038B5C58F049C0094521BC46A92B2A047EB
:10EAF00038BD38B5049C0094FFF7F2FF38BD2DE90E
:10EB0000F0471C4691468846064600F071FD0025F8
:10EB10004FF6FF7772682178304690470346B84237
:10EB200025D0641CA3F57F40FE38F3D04A46414609
:10EB30003046FFF705FE96F8701031B1012907D075
:10EB4000022908D003290FD10AE008EB000104E0F4
:10EB500009EB000106E0A8EB00011FFA81F803E0D1
:10EB6000A9EB00011FFA81F9284485B2D2E72846B3
:10EB7000BDE8F0870020704710B50C4600F006F89D
:10EB80000122641EA240801A40B210BD30B5056853
:10EB9000047B2A78E2406318DBB2082B09D36D1C92
:10EBA00005602D78C4F10804A5401543083BEAB27E
:10EBB000DBB201248C40641E14400373204630BD38
:10EBC0002DE9F843054600F1600400F00CF915F951
:10EBD0006B6F2046E97BFFF7CFFF8146297C2046FB
:10EBE000FFF7CAFF0746697C20466B3DFFF7C4FF6D
:10EBF000804694F90A00002857DDF019404247B2D8
:10EC0000237CA0883A464946FFF7F9FEA080237C82
:10EC10003A46E0884946FFF700FFE080A188277C5C
:10EC200002460B4637B1012F0AD0022F40D0032FE6
:10EC30000FD146E094F90A7030443B449BB207E0A0
:10EC4000891B491C94F90A705B1C89B29BB2384439
:10EC500080B200902846FFF715FE30B300202072E6
:10EC600084F8090095F876102046FFF78FFF81465B
:10EC700095F877102046FFF789FF0746002249469E
:10EC8000284600F027F801223946284600F022F8ED
:10EC900001212046FFF77AFF0028EFD194F90900FF
:10ECA000B042DFDBA07B85F892004046BDE8F883E8
:10ECB00094F90A705B1CC91B491C89B29BB2921B58
:10ECC00004E094F90A7033449BB2D21B521C92B2F6
:10ECD000401CBDE72DE9F74F84B00D46049C94F825
:10ECE000687094F869806034A07AC01BC6B201963F
:10ECF000B54200D201954FFA88F279B2A088B4F8F3
:10ED000006B0237C92468946FFF779FE0290237C69
:10ED1000524649465846FFF780FE0246069808B11B
:10ED2000A17B02E0607B50B9E17B049880F89210EF
:10ED3000207C0090DDE901310498FFF73FFDB542EA
:10ED400007D3A81BC5B208F10100002700F0FF0897
:10ED5000CAE77819207284F8098007B0BDE8F08FFF
:10ED600070B50D460146806D1730FF2D10D8612D0E
:10ED700002D3B1F8881003E0412D02D3B1F8861018
:10ED80000844417819B30278AA42F9D1801C70BDB9
:10ED9000B1F88A100C1826460021304600F019F808
:10EDA00004440221304600F014F8361DA842F3D383
:10EDB0004FF6FF72207802EA00216078084306D0FF
:10EDC000A84201D1E01C70BDA0780444F2E7002005
:10EDD00070BD08444FF6FF720178407802EA0121C5
:10EDE000084480B2704730B5054600F16004016602
:10EDF0000020207315F8781F2046FFF7C7FEA07289
:10EE000069782046FFF7C2FEE072A87EA07310B1B9
:10EE10000020E07330BD0120FBE7000010B5104674
:10EE20002B2913D004DC292909D02A2905D109E08E
:10EE30000D4B4C290CD04D290ED0002010BDFAF7F7
:10EE40009BF80FE00A20D8F715FB0BE000BF09E0A4
:10EE500002B10122082102E002B10122202118465C
:10EE6000D2F7BEFA012010BD000C01408A4205D243
:10EE7000834201D89A4203D9012070478342F9D8CE
:10EE800000207047F0B502F007060124B4400025C9
:10EE900090F892E0E7B2DDF814C02C46BEF1010F05
:10EEA00001D83D4600D03C46076822F00702BCF17D
:10EEB000000F3F7C07FB02F7BAB2476B3A4411449C
:10EEC00009D108785B1E284360401B0401F8010B40
:10EED0001B0CF6D1F0BD0A78761C2A436240A3F1E0
:10EEE00001030A7016F007069BB206D06A06150EDB
:10EEF0006206140E002BEED1F0BD428F114490F843
:10EF00009220012A03D800BF4FF00105F2D04FF044
:10EF10000104EFE770B505461424FFF708FC012152
:10EF20002846FFF7EBFC00212846FFF7E4FC2B49BD
:10EF30002846FFF7D0FC2AA3142221462846FFF7D3
:10EF400093FC01212846FFF7D6FC26492846FFF707
:10EF5000C2FC25A3082229212846FFF785FC0021B1
:10EF60002846FFF7C8FC1D492846FFF7B4FC1FA33D
:10EF70001E2247212846FFF777FC1DA31E2257219A
:10EF80002846FFF771FC2F23232216212846FFF77E
:10EF90000FFC2F23242217212846FFF709FC0C23FE
:10EFA000202241212846FFF767FC0C232122422121
:10EFB0002846FFF761FC0F492846FFF78CFC0EA39B
:10EFC0003C221E212846FFF74FFC2846FFF772FC23
:10EFD000BDE870404FF47A70F9F7CEBFAEFD02087D
:10EFE00055000000232003083800000067000000DF
:10EFF000B20000004A23030872796D63752E636FB7
:10F000006D00000008210170004870479016002034
:10F0100070B5054608782870487868708878A870B8
:10F02000C878E870087928714879687188790C4641
:10F03000A871E079E871207A2872607A6872A07A03
:10F04000A872E07AE872207B2873607B6873A07BEB
:10F05000A873E07BE873207C287411212046FFF719
:10F06000B8FE688213212046FFF7B3FEA88215215F
:10F070002046FFF7AEFEE88270BD2DE9F843064654
:10F0800090F8387090F83950006800244FF6FF78F7
:10F0900090F81190316830462A460B7C716B04FB66
:10F0A00003FC1FFA8CFC08EACC0C6144009100219F
:10F0B00000F040F8641C6D1CE4B2EDB2BC4201D219
:10F0C0004D45E7D3BDE8F883F0B590F838204FF60A
:10F0D000FF75036805EAC2018187197C05EAC10151
:10F0E000418790F8394005EAC401C1875E7CA718C2
:10F0F000B74201D9321B92B205EAC20220F8401F82
:10F1000011444180998A8180D98AC180F0BDFFF77E
:10F11000DBBF0021A0F84810B0F84410A0F84A1056
:10F12000B0F84010A0F84C10B0F84210A0F84E1003
:10F13000FFF781BC1CB58DF805108DF80620049CE6
:10F140008DF804300094012284686B460F21A0479B
:10F150001CBD30B484680023A44630BC1A460A2182
:10F16000604730B484680023A44630BC1A4610219E
:10F17000604730B484680023A4460A4630BC0B21A3
:10F1800060472DE9F04115460E460446069F00F003
:10F1900009F86761A660C4E903532046BDE8F04161
:10F1A00000F012B8002140F8081B064A02604260D5
:10F1B0008260C260C17681770161FF21017780F8AA
:10F1C00020107047B5F5020830B484680023A446C7
:10F1D00030BC1A4609216047080001D00A2801D135
:10F1E0004FF6FF70704730B404690023A44630BC6A
:10F1F0001A461921604713B50122046901AB172192
:10F20000A0471CBD30B404690023A44630BC1A4694
:10F210001821604770B516460446182924D004DC2E
:10F22000142914D0172904D105E019293DD020292B
:10F230004CD0002070BD1D4606E029782046DDF741
:10F24000D0FF761EF6B26D1C002EF6D13EE00122F4
:10F250004C2100F0B1F901224D21204600F0ACF91B
:10F260002046DDF797FF31E094F8250040B12046B5
:10F27000DDF7A0FF2046DDF78DFF2046DDF78FFF8D
:10F280002046DDF797FF2046DDF780FF2046DDF7BB
:10F2900081FF2046DDF776FF012184F82510204606
:10F2A00094F82410DDF79DFF10E0DDF76FFF204696
:10F2B000DDF770FF2046DDF772FF2046DDF77AFFAD
:10F2C0002046DDF767FF002084F82500012070BD8F
:10F2D00030B4C4680023A44630BC1A4619216047E4
:10F2E00030B4C4680023A4460A4630BC16216047E7
:10F2F00030B4C4680023A4460A4630BC15216047D8
:10F3000030B4C4681346A4460A4630BC172160478F
:10F31000F8B50C464FEA000514F8011B182924D053
:10F320000EDC152919D0162917D0172923D12078DA
:10F330008DF800006A4601212846FFF7E1FF0AE048
:10F34000192912D0FE2916D122788DF80020292102
:10F35000284600F031F9641CDEE722788DF80020A1
:10F36000EE6800232846B047F5E70023EE681A460A
:10F370002846B047D0E7F8BD30B4C4680023A4469F
:10F3800030BC1A46182160472DE9F041DFF8B08003
:10F3900014460646A1F11402002798F800001D4605
:10F3A000062A4AD2DFE802F02F03161B3E4310B1B3
:10F3B0003046FFF718FF3046FFF724FF00213046A4
:10F3C000FFF719FF21463046FFF715FF012088F8A7
:10F3D000000029E021463046FFF70DFF24E050B140
:10F3E0003046FFF700FF06E01821304600F0EAF84B
:10F3F000183CE4B21835182C2A46F5D82146304678
:10F4000000F0E0F80EE096F82400FF2802D1782002
:10F4100086F8240037692B4622463046BC46BDE8B4
:10F42000F041604788F800700120BDE8F0810028B5
:10F43000F8D03046FFF7D7FEF4E70020F5E70000EC
:10F440002800002070B50023456904461A4628218B
:10F45000A8470023E5681A4614212046A847012240
:10F460004B21204600F0A8F8206829210279204687
:10F4700000F0A2F800224B21204600F09DF8206801
:10F4800029210279204600F097F801224B212046DD
:10F4900000F092F82068292142792046BDE87040AA
:10F4A00000F08AB80160897C80F822107047000063
:10F4B00070B50C46054600F019F888B9092C0BD038
:10F4C0000A2C01D0002070BD2846FFF7BBFF05497C
:10F4D0002846FFF71DFF03E003492846FFF7E2FF38
:10F4E000012070BD0A5803080C5903082DE9F041AA
:10F4F0001E46144605460B2908D00D290ED00E29AC
:10F500001ED00F2927D00020BDE8F0811AB128496C
:10F51000FFF7FEFE4AE02649491FF9E74AB12449B0
:10F520000C31FFF7F5FE286890F8130085F82200EB
:10F530003CE01F49491DFFF7EBFE2868807CF5E79A
:10F54000FFF71AFF81212846FFF7D2FE2146284601
:10F55000FFF7C6FE27E0FFF70FFF707995F822103E
:10F5600001EBC000C7B240212846FFF7C1FE1020C2
:10F5700040EA17112846FFF7BBFE07F00F012846A7
:10F58000FFF7AEFEB07940F0B0012846FFF7A8FEC5
:10F5900030793268C006010E2846FFF7B1FE641EBE
:10F5A00014F0FF04F4D12846FFF792FE0120ABE7E8
:10F5B000E95703080020704730B444690023A4468B
:10F5C00030BC60472DE9F04115460E460446FFF772
:10F5D00019FE40212046FFF70EFE27692B463246D2
:10F5E00017212046B8472046BDE8F041FFF7FBBD94
:10F5F000002180F8261070470B4810B509490160BA
:10F600004FF4E1314160002181600C22C160C0E90A
:10F6100004128161C161D2F743FC002800D0FEE7EB
:10F6200010BD000000380140185A002000880988E9
:10F63000401A704770B50446B0F85800C0F3032074
:10F640000B2812D00C282FD100212046EAF7C2FB4C
:10F65000002211462046EAF737FB4FF480710A4634
:10F660002046BDE87040FAF7F0BF00212046EAF7D7
:10F67000B1FB002211462046EAF726FBE06B00288A
:10F6800012D0206C00280FD02046EEF789FE010230
:10F69000E06B91FBF0F52046EDF71AFE0102206CBD
:10F6A00091FBF0F22946DBE770BD2DE9F04192B005
:10F6B0000646EAF7C3FC05006ED03046E9F754F978
:10F6C000044690F86400800766D52846EAF704FDF2
:10F6D000022861D02846EAF7FFFC04285CD006A97E
:10F6E000E06AEDF7C3FD0AA92846EAF7C9FC0FA9AD
:10F6F0002846EAF7F5FC0A9800284DDB0B9800280D
:10F700004ADB06990A98401A029007990B98401A0A
:10F7100003903046E9F724F90646E06AEEF740FE2A
:10F720000146E06A029A00270546002A01DA012014
:10F730000FE08A4202DB47F6FF77F8E7012202A9D1
:10F74000EBF740F8074602A9E06AEBF7E5F980F02D
:10F75000010094F870104FF6FF788A0723D550EA1D
:10F76000C1724FF4407001D1012E08D0C9071ED0DC
:10F77000022E12D0032E12D0082E10D019E0C4E9A8
:10F780001A7894F8701041F00102014684F8702054
:10F790002046EFF735FF06E03FE0E76603E001466D
:10F7A0002046ECF72CFD94F87000C00701D1012E23
:10F7B00033D139462046F4F707F894F87000C007B3
:10F7C0002BD0D4E91A10814208D96A6C824202D146
:10F7D000AA6C8A4218D06864A06E11E008D26A6CE4
:10F7E0008A4202D1AA6C82420ED06964E06E07E0C0
:10F7F000696C4046814202D1A96C814204D06864A0
:10F80000A8642046EFF708F9032E01D0082E04D192
:10F8100014F8700F20F00100207012B0BDE8F081E4
:10F820002DE9FC470F460446EAF708FC0646EAF7CE
:10F8300053FC01287ED13046EAF73FFC002879D1FD
:10F8400069463046EAF71CFC032269462046F0F779
:10F85000B0FD2046DEF79BFB05469FB194F8A00063
:10F86000C0070FD11DB10099D4F8940002E00199AE
:10F87000D4F89800081A002800DC404296F82410BA
:10F88000884257DBD4F89C0010B92046D7F776FEA3
:10F89000D4E90C010F1A00212046EEF714FA0128D2
:10F8A0000AD000262046DEF772FB94F84C10064082
:10F8B000B14203D0012602E00126F3E700264FF013
:10F8C000000120461DB3EEF73FFB81460021204694
:10F8D000EEF758FB80462046EEF762FDA0EB0901EB
:10F8E000A1EB08012EB1E269A2EB0800009A801A90
:10F8F00004E06369009A03EB0900101A69B37843C6
:10F9000001EBD17200EB620090FBF1F023E0EEF727
:10F9100063FB814600212046EEF7E6FA804620464A
:10F92000EDF7D6FCA0EB0801019AA1EB090036B176
:10F93000A36900E03DE003EB0901511A04E0236AEA
:10F9400003EB0801511A4942794300EBD07201EBF5
:10F95000620191FBF0F0216B0844D4E90C21D4F84A
:10F960009C3004F13806B34201D1E16A00E0A26B99
:10F97000884201DA064600E00E46964201DA104659
:10F9800002E0884200DB08461968814211D0186005
:10F9900015B14FF4007101E04FF480712046EFF78C
:10F9A0002FFE2046EFF738F8002220212046F0F7FE
:10F9B000E2F8BDE8FC8700002DE9FE4F0546008D0A
:10F9C0008B46584519D00A46014601902846F0F763
:10F9D00001FC06000FD02846EFF71EF8A5F828B066
:10F9E0002846F0F722FD4FF42070ECF781F88146AD
:10F9F000002420467CE0A5F828B0BDE8FE8FE96829
:10FA000001EBC0020092042202EBC00289581FFAE7
:10FA100081FEC1F30741090402913EEA0B0266D15F
:10FA200000994968890162D40099662209680B7AB5
:10FA3000FF2B05D0D1F800C000210CEB830718E0A4
:10FA40000B68002106E0974203D103EBC10149682E
:10FA50000CE0491C13F83170002FF4D147E000BFCF
:10FA600017F80180904503D15CF82110002237E09F
:10FA7000491C8B42F4D83AE0002214E002EB820CDD
:10FA800009EB8C0CDCF804309CF808C01FFA83F8F2
:10FA900003F47F03BC4505D1DDF808C0634501D1FF
:10FAA000F04502D2521CA242E8D3A24216D104EB86
:10FAB00084028F8929F8227009EB82020B8A538015
:10FAC0008B68D3600F68641C17F80A3013724B6898
:10FAD0001361009B5B6823F07F4353600AF10102CE
:10FAE0000B68924613F80A700FB1202CC4D3401C47
:10FAF000698DC1F30511814202D9202CFFF47FAF3B
:10FB000000270DE007EB870109EB81005B464168A8
:10FB1000009001F47F012846019AF0F7A9FA7F1CB2
:10FB2000A742EFD34846E9F7AFF94FF47021012E11
:10FB30000CD0032E0AD0022E7FF45FAF2846EEF7DA
:10FB40006BFF2846BDE8FE4FEFF7B0BC03B0284678
:10FB5000BDE8F04FFF22EFF7E1BC000070B5E8F719
:10FB600003FF0546EDF704FCE1F7E8FF044690F9D2
:10FB70000200401E0C2800D3FEE701212846EDF7C5
:10FB8000C6FA94F90210054A02EB8101228851F865
:10FB9000043CBDE8704002A1EBF77FBB8C01002064
:10FBA000256420257300000070B5E8F7DDFE0646E9
:10FBB000EDF7DEFBE1F7C2FF044600213046EDF72A
:10FBC000A6FA0546E8F77AFC0178C278303901EBED
:10FBD0004103C3EBC11102EBC10241788078642379
:10FBE000594300EB800001EB400011182088A1F57B
:10FBF000A051D039091A2846E8F761FE01213046A4
:10FC0000EDF785FA94F90210BDE87040491EE8F757
:10FC100056BEF8B5056C044615F5004F51D0D4E931
:10FC20000E03834201DA03F5B47394F84C10C1F368
:10FC30004101B9B301290CD0022942D10090D4E985
:10FC400011122846EBF768FF054620462946E26B6D
:10FC500034E0C118D4E9117201EBD1714E10B9181A
:10FC600001EBD17149108D420DDA03460A4639463F
:10FC700028460096EBF750FF054601462046E0F780
:10FC800079F931460AE0009333462846EBF744FF02
:10FC9000054631462046E0F76DF929462046E0F753
:10FCA00024F90DE0FFE70093D4E91112034628463A
:10FCB000EBF732FF054620462A46A16BE0F799F89C
:10FCC000A565F8BD70B5044600223C21E3F798F91C
:10FCD000E16A002529B1206B08B1204688472563D9
:10FCE00002E0206B0028FCD165632046BDE870402F
:10FCF00000223D21E3F784B910B504460846E2F737
:10FD0000AFFD6043C01DC00810BD2DE9F0410446A1
:10FD1000E8F72AFE07462046E8F780FE0646384602
:10FD2000E8F7D4FB05463046E1F708FF04463846BD
:10FD3000E8F7C4FB0178C278303901EB4103C3EB2B
:10FD4000C11102EBC102417880786423594300EB72
:10FD5000800001EB40001044A0F5A050D038401BBB
:10FD6000226881B23046BDE8F04142F30742E1F734
:10FD7000E7BE010202030405060708090A0B0C0D81
:10FD80000E0F1010010202030405060708090A0BF2
:10FD90000C0D0E0F1010000000000000000001020A
:10FDA0000304060708090000000001020304BF0263
:10FDB00005040506010406152600F918FA19F904C8
:10FDC000E10AAE2258200BD51CF587FFFF7F1700F4
:10FDD0002119D51CF587532316588BF417879CFBE4
:10FDE0000011689E0D920F2F002224D51CF5874329
:10FDF000A2884506516410450651641045065164B9
:10FE00001045065164104506F9F0FF13002343D551
:10FE10001CF587EB838C3506596390350659638C46
:10FE200045C6380F8CF1C018171A83AC31C81A8335
:10FE3000AC31C62263A007C478608C07C61964ACD5
:10FE400031C81A83AC31061B632C32C622637C781E
:10FE5000243BD51CF5875B2412689A520C91900CB8
:10FE6000114488430411011141560984654D6B8981
:10FE7000254642594490450431811041CA182490C6
:10FE8000F240302EAD5622F56114002541D51CF507
:10FE900087DBE410720A298810A204294490500AD2
:10FEA000112410E3100A049D401611041258201565
:10FEB000956AA81D344821810C524820831022C81D
:10FEC00020848C4448398598F2E136002641D51CBF
:10FED000F587EBC621A65411441142122124114288
:10FEE0001221631141186AC799861A09848842064B
:10FEF000114590420219A42042CC21E494428C3155
:10FF000045A4F280286990634AF8701B002710D539
:10FF10001CF5875B4292487F1FFE7F06002823D591
:10FF20001CF5877B2396675C793548450A92487FA4
:10FF30009244124B24B18A241A686289448A0200CE
:10FF40002925D51CF587BD210BB46215492C914894
:10FF5000122949227D90440A125820058BB35E81F4
:10FF600043860F0E002A29D51CF5879F2591B6C61A
:10FF7000204398128628E40161DC2AD038C4882006
:10FF80008A0C920A218898A1C2111F7E14002B1896
:10FF9000D51CF5875F2091BEF580200F08F28050B8
:10FFA00024D2F7E177012C15D51CF587FFFF9D11B1
:10FFB0000B34CFC012499C228963012D0ED51CF54C
:10FFC00087FFCD67BE0FFF97002E11D51CF587FF69
:10FFD000FF2281E659907CB805002F29D51CF587B2
:10FFE00083818E484112491C91C4112948228124E1
:10FFF0001248228124124822812412482281448EF0
:020000040803EF
:100000000FDB003043D51CF587FBC5A5B59209254C
:1000100091420E31C510530C29A610630A292310F2
:1000200042C8108490310621648C410811835061CC
:1000300014428E21A518628A21A618724821C8048C
:1000400093D64AAE7C783116D51CF58717C8330D88
:100050002DC548202C1012E9FFBF0F0F3221D51CEF
:10006000F587F3C625C55211E61043904024D220EF
:100070008904D25E05E92249C1FC3E9C063328D59D
:100080001CF587F3C525C55211260953220D92761A
:10009000186AA8A558451A0A889C61C831C220A6CA
:1000A00054331F5E00342FD51CF587474624B07AA1
:1000B000C65D6D04C248206C08B2C6206B0CA20657
:1000C000218910924621E881501E08E581E048A46C
:1000D000F7E13A003525D51CF587D3EE788744BA89
:1000E000B8144B0D9152CE3844924867C621861CF5
:1000F000624E38A7A5D5CC87073635D51CF587FBCA
:10010000C5A5B5920905952212892352C1A8861A60
:1001100032A39C52C8A10C39C490430C39C49043FB
:1001200019724821A98892D64AAE7C7801003721FD
:10013000D51CF587D3EE7871441247A4E288248E4B
:1001400048C511A938220549A42089E4C3230038F1
:1001500039D51CF587F3A629C552110591520E31E8
:10016000E410430E310411425211642986180945E6
:1001700011421031141A86205208228520528A21F9
:10018000C708839852CD7C783935D51CF587F3C5DF
:10019000A5B592092591420E31E450861C62C82112
:1001A000861C624A29A70C731C6ACA0412A9382249
:1001B00049A2905482416CA5663E3C01003A16D596
:1001C0001CF587FF1A81E659907C788940F32C480A
:1001D0003EDC023B1CD51CF587FF1A81E659907C5A
:1001E0007869C402CD33B04412A748E29881013C3B
:1001F0001BD51CF5879F0A72C0E20EBBE70A34F0DC
:100200008206DE6089648A0F0F023D1BD51CF587CC
:10021000BFFD80200F08F280F830F880200F08F230
:1002200080F8F02F023E19D51CF5872F073A64811C
:10023000E8E17B5633EDB03B671E89E2C3073F25FB
:10024000D51CF58753A529C59011E61043904004AD
:1002500005442205092CAF8254A43E240934CF82E0
:10026000E4C3034043D51CF587FBA629C59011E5DF
:100270005085A45186416410350659630C23C81873
:10028000A210328620858C214821630842CA18A317
:1002900004338860648C45C8288110224B3C82243A
:1002A000A6163B1FAE034138D51CF58717C21C723A
:1002B0008A051668DC08C38D301A09848D31D81878
:1002C000449141D4284331D4903BE310430E312371
:1002D00011421221449131161164910F9701423A53
:1002E000D51CF587CB4B35E40E21C790530A41A4AA
:1002F00010440A41A490430C21C7B8D3D033E494EE
:100300004210292411421221241142122104914247
:10031000CA29CFB8C33E9C07432AD51CF587FBA644
:10032000A9D4CE11C614434A418490240C8124D20E
:100330004F92486241E21443CC11E634A59AF97019
:100340001E00443ED51CF587CB4B35E40E21C7106B
:10035000530C39A510440A41A490440849849044A0
:10036000084984904408498490440849A310440AE9
:1003700041A490430C31C510624E432CA90F2F00AD
:100380004522D51CF587CB0F84F240280F844222EA
:100390007DD11DEF9048BFF840280F84F240F870DF
:1003A0001A004616D51CF587D3CF7C8644FA6243E3
:1003B0001D2291FEFBF00C004732D51CF587FBC5D2
:1003C00025D58E19E55085A061480A67447A051144
:1003D000521021051192082189148248218818722F
:1003E0008839C21C97143B1FCE034846D51CF5879D
:1003F000CB04914210290491421029049142102902
:10040000049142102904914210290F84F240280FD0
:100410008442102904914210290491421029049128
:10042000421029049142102904914210F9701A00D7
:100430004913D51CF587D30D758D44FAFFC71AEA09
:100440003E1C074A1CD51CF587EB2C718D44FAFF26
:100450005430240D52501145AD955CF9F006004B17
:1004600040D51CF587C30415421029E410431D52E2
:1004700008228424328822A22812CA4A0CB5C41247
:1004800023822C328822A324424822852052CA216A
:10049000A618728821A714820A21897C380D004C85
:1004A00011D51CF587CB24D2FFFFC567BE0FB7015E
:1004B0004D4ED51CF587C3630D4212212411524EB7
:1004C00021E514628A21A61872C621671C42C21453
:1004D0000821610A84105104214414410819631051
:1004E00042C61884101208950821891092082189A3
:1004F000109208218910920821897C380D004E4DF8
:10050000D51CF587CB0491421029E590520E29C6DF
:1005100090720A29A790820829240C420A09649043
:1005200042C418A4104115328620850C124821645B
:10053000045208418594538831851853C829859CF5
:10054000520822852052481A1F4E034F3BD51CF5F6
:1005500087F3A629C59011E610432152082284286A
:1005600032882283283288228328328822832832C4
:100570008822832842861A8520520822863A461805
:10058000C4946AE6C3035029D51CF587CB2C35E407
:100590000E29C690530A41A410440A41A410440AEB
:1005A00039A59062CC33EEB04422FDFBF00E005131
:1005B00043D51CF587F3A629C59011E610530A41CF
:1005C000A41044CA50641045065164104506516495
:1005D0001045065164104506516410450841A410A9
:1005E000440C3115298829D50E1C92C4D4903B1F88
:1005F0003800523ED51CF587CB2C35E40E21C79030
:10060000530A41A410440A41A410440A39C4906218
:100610008C3B0DB14408498490440A41A410440C19
:1006200039C414430E31E49442102904950F970104
:100630005330D51CF587FBA6A9D49011C614330EF0
:1006400041E29048248906A287DE8127124922319F
:100650004191221429039172C4310E31763E9C07D8
:100660005416D51CF587C30F08F280200F88452249
:10067000FDFFDF8717005542D51CF587CB241142BB
:10068000122124114212212411421221241142125A
:10069000212411421221241142122124114212213B
:1006A000241142122124114212210495420E316676
:1006B00098D3D262E7C37900563BD51CF587C34473
:1006C00091411419448D421029041133D038E48C1F
:1006D000430C41C38C44CA48841035C858648C45C7
:1006E0000461438C46C268C899674112891C527CD8
:1006F0007802005752D51CF587BB848D31D818A3DA
:100700008832C628838C41C834283206354619A35E
:100710008851C6286294218C18850423462161568D
:1007200048106284618C18411C23CC31A39C42CABE
:1007300029A49C420A1A66A461461A66A46146125C
:10074000487C380E005839D51CF587C324914210D7
:1007500031D4216624424822642C22C8228134E408
:10076000CC3390C0028D430D3122C82282284248EA
:100770002284206228440A418410453E5C0659299F
:10078000D51CF587C344914112290491420E65C8D6
:10079000218524424822642C22C8226234D4CE33DC
:1007A000AF44FAEFC30B005A2ED51CF587CB0F844C
:1007B000F240280F04482281542490C41109249146
:1007C000402A1248E28804923858200F08F280200C
:1007D0000F880F97015B14D51CF5873B2C7189445A
:1007E000FAFFFF224BDC870A005C2BD51CF587BD86
:1007F0001189249148128924914812892491481220
:100800008924914812891C92C82149249244228744
:100810000C1F0E015D12D51CF5872B0D7591FEFF87
:100820007FA8F72103005E20D51CF587178424914B
:1008300040E3501B813022C81A642842082266A86F
:1008400070C287FF87015F13D51CF587FFFF671F05
:1008500018E381311E181F1A00601AD51CF5873B5A
:10086000818A29E690249258C112899CE690E2C3BD
:10087000FF4100612AD51CF5877FE1B0951A2AC295
:10088000A48048A4123BCE3C530C290491424E292B
:10089000C498620432EFB85406F9701A006233D576
:1008A0001CF5872324D24F14D5903B4718530C7561
:1008B0004A21881482482188148248218814824859
:1008C000218798628831C318774648688CF2E10125
:1008D0006321D51CF5877FC234A51832C2986228DF
:1008E000240C89F42489E5087444412DA9663E9CB2
:1008F000076435D51CF5878324D2A78A20A81D67F5
:100900008C38869852082285205208228520520869
:10091000228520520822A51C628829C688731C6A79
:10092000AA08F2E13400652CD51CF5877FC134A5F7
:10093000582AC21C62C81988148248792094074238
:1009400079201412492C91A0908C30A7A5D5CC8782
:10095000F300661CD51CF58763A629C55211051145
:10096000231289546BA86324D2FFFBF0060067367C
:10097000D51CF587BF5FC838AF3C100A21E510339E
:100980001031E410430E2905155112534AA5456252
:10099000810EB9F30A418490440849849C61CC3BA0
:1009A0006CA10E006836D51CF5872B24D26F9444B9
:1009B0000242EEA0508E29C414431D62C821861C39
:1009C00062C821861C62C821861C62C821861C62FE
:1009D000C821861C62C8211F4E036919D51CF587E2
:1009E000534312582289E3838C1A16E9FF1A4BDC11
:1009F00087E3006A1FD51CF58773231658C5F1815C
:100A0000554B8BF4FF53C190244A414594B4567220
:100A1000E6036B35D51CF5872324D2EF94424C3185
:100A2000A4944348416494440459241096B112C8D4
:100A3000228328324A22A42052CA21861C628A219B
:100A4000A71482CA87CB006C12D51CF5872B896549
:100A500091FEFFC7DCF13EDC066D1DD51CF5873F1E
:100A60004D0219A43C20C8036394604219F4FFFFAF
:100A7000FFFFDF87CB006E35D51CF587BF4D46499C
:100A80002420E40E0AE598424C31D421861C62C829
:100A900021861C62C821861C62C821861C62C8216E
:100AA000861C62C821861CF2E136006F30D51CF529
:100AB000877FC1B4B41832C19C528A21871492082E
:100AC000218910920821891092082189147288299D
:100AD000861C134C622AB9F2E105007034D51CF56E
:100AE00087BF4D44510DB9738431C550A714824856
:100AF0002188148248218814824821881472882908
:100B00008698238C71A721228A2291DE0705007125
:100B100032D51CF587BF5F0441ED3863C431C494FE
:100B20004210290491421029049142102904914253
:100B30001031E410434C31469CE350534590485FDC
:100B400006721CD51CF587BF4E464924A4F34C0AF7
:100B5000E418234E81059248FF7D7805007328D55F
:100B60001CF5877FE1B095DA31E21872C62128A022
:100B700012CF530E41138B118998814839C21C87BB
:100B8000D8421FCE03741DD51CF58757492471C860
:100B9000A9B9E32D12E9BF22940964AD959AF970C1
:100BA0001C007535D51CF587BF4D0E31E410430E82
:100BB00031E410430E31E410430E31E410430E31A2
:100BC000E410430E31E410430E31A59463C2390E94
:100BD000355504F9701B007630D51CF5873F5DD282
:100BE00028248D421031038D43CE38C41044CA48A6
:100BF000A40C35C858648C450461248C869C79E625
:100C00009548E2F8F004007743D51CF587BF4C16F1
:100C1000196391318A20640C42066D0C420619A3B7
:100C20008C51C428431831CA10468C428208438C28
:100C3000428210230C638439469853863985945335
:100C40004841849034CCF8701C00782FD51CF5876F
:100C5000BF4D1029C590430A49841045045924907A
:100C6000769E790516681C6244104506518410442E
:100C70000C315521887C380D007939D51CF587BF9A
:100C80004D12210491421031E41043CE40C3104470
:100C9000CA508310450651640C460261240C37C2C9
:100CA00070E715582089D40A84AC21CA4A0CBDF2D9
:100CB000C1007A1DD51CF5873FFECC07E960791588
:100CC000A4C1F2CA7B2094074279207C380D007BB6
:100CD00021D51CF587270E4B4B29F348A40F12771B
:100CE0005C812616392489F48B059EA7586A28034F
:100CF0007C0ED51CF5875324D2FFFFFFE7017D1F33
:100D0000D51CF587D3C725A6609124D227493CCFAF
:100D100072E591487FB038B3D44A0C7D007E17D578
:100D20001CF5877FF314515628E301510641AE7C30
:100D3000F87F0200A00BD51CF587FFFF7F1700A1ED
:100D400018D51CF58753049A6783E40334E414E947
:100D50001FAC17C7872700A240D51CF5873748244A
:100D600071C8018B4BAA9D129029828461C81823F7
:100D70001842C6088690A108198A90A1C8208A0C3A
:100D8000A2C8188C8841C229610C815028A8A5C529
:100D90008E1B72F6610100A32BD51CF587FBC5A540
:100DA000B592092495121489144C2C734492481757
:100DB0004724F098605618E501418A5025A0F2E1D9
:100DC0003800A429D51CF5878F8B24CE3B2DAD543C
:100DD0000649E30C34CE40E30C440A492594D4CEB2
:100DE000334314314E50E2C3BF0900A52FD51CF583
:100DF00087C344114210290411431D6246228424F2
:100E000042C6228230124643CE3C030973C7632494
:100E100012E68EC748A43EBC0000A611D51CF5877B
:100E20005324D2FFF7012791FE9F07A73AD51CF55F
:100E3000874BA629C55211E610331031229158A2D2
:100E400081A82935C4418498430C39C49063084172
:100E50004CA986A0892512240E39C3147344414D30
:100E6000A9663EE401A818D51CF587C541862AA2CB
:100E7000A4224A2AA2A841C687FFFF1500A948D587
:100E80001CF5875F284E298648298604130821010E
:100E9000053246506188110819618811461962842B
:100EA000498D30A9112635C208848831C2105418E2
:100EB000630415C618020542C620829462C8694AB6
:100EC00035F3E13C00AA25D51CF587F3C621A69889
:100ED000208385421A5A4AAD440849A390444649A2
:100EE0004C2D96BA3BDE87BF0E00AB2ED51CF58786
:100EF000FF5A30810D3254112415411219249141A9
:100F0000121944155154114515515411451541D626
:100F1000208305133E7C0800AC10D51CF587FF4BE1
:100F2000EE7891DE873F0400AD0ED51CF587FFCD2E
:100F300067BE0FFF9700AE47D51CF5875F284E2987
:100F40008648294609424648810C21C61862464611
:100F500018621A448C30441A230C91C6084320327C
:100F6000C210131981843186186384318618E39086
:100F7000430822C50C739A52CD7C380F00AF0ED5B2
:100F80001CF587E34B6D1FFEFF4700B01CD51CF519
:100F900087F3A625A6541125114212212415519438
:100FA00062C8950FFF1F04B120D51CF5876F9148CB
:100FB0006F3D20C803823C201489F4FBC03E20C84A
:100FC00003823C203E5C06B21ED51CF5874BC5A5AE
:100FD000B51419448D32E4880492573D020964899E
:100FE000FBF0BF0A00B321D51CF5874BC5A5B5D6CC
:100FF00020430E779C794712399430231142D25AFC
:10100000C9950FFFCB00B414D51CF587893049244E
:10101000B0402A8E293EFCFFEB00B53BD51CF5877E
:101020003F4D0E31E410430E31E410430E31E41015
:10103000430E31E410430E31E410430E31E410430B
:101040000E31A51421C4094B3C40C4124650641013
:1010500012E97D6000B64CD51CF5874B0BB5E38CCF
:1010600012A32C31CA12A32C31CA12A32C318C1218
:10107000C328314E12032131941183113118118389
:101080001131181183113118118311311811831185
:1010900031181183113118118311311811E34319DB
:1010A00000B711D51CF587FF0D02CDB320F9F0BFB5
:1010B0000C00B813D51CF587FFFFF7C524B1B0317C
:1010C000064BAE2000B913D51CF5875B031677B924
:1010D00030869CFF3EFC2F03BA2AD51CF587FBC542
:1010E00021A6D620241142D230230D33D230230D35
:1010F00033D2282411429462E8910F843BDE87BFEB
:101100000E00BB2ED51CF587FF5230810D32161113
:101110006511511619649141161924155150110584
:1011200015515011251151D4208305133E7C0C001C
:10113000BC4ED51CF587BD81C229681083060962A3
:101140009C81C619681882861969149246196A101A
:10115000A206196B0C124724714412472464A8415B
:10116000482284A4414A1A438481C61861A021A65A
:1011700043823243A842D040210D393EA401BD4DE7
:10118000D51CF587BD81C2296810730809629C814E
:10119000862168989186196994A146196A10A20659
:1011A000196B0C1247247144124724A2A8214E1A2D
:1011B0006108728610649C818619689CE99042D00F
:1011C00028049132942889A50F6100BE4FD51CF5E3
:1011D00087B9F25019458C51861A841C43C8318353
:1011E0002C228809658871C42081982406428128B0
:1011F00032462471441247247190A108196A109252
:10120000C828690C83C81061A0318418680855C6C5
:101210005065A081041A727C4803BF28D51CF5874D
:101220004B049A6741F20127918204965741020BC1
:101230002491420111241031E498701053AA950FA3
:101240002F00C03ED51C3517B23C04CB141F9C3078
:10125000879C6281051A37C270238C460261630C39
:10126000360651641035CA500C35E4CE38C490436C
:10127000CC488490440851648C450459E4C365000B
:10128000C13FD51CF5074140D35033507CB0C21C40
:10129000728A051668DC08C38D301A09848D31D82E
:1012A00018449141D4284331D4903BE310430E318C
:1012B0002311421221449131161164910F9701C2FA
:1012C00043D51C750A7344D3D22AA12832C80A46D2
:1012D000C030879C6281051A37C270238C46026138
:1012E000630C360651641035CA500C35E4CE38C450
:1012F0009043CC488490440851648C450459E4C31D
:101300006500C342D51CB5210F8971DC2101A940BC
:10131000CA073ACC21A7586081C68D30DC08A3915A
:1013200040D818838D411419448D3214430DB933BC
:101330000E31E410331221241142141963114116A5
:10134000F9701900C43FD51C751E64A8224A2AA250
:10135000A4228A1A647C50C494248924966739D4C0
:1013600086186D08B288206B90B1062189A586DAAF
:1013700021861CCA0C440A49A30C450651649045B9
:101380003E5C06C543D51C351AB1BC2184134338D5
:1013900031841B61BC12879CC5020B346E84E1460C
:1013A000186E04C2C6186C0CA2C8206A94A1186AF0
:1013B000C89D71882187188248198910A206218A40
:1013C0008CB1C887CB00C639D51CF587F32C31D436
:1013D000D071A7A13602692310460261431036443A
:1013E00032442433463263104506515B62891092C1
:1013F0004621881482485162182586511F2E03C742
:1014000031D51CF587FBC525D5CE11C614434A41FD
:101410008490240C8124D24F92486241E21443CC40
:1014200011E634A59A89629258D8188325573A0054
:10143000C826D51CB521D1C003090DFF81501E0857
:10144000E5815048A42FBAE31D12E9171F08E58172
:10145000501E081F1E04C926D51CB522EF30E4C853
:1014600007F781501E08E5815048A42FBAE31D12EA
:10147000E9171F08E581501E081F1E04CA2DD51C40
:10148000B50A9240E3D02A82AC41C60A27A407429B
:1014900079209407422191BEE88E7748A45F7C2092
:1014A00094074279207C380D00CB2DD51C751E6524
:1014B000A4320A2AA3A0324A1A65F407427920947A
:1014C00007422191BEE88E7748A45F7C20940742B2
:1014D00079207C380D00CC1BD51CF5099344034FB3
:1014E0001C347C101AEA1A89F4FF8F35D47D380E2B
:1014F00000CD18D51CF51AEFB4E3C807B8A1AE911A
:1015000048FFFF5843DD872701CE1ED51C75129278
:1015100040D3D22A822842C60A27A886BA4622FD8C
:10152000FF630D751F8E03CF1ED51C751E65A4327B
:101530000A2AA3A0324A1A65F886BA4622FDFF633A
:101540000D751F8E03D03BD51CF587D36AB1D4101F
:1015500019E790520E31C590430C39C410440A412A
:1015600064A442462A64A4422152082285A061C88C
:1015700021861C62A8434A396418D4D052EAC303B6
:10158000D157D51CB521F088811A22E1A840CA079D
:101590009320520822A51C52CA21C518524E21E59B
:1015A000145210218584414821810C5288188314DB
:1015B00022A842C610A490410229848C400A21A886
:1015C00090720A31A610630A39A590530A41A410FB
:1015D000440A49E3C36900D241D51C3517B2C003A0
:1015E000CB141F14D39462C8087388A11029041166
:1015F00042141944914114194491411419449141E0
:1016000014194491411421438D4210290411431DA2
:10161000230C624A35F3E101D342D51CF50761C0C2
:10162000E28E2B507C904C538A2123CC218642A4FD
:101630001044085164104506516410450651641069
:101640004506516410450651840C350A41A41044E6
:101650000C758C308829D5CC8707D444D51C7512DD
:101660009240E3922AA2A841C614CD34A51832C2F2
:101670001C6228440A4184104506516410450651F5
:1016800064104506516410450651641045C850A3C6
:1016900010440A41C450C708839852CD7C78D54481
:1016A000D51CB52924A414C671688803C907D83489
:1016B000A51832C21C6228440A41841045065164B0
:1016C00010450651641045065164104506516410DA
:1016D00045C850A310440A41C450C708839852CD4E
:1016E0007C78D647D51C751964A8224A2AA2A42260
:1016F0008A1A647C804D538A2123CC218642A4100F
:101700004408516410450651641045065164104563
:1017100006516410450651840C350A41A410440C4E
:10172000758C308829D5CC8707D729D51CF587DF5C
:101730000C731C81882188909288282BB5F3CA33BA
:101740000EB112882AA2A0420A1A86A480C487BFBA
:101750000400D84DD51CF587F130493262A076DA05
:1017600031C21C6228630A31861033C220C408418A
:101770000629439041C8181419831A839041C62042
:101780006410310A19448C420609C38C720A29C6B6
:1017900010530A394698D321224A22537C1807D97C
:1017A00048D51CF5097444034F1C347C92082189E8
:1017B000109208218910920821891092082189101D
:1017C000920821891092082189109208218910928B
:1017D000082189109208218910824A21871833CC68
:1017E0006969B1F3E13C00DA48D51CF51AEFB4E3BE
:1017F000880C1F10920821891092082189109208E4
:1018000021891092082189109208218910920821BB
:101810008910920821891092082189109208218943
:1018200010824A21871833CC6969B1F3E15100DB9A
:101830004CD51C751AB1BCD3922AA2A851C60C88EB
:101840002442482284244248228424424822842478
:10185000424822842442482284244248228424424A
:1018600048228424424822842442482284A052C828
:1018700021C60C735A5AEC7C380F00DC4DD51C7510
:101880009952190595515019258D323E90241142D7
:101890001221241142122124114212212411421238
:1018A0002124114212212411421221241142122119
:1018B000241142122124114212210495420E316654
:1018C00098D3D262E7C37900DD30D51C350B923C4A
:1018D000D3CE23317C4088228324520822851CCA1F
:1018E00090430A49849044C858449045C468A89DD0
:1018F000675E89F4DF871700DE29D51CF587CB24C6
:10190000D2C586DC79869862082285205208228515
:1019100020520822851C629E71A72112E97D78075A
:1019200000DF46D51CF5874BC5A5B5921105915230
:101930000C39C490430C39C410530C29E5107110B4
:10194000110711910C31A610440A418590440849B1
:1019500084904408498410440A11429842823224F7
:10196000A44384F9701E00E034D51CF5877E9823CB
:10197000964824894412193E3087ADD4501126056B
:10198000442295D871E6996248218814724A21C68A
:1019900014239079C7A532C887D300E133D51CF54D
:1019A000870931472CAF402A92193E3887ADD45071
:1019B000112605442295D871E6996248218814724F
:1019C0004A21C614239079C7A532C887D300E239CB
:1019D000D51CF5870521472CEFB8110823812C323F
:1019E000080B457C300E5BA9A1224C0A88442AB121
:1019F000E3CC33C590421029E494428C294620F36D
:101A00008E4B65900FA701E334D51CF587C9F29082
:101A100018C7A1218E0AA47CA81DB652434598146C
:101A200010895462C799678A21852052C829851870
:101A3000538C40E61D97CA201F4E03E437D51CF592
:101A4000873BA38C5446416514544649A38C0FEE42
:101A5000614A3554844901914825769C79A61852EB
:101A60000822859C528831C50864DE71A90CF2E118
:101A70003400E537D51CF587FE80E609319C18C295
:101A800009319C89E3837DD84A0D15615240245267
:101A9000891D679E298614824821A714624C310251
:101AA00099775C2A837C380D00E63CD51CF5873F8E
:101AB0004F08392898F2802024A0304A28840C4509
:101AC000C850848CF240200F88F1C0106590440803
:101AD000498490444821611471C4180F0C72C431B8
:101AE000A5900FA701E72AD51CF5877FC234A5DA98
:101AF00031E294728621481812E94912CB11E88824
:101B0000825A5AEC4031492C4D10C192331C00E8E6
:101B100036D51CF5877E9823964824894412193EB1
:101B200030A629C55211E61043CE40A41044CA0382
:101B3000A13C10CA03A19048628904856484392DB0
:101B4000AD663E9C07E935D51CF5878940472CAF2B
:101B5000402A12293E38A629C55211E61043CE402C
:101B6000A41044CA03A13C10CA03A190486289048E
:101B7000856484392DAD663E9C07EA3AD51CF5870D
:101B8000BE982396771A6A439045065982880F8833
:101B9000694AB1548439C4903310290491F2402821
:101BA0000F84F2402824925822412119614E4BABF8
:101BB000990FE701EB38D51CF5873BA38C544641C0
:101BC0006514544649A38C0FAE694AB1544639E4B2
:101BD0004C69149246792094074279201412892482
:101BE0009120818C30A729D5CC87F300EC1CD51C23
:101BF000F58790882456914812C70C1F14D4B0481A
:101C0000FFD758E23E3C0900ED1BD51CF5879890A4
:101C10002412486081248E0F326A58A4FF6B2C7105
:101C20001F9E04EE20D51CF5877E984312681C6227
:101C30002410360661A1880F026A58A4FF6B2C712C
:101C40001F8E03EF1FD51CF5873B830C5544494578
:101C500094544451838C0F2A6A58A4FF6B2C711F33
:101C60008E03F039D51CF587C9010F094CB184D614
:101C7000526B0C22094B8AA1768C30A62AE41442BE
:101C80001221241142122124114212212491420EC8
:101C900031C5906382494CA9663E3CF140D51CF5A4
:101CA00087C5F2CE10A82112500AA57C28915112A6
:101CB0000908B9834239A610530C75882187187218
:101CC000882187187288218718728821871872885E
:101CD000218718728821877CB80D00F239D51CF550
:101CE00087BC902356914812890C1F1CD3D262C81E
:101CF00004734A29861C52482284244248228424A0
:101D0000424822842452C821A618724C3089A9E482
:101D1000CA871700F339D51CF5870531472C908207
:101D20000592193E40A6A5C59009E694520C39A427
:101D30009044084984904408498490440849A490F8
:101D4000434C31E498601253C9950F2F00F43FD5EE
:101D50001CF587BE90239677DC0884914016198481
:101D600085223E20A6A5C59009E694520C39A49080
:101D700044084984904408498490440849A4904305
:101D80004C31E498601253C9950F2F00F539D51CDA
:101D9000F587C5F29010C89D31CE2B1F72A6A5C540
:101DA0009009E694520C39A4904408498490440860
:101DB000498490440849A490434C31E498601253FC
:101DC000C9950F2F00F63DD51CF58733A38C5446DB
:101DD000416514544649A38C0FB069693164823956
:101DE000A514430E29241142122124114212212448
:101DF00011421229E410530C392698C45472E5C3D9
:101E00000B00F71AD51CF5871F16924422C507F759
:101E100099EF434E481289141F7E1700F83FD51CD6
:101E2000F587DF1693ACA45662C80473CA3886904F
:101E30001146216408420819821032C620840832F3
:101E4000082162102A1042CA088310634839269874
:101E5000C4D052239445A4F8300E00F93FD51CF5A8
:101E60008792882512492291448A193E10E4104332
:101E70000E31E410430E31E410430E31E410430EF2
:101E800031E410430E31E410430E31E410534A396B
:101E9000269CE3505345900F2F02FA3CD51CF58742
:101EA000969804164893E3834B0E31E410430E31A9
:101EB000E410430E31E410430E31E410430E31E4DC
:101EC00010430E31E410430E31A59463C2390E3530
:101ED0005504F9F02200FB43D51CF587BE9004168B
:101EE00068DC08841131D8188485123E39C49043C7
:101EF0000C39C490430C39C490430C39C490430C42
:101F000039C490430C39C490430C39C494528E099F
:101F1000E738D45411E4C36D00FC42D51CF5873377
:101F2000A38C5446416514544649A38C0F2639C4EA
:101F300090430C39C490430C39C490430C39C4907D
:101F4000430C39C490430C39C490430C39C49452A7
:101F50008E09E738D45411E4C36D00FD43D51CF558
:101F60008798902412486081248E0F2E4984104453
:101F70000A41C490430C39030D431029430D421408
:101F8000194491311809849130DC08C39D57608150
:101F900024522B10B286282B31F4CA071800FE35C4
:101FA000D51CF5872324D24F14D5903B4718530CEA
:101FB000754A218814824821881482482188148215
:101FC00048218798628839C218771A22A22812E914
:101FD0007D5000FF48D51CF5873B830C554449458F
:101FE00094544451838C0F2649A310440C39C49057
:101FF00033D0300491421029430D421419648D31BD
:102000001809A48D30DC08C39D576089438E48961B
:1020100020838D505662E8950F060000000004FFF3
:10202000FF0000120205040506010406182700F847
:102030001EF81EF700000000030A200BF80CF887BA
:10204000FFFFFFCF002A31F80CF8870F964928D5FB
:1020500082216D10524431828C421E28E481729C90
:10206000331141F48820AD88B20A29A998828A29BF
:1020700069A0F1E19F032B1BF80CF88777CBAC6FBD
:102080003D50C803853C50C8038595597F1FFE49C4
:10209000002C18F80CF887FFFF6B641A79E225CD45
:1020A0002C935032293A6C70002D16F80CF887FFEB
:1020B000FA03C33C30CC03C33C303EFCFF2D002E62
:1020C00012F80CF887FFFF73831679E2250B1D1FAA
:1020D0001E2F2FF80C781C95CC32C9AC649945960C
:1020E0005964994596592699659259269965925948
:1020F0002699952CB3C8328B2CB34C62C5876700E8
:10210000304DF80CF807DAC4D4D872CA08938A297B
:10211000A89872CA31A61C63C839A598444A21A15F
:1021200090528628A410220A29838C42CA18A4122D
:10213000A314520229852453CA39A598538C39B562
:10214000634A496698E4167329960FDF033119F83C
:102150000CF8079C480391538CB5124A13A4CCFA8F
:10216000FFFF3E7C0F00322FF80CF807DA40C59ACB
:102170007AA990732A3452492195599B641659A41F
:1021800089562CB2DE24B3C8078679609807867911
:10219000607CF812003336F80CF807DA40C55C7A38
:1021A0002024528C12A7D032CB24B344D3944B4F6B
:1021B000B925CF2CB4CC5A0AA920910A1AA7A0425B
:1021C000CE792024C7D63B1FBE07003435F80CF863
:1021D000079FCC4A9A7841F49223A138124A23A24D
:1021E00030320A23A32C428A22A528524A22A6A0D2
:1021F000070A79A090070A79A0BC32EBF7E16300E7
:102200003538F80CF807F501711E10E701711E1042
:10221000A7CCBAC998532F3D10902106916352481C
:1022200085125A660D0545CE48C59463CC21063DFE
:1022300010925BEB9D0FDF033642F80CF807DC4091
:10224000C59A7AE81092CA11A9CC32C92CC2AC97AF
:102250001E08E80171D030C79C620A2AA624624A8F
:102260002AA5A4524A2AA5A4624822A73AC6146401
:1022700086514EB5A6A0F9F03900372DF80CF807B5
:10228000F481611E18E681611E18B2CC22CB2CB2FB
:10229000CC32C9AC6499659259C932CB24B39265EA
:1022A00056B2CCEAC337013840F80CF807DB40C51A
:1022B0009A7AC90C938A29A73E540C49A5146544FF
:1022C00061CB25B758112795525039E590444C49B8
:1022D000A594544A49A594548A39C69862CE0321DC
:1022E00039B6DEF9F039003941F80CF807DA40D593
:1022F000D872C910838A29A7A0620A2AA624624A32
:1023000022A624624A2AA61C630C41E701711E1012
:102310002985B28C20949A550AA8A4614C22C42421
:10232000A71A5BD07CF820003A1AF80CF8873F3DDA
:102330006891275EB2D0F1E1DB831679E2250B1DAF
:102340001F1E00000004FFFF0000ED020302040551
:10235000010305081000FC0AFD0A0001E6041B0C3D
:1023600087200808039FFFFF04211008039FAA0E7F
:10237000E1100EA96CC7659D07220B08031FF25BD5
:1023800094F37F06231708039F51D114691822453F
:102390005334451A8648D1149D3300241608034F40
:1023A00016074953C4441F745909154D1A5459A7A7
:1023B00002250E08039FA39868AA6F4AA8730526F2
:1023C0001108039F382A9A225E2C93DF169D2B005A
:1023D000270B08031F93AD3AFF4F00280B08039FFC
:1023E000AC9A7DB77306290B08039FA89B7DB5F3B4
:1023F000022A1008039F67491BA26190864CD2F9FC
:10240000012B0D08039F2FB2388CB2CE4F002C0A3F
:1024100008039FFF2A5B750E2D0B08039FDF8721A2
:10242000E79F002E0908039FFFD9CE032F0B080357
:102430009FB758F539E711301508039F382A92A63F
:10244000688A9258129BA2498AB8F300310D08039A
:102450009FAA8E43ECC761E70A321008039F3648F3
:102460009AACFAAC29C3907305331108039F364820
:102470009A6C1B72D9A24983CE19341208039FACFF
:102480008E43A648A6614865EB9073053511080395
:102490009F340C896C1E76D9A24983CE1936130855
:1024A000039F38AAB23C4C9AA2299AA24983CE191A
:1024B000370E08039F340C89265B9DDD79013816A1
:1024C00008039F36489AA2299A34489AA2299AA2C8
:1024D0004983CE19391208039F36489AA2299A34A3
:1024E000CCAEDA90F3003A0C08039FBBAC73927544
:1024F000BE003B0D08039FBBAC7392559D17003C7B
:102500000B08039F8BEADD3B57003D0C08039FE758
:1025100061270E3B7F013E0B08039F51F7EA9D2781
:10252000003F0F08039F36489AA2A9663B2EEB3C5A
:10253000401708039F7190344553942151864419E4
:102540001265D2079D3300411608039F1A8F8AA493
:10255000299A320C89A6688AA6683A570042100860
:10256000039F346C924F8326F9CBB0730643110856
:10257000039F3864922226B2C7C836E49C01440FF8
:1025800008039F34888A26F97F91069D0745150820
:10259000039F340C915BA48443A884B2165986210E
:1025A000E70A461308039F340C915BA48443A88474
:1025B000B275C87901471408039F3864922226B285
:1025C00065483445936C4BCE15481708039FA429E2
:1025D0009AA2299A320C89A6688AA6688AA67305E7
:1025E000490D08039F38A4B2BF0E3967004A0D0891
:1025F000039F3AA4B227BF0D390F4B1208039F3433
:10260000F9451BC2215434C965D2B9024C0F0803E5
:102610009F34A4B2DF22CB30E45C014D1708039F46
:10262000A4290F43320C8992D8144DD1144DD17482
:10263000AE004E1908039FA429933224CA3024CA3D
:1026400090488BA6688AA6683A57004F1608039FE1
:1026500036489AA2299AA2299AA2299AA24983CEF7
:1026600019501008039F346C924F8326BB0E392FEC
:1026700000511908039F36489AA2299AA2299AA2C2
:10268000294A6219A24196771A00521108039F3411
:102690006C924F83A668922F93CE15531308039F15
:1026A00036489AA249FA6ED1144D1A74CE005410CD
:1026B00008039F364CC39428A1ECEB907306551683
:1026C00008039FA4299AA2299AA2299AA2299AA228
:1026D0004983CE19561508039FA4299AA2299AA2C4
:1026E000299AA2498A38E7BC00571808039FA429F1
:1026F0009AA2299AA22496C49228C3909C149D332E
:1027000000581508039FA4299AA46883B88E83A64D
:10271000489AA2E95C01590E08039F26F9DB90CA8A
:10272000AE43CE195A1208039F340C89A684AA8F8F
:1027300089A60C43CE155B0D08039F3884B23F0F6A
:102740003967005C0C08039F2D977FD673AE005D40
:102750000C08039F38C4FE71C839035E0C08032FB0
:102760001E1549D3F97F065F0B08039FFFCFC3A057
:102770009300600A08034BD675FE7F02610E0803C2
:102780009FE721D706C96F8BCE15621008039F34CF
:102790009B8750D1247F1A74CE00630F08039FE7F4
:1027A00041D214D94D1A74CE00640F08039F3A1B0E
:1027B000874C91FCDBA27305651108039FE741D2AA
:1027C000946148649B34E89C01661108039F382A91
:1027D0009A94A9432ABB0E392F00670F08039FE77D
:1027E000C5E4BF0DB2641B7210680F08039F34BBB1
:1027F000688BE45F269D2B00690D08039F2AEBF090
:10280000ECEB9073066A0E08039F2EEBF0EC276F3B
:10281000438E016B1208039F343B59B4211C42457F
:10282000939449E70A6C0B08039F38FBD721E70C08
:102830006D1408039FD7451A8644492C8925B12475
:10284000369D2B006E0C08039F576593FCDFB90281
:102850006F1208039FE741D2144DD1144DD1A4410A
:10286000E70C701008039F576593FCA74193D5218F
:102870004701710F08039FE7C5E4BF0DB275C8217A
:1028800000720E08039F57655B2467EB90F3027399
:102890001008039FE741D2247D973469D03903742F
:1028A0000E08039F1A1B8751F622EE9C01750C0837
:1028B000039F57C9FF6DD1B902760C08039F67C902
:1028C0007F1B529D07771408039F574DD11425B1E4
:1028D000249644198648D13903780F08039F574D31
:1028E00052C4F5A8489ACE15791508039F574DD1C3
:1028F000144DD1144DD1A46156A54107017A100899
:10290000039FD7614824D59B320C3957007B0D08B3
:10291000039F3CCAC65D76DFB9027C0B08039F2A81
:10292000BBE3B2771E7D0D08039FB6CBF65176DC74
:1029300079017E0A08039FB65876FE3F7F1208038E
:102940009F7B3C2A92A6688AA60C43CE3300A0083F
:1029500008039FFFFF04A11008039F2AEBB86C1D1A
:10296000C2211C529D07A21008031F94D52193CCAD
:102970004EDA90CA3A0FA31208031F1B154DCAD492
:1029800021955D2765D83903A41408039FA3260D5C
:1029900092A6688AA668D220693A5700A510080353
:1029A0009F26B90DA9388CE230CA761EA60B080303
:1029B0009F2ABBE3B2771EA71608031F1A244DD225
:1029C0004745D2144D52C45DD2A4416705A80A08F8
:1029D000031FD174FEFF02A91508039F3648691230
:1029E000296D492DA92591528D069D0FAA10080326
:1029F0001F1B324553C441C7869DFF06AB0F08031A
:102A00009F7745522445544445E707AC0B08039F84
:102A1000CFC3107BE719AD0B08039FDF8721E79F2A
:102A200000AE1308039F3648699248492F52D2BF1F
:102A30004683CE07AF0A08031F19069DFF3FB00C5F
:102A400008031F1B154D1177FE1FB10F08039FBB15
:102A50002C0EA3AC538741E708B20E08031F1A15CA
:102A6000D5291B74FE2B00B30E08031F1972719732
:102A7000B521E73F03B40A08031F75E7FF1300B54C
:102A80000E08039FABE43F0D9AACEA9C00B6180811
:102A9000039F365C94215186C432249AA2299AA2BB
:102AA000299AA27304B70A08039F7FD4F91B00B8C0
:102AB0000B08039FFFBB6DC8A900B90C08031F5387
:102AC00067D721E7BF02BA0F08031F1B154D117707
:102AD00074D0F98F00BB1008039F574554444552EA
:102AE0002445E72700BC1408031F918D89A648AA36
:102AF00093222DD1900DB29D06BD1208031F918D1A
:102B000089A648AA972954AD834E03BE1508031F12
:102B1000D9552D5394457552A4254AB441B6D300D6
:102B2000BF1108039F28EBB8AC9A354593069D3337
:102B300000C01608035317E351913445538621D141
:102B4000144DD1144DE70AC117080347D5A1785495
:102B5000244DD19461483445533445D3B902C21849
:102B60000803679034311E154953346518124DD14E
:102B7000144DD174AE00C316080367B1EC703C2A43
:102B800092A668CA30249AA2299ACE15C4160803C0
:102B90001FD174341E154953346518124DD1144D8C
:102BA000E70AC51608036B54C41D1E154953346546
:102BB00018124DD1144DE70AC61108039F38488AF0
:102BC000E4691812C93FED5C01C71408039F38641B
:102BD000922226B263641B625D1A742200C8160832
:102BE000034BD7C16188DC22251C4225D422CB307F
:102BF000E45C01C91208034FB5C3C310390F9A6CC6
:102C0000528621E70ACA1708036B54746C1822B75E
:102C10004809875009B5C8320C395700CB1708034B
:102C20001FD174681822B74809875009B5C8320CFB
:102C3000395700CC0E08034BD7E12195FD3AE49CAF
:102C400001CD0E080353D5E12195FD3AE49C01CE58
:102C50000F08036BC8241D1C52D9AF43CE19CF0EE9
:102C600008031FB283432AFB75C83903D012080337
:102C70009F34888A26B90C89E42FD2A0F300D11999
:102C8000080367B1EC9865528644198644191269A5
:102C9000D1144DD174AE00D21608034BD7D141D216
:102CA000144DD1144DD1144DD1A441E70CD31608C5
:102CB000034FD5E141D2144DD1144DD1144DD1A4BF
:102CC00041E70CD41708036B5474709034455334A7
:102CD00045533445533469D03903D517080367B1D8
:102CE000ECE020698AA6688AA6688AA668D2A073E2
:102CF00006D61708031FD1746C90344553344553DE
:102D00003445533469D03903D70F08039F574D52C8
:102D1000C47554244DE719D81908031FCE06495A23
:102D2000A445492C8925B124CAA44CD2A0E59C0015
:102D3000D91608034BD7414DD1144DD1144DD114A0
:102D40004DD1A441E70CDA1608034FD5514DD114EB
:102D50004DD1144DD1144DD1A441E70CDB1608031D
:102D60006B5474CCA2299AA2299AA2299AA24983C7
:102D7000CE19DC1708031FD174485334455334452A
:102D8000533445533469D03903DD10080353D5510A
:102D9000C9DF8654B60E396700DE1108039F34A4DC
:102DA000F2A049FE3468EA90F302DF1308039F366D
:102DB00064925F34C9A6688AA6483A6700E01008A2
:102DC000031FD2EDE8906B83E4B745E70AE11008F2
:102DD000031F54EDF8906B83E4B745E70AE212084D
:102DE000031F8C474507875C1B24BF2D3A5700E320
:102DF0001108039FB6587670C8B541F2DBA273057F
:102E0000E41008039F64A70EB936487E5B74AE00D9
:102E1000E51208031F1B157147875C1B24BF2D3A61
:102E20005700E61208039F57495B34451A169B2248
:102E30002A3B5700E71108039FF39049669336C475
:102E4000BA36E4AC00E81308031FD2EDE82069CAE3
:102E50003024B24D1A74CE00E91208031F7587079B
:102E600049538621916DD2A07306EA1408031F8C82
:102E70004745070749538621916DD2A07306EB138E
:102E800008039FA4E9C441D2946148649B34E89C40
:102E900001EC0D08031FD2EDF0ECEB907306ED0D85
:102EA00008031F75C7675F879C3300EE0F08031F79
:102EB00054874CD2C1D9D721E70CEF0D08039F26C8
:102EC000E9D4D9D721E70CF01108039FA8A46AA27E
:102ED0006B83E4DF869C3300F10F08039FB65876BE
:102EE0004CD924FF77AE00F21408031FD2EDE8207E
:102EF000698AA6688AA668D2A07306F31408031F1D
:102F000054EDF820698AA6688AA668D2A07306F4F0
:102F10001608031F8C47450707495334455334456A
:102F200093069D3300F51508039FB65876709034CC
:102F300045533445533469D03903F61408039FA42C
:102F4000E9C441D2144DD1144DD1A441E70CF70E80
:102F500008039FBBACA3C38ECA3A5F00F8140803F2
:102F60009FE74192166548864499144D1A74CE0025
:102F7000F90E08031FD2EDA0E4FFB6E85C01FA0EDB
:102F800008031F54EDB0E4FFB6E85C01FB10080332
:102F90001F53874CD231C9FF6DD1B902FC0D080314
:102FA0009F64274AFE6F8BCE15FD1608031F7547D9
:102FB000354553344553344593865995061D04FED3
:102FC0001108039F349B074DF29F064D56871C0541
:102FD000FF1608039FA4E9348BA6688AA6688A2690
:102FE0000DB3AA0D390800000014016407B603B739
:102FF000075B044B07A920760634FFFF0100180881
:103000000367D0E17854244DD1946148344553345A
:1030100045D3B90201011108039F36E8D421D70630
:10302000C96F8BCE1501021808034393061D8E4706
:1030300045D2144D198644533445D3B902010313C4
:1030400008039FA449830E0EB936487E5B74AE0018
:1030500001041908039F1A8F8AA4299A320C89A6A1
:10306000688AA668A2AA0F390401051208039FE71F
:1030700021D706C96F8BA8EA430E01010613080386
:1030800053D5E121931431911D23DB907306010781
:103090001108031F7587074953643769D039030145
:1030A000081408036F547470C824454C64C7C836AC
:1030B000E49C0101091308031F8C47450707495386
:1030C000643769D03903010A1308034FD6E121930D
:1030D0001431911D23DB907306010B1208039F2A04
:1030E000EBE820698AEC260D3A6700010C1508030D
:1030F00047D2861C1D32491113D931B20D396700F0
:10310000010D1208039FA6883B3A489A22BB4983C7
:10311000CE19010E110803C7B88383A86892FF4532
:103120001A741E010F110803C7B8E3B371C814C99C
:103130006F8BCE1501101308039F34888A26B90CB3
:1031400089E42FD2A0F30001111108039F6C1B56D4
:1031500071C814C96F8BCE15011218080367D0B15E
:103160006188DC22251C422594B5C8320C395700F1
:1031700001131408039F36E8D441D2946148649B3C
:1031800034E89C0101141808034393061D1B86C8EC
:103190002D52C22154422DB20C43CE1501151508F3
:1031A000039FA449830E0E92A60C4322DBA441E7A1
:1031B0000C01161708034FD6C16188DC22251C427A
:1031C00025D422CB30E45C0101171408039F2AEBBD
:1031D000E82069CA3024B24D1A74CE0001181908CB
:1031E000039F340C915BA48443A884B216598621B2
:1031F00054F521870001191508039FE741D2946116
:1032000048649B3488AA3EE41800011A170803C7D3
:10321000B883C310B9454A38844AA8459661C8B9ED
:1032200002011B1508039F2669430E0E92A60C434C
:1032300022DBA441E70C011C1608036F547470C80C
:1032400024454C64CB9068926DC9B902011D1408E5
:10325000031F8C4745071793FF36C8926DC841007E
:10326000011E17080347D2861C1D32491113D9329B
:10327000249A645B72AE00011F1408039FA4498363
:103280000E2E26FF6D9025DB90830001201508038C
:103290004FD6E121931431912D43A249B625E70A77
:1032A00001211208039F2AEBE862F2DF0659B20DF2
:1032B000390801221808039F3864922226B2654813
:1032C0003445936C4BA86B430E0201231408031F73
:1032D0001C325D471793FF36C8926DC84100012428
:1032E0001808036B5474CCA2299AA229C390688A47
:1032F000A6688AA6730501251108036B54746C76C1
:10330000D116C92F93CE1501261108039F26B90C9B
:10331000832249C3E47FE70A01271208039F34ABE5
:1033200083282BDA22F965D2B90201281008036735
:10333000B1ECE890CA7E1D72CE0001290F08039FF0
:10334000B6587674F675C83903012A0F080367D892
:10335000C12195FD75C83903012B0E08039F36E87E
:10336000E4D9D721E70C012C10080347D2861C1D95
:1033700052D9AF43CE19012D1008039F2669438E01
:10338000CEBE0E396700012E1008039F38A4B2BFCD
:103390000EA97DC82100012F1008039F2AEBF0EC35
:1033A000EB90DA871C0201300F08034FD6E121951C
:1033B000FD3AE49C0101310C08039FF7D9D721E7BE
:1033C0000C01321808039F242D9AA2299AA2299A47
:1033D000A22496C4929874CE0001331908039FA4C6
:1033E000299A0E498BA6688AA6688AA668164D1186
:1033F000770C01341008036F54747448654FDE86EF
:103400009C0701351008031F8D474547673F791B0F
:10341000721001361608039F34F9451BC22154343B
:10342000C96512756DC8410001371608039F343B0A
:1034300059B4211C4245939449D4B5210701013860
:103440001108039FD7C98B36848A262993CE15018C
:10345000391208039F342492A2C9BE459661C8B9A7
:1034600002013A0F08039F345934D9AF43CE0B0001
:10347000013B1308039F34A4B2DF22CB3084BA3659
:10348000E42000013C0F08039F38FBD721D5B5216C
:103490000701013D1108031F54066592FD16598668
:1034A00021E70A013E0F08031F54066592FD75C807
:1034B0007901013F1108039F34A4B2C9B32DB20CA6
:1034C00043CE1501400F08039F367BD1144DB60E35
:1034D000390F01411508039F34A452A66843789D13
:1034E000B5C8320C39570001421408039F382BE14C
:1034F00010AEEA388489AC0E39670001431A08031C
:1035000053D5414D9994215186215186445A3445D1
:1035100053349D2B0001440E08031F7547954DF24F
:103520007FE70A01451C08039FA429933224CA306F
:1035300024CA90488BA6688AA668A2AE0D390801F5
:10354000461008039F576593FC1F756DC841000125
:10355000471A0803C7B8839A322943A20C43A20C26
:1035600089B4688AA6683A570001481008039FA6E4
:10357000883BA86C92FF3B570001490F080347B6F0
:10358000EAB8B249FEEF5C01014A1B08039FA42977
:10359000933224CA3024CA90488BA6688AA668B29F
:1035A00071C700014B0E08039F576593FC9F8D3B2D
:1035B00006014C19080367D0C141D2144DD1144DF6
:1035C000D1144DD1144D1A74CE00014D1508039F2E
:1035D00036E8D441D2144DD1144DD1A441E70C01A9
:1035E0004E1908034393061D1C244DD1144DD114CC
:1035F0004DD1144D1A74CE00014F1708039FA449F2
:10360000830E0E92A6688AA6688A260D3A67000184
:10361000501908034B91141D1C244DD1144DD11485
:103620004DD1144D1A74CE0001511708039FA848BC
:103630008A0E0E92A6688AA6688A260D3A6700014D
:10364000521108039F362C929F16C9DF869D2B00CE
:1036500001531408039F674552124B6219129B22B3
:103660002A3B570001541408034FD5D161937C1AAB
:103670003445935C269D2B0001551108031F7547A7
:10368000956D919CAD43CE0B0001561508039F34F8
:103690006C924F83A668922F93A86B430E0201573A
:1036A0001108039F57655B2467EB90DB861C0401C0
:1036B00058140803C7B883C326F934688A26B94C5E
:1036C0003A570001591208039FA6883BA86C8BE467
:1036D0006C1D725E00015A1508034FD5E141D214EA
:1036E0004DD27749533469D03903015B1308039FE6
:1036F000ACEAE8206992BE4B9A34E89C01015C1662
:1037000008036B54747090344593F45DD2144D1AD1
:1037100074CE00015D1408031F8C474507074993C9
:10372000F45DD2A441E70C015E1608039F36489A67
:10373000A249FA6ED1144D1A545D1B7210015F1428
:1037400008039FE741D2247D97346950756DC841C5
:10375000000160130803C7B8A383A429BABE5B3471
:1037600069D0390301611408039FA6883B3A489A3F
:10377000A4EF92260D3A670001621408039F364CAD
:10378000C39428A1ECEB90EADA908300016312085D
:10379000039F1A1B8751F622AEBA36E4200001645B
:1037A00014080347D2861C1CA6614A9450F63AE4DA
:1037B0009C010165100803C7B8E3B1711865177162
:1037C000E70C01661408039F364CC39428A12C0E05
:1037D000A36C1D72CE0001671108039F1A1B87514D
:1037E0001C46D922EE9C01016818080367B1EC98C9
:1037F0004553344553344553344593069D330001B6
:10380000691008039FB658764CF27F5B74AE0001D6
:103810006A190803E390439AA2299AA2299AA22935
:103820009AA2299A34E89C01016B0F08039F34EC9B
:1038300044C9FF6DD1B902016C1808034393061DFA
:10384000B3688AA6688AA6688AA668D2A0730601A9
:103850006D1008039FA449838E49FE6F8BCE15011E
:103860006E1708036B54C41DD4144DD1144DD114DC
:103870004DD1A441E70C016F1208031F1A32491BF6
:103880007250F27F5B74AE0001701808034B911404
:103890001DB3688AA6688AA6688AA668D2A073063D
:1038A00001711008039FA8488A8E49FE6F8BCE15C0
:1038B00001721908039FA4299AA2299AA2299AA2FF
:1038C000299AA249836A1F720801731008039F573F
:1038D000C9FF6D11557DC8210001741908036B548F
:1038E00074CCA2299AA22496C49228C3909C149DB9
:1038F000330001751808031F8C4745C72C9AA22472
:1039000096C49228C310293A670001761208036B07
:10391000C8241D93FC6D4865EB9073060177190868
:10392000031F8C4745C72C9AA2299AA2299A34CC06
:10393000AA34E8200001781108031FB26392BF0D7A
:10394000A96C1D72CE0001791508034FD5D16148CD
:103950003425533D269A320C395700017A12080358
:103960001F7547872191546FCA30E45C01017B15B4
:1039700008034FD6C161483425533D269A320C398D
:103980005700017C1308039F2AEBE0302492EA4D94
:1039900019869C2B00017D150803C7B883C3906866
:1039A0004AA67A4C34651872AE00017E1308039F54
:1039B000A6883B380C89A47A538621E70A017F0F39
:1039C00008039F3A2A9A94C9BE0E390F0192120831
:1039D000031F1D154D360EA3EC4D1177320001A1CA
:1039E0001208039FE761B1299AA2299A22EEBC002E
:1039F00001B71308039F340C89A65A875CB668D2B6
:103A0000A0730601FA1808036B891471874745D221
:103A1000144D198644533445D3B90201FB130803EE
:103A2000531C157147875C1B24BF2D3A570001FCBE
:103A300013080353D5E14152244FC390487EDAB9AD
:103A40000201FD1408031F7547256DD11469586CD8
:103A50008AA8EC5C0101FE1A08034FD5A16C90A462
:103A6000455A94C492581265522669D0724E00018C
:103A7000FF1708031F54EDF820498B322443A24C52
:103A80008A260D3A670002181608039F36489AA244
:103A900049FA6ED1144D1A7458D551000219130801
:103AA000039FE741D2247D973469D06155470102D5
:103AB0001A1308039F364CC39428A1ECEB90C3AAB9
:103AC0008E02021B1108039F1A1B8751F622EEB0CB
:103AD000AAA30002511308039FE7C532299AA2291D
:103AE0009AB22D3A570002781208039F7118D52117
:103AF000937C1B5271D8B90202C60C08031F8C4775
:103B000045E7FF0302C70C08031F52C49DFF9F0037
:103B100002C90B08031F1A74FEFF0402D80D080324
:103B20001FD1A441E7FF170002D90B08031F9475AA
:103B3000FE7F0202DA0D08031F1B154D1177FE1FD1
:103B400002DB0C08039FFF77551F720C02DC0C0888
:103B5000031F5A2C3BFFBF0002DD0E08031F532436
:103B6000455274FEBF00037E0E08039FBBAC7392E8
:103B7000559D170003840B0803539573FE7F0303C1
:103B8000850C08034FD55149E7FF03038618080346
:103B900047D5A17854244DD19461483445533445D8
:103BA000D3B90203870B08039F2FB2CE7F0503888A
:103BB00017080347D5F16188DC22251C4225D42251
:103BC000CB30E45C01038918080347D5714DD1144B
:103BD0004DD19461483445533445D3B902038A0F1B
:103BE000080347D549432AFB75C83903038C1708D6
:103BF0000347D52983A4299AA2299AA2299AA249DE
:103C000083CE19038E11080347D52992BF0DA96CE5
:103C10001D72CE00038F17080347D549A322698A76
:103C2000A6688A26299A222D3B570003900F080385
:103C30004FD5514947655F529D0703911708039F70
:103C40001A8F8AA4299A320C89A6688AA6683A57DC
:103C50000003921108039F346C924F8326F9CBB076
:103C6000730603931008039F340C915B24FB3AE422
:103C7000BC0003941508039F9AC7EBA8688AA4297F
:103C80009AA229C390730503951608039F340C91DB
:103C90005BA48443A884B216598621E70A039613CD
:103CA00008039F340C89A684AA8F89A60C43CE15DD
:103CB00003971808039FA4299AA2299A320C89A66F
:103CC000688AA6688AA6730503981608039F382A8F
:103CD00092A668CA30249AA2299AA4883B0F039915
:103CE0000E08039F38A4B2BF0E396700039A130869
:103CF000039F34F9451BC2215434C965D2B902036C
:103D00009B1408039F9AC7EBA8688AA4299AA22942
:103D10009ACE15039C1808039FA4290F43320C89DF
:103D200092D8144DD1144DD174AE00039D1A0803DE
:103D30009FA429933224CA3024CA90488BA6688A4B
:103D4000A6683A5700039E1308039F340C89A613F4
:103D5000079D55538621E70A039F1708039F36489E
:103D60009AA2299AA2299AA2299AA24983CE190332
:103D7000A01808039F340C89A6688AA6688AA668DA
:103D80008AA6688AA6730503A11108039F346C9262
:103D90004F8326BB0E392F0003A31508039F340C55
:103DA000892669992EABB644538621E70A03A411EC
:103DB00008039F364CC39428A1ECEB90730603A52F
:103DC0000F08039F26F9DB90CAAE43CE1903A61550
:103DD00008039F38A783A42496C49258126950E31D
:103DE0009D0703A71608039FA4299AA46883B88E89
:103DF00083A6489AA2E95C0103A81608039FA4249D
:103E000096C49258124B6249A441CDE39D0703A981
:103E10001708039F382A92A6688AA66892A2299A50
:103E2000222D3B570003AA0F08031FB283432AFB2E
:103E300075C8390303AB1108031FB26392BF0DA904
:103E40006C1D72CE0003AC1008039FACEAE812F9B7
:103E5000DF169D2B0003AD1108039FAEEAE820C9D1
:103E6000FA28EB83CE1503AE1008039FACEAA0B28C
:103E700049FECFEE100003AF0D08039FACEAB05F20
:103E8000529D0703B01108034FD55149C7A445F20D
:103E9000DF869C0703B10E08039FE725F2BF2D3A8A
:103EA000570003B21808039F366492176D98344583
:103EB00053344553864996730A0003B31408039F8D
:103EC000574D5234455C8F8AA6688AB8830003B484
:103ED0001008039F3A64BA7190FCDB90730603B537
:103EE0001008039FF74192F551D6079D2B0003B6AA
:103EF0001108039FA40FA26A76D7875CDC890003B0
:103F0000B70E08039F576593FC9FDD210003B8138C
:103F100008039F3864926F8A38249AE46DC8390385
:103F200003B90C08039F77D99754E70103BA130824
:103F3000039F574D912CDAA02D92A6683A570003A3
:103F4000BB1108039F3864926C1D874C91FCCE1501
:103F500003BC1008039F57C97F5A244549643B019D
:103F600003BD0E08039FD7C9BF6843AAF30203BE6F
:103F70001308039FA40F9A2AEB83A6CAFAA08B3BCF
:103F80001103BF1308039FE741D2144DD1144DD143
:103F9000A441E70C03C01408039FD76188144DD1D6
:103FA000144DD1144DD1390303C11408039FE741C7
:103FB000D2144DD1144D99146592ED0403C2120828
:103FC000039FE741D21459D7875C96069D0803C327
:103FD0000F08039FE7619132C9DF869C0703C40E77
:103FE00008039FE76194BDA43A670003C50E080368
:103FF0009F576991FCB721E70103C61508039F2F5E
:104000005B9258124B62492C8934A8791D0503C76D
:104010001008039F573152C4F5A848A1CE1503C814
:104020001608039F574D51124B62492C8925910662
:1040300035AFA30003C91408039FE72CD2144D51D8
:10404000124B62492445E70C03CA0C08039F6427FE
:10405000FB25D57903CB0F08039F64274A8BE4BF68
:104060000D390F03CC1508039FACEAE820698AA636
:10407000688AA668D2A0730603CD1008039FACEA35
:10408000A0B448FEDB90F30003CE1608039FACEA11
:104090006816698AA6288925B12492A2730603D0DE
:1040A0001408039F3664925F34C9A6688AA6483A0A
:1040B000670003F41508039F7554244DD19461489B
:1040C0003445931471E70104001708034BD7C1610D
:1040D00088DC22251C4225D422CB30E45C0104017B
:1040E0001808031FD174681822B74809875009B50A
:1040F000C8320C39570004021308039F346C52264F
:104100002BDA22F99749D55901040311080353D535
:10411000C16188DC22D9EB90F30204041608039FE6
:10412000386492222652366852268B916DC8390324
:1041300004051408039F36489AA249FA6ED1144D1B
:104140001A74CE0004060E08039F38A4B2BF0E39BD
:10415000670004070F08031FB283432AFB75C839A1
:104160000304080E08039F3AA4B227BF0D390F04B9
:10417000091908039F344C8AA6688AA64C8A92586B
:10418000124B6249949D3300040A1908039FA468E6
:104190008AA6688A364C8A9258124B6249949D339B
:1041A00000040B1208039F346C5226CB8326F9CBF4
:1041B000A47305040C13080353D5C1C92FDA102AC0
:1041C0009AE432E95C01040D1A08034BD7414DD142
:1041D000144D91166548862119126552349D2B00A5
:1041E000040E150803C7B8839AA2299AA249C36C82
:1041F000D1A441E70C040F1908039FB44C8AA668A8
:104200008AA6688AA6688AA648C310E639190410E7
:104210001708039F1A8F8AA4299A320C89A6688AE4
:10422000A6683A570004111208039F340C915B24CE
:104230000F9AE42FC3CE1904121108039F346C9215
:104240004F8326F9CBB0730604131008039F340C78
:10425000915B24FB3AE4BC0004141108039F3A6408
:104260008AE4FF97E110CE390904151608039F343C
:104270000C915BA48443A884B216598621E70A04F2
:10428000161808039FA42496C4924883789094C477
:104290009258124BA2730504171508039F36489ACB
:1042A00012CADA90CB4AA868D2A0730604181A087A
:1042B000039FA4299AA229D2A20CC9302443A24C5C
:1042C0008AA6683A570004191A0803C7B8839AA245
:1042D000299A222DCA900C433224CAA4683A570066
:1042E000041A1308039F34F9451BC2215434C965CD
:1042F000D2B902041B0F08039F3A648AE4FF174DEA
:10430000E70A041C1808039FA4290F43320C899262
:10431000D8144DD1144DD174AE00041D1808039F5C
:10432000A4299AA2299A320C89A6688AA6688AA624
:104330007305041E1708039F36489AA2299AA229DA
:104340009AA2299AA24983CE19041F1808039F3400
:104350000C89A6688AA6688AA6688AA6688AA6734F
:104360000504201108039F346C924F8326BB0E393D
:104370002F0004211208039F3864922226B2C7C876
:1043800036E49C0104221108039F364CC39428A1F3
:10439000ECEB90730604231508039FA4299AA22925
:1043A0009AA249C36CD1A441E70C04241508039FC9
:1043B00038A783A42496C49258126950E39D070439
:1043C000251608039FA4299AA46883B88E83A6485B
:1043D0009AA2E95C0104260F08039FE4FF7F1A8676
:1043E00058CF690004271308039FA4299AA2299A89
:1043F000A249C3EC9D2B0004281A08039FA424960D
:10440000C49258124B62492C8925B124CA30E45C0D
:104410000104291B08039FA42496C49258124B62DE
:10442000492C8925B124CA30C87A4E02042A1708BB
:10443000039F34848998C8F2102A9AA2299A220DDF
:104440003A6700042B1908039FA4299AA2299A32DB
:10445000294A62492C892551269D2B00042C1108DC
:10446000039F34A4B279D0247F1976CE00042D1690
:1044700008039F366492146A91366891AC848AA4CA
:104480000D390F042E1808039FE49258124BA20C0A
:104490008925B12496C4929874CE00042F11080384
:1044A0009F362C926F83A648FEB4730504300F0824
:1044B000039FE721D706C96F8BCE1504311408037B
:1044C0009F5D1B32591E264DD1144D1A74CE000427
:1044D000321108039FD761939C064D721976CE0066
:1044E00004331008039FD76188DC22D93AE4BC006A
:1044F00004341408039FF7211C3245F2D330249A68
:1045000092E6340004351208039FE741D2946148D3
:10451000649B34E89C0104361508039F5725B12499
:1045200096441A2425B1249644E70A043711080357
:104530009FE741D26471573469D0390304381508B4
:10454000039F574DD11469518664489449D174AE84
:104550000004391708039FA6883BA8299A222DCA70
:10456000900C8932299ACE15043A1108039FD7C9B5
:104570008B36848A262993CE15043B0F08039F2F80
:1045800043A648FE45D3B902043C1308039F574D88
:1045900079181225B1243645D3B902043D14080315
:1045A0009F574DD1144D198644533445D3B9020455
:1045B0003E1308039FE741D2144DD1144DD1A441BD
:1045C000E70C043F1408039FD76148344553344532
:1045D000533445D3B90204401108039F576593FC37
:1045E000A74193D521470104411008039FE741D219
:1045F00014D94D1A74CE0004421008039FE7614A93
:104600009450761D72CE0004431608039F574DD177
:10461000144DD1144DD1A46156A54107010444178E
:1046200008039F9A570749492C8925B12496441AB3
:10463000D4BC8E0204451008039F574D52C4F5A800
:10464000489ACE1504460F08039F57C9FF691862A0
:104650003DA70104471008039F574DD1144D1A661A
:1046600077AE0004481508039F5725B12496C492DD
:1046700058124BA20C43CE1504491708039F572527
:10468000B12496C49258124BA20C83ACE7240004C8
:104690004A1308039FD7214C647908154D91069D54
:1046A0003300044B1408039F574DD1144D99142522
:1046B000B124CAA47305044C1208039FE72195E5B1
:1046C000215434451A74CE00044D1108039FE7416C
:1046D000D2C421B668D2A07306044E1408039F57B3
:1046E000C992581265482C892531E99C01044F1361
:1046F00008039FF7415234451C324553A465E70A2D
:1047000004501408031FD2EDE82069CA3024B24DCA
:104710001A74CE0004511408039FA4E9C441D29432
:104720006148649B34E89C0104521308039FA60E61
:10473000A2AC688BE45F26D9AA6300045311080376
:104740001F75478721728B64EB90F30204541208A3
:10475000039FE741D21479D0644D1A74CE000455FA
:104760001108039FE741D2247D973469D0390304AF
:10477000560E08039F2AEBF0ECEB90730604570EDD
:1047800008039F26E9D4D9D721E70C04580E080363
:104790009F6C87673F791B721004591408039FD7D9
:1047A00061523445532645492C89B27306045A1484
:1047B00008039F57455334451B2645492C89B2733E
:1047C00006045B1108039FA60EA23C6892FF32E923
:1047D0005C01045C1308031F7547272FDA102A9A1F
:1047E000A44C3A5700045D1708031FD2EDA0A66839
:1047F0008AB428433224CAA4683A5700045E1908D0
:10480000039FA6883BA8299AA2299AA2299A34CC68
:10481000AA34E82000045F1508039FD76552344589
:1048200053344553A46108F39C0C04900F08033BD8
:1048300056862192FD75C8790104911008039F5393
:10484000AC0C43247B1D725E0005BE0B08039FEB7E
:10485000B0F37F0505D01208039FA3A6689269B143
:104860004C6E8AA6730505D10E08039FE3A0CB3ECC
:104870000D43CE1505D20F08039FF32EBB8E8A324F
:10488000E95C0105D30D08039FE330A4B2DF3903CF
:1048900005D41208039FE3B0CB164DD1144DD1744B
:1048A000AE0005D50B08039FEB2EFB9D0705D60E2A
:1048B00008039FE330CA7659B5F30405D7150803FA
:1048C0009FE3B0498AA6688AA6688AA6683A570014
:1048D00005D81408039FA364492C894DD1144DD1E8
:1048E000A441E70C05D90C08039FEB2E5B75FE086D
:1048F00005DA0E08039FE3B0CB56D9E71D0205DBAE
:104900000E08039FE3B0CBBE0C3B670005DC0E082E
:10491000039F24CBC32EBB9A751E05DD1508039F8C
:10492000E3B0498AA6688AA6688AA60C43CE150514
:10493000DE1508039FA3B22D9245533445533445E9
:104940001972AE0005DF0D08039FF32EABB29F77FF
:104950000C05E00D08039FF32EFB36E89C0105E1F2
:104960001408039FE3B0498AA6688AA6688AA40D42
:10497000390F05E20E08039FE332F9DF1269D0799F
:1049800005E30F08039FE320463E2DB2CF3B04050D
:10499000E41308039FE3B0658AA668CA245B8621F6
:1049A000E70A05E51008039FE332F9A20DA1EC79AF
:1049B000470105E61108039FE332795352DD320CBB
:1049C00039570005E71208039FE3B0CB9253A6685E
:1049D000CA24BBC30005E80C08039FE3B0CB7EE705
:1049E0000A05E91608039FA39258124B62492C89C5
:1049F00032243669D0390305EA1008039FE3B04931
:104A0000FECBA44C3A570005F00D08039FA3A44920
:104A1000FEBF730505F10D08039FA3A4493E7BE784
:104A20000A05F20D08039FA3A449BEF34F0005F346
:104A30000A08039FD9AAF37F05F40D08039F51725A
:104A40009174FE57001D1B0C08039FEB625965DF34
:104A5000791D261008039F340C89A6688AEC77DE3E
:104A6000001D281508039FE330448AA6688AA668BB
:104A70008AA6688ACE191E801808034BD7414DD1EB
:104A8000144D51124B62499461484E8ACE191E81D1
:104A90001708031FD2EDA0A6688A9258124BA20CE9
:104AA00043A4E89C011E821808034FD5514DD11430
:104AB0004D51124B62499461484E8ACE191E83179C
:104AC00008031F54EDB0A6688A9258124BA20C43FB
:104AD000A4E89C011E841908031FD174485334456F
:104AE0005394C492581265189293A273061E8516A9
:104AF00008039FA4E9348BA6288925B124CA304431
:104B00008ACE191E9F1008039F3A64BA7190FCDB8D
:104B10009073061EF21108034BD751C9DF8654B6B5
:104B20000E3967001EF31808031FD2EDA0A6688A8D
:104B3000A6688AA668D230ABD2A0830020100B08EA
:104B4000039FBF0C3BFF0420120B08039FBF0C3ACE
:104B5000FF0620130B08039FBF0C3AFF0620140C1E
:104B600008039FDF8741E75F0020150C08039FDFE4
:104B70008741E75F0020170F08039FFFD761D0919F
:104B800061D0110020180C08031F54659DFF4F00D1
:104B900020190C08031F94559DFF4F00201A0C0884
:104BA000039FFF2FB2AAA300201B0C08031F9375BD
:104BB0009DFF2F00201C0B08031FB248EEFC7F2036
:104BC0001D0B08031FF222E9FC7F201E0D08039F26
:104BD000FF67C945D23100201F0D08031F91DC2457
:104BE0009DFF670020200E08031F941D8751F67754
:104BF0002A0020211008031F941D8751360EA3ECB4
:104C00004E0520220E08039F9FD4211C529D9F0019
:104C100020260D08039FFF4D5186C4CE1120270B7F
:104C200008039FBFC93A7F0320300F08039F574DE9
:104C300091542F3645E70820320B08031F75E7FF14
:104C4000130020330E08031F5324455274FEBF0087
:104C500020350A08031FD3EDFC7F20390C08039F81
:104C60004FAADDCE2F00203A0B08039F77573BBF9A
:104C700001203C0E08039F26F9FF8E49EE5C0120BF
:104C80003E0B08031F1A76FEFF02203F0D08039F0C
:104C9000FFCF9A34E8180020400C08031F1A244D57
:104CA000E7FF0720440C08039FB758F539E71120A8
:104CB000540D08039FFFEF83A4E9100020740E0831
:104CC000031F54C7441B643BFF1520751008031FC6
:104CD000193479C8656DC8F9CF0020761008031F14
:104CE0001AE521543445DCF9CF0020770D08031F65
:104CF00019B44835DBF91F20781008031F1A157105
:104D0000543445DCF9CF0020791008031F1A154DE3
:104D1000118758DCF9CF00207A0D08031F93C56175
:104D20009475FE0F207B0B08039F71D0F9FF0020C4
:104D30007F1108031F312A9AA2299AA2293AFF114A
:104D400020810D08039FFFA8CEAE430E0220820FE4
:104D500008039FFF362AAA5336E8200020830F0855
:104D6000039FFF34E4E22E6B438E0220840E08037F
:104D70009FFFAA8E8936C8761020851008039FFFF2
:104D80003468F290CBDA90A30020861008039FFFCE
:104D900036CA43A8688AB8A30020870E08039FFF7D
:104DA0003468916AB6C30020881008039FFF362A32
:104DB000E2A8688AB8A30020891008039FFF362A5A
:104DC0009A220EB1B8A300208A0E08039FFF551641
:104DD0008751D65100208B0B08039FFFE7416705E1
:104DE00020A31608039F340C915BA48443A884EA93
:104DF00090AA43CE0B0020A41508031F1B154DCA13
:104E0000D421558754562765D8390320A7140803A1
:104E10001F1934C969D0B4C8654824BFE95C0120B2
:104E2000AA1108039FE3A0D492FE7F4B9241E71999
:104E300020AC1208039F79542475D8D441D415713D
:104E4000E70C21051708031F5295504C9444525407
:104E50002F5362533445DC890021131408039F1A31
:104E60008F8AA6688AA688AB9A28A9CE192116141B
:104E700008039F940D933224CAF0491986C8DF397C
:104E80000321221108031F19B224B1F42DA9E5FC56
:104E90006F0021261708039F382A92A6688A2629C0
:104EA0009AA2299A222D3B5700212E1208039FE730
:104EB00041D2946148649B34E89C0121501308035B
:104EC0001F918D89A648AA97210955B34E052151F6
:104ED0001408031F918D89A648AA9729310EB1B8ED
:104EE000130121531308031F918D89A648AA9729FE
:104EF000147771270221541408031FD9552DD1941A
:104F000061F53285E22EEE440021551408031F910D
:104F10008D89A648AA972189E45DDC890021561471
:104F200008031FD9552DD19461F5322491BC8B3BD8
:104F30001121571408031FD9C52D539445F5322468
:104F400091BC8B3B1121581608031F53C7444A8656
:104F5000441B522F4312C9BBB81301215915080332
:104F60001F918D89A648AA97299187501177220011
:104F7000215A1608031F194279CB146551BD4C897B
:104F80003C848AB81301215B1408031F918D89A604
:104F900048AA9729318E8AB81301215C1508031F8E
:104FA000D9C52D539445F53225C6511177220021DC
:104FB0005D1508031F194279CB146551BD4C8971E9
:104FC00054C49D08215E1508031F1962554B3445D2
:104FD00052BD4C897154C49D0821900E08039F77DF
:104FE000551D8648D7F90D21910E08039FAA0ED9A9
:104FF00030CA7EE70121920E08039F2FBA340CA914
:105000009D9F0021930E08039F2AFB71D88654E7C9
:105010000121941108039FF72454A461881431C915
:10502000F90921951208039FAA0ED930CAC6611B3F
:10503000529D2F0021A81308039FAA0ED930CAC67B
:10504000611B5271D8B90222021408039F382ABA90
:10505000AC0D9245533445D2869C072205140803B3
:105060009F932A0D8B65489461528649D579032216
:10507000061408039F391E154953344553346518E7
:10508000729E0122081008039F3AAAB23C68B25DE2
:10509000DF3903220F1B08039F340C89A6688AA6F8
:1050A000688AA6688AA6688AA6688AA6D30022119A
:1050B0001208039F6D18124DD2AD6ECA30E45C0128
:1050C00022120C08039FDF8721E79F0022150C089E
:1050D000039FB758F539E71122190B08039FBFC981
:1050E0003A7F03221A1208031F1D42D9D3A2299A1C
:1050F000220EE9CE19221E1108039FE761B10C8927
:1051000032249661E707221F0C08039FCFCEC3907D
:10511000F30322291608039F7190344553344553F5
:105120003445533445D3B902222B12080373543447
:105130004593FD9BA2299A228E0022480F08039FC7
:10514000E7C5B2838B65E7170022601208039F8BC7
:105150002A0D43A88AC310A93A1F0122611108032E
:105160009FE330E4B461C869C390F30C22640E0875
:10517000039F5D757707879D2B0022650E08039FAF
:1051800055777587879D2B0022991808039F36480D
:105190009AA2299AA22496C4A6688A260D3A670084
:1051A00023001908039F36489AA229D2A20CC9905D
:1051B0002893A2299A34E89C0123021308039F7BB9
:1051C0003C2A92A6688AA60C43CE330023100D0811
:1051D000039FCFC390C8EE7C0423200E08039F3C9E
:1051E0002A9AA2C9FE370023210F08034FF637453C
:1051F000533445DC790125000C08039FDF8741E724
:105200005F0025020A08034FF6FF3700250C0C0843
:10521000039FBF0D9AEC6F0025100B08039FDF075B
:10522000D9BF0125140C08034FF6F3A0F32F002576
:10523000180C08034FF6DBA0F38F00251C0C0803A5
:105240004FF6F3A0C9FE0625240C08034FF6DB2019
:10525000FB3700252C0C08039FDF874193FD0D25AC
:10526000340D08034FF6DB30E8FC0B00253C0D083D
:10527000034FF6DB3068B2BF0125500F08039FD7FC
:1052800061D09161D0F9170025511E08034BD1144C
:105290004DD1144DD1144DD1144DD1144DD1144DC7
:1052A000D1144DD1140525520E08039F2F83260FCC
:1052B0009AEC6F0025531608039F3F0D93A2299A7D
:1052C000A2299AA2299AA2290A0025541708039F05
:1052D000F761929549D1144DD1144DD1144DD1148B
:1052E0000525550D08039FD741D606D9BF01255680
:1052F0001608039FDF872153344553344553344503
:105300005334450125571908039FD761889521D14A
:10531000144DD1144DD1144DD1144D510025580EBA
:1053200008034FF63C68F2A0F32F00255914080338
:105330004BD1144DD1144DD1144DD1869D7F0125F3
:105340005A1308034BD1144DD1144DD194491E76F4
:10535000FE05255B0E08034FF636C8DAA0F38F0072
:10536000255C1508034BD1144DD1144DD1144D516A
:105370008621E79F00255D1508034BD1144DD114FC
:105380004D518644568621E79F00255E0E08034F47
:10539000F63C68F2A0C9FE06255F1E08034BD11437
:1053A0004DD1144DD1144DD19449D1144DD1144D3A
:1053B000D1144DD1140525601E08034BD1144DD1D5
:1053C000144DD194495626455334455334455334EE
:1053D0004553140025610E08034FF636C8DA20FB4A
:1053E000370025621F08034BD1144DD1144DD11441
:1053F0004D51864453344553344553344553344515
:105400000125631F08034BD1144DD1144D5186441F
:10541000568644533445533445533445533445013B
:1054200025640F08039FD761D09161D0647F032565
:10543000651608039FDF8741523445533445533482
:10544000455334450125661908039FD761D0912142
:1054500099144DD1144DD1144DD1144D51002567DF
:105460000F08034FF6360C3A320C3AFF0225681546
:1054700008034BD1144DD1144DD1144D518641E741
:105480005F0025691508034BD1144DD1144D518689
:1054900064478641E75F00256A1008034FF6360C23
:1054A0009A360C9AEC6F00256B1F08034BD1144DF4
:1054B000D1144DD1144D5186415234455334455386
:1054C000344553344501256C1F08034BD1144DD18D
:1054D000144D5186644786645234455334455334E1
:1054E000455334450125800C0803E3FFFFA0F39FDB
:1054F0000025810C08039FFFCFC3871C0125840B67
:1055000008039FDF87FFFF7F25880C0803E3FFFF69
:10551000FFFFFF20258C1E08036308877008877033
:105520000887700887700887700887700887700878
:10553000871025901E0803730887700887700887F6
:105540007008877008877008877008877008870060
:1055500025911E0803AF92A55992A55992A559927B
:10556000A55992A55992A55992A5599245002592FF
:10557000210803A745694A2A4A5352519A928AD26E
:10558000945494A6A4A2342515A529A9282D002554
:10559000931F080343599283B2240765490ECA92A8
:1055A0001C942539284B725096E4A02CC90125A0E3
:1055B0001308039FEBA00DDAA00DDAA00DDAA0F31B
:1055C0000125A10E08039FEB30F99F869D670025FA
:1055D000AA0F08039FEF8336688336E8FC0225ABE9
:1055E0000F08039FEF83A6688A36E8FC0225AC12F9
:1055F00008039F7F198664189261488621E70A256F
:10560000B21308039F7BBC8E833648C3900C43CEF5
:10561000330025BA1508031FC9E57508076D1892F0
:10562000411BC255CE790425BC1308039FE33024E7
:10563000C3100DDA20AE73CE270025C41508031F52
:105640008FD571C8066518B2411CD259CFB9022551
:10565000CA1008039F7B3C2A922629E29CF3092565
:10566000CB1108039FF72193A4300A23DB90F301A9
:1056700025CF1108039FF7211BA6611AA6611B7293
:105680003E25D8100803E3FF7F1AC4211CA4E1FFC4
:105690003F25D9130803E3FF8F936548942191A414
:1056A00071F8FF0125E60E08039F5F464553C49D30
:1056B0009F00263A1508039F362CB11225B2654883
:1056C00024B39C0C3B5700263B1608039F362CC383
:1056D0002151861FC4411A7E48869D2B00263C110D
:1056E00008039FD9A69886E821526CB2CE032640C3
:1056F0001108039F386492BF0DA9388CB2CE0326DF
:10570000421208039F3AA4A39249D19049FE36E47D
:105710003C26601308039F591DB261193E24C3281B
:10572000AB43CE1926631308039F591DC2213A4C7F
:10573000C3B4C9EA90730626651608039FAB220D11
:1057400043320CC93024C3100DE29CF302266611CB
:1057500008039F7B3C0ED230448338E77C02266AE4
:105760001108039F384CA661925DC721DC7902269F
:105770006B1A08039F360C89A60C43A2299AA2290A
:105780009A220DD330293A270027131008031F76D9
:10579000959D224D118754E705FB011208039F38A0
:1057A00048CEEA3044FE6548768E00FB02110803BD
:1057B0009F38487E1912C9BF0CC9CE11FFFD1708CA
:1057C00003E307559AA2833448C3344CC383344C53
:1057D000C3FF4100000000000FF1020813F10208AE
:1057E000F3EA02081815AF19FF1815AE19FF1815BE
:1057F000A115C819FF1815A015C019FF1815A11576
:10580000C019FF1815A015C819FF1815AE15D51623
:105810008015A8163F15D316001540158D161415C2
:1058200020160015A115C815DA1612158116CF1508
:10583000D916F115DB1640152E15A415A619FF185B
:1058400015AE15D5168015A8163F15D316001540B0
:10585000158D16141520160015A115C815DA161287
:10586000158116EF15D916A115DB1600152E15A4F6
:1058700015A619FF1815AE15D5168015A8163F15D3
:10588000D316001540158D16141520160015A115F8
:10589000C815DA1602158116CF15D916F115DB16C3
:1058A00040152E15A415A619FF1815AE15A415D56B
:1058B000165015A8163F15D31600154015AD168BBA
:1058C00015D9162215DB16351532158116FF15A6CA
:1058D00015DA161219FF1815AE15D5168015A8166B
:1058E0003F15D316001540158D16141520160015FA
:1058F000A115C015DA1612158116CF15D916F11596
:10590000DB1640152E15A415A619FF000001140A78
:105910006464323200127A000004289610080000F5
:10592000800040000001140A6464323200093D0026
:10593000000428961008020280004000FFFFFFFFCD
:10594000FFFFFFFFFFFFFFFFFFFFFFFFFFFFFFFF67
:10595000FFFFFFFFFFFFFFFFFFFFFFFFFFFFFFFF57
:10596000FFFFFFFFFFFFFFFFFFFFFFFFFFFFFFFF47
:10597000FFFFFFFFFFFFFFFFFFFFFFFFFFFFFFFF37
:10598000FFFFFFFFFFFFFFFFFFFFFFFFFFFFFFFF27
:10599000FFFFFFFFFFFFFFFFFFFFFFFFFFFFFFFF17
:1059A000FFFFFFFFFFFFFFFFFFFFFFFFFFFFFFFF07
:1059B000FFFFFFFFFFFFFFFFFFFFFFFFFFFFFFFFF7
:1059C000FFFFFFFFFFFFFFFFFFFFFFFFFFFFFFFFE7
:1059D000FFFFFFFFFFFFFFFFFFFFFFFFFFFFFFFFD7
:1059E000FFFFFFFFFFFFFFFFFFFFFFFFFFFFFFFFC7
:1059F000FFFFFFFFFFFFFFFFFFFFFFFFFFFFFFFFB7
:105A0000FFFFFFFFFFFFFFFFFFFFFFFFFFFFFFFFA6
:105A1000FFFFFFFFFFFFFFFFFFFFFFFFFFFFFFFF96
:105A2000FFFFFFFFFFFFFFFFFFFFFFFFFFFFFFFF86
:105A3000FFFFFFFFFFFFFFFFFFFFFFFFFFFFFFFF76
:105A4000FFFFFFFFFFFFFFFFFFFFFFFFFFFFFFFF66
:105A5000FFFFFFFFFFFFFFFFFFFFFFFFFFFFFFFF56
:105A6000FFFFFFFFFFFFFFFFFFFFFFFFFFFFFFFF46
:105A7000FFFFFFFFFFFFFFFFFFFFFFFFFFFFFFFF36
:105A8000FFFFFFFFFFFFFFFFFFFFFFFFFFFFFFFF26
:105A9000FFFFFFFFFFFFFFFFFFFFFFFFFFFFFFFF16
:105AA000FFFFFFFFFFFFFFFFFFFFFFFFFFFFFFFF06
:105AB000FFFFFFFFFFFFFFFFFFFFFFFFFFFFFFFFF6
:105AC000FFFFFFFFFFFFFFFFFFFFFFFFFFFFFFFFE6
:105AD000FFFFFFFFFFFFFFFFFFFFFFFFFFFFFFFFD6
:105AE000FFFFFFFFFFFFFFFFFFFFFFFFFFFFFFFFC6
:105AF000FFFFFFFFFFFFFFFFFFFFFFFFFFFFFFFFB6
:105B0000FFFFFFFFFFFFFFFFFFFFFFFFFFFFFFFFA5
:105B1000FFFFFFFFFFFFFFFFFFFFFFFFFFFFFFFF95
:105B2000FFFFFFFFFFFFFFFFFFFFFFFFFFFFFFFF85
:105B3000FFFFFFFFFFFFFFFFFFFFFFFFFFFFFFFF75
:105B4000FFFFFFFFFFFFFFFFFFFFFFFFFFFFFFFF65
:105B5000FFFFFFFFFFFFFFFFFFFFFFFFFFFFFFFF55
:105B6000FFFFFFFFFFFFFFFFFFFFFFFFFFFFFFFF45
:105B7000FFFFFFFFFFFFFFFFFFFFFFFFFFFFFFFF35
:105B8000FFFFFFFFFFFFFFFFFFFFFFFFFFFFFFFF25
:105B9000FFFFFFFFFFFFFFFFFFFFFFFFFFFFFFFF15
:105BA000FFFFFFFFFFFFFFFFFFFFFFFFFFFFFFFF05
:105BB000FFFFFFFFFFFFFFFFFFFFFFFFFFFFFFFFF5
:105BC000FFFFFFFFFFFFFFFFFFFFFFFFFFFFFFFFE5
:105BD000FFFFFFFFFFFFFFFFFFFFFFFFFFFFFFFFD5
:105BE000FFFFFFFFFFFFFFFFFFFFFFFFFFFFFFFFC5
:105BF000FFFFFFFFFFFFFFFFFFFFFFFFFFFFFFFFB5
:105C0000FFFFFFFFFFFFFFFFFFFFFFFFFFFFFFFFA4
:105C1000FFFFFFFFFFFFFFFFFFFFFFFFFFFFFFFF94
:105C2000FFFFFFFFFFFFFFFFFFFFFFFFFFFFFFFF84
:105C3000FFFFFFFFFFFFFFFFFFFFFFFFFFFFFFFF74
:105C4000FFFFFFFFFFFFFFFFFFFFFFFFFFFFFFFF64
:105C5000FFFFFFFFFFFFFFFFFFFFFFFFFFFFFFFF54
:105C6000FFFFFFFFFFFFFFFFFFFFFFFFFFFFFFFF44
:105C7000FFFFFFFFFFFFFFFFFFFFFFFFFFFFFFFF34
:105C8000FFFFFFFFFFFFFFFFFFFFFFFFFFFFFFFF24
:105C9000FFFFFFFFFFFFFFFFFFFFFFFFFFFFFFFF14
:105CA000FFFFFFFFFFFFFFFFFFFFFFFFFFFFFFFF04
:105CB000FFFFFFFFFFFFFFFFFFFFFFFFFFFFFFFFF4
:105CC000FFFFFFFFFFFFFFFFFFFFFFFFFFFFFFFFE4
:105CD000FFFFFFFFFFFFFFFFFFFFFFFFFFFFFFFFD4
:105CE000FFFFFFFFFFFFFFFFFFFFFFFFFFFFFFFFC4
:105CF000FFFFFFFFFFFFFFFFFFFFFFFFFFFFFFFFB4
:105D0000FFFFFFFFFFFFFFFFFFFFFFFFFFFFFFFFA3
:105D1000FFFFFFFFFFFFFFFFFFFFFFFFFFFFFFFF93
:105D2000FFFFFFFFFFFFFFFFFFFFFFFFFFFFFFFF83
:105D3000FFFFFFFFFFFFFFFFFFFFFFFFFFFFFFFF73
:105D4000FFFFFFFFFFFFFFFFFFFFFFFFFFFFFFFF63
:105D5000FFFFFFFFFFFFFFFFFFFFFFFFFFFFFFFF53
:105D6000FFFFFFFFFFFFFFFFFFFFFFFFFFFFFFFF43
:105D7000FFFFFFFFFFFFFFFFFFFFFFFFFFFFFFFF33
:105D8000FFFFFFFFFFFFFFFFFFFFFFFFFFFFFFFF23
:105D9000FFFFFFFFFFFFFFFFFFFFFFFFFFFFFFFF13
:105DA000FFFFFFFFFFFFFFFFFFFFFFFFFFFFFFFF03
:105DB000FFFFFFFFFFFFFFFFFFFFFFFFFFFFFFFFF3
:105DC000FFFFFFFFFFFFFFFFFFFFFFFFFFFFFFFFE3
:105DD000FFFFFFFFFFFFFFFFFFFFFFFFFFFFFFFFD3
:105DE000FFFFFFFFFFFFFFFFFFFFFFFFFFFFFFFFC3
:105DF000FFFFFFFFFFFFFFFFFFFFFFFFFFFFFFFFB3
:105E0000FFFFFFFFFFFFFFFFFFFFFFFFFFFFFFFFA2
:105E1000FFFFFFFFFFFFFFFFFFFFFFFFFFFFFFFF92
:105E2000FFFFFFFFFFFFFFFFFFFFFFFFFFFFFFFF82
:105E3000FFFFFFFFFFFFFFFFFFFFFFFFFFFFFFFF72
:105E4000FFFFFFFFFFFFFFFFFFFFFFFFFFFFFFFF62
:105E5000FFFFFFFFFFFFFFFFFFFFFFFFFFFFFFFF52
:105E6000FFFFFFFFFFFFFFFFFFFFFFFFFFFFFFFF42
:105E7000FFFFFFFFFFFFFFFFFFFFFFFFFFFFFFFF32
:105E8000FFFFFFFFFFFFFFFFFFFFFFFFFFFFFFFF22
:105E9000FFFFFFFFFFFFFFFFFFFFFFFFFFFFFFFF12
:105EA000FFFFFFFFFFFFFFFFFFFFFFFFFFFFFFFF02
:105EB000FFFFFFFFFFFFFFFFFFFFFFFFFFFFFFFFF2
:105EC000FFFFFFFFFFFFFFFFFFFFFFFFFFFFFFFFE2
:105ED000FFFFFFFFFFFFFFFFFFFFFFFFFFFFFFFFD2
:105EE000FFFFFFFFFFFFFFFFFFFFFFFFFFFFFFFFC2
:105EF000FFFFFFFFFFFFFFFFFFFFFFFFFFFFFFFFB2
:105F0000FFFFFFFFFFFFFFFFFFFFFFFFFFFFFFFFA1
:105F1000FFFFFFFFFFFFFFFFFFFFFFFFFFFFFFFF91
:105F2000FFFFFFFFFFFFFFFFFFFFFFFFFFFFFFFF81
:105F3000FFFFFFFFFFFFFFFFFFFFFFFFFFFFFFFF71
:105F4000FFFFFFFFFFFFFFFFFFFFFFFFFFFFFFFF61
:105F5000FFFFFFFFFFFFFFFFFFFFFFFFFFFFFFFF51
:105F6000FFFFFFFFFFFFFFFFFFFFFFFFFFFFFFFF41
:105F7000FFFFFFFFFFFFFFFFFFFFFFFFFFFFFFFF31
:105F8000FFFFFFFFFFFFFFFFFFFFFFFFFFFFFFFF21
:105F9000FFFFFFFFFFFFFFFFFFFFFFFFFFFFFFFF11
:105FA000FFFFFFFFFFFFFFFFFFFFFFFFFFFFFFFF01
:105FB000FFFFFFFFFFFFFFFFFFFFFFFFFFFFFFFFF1
:105FC000FFFFFFFFFFFFFFFFFFFFFFFFFFFFFFFFE1
:105FD000FFFFFFFFFFFFFFFFFFFFFFFFFFFFFFFFD1
:105FE000FFFFFFFFFFFFFFFFFFFFFFFFFFFFFFFFC1
:105FF000FFFFFFFFFFFFFFFFFFFFFFFFFFFFFFFFB1
:10600000FFFFFFFFFFFFFFFFFFFFFFFFFFFFFFFFA0
:10601000FFFFFFFFFFFFFFFFFFFFFFFFFFFFFFFF90
:10602000FFFFFFFFFFFFFFFFFFFFFFFFFFFFFFFF80
:10603000FFFFFFFFFFFFFFFFFFFFFFFFFFFFFFFF70
:10604000FFFFFFFFFFFFFFFFFFFFFFFFFFFFFFFF60
:10605000FFFFFFFFFFFFFFFFFFFFFFFFFFFFFFFF50
:10606000FFFFFFFFFFFFFFFFFFFFFFFFFFFFFFFF40
:10607000FFFFFFFFFFFFFFFFFFFFFFFFFFFFFFFF30
:10608000FFFFFFFFFFFFFFFFFFFFFFFFFFFFFFFF20
:10609000FFFFFFFFFFFFFFFFFFFFFFFFFFFFFFFF10
:1060A000FFFFFFFFFFFFFFFFFFFFFFFFFFFFFFFF00
:1060B000FFFFFFFFFFFFFFFFFFFFFFFFFFFFFFFFF0
:1060C000FFFFFFFFFFFFFFFFFFFFFFFFFFFFFFFFE0
:1060D000FFFFFFFFFFFFFFFFFFFFFFFFFFFFFFFFD0
:1060E000FFFFFFFFFFFFFFFFFFFFFFFFFFFFFFFFC0
:1060F000FFFFFFFFFFFFFFFFFFFFFFFFFFFFFFFFB0
:10610000FFFFFFFFFFFFFFFFFFFFFFFFFFFFFFFF9F
:10611000FFFFFFFFFFFFFFFFFFFFFFFFFFFFFFFF8F
:10612000FFFFFFFFFFFFFFFFFFFFFFFFFFFFFFFF7F
:10613000FFFFFFFFFFFFFFFFFFFFFFFFFFFFFFFF6F
:10614000FFFFFFFFFFFFFFFFFFFFFFFFFFFFFFFF5F
:10615000FFFFFFFFFFFFFFFFFFFFFFFFFFFFFFFF4F
:10616000FFFFFFFFFFFFFFFFFFFFFFFFFFFFFFFF3F
:10617000FFFFFFFFFFFFFFFFFFFFFFFFFFFFFFFF2F
:10618000FFFFFFFFFFFFFFFFFFFFFFFFFFFFFFFF1F
:10619000FFFFFFFFFFFFFFFFFFFFFFFFFFFFFFFF0F
:1061A000FFFFFFFFFFFFFFFFFFFFFFFFFFFFFFFFFF
:1061B000FFFFFFFFFFFFFFFFFFFFFFFFFFFFFFFFEF
:1061C000FFFFFFFFFFFFFFFFFFFFFFFFFFFFFFFFDF
:1061D000FFFFFFFFFFFFFFFFFFFFFFFFFFFFFFFFCF
:1061E000FFFFFFFFFFFFFFFFFFFFFFFFFFFFFFFFBF
:1061F000FFFFFFFFFFFFFFFFFFFFFFFFFFFFFFFFAF
:10620000FFFFFFFFFFFFFFFFFFFFFFFFFFFFFFFF9E
:10621000FFFFFFFFFFFFFFFFFFFFFFFFFFFFFFFF8E
:10622000FFFFFFFFFFFFFFFFFFFFFFFFFFFFFFFF7E
:10623000FFFFFFFFFFFFFFFFFFFFFFFFFFFFFFFF6E
:10624000FFFFFFFFFFFFFFFFFFFFFFFFFFFFFFFF5E
:10625000FFFFFFFFFFFFFFFFFFFFFFFFFFFFFFFF4E
:10626000FFFFFFFFFFFFFFFFFFFFFFFFFFFFFFFF3E
:10627000FFFFFFFFFFFFFFFFFFFFFFFFFFFFFFFF2E
:10628000FFFFFFFFFFFFFFFFFFFFFFFFFFFFFFFF1E
:10629000FFFFFFFFFFFFFFFFFFFFFFFFFFFFFFFF0E
:1062A000FFFFFFFFFFFFFFFFFFFFFFFFFFFFFFFFFE
:1062B000FFFFFFFFFFFFFFFFFFFFFFFFFFFFFFFFEE
:1062C000FFFFFFFFFFFFFFFFFFFFFFFFFFFFFFFFDE
:1062D000FFFFFFFFFFFFFFFFFFFFFFFFFFFFFFFFCE
:1062E000FFFFFFFFFFFFFFFFFFFFFFFFFFFFFFFFBE
:1062F000FFFFFFFFFFFFFFFFFFFFFFFFFFFFFFFFAE
:10630000FFFFFFFFFFFFFFFFFFFFFFFFFFFFFFFF9D
:10631000FFFFFFFFFFFFFFFFFFFFFFFFFFFFFFFF8D
:10632000FFFFFFFFFFFFFFFFFFFFFFFFFFFFFFFF7D
:10633000FFFFFFFFFFFFFFFFFFFFFFFFFFFFFFFF6D
:10634000FFFFFFFFFFFFFFFFFFFFFFFFFFFFFFFF5D
:10635000FFFFFFFFFFFFFFFFFFFFFFFFFFFFFFFF4D
:10636000FFFFFFFFFFFFFFFFFFFFFFFFFFFFFFFF3D
:10637000FFFFFFFFFFFFFFFFFFFFFFFFFFFFFFFF2D
:10638000FFFFFFFFFFFFFFFFFFFFFFFFFFFFFFFF1D
:10639000FFFFFFFFFFFFFFFFFFFFFFFFFFFFFFFF0D
:1063A000FFFFFFFFFFFFFFFFFFFFFFFFFFFFFFFFFD
:1063B000FFFFFFFFFFFFFFFFFFFFFFFFFFFFFFFFED
:1063C000FFFFFFFFFFFFFFFFFFFFFFFFFFFFFFFFDD
:1063D000FFFFFFFFFFFFFFFFFFFFFFFFFFFFFFFFCD
:1063E000FFFFFFFFFFFFFFFFFFFFFFFFFFFFFFFFBD
:1063F000FFFFFFFFFFFFFFFFFFFFFFFFFFFFFFFFAD
:10640000FFFFFFFFFFFFFFFFFFFFFFFFFFFFFFFF9C
:10641000FFFFFFFFFFFFFFFFFFFFFFFFFFFFFFFF8C
:10642000FFFFFFFFFFFFFFFFFFFFFFFFFFFFFFFF7C
:10643000FFFFFFFFFFFFFFFFFFFFFFFFFFFFFFFF6C
:10644000FFFFFFFFFFFFFFFFFFFFFFFFFFFFFFFF5C
:10645000FFFFFFFFFFFFFFFFFFFFFFFFFFFFFFFF4C
:10646000FFFFFFFFFFFFFFFFFFFFFFFFFFFFFFFF3C
:10647000FFFFFFFFFFFFFFFFFFFFFFFFFFFFFFFF2C
:10648000FFFFFFFFFFFFFFFFFFFFFFFFFFFFFFFF1C
:10649000FFFFFFFFFFFFFFFFFFFFFFFFFFFFFFFF0C
:1064A000FFFFFFFFFFFFFFFFFFFFFFFFFFFFFFFFFC
:1064B000FFFFFFFFFFFFFFFFFFFFFFFFFFFFFFFFEC
:1064C000FFFFFFFFFFFFFFFFFFFFFFFFFFFFFFFFDC
:1064D000FFFFFFFFFFFFFFFFFFFFFFFFFFFFFFFFCC
:1064E000FFFFFFFFFFFFFFFFFFFFFFFFFFFFFFFFBC
:1064F000FFFFFFFFFFFFFFFFFFFFFFFFFFFFFFFFAC
:10650000FFFFFFFFFFFFFFFFFFFFFFFFFFFFFFFF9B
:10651000FFFFFFFFFFFFFFFFFFFFFFFFFFFFFFFF8B
:10652000FFFFFFFFFFFFFFFFFFFFFFFFFFFFFFFF7B
:10653000FFFFFFFFFFFFFFFFFFFFFFFFFFFFFFFF6B
:10654000FFFFFFFFFFFFFFFFFFFFFFFFFFFFFFFF5B
:10655000FFFFFFFFFFFFFFFFFFFFFFFFFFFFFFFF4B
:10656000FFFFFFFFFFFFFFFFFFFFFFFFFFFFFFFF3B
:10657000FFFFFFFFFFFFFFFFFFFFFFFFFFFFFFFF2B
:10658000FFFFFFFFFFFFFFFFFFFFFFFFFFFFFFFF1B
:10659000FFFFFFFFFFFFFFFFFFFFFFFFFFFFFFFF0B
:1065A000FFFFFFFFFFFFFFFFFFFFFFFFFFFFFFFFFB
:1065B000FFFFFFFFFFFFFFFFFFFFFFFFFFFFFFFFEB
:1065C000FFFFFFFFFFFFFFFFFFFFFFFFFFFFFFFFDB
:1065D000FFFFFFFFFFFFFFFFFFFFFFFFFFFFFFFFCB
:1065E000FFFFFFFFFFFFFFFFFFFFFFFFFFFFFFFFBB
:1065F000FFFFFFFFFFFFFFFFFFFFFFFFFFFFFFFFAB
:10660000FFFFFFFFFFFFFFFFFFFFFFFFFFFFFFFF9A
:10661000FFFFFFFFFFFFFFFFFFFFFFFFFFFFFFFF8A
:10662000FFFFFFFFFFFFFFFFFFFFFFFFFFFFFFFF7A
:10663000FFFFFFFFFFFFFFFFFFFFFFFFFFFFFFFF6A
:10664000FFFFFFFFFFFFFFFFFFFFFFFFFFFFFFFF5A
:10665000FFFFFFFFFFFFFFFFFFFFFFFFFFFFFFFF4A
:10666000FFFFFFFFFFFFFFFFFFFFFFFFFFFFFFFF3A
:10667000FFFFFFFFFFFFFFFFFFFFFFFFFFFFFFFF2A
:10668000FFFFFFFFFFFFFFFFFFFFFFFFFFFFFFFF1A
:10669000FFFFFFFFFFFFFFFFFFFFFFFFFFFFFFFF0A
:1066A000FFFFFFFFFFFFFFFFFFFFFFFFFFFFFFFFFA
:1066B000FFFFFFFFFFFFFFFFFFFFFFFFFFFFFFFFEA
:1066C000FFFFFFFFFFFFFFFFFFFFFFFFFFFFFFFFDA
:1066D000FFFFFFFFFFFFFFFFFFFFFFFFFFFFFFFFCA
:1066E000FFFFFFFFFFFFFFFFFFFFFFFFFFFFFFFFBA
:1066F000FFFFFFFFFFFFFFFFFFFFFFFFFFFFFFFFAA
:10670000FFFFFFFFFFFFFFFFFFFFFFFFFFFFFFFF99
:10671000FFFFFFFFFFFFFFFFFFFFFFFFFFFFFFFF89
:10672000FFFFFFFFFFFFFFFFFFFFFFFFFFFFFFFF79
:10673000FFFFFFFFFFFFFFFFFFFFFFFFFFFFFFFF69
:10674000FFFFFFFFFFFFFFFFFFFFFFFFFFFFFFFF59
:10675000FFFFFFFFFFFFFFFFFFFFFFFFFFFFFFFF49
:10676000FFFFFFFFFFFFFFFFFFFFFFFFFFFFFFFF39
:10677000FFFFFFFFFFFFFFFFFFFFFFFFFFFFFFFF29
:10678000FFFFFFFFFFFFFFFFFFFFFFFFFFFFFFFF19
:10679000FFFFFFFFFFFFFFFFFFFFFFFFFFFFFFFF09
:1067A000FFFFFFFFFFFFFFFFFFFFFFFFFFFFFFFFF9
:1067B000FFFFFFFFFFFFFFFFFFFFFFFFFFFFFFFFE9
:1067C000FFFFFFFFFFFFFFFFFFFFFFFFFFFFFFFFD9
:1067D000FFFFFFFFFFFFFFFFFFFFFFFFFFFFFFFFC9
:1067E000FFFFFFFFFFFFFFFFFFFFFFFFFFFFFFFFB9
:1067F000FFFFFFFFFFFFFFFFFFFFFFFFFFFFFFFFA9
:10680000FFFFFFFFFFFFFFFFFFFFFFFFFFFFFFFF98
:10681000FFFFFFFFFFFFFFFFFFFFFFFFFFFFFFFF88
:10682000FFFFFFFFFFFFFFFFFFFFFFFFFFFFFFFF78
:10683000FFFFFFFFFFFFFFFFFFFFFFFFFFFFFFFF68
:10684000FFFFFFFFFFFFFFFFFFFFFFFFFFFFFFFF58
:10685000FFFFFFFFFFFFFFFFFFFFFFFFFFFFFFFF48
:10686000FFFFFFFFFFFFFFFFFFFFFFFFFFFFFFFF38
:10687000FFFFFFFFFFFFFFFFFFFFFFFFFFFFFFFF28
:10688000FFFFFFFFFFFFFFFFFFFFFFFFFFFFFFFF18
:10689000FFFFFFFFFFFFFFFFFFFFFFFFFFFFFFFF08
:1068A000FFFFFFFFFFFFFFFFFFFFFFFFFFFFFFFFF8
:1068B000FFFFFFFFFFFFFFFFFFFFFFFFFFFFFFFFE8
:1068C000FFFFFFFFFFFFFFFFFFFFFFFFFFFFFFFFD8
:1068D000FFFFFFFFFFFFFFFFFFFFFFFFFFFFFFFFC8
:1068E000FFFFFFFFFFFFFFFFFFFFFFFFFFFFFFFFB8
:1068F000FFFFFFFFFFFFFFFFFFFFFFFFFFFFFFFFA8
:10690000FFFFFFFFFFFFFFFFFFFFFFFF3CEF58D63A
:10691000B5C554BD33BD74BDD6CD99DE9DF7FFFF1F
:10692000FFFFFFFFFFFFFFFFFFFFFFFFFFFFFFFF77
:10693000FFFFFFFFFFFFFFFFFFFFFFFFFFFFFFFF67
:10694000FFFFFFFFFFFFFFFFFFFFFFFFFFFFFFFF57
:10695000FFFFFFFFFFFFFFFFFFFFFFFFFFFFFFFF47
:10696000FFFFFFFFFFFFFFFFFFFFFFFFFFFFFFFF37
:10697000FFFFFFFFFFFFFFFFFFFFFFFFFFFFFFFF27
:10698000FFFFFFFFFFFFFFFFFFFFFFFFFFFFFFFF17
:10699000FFFFFFFFFFFFFFFFFFFFFFFFFFFFFFFF07
:1069A000FFFFFFFFFFFFFFFFFFFFFFFFFFFFFFFFF7
:1069B000FFFFFFFFFFFFFFFFFFFFFFFFFFFFFFFFE7
:1069C000FFFFFFFFFFFFFFFFFFFFFFFFFBE6F3B44B
:1069D0000B7B8451E240C040C040E148E148C040E8
:1069E000A040A038024107620E9458D6FFFFFFFF77
:1069F000FFFFFFFFFFFFFFFFFFFFFFFFFFFFFFFFA7
:106A0000FFFFFFFFFFFFFFFFFFFFFFFFFFFFFFFF96
:106A1000FFFFFFFFFFFFFFFFFFFFFFFFFFFFFFFF86
:106A2000FFFFFFFFFFFFFFFFFFFFFFFFFFFFFFFF76
:106A3000FFFFFFFFFFFFFFFFFFFFFFFFFFFFFFFF66
:106A4000FFFFFFFFFFFFFFFFFFFFFFFFFFFFFFFF56
:106A5000FFFFFFFFFFFFFFFFFFFFFFFFFFFFFFFF46
:106A6000FFFFFFFFFFFFFFFFFFFFFFFFFFFFFFFF36
:106A7000FFFFFFFFFFFFFFFFFFFFFFFFFFFFFFFF26
:106A8000FFFFFFFFFFFFFFFFFFFFFFFFFFFFDFFF36
:106A900095C5A972C140A038A36107930ABCACD4C4
:106AA0000DE52DE52DED0DE5CCDC4BC4689B0472A6
:106AB000C0408038276274BDFFFFFFFFFFFFFFFF6C
:106AC000FFFFFFFFFFFFFFFFFFFFFFFFFFFFFFFFD6
:106AD000FFFFFFFFFFFFFFFFFFFFFFFFFFFFFFFFC6
:106AE000FFFFFFFFFFFFFFFFFFFFFFFFFFFFFFFFB6
:106AF000FFFFFFFFFFFFFFFFFFFFFFFFFFFFFFFFA6
:106B0000FFFFFFFFFFFFFFFFFFFFFFFFFFFFFFFF95
:106B1000FFFFFFFFFFFFFFFFFFFFFFFFFFFFFFFF85
:106B2000FFFFFFFFFFFFFFFFFFFFFFFFFFFFFFFF75
:106B3000FFFFFFFFFFFFFFFFFFFFFFFFFFFFFFFF65
:106B4000FFFFFFFFFFFFFFFFFFFFFFFFFFFFFFFF55
:106B5000FFFFFFFF34BDC6594030635989A30DE5DF
:106B60006DFD4CFD0AFDE9FCC8F4A8F4A8F4A8F4F6
:106B7000C9FC0AFD4BFD6DFD2DED0ABCE4696030DA
:106B8000276258D6FFFFFFFFFFFFFFFFFFFFFFFF5A
:106B9000FFFFFFFFFFFFFFFFFFFFFFFFFFFFFFFF05
:106BA000FFFFFFFFFFFFFFFFFFFFFFFFFFFFFFFFF5
:106BB000FFFFFFFFFFFFFFFFFFFFFFFFFFFFFFFFE5
:106BC000FFFFFFFFFFFFFFFFFFFFFFFFFFFFFFFFD5
:106BD000FFFFFFFFFFFFFFFFFFFFFFFFFFFFFFFFC5
:106BE000FFFFFFFFFFFFFFFFFFFFFFFFFFFFFFFFB5
:106BF000FFFFFFFFFFFFFFFFFFFFFFFFFFFFFFFFA5
:106C0000FFFFFFFFFFFFFFFFFFFFFFFFFFFFFFFF94
:106C1000FFFFFFFFFFFFFFFF38D6276A0028A359B9
:106C20002BBC6DFD4BFDA8F467EC67EC67EC88ECC2
:106C300088EC88EC88EC88EC88EC67EC67EC67EC17
:106C4000A8F42AFD8DFDACCC8359613070A4FFFF00
:106C5000FFFFFFFFFFFFFFFFFFFFFFFFFFFFFFFF44
:106C6000FFFFFFFFFFFFFFFFFFFFFFFFFFFFFFFF34
:106C7000FFFFFFFFFFFFFFFFFFFFFFFFFFFFFFFF24
:106C8000FFFFFFFFFFFFFFFFFFFFFFFFFFFFFFFF14
:106C9000FFFFFFFFFFFFFFFFFFFFFFFFFFFFFFFF04
:106CA000FFFFFFFFFFFFFFFFFFFFFFFFFFFFFFFFF4
:106CB000FFFFFFFFFFFFFFFFFFFFFFFFFFFFFFFFE4
:106CC000FFFFFFFFFFFFFFFFFFFFFFFFFFFFFFFFD4
:106CD000FFFFFFFFFFFFFFFFFFFFFFFFDFFF0F9C37
:106CE0006030C140EAAB8DFD0AFD87F467EC88ECAB
:106CF00088EC88EC88EC88EC88EC88EC88EC88ECF4
:106D000088EC88EC88EC88EC88EC67EC67EC0AFD92
:106D10006DFD079320282B83DEFFFFFFFFFFFFFFA2
:106D2000FFFFFFFFFFFFFFFFFFFFFFFFFFFFFFFF73
:106D3000FFFFFFFFFFFFFFFFFFFFFFFFFFFFFFFF63
:106D4000FFFFFFFFFFFFFFFFFFFFFFFFFFFFFFFF53
:106D5000FFFFFFFFFFFFFFFFFFFFFFFFFFFFFFFF43
:106D6000FFFFFFFFFFFFFFFFFFFFFFFFFFFFFFFF33
:106D7000FFFFFFFFFFFFFFFFFFFFFFFFFFFFFFFF23
:106D8000FFFFFFFFFFFFFFFFFFFFFFFFFFFFFFFF13
:106D9000FFFFFFFFFFFFFFFFFFFFFFFFFFFFFFFF03
:106DA000FFFF1BEF686A002845722DE54BFD67F475
:106DB00067EC88EC88EC88EC88EC88EC88EC88EC54
:106DC00088EC88EC88EC88EC88EC88EC88EC88EC23
:106DD00088EC88EC88EC67EC87F44BFDC9B3403055
:106DE000A972BEFFFFFFFFFFFFFFFFFFFFFFFFFFD7
:106DF000FFFFFFFFFFFFFFFFFFFFFFFFFFFFFFFFA3
:106E0000FFFFFFFFFFFFFFFFFFFFFFFFFFFFFFFF92
:106E1000FFFFFFFFFFFFFFFFFFFFFFFFFFFFFFFF82
:106E2000FFFFFFFFFFFFFFFFFFFFFFFFFFFFFFFF72
:106E3000FFFFFFFFFFFFFFFFFFFFFFFFFFFFFFFF62
:106E4000FFFFFFFFFFFFFFFFFFFFFFFFFFFFFFFF52
:106E5000FFFFFFFFFFFFFFFFFFFFFFFFFFFFFFFF42
:106E6000FFFFFFFFFFFFFFFF79DE64512028699BD2
:106E70008EFDC8FC67EC88EC88EC88EC88EC88EC2C
:106E800088EC88EC88EC88EC88EC88EC88EC88EC62
:106E900088EC88EC88EC88EC88EC88EC88EC88EC52
:106EA00088EC67EC0AFDC8BB4030EA7AFFFFFFFFC1
:106EB000FFFFFFFFFFFFFFFFFFFFFFFFFFFFFFFFE2
:106EC000FFFFFFFFFFFFFFFFFFFFFFFFFFFFFFFFD2
:106ED000FFFFFFFFFFFF9EF7DFFFFFFFFFFFFFFF4B
:106EE000FFFFFFFFFFFFFFFFFFFFFFFFFFFFFFFFB2
:106EF000FFFFFFFFFFFFFFFFFFFFFFFFFFFFFFFFA2
:106F0000FFFFFFFFFFFFFFFFFFFFFFFFFFFFFFFF91
:106F1000FFFFFFFFFFFFFFFFFFFFFFFFFFFFFFFF81
:106F2000FFFFFFFFFFFFFFFFFFFFFFFFFFFF38D661
:106F3000024960382BB48DFD87F467EC88EC88EC4F
:106F400088EC88EC88EC88EC88EC88EC88EC88ECA1
:106F500088EC88EC88EC88EC88EC88EC88EC88EC91
:106F600088EC88EC88EC88EC88EC88EC67ECE9FC31
:106F700046B32028EE93FFFFFFFFFFFFFFFFFFFF59
:106F8000FFFFFFFFFFFFFFFFFFFFFFFFFFFFFFFF11
:106F9000FFFFFFFFFFFFFFFFFFFF78DEDBE65DEF98
:106FA0008D8B1CE7FFFFFFFFFFFFFFFFFFFFFFFFD2
:106FB000FFFFFFFFFFFFFFFFFFFFFFFFFFFFFFFFE1
:106FC000FFFFFFFFFFFFFFFFFFFFFFFFFFFFFFFFD1
:106FD000FFFFFFFFFFFFFFFFFFFFFFFFFFFFFFFFC1
:106FE000FFFFFFFFFFFFFFFFFFFFFFFFFFFFFFFFB1
:106FF000FFFFFFFF99DE034980386CC46CFD67EC2E
:1070000088EC88EC88EC88EC88EC88EC88EC88ECE0
:1070100088EC88EC88EC88EC88EC88EC88EC88ECD0
:1070200088EC88EC88EC88EC88EC88EC88EC88ECC0
:1070300088EC88EC88EC88ECE9FC638A202895C50C
:10704000FFFFFFFFFFFFFFFFFFFFFFFFFFFFFFFF50
:10705000FFFFFFFFFFFFFFFFFFFFFFFFFFFFFFFF40
:10706000FFFF99DE0562D1ACA972E469D6CDFFFFBE
:10707000FFFFFFFFFFFFFFFFFFFFFFFFFFFFFFFF20
:10708000FFFFFFFFFFFFFFFFFFFFFFFFFFFFFFFF10
:10709000FFFFFFFFFFFFFFFFFFFFFFFFFFFFFFFF00
:1070A000FFFFFFFFFFFFFFFFFFFFFFFFFFFFFFFFF0
:1070B000FFFFFFFFFFFFFFFFFFFF3CEF845140306A
:1070C0004BBC6CFD67EC88EC88EC88EC88EC88ECB9
:1070D00088EC88EC88EC88EC88EC88EC88EC88EC10
:1070E00088EC88EC88EC88EC88EC88EC88EC88EC00
:1070F00088EC88EC88EC88EC88EC88EC88EC88ECF0
:10710000A8F4A8F4415943495CEFFFFFFFFFFFFFDC
:10711000FFFFFFFFFFFFFFFFFFFFFFFFFFFFFFFF7F
:10712000FFFFFFFFFFFFFFFFFFFFFFFFED93438A1E
:1071300028938259A040CA72D6C57DF7DFFFBEFFF3
:107140003CEF59D6B6C554B534B513B534B575BD95
:10715000D6C59AD65DEFFFFFFFFFFFFFFFFFFFFFE2
:10716000FFFFFFFFFFFFFFFFFFFFFFFFFFFFFFFF2F
:10717000FFFFFFFFFFFFFFFFFFFFFFFFFFFFFFFF1F
:10718000FFFFA9720028EAAB8DFD67EC88EC88EC64
:1071900088EC88EC88EC88EC88EC88EC88EC88EC4F
:1071A00088EC88EC88EC88EC88EC88EC88EC88EC3F
:1071B00088EC88EC88EC88EC88EC88EC88EC88EC2F
:1071C00088EC88EC88EC88EC88ECC8FCC6C34030BE
:1071D0008C8BFFFFFFFFFFFFFFFFFFFFFFFFFFFFA6
:1071E000FFFFFFFFFFFFFFFFFFFFFFFFFFFFFFFFAF
:1071F000FFFFFFFF3CEFC469A6CB4ACC489BC469A4
:1072000063590662A8728872276A066A667AC68A15
:10721000C692E69AC692C6928682867AA87A0A7B37
:107220000F94B6BD9EF7FFFFFFFFFFFFFFFFFFFFBD
:10723000FFFFFFFFFFFFFFFFFFFFFFFFFFFFFFFF5E
:10724000FFFFFFFFFFFFFFFFB1AC0028E78ACEFD85
:1072500067EC88EC88EC88EC88EC88EC88EC88ECAF
:1072600088EC88EC88EC88EC88EC88EC88EC88EC7E
:1072700088EC88EC88EC88EC88EC88EC88EC88EC6E
:1072800088EC88EC88EC88EC88EC88EC88EC88EC5E
:1072900088EC88ECC9FC027AA138BADEFFFFFFFF58
:1072A000FFFFFFFFFFFFFFFFFFFFFFFFFFFFFFFFEE
:1072B000FFFFFFFFFFFFFFFFFFFFFFFFFFFF13AD1C
:1072C000C05042CB06DC48DC28D4E8CBC7C3C8C3D7
:1072D00008D448DC27DCC5D3A5D3C5D3C5DBC5D3CB
:1072E000E6D307D4E7CBA7C327AB86828972D3AC9A
:1072F000BFFFFFFFFFFFFFFFFFFFFFFFFFFFFFFFDE
:10730000FFFFFFFFFFFFFFFFFFFFFFFFFFFFDAE6CB
:10731000C1408359AFF5A8F467EC88EC88EC88ECA1
:1073200088EC88EC88EC88EC88EC88EC88EC88ECBD
:1073300088EC88EC88EC88EC88EC88EC88EC88ECAD
:1073400088EC88EC88EC88EC88EC88EC88EC88EC9D
:1073500088EC88EC88EC88EC88EC88ECC8FCC6CB20
:1073600040308C8BFFFFFFFFFFFFFFFFFFFFFFFFA2
:10737000FFFFFFFFFFFFFFFFFFFFFFFFFFFFFFFF1D
:10738000FFFFFFFFFFFFFFFF8D83206102BBE2BA1B
:1073900002BB22C323C322C302BBE2BAE2BA02BBCE
:1073A00002BB82A2A2AA02BB22C322C322C323C35E
:1073B00064CBE6D308CC868A686A75B5FFFFFFFF09
:1073C000FFFFFFFFFFFFFFFFFFFFFFFFFFFFFFFFCD
:1073D000FFFFFFFFFFFF2B834030CDCC2BFD67EC81
:1073E00088EC88EC88EC88EC88EC88EC88EC88ECFD
:1073F00088EC88EC88EC88EC88EC88EC88EC88ECED
:1074000088EC88EC88EC88EC88EC88EC88EC88ECDC
:1074100088EC88EC88EC88EC88EC88EC88EC88ECCC
:1074200088EC88EC88F4A8F4816122493CEFFFFFE6
:10743000FFFFFFFFFFFFFFFFFFFFFFFFFFFFFFFF5C
:10744000FFFFFFFFFFFFFFFFFFFFFFFFFFFFFFFF4C
:10745000FFFF2C7B807143C323BB23BB23BB23BB18
:1074600023BB23BB23BB23BB43C38161E040405903
:10747000E1714292A2A2E2B202BBE2BA22C3C5D338
:1074800024B3C271C97A95BD7EF7FFFFFFFFFFFFEE
:10749000FFFFFFFFFFFFFFFFFFFFFFFF79DE603011
:1074A000E78AAEFD67EC88EC88EC88EC88EC88EC29
:1074B00088EC88EC88EC88EC88EC88EC88EC88EC2C
:1074C00088EC88EC88EC88EC88EC88EC88EC88EC1C
:1074D00088EC88EC88EC88EC88EC88EC88EC88EC0C
:1074E00088EC88EC88EC88EC88EC88EC88ECE9FC8B
:1074F000E4A2402812B5FFFFFFFFFFFFFFFFFFFFE1
:10750000FFFFFFFFFFFFFFFFFFFFFFFFFFFFFFFF8B
:10751000FFFFFFFFFFFFFFFFFFFF91A4606943C371
:1075200023BB23BB23BB23BB23BB23BB23BB23BB6B
:1075300023C3E2B2E271867AE0400049017AA2A256
:1075400023C323BB23BB02BB22C363CB2092616155
:10755000457ACE937DF7FFFFFFFFFFFFFFFFFFFFA1
:10756000FFFFFFFF4B83A0404EE5C9FC67EC88ECB2
:1075700088EC88EC88EC88EC88EC88EC88EC88EC6B
:1075800088EC88EC88EC88EC88EC88EC88EC88EC5B
:1075900088EC88EC88EC88EC88EC88EC88EC88EC4B
:1075A00088EC88EC88EC88EC88EC88EC88EC88EC3B
:1075B00088EC88EC88ECC8FCE6D38038E97AFFFFD9
:1075C000FFFFFFFFFFFFFFFFFFFFFFFFFFFFFFFFCB
:1075D000FFFFFFFFFFFFFFFFFFFFFFFFFFFFFFFFBB
:1075E000FFFFEA72428A43CB23BB23BB23BB23BBEF
:1075F00023BB23BB23BB23BB23BB43C3C3AA848AB4
:10760000C1716159E2B243C323BB23BB23BB23BB7C
:1076100002BB43C3428AC26960614038F7CDFFFFB5
:10762000FFFFFFFFFFFFFFFFFFFF3CEFE14007937E
:10763000AEFD67EC88EC88EC88EC88EC88EC88EC94
:1076400088EC88EC88EC88EC88EC88EC88EC88EC9A
:1076500088EC88EC88EC88EC88EC88EC88EC88EC8A
:1076600088EC88EC88EC88EC88EC88EC88EC88EC7A
:1076700088EC88EC88EC88EC88EC88EC88ECA8F442
:1076800088EC405963517DF7FFFFFFFFFFFFFFFFCD
:10769000FFFFFFFFFFFFFFFFFFFFFFFFFFFFFFFFFA
:1076A000FFFFFFFFFFFFFFFF1BE7635166BB22C326
:1076B00023BB03BB02BB02BB02BB02BB02BB02BBC0
:1076C00002BB03BB23C3C2B26292629A23C323BB31
:1076D00003BB02BBE2BA02BB64CB26E468EC037ACC
:1076E0006038AD93BEFFFFFFFFFFFFFFFFFFFFFF0F
:1076F000FFFFD2AC80382EE5E9FC67EC88EC88EC23
:1077000088EC88EC88EC88EC88EC88EC88EC88ECD9
:1077100088EC88EC88EC88EC88EC88EC88EC88ECC9
:1077200088EC88EC88EC88EC88EC88EC88EC88ECB9
:1077300088EC88EC88EC88EC88EC88EC88EC88ECA9
:1077400088EC88EC88EC88ECC8FC027A803838D663
:10775000FFFFFFFFFFFFFFFFFFFFFFFFFFFFFFFF39
:10776000FFFFFFFFFFFFFFFFFFFFFFFFFFFFFFFF29
:107770004C83247A07DCC1B202BB23BB44C384CB55
:10778000A5CBA5CB84CB64CB43C323BB02BB02BB3D
:1077900002BB22BB02BB02BB03BB43C3A5D347E46E
:1077A000A8F4A8F4E9FC83D3098BFFFFFFFFFFFFD8
:1077B000FFFFFFFFFFFFFFFFFFFF886A0472AEFDC0
:1077C00067EC88EC88EC88EC88EC88EC88EC88EC3A
:1077D00088EC88EC88EC88EC88EC88EC88EC88EC09
:1077E00088EC88EC88EC88EC88EC88EC88EC88ECF9
:1077F00088EC88EC88EC88EC88EC88EC88EC88ECE9
:1078000088EC88EC88EC88EC88EC88EC88EC88ECD8
:10781000C8FCA392403033BDFFFFFFFFFFFFFFFF17
:10782000FFFFFFFFFFFFFFFFFFFFFFFFFFFFFFFF68
:10783000FFFFFFFFFFFFF3B40149ACD464C364CB87
:1078400006DC67EC88ECA8F4A8F4A8F4A8F488F4A3
:1078500088EC47EC06DCC5D3A5CBA5CBC5D306DCAD
:1078600047E488ECA8F4A8F488ECC8FC62D38682CC
:107870003DEFFFFFFFFFFFFFFFFFFFFFFFFFFFFFEA
:10788000DEFF0249EAB34CFD67EC88EC88EC88EC3B
:1078900088EC88EC88EC88EC88EC88EC88EC88EC48
:1078A00088EC88EC88EC88EC88EC88EC88EC88EC38
:1078B00088EC88EC88EC88EC88EC88EC88EC88EC28
:1078C00088EC88EC88EC88EC88EC88EC88EC88EC18
:1078D00088EC88EC88EC88ECC8FC05AB40302F9C29
:1078E000FFFFFFFFFFFFFFFFFFFFFFFFFFFFFFFFA8
:1078F000FFFFFFFFFFFFFFFFFFFFFFFFBEFF23496B
:1079000089A38DFD06E4A8F4A8F488F488EC88EC3B
:1079100088EC88EC88EC88EC88EC88F4A8F4A8F46F
:10792000A8F4A8F4A8F4A8F4A8F488EC88ECA8F4C7
:10793000A7FCE1BA2572DBDEFFFFFFFFFFFFFFFFC1
:10794000FFFFFFFFFFFFFFFF79DEC1400DDDC9FC38
:1079500067EC88EC88EC88EC88EC88EC88EC88ECA8
:1079600088EC88EC88EC88EC88EC88EC88EC88EC77
:1079700088EC88EC88EC88EC88EC88EC88EC88EC67
:1079800088EC88EC88EC88EC88EC88EC88EC88EC57
:1079900088EC88EC88EC88EC88EC88EC88EC88EC47
:1079A000C8FC45B340306C8BFFFFFFFFFFFFFFFFBC
:1079B000FFFFFFFFFFFFFFFFFFFFFFFFFFFFFFFFD7
:1079C000FFFFFFFFFFFFB1ACC4692BFDC8FC88ECD3
:1079D00088EC88EC88EC88EC88EC88EC88EC88EC07
:1079E00088EC88EC88EC88EC88EC88EC88EC88ECF7
:1079F00088EC88ECA8F445F4009A476AFCE6FFFF9F
:107A0000FFFFFFFFFFFFFFFFFFFFFFFFFFFFFFFF86
:107A100013B542598EF588F488EC88EC88EC88EC34
:107A200088EC88EC88EC88EC88EC88EC88EC88ECB6
:107A300088EC88EC88EC88EC88EC88EC88EC88ECA6
:107A400088EC88EC88EC88EC88EC88EC88EC88EC96
:107A500088EC88EC88EC88EC88EC88EC88EC88EC86
:107A600088EC88EC88EC88ECC8FC66BB60300A8344
:107A7000FFFFFFFFFFFFFFFFFFFFFFFFFFFFFFFF16
:107A8000FFFFFFFFFFFFFFFFFFFFFFFFFFFFFFFF06
:107A9000CA72616145ECC8FC88EC88EC88EC88EC23
:107AA00088EC88EC88EC88EC88EC88EC88EC88EC36
:107AB00088EC88EC88EC88EC88F486FC62D340691A
:107AC0002C7B9EF7FFFFFFFFFFFFFFFFFFFFFFFF86
:107AD000FFFFFFFFFFFFFFFF0F9404728EFD67ECB7
:107AE00088EC88EC88EC88EC88EC88EC88EC88ECF6
:107AF00088EC88EC88EC88EC88EC88EC88EC88ECE6
:107B000088EC88EC88EC88EC88EC88EC88EC88ECD5
:107B100088EC88EC88EC88EC88EC88EC88EC88ECC5
:107B200088EC88EC88EC88EC88EC88EC88EC88ECB5
:107B3000C8FC86BB6030E97AFFFFFFFFFFFFFFFF55
:107B4000FFFFFFFFFFFFFFFFFFFFFFFFFFFFFFFF45
:107B5000FFFFFFFFFFFFFFFFFFFFAA6A005143BBCC
:107B600087F4C8FCA8F488EC88EC88EC88EC88ECF6
:107B700088EC88EC88EC88EC88EC88EC87F486FC50
:107B8000E3E3E089845914ADFFFFFFFFFFFFFFFF30
:107B9000FFFFFFFFFFFFFFFFFFFFFFFFFFFFFFFFF5
:107BA0002B8386828DFD67EC88EC88EC88EC88EC72
:107BB00088EC88EC88EC88EC88EC88EC88EC88EC25
:107BC00088EC88EC88EC88EC88EC88EC88EC88EC15
:107BD00088EC88EC88EC88EC88EC88EC88EC88EC05
:107BE00088EC88EC88EC88EC88EC88EC88EC88ECF5
:107BF00088EC88EC88EC88ECC8FC65BB6030E97ADE
:107C0000FFFFFFFFFFFFFFFFFFFFFFFFFFFFFFFF84
:107C1000FFFFFFFFFFFFFFFFBEF73CEFBADEF7C538
:107C2000F3ACAB9361614059017A23B305E466F488
:107C300087F4A7F488F488F487EC67EC67EC46ECEB
:107C400045F444F4C2E3409A62596D831CE7FFFF98
:107C5000FFFFFFFFFFFFFFFFFFFFFFFFFFFFFFFF34
:107C6000FFFFFFFFFFFFFFFFC97AA68A6CFD67ECED
:107C700088EC88EC88EC88EC88EC88EC88EC88EC64
:107C800088EC88EC88EC88EC88EC88EC88ECA8F42C
:107C9000A7F4A7FCA7FCA7FCA7FCA7FCA8F4A8F4E2
:107CA00088EC88EC88EC88EC88EC88EC88EC88EC34
:107CB00088EC88EC88EC88EC88EC88EC88EC88EC24
:107CC000C8FC45B340302A83FFFFFFFFFFFFFFFFE3
:107CD000FFFFFFFFFFFFBEFF38D692A44C83896AE7
:107CE000276A066A056AA3614159017A43C3E3DB47
:107CF00043C36192218A6192C2A202B343C383D378
:107D0000E4E324EC23F403EC41CB0092A3614D8324
:107D10007AD6FFFFFFFFFFFFFFFFFFFFFFFFFFFF21
:107D2000FFFFFFFFFFFFFFFFFFFFFFFFFFFFFFFF63
:107D3000A97286826CFD67EC88EC88EC88EC88EC94
:107D400088EC88EC88EC88EC88EC88EC88EC88EC93
:107D500088F4A7FC65F4C4DB22BB81A24092209288
:107D6000619AC1AA62CB04E465F487F488EC88ECDC
:107D700088EC88EC88EC88EC88EC88EC88EC88EC63
:107D800088EC88EC88EC88ECC8FC04A340308C8B31
:107D9000FFFFFFFFFFFFFFFFFFFF38D6AE8BC65987
:107DA00084594572279BE9BB6AD489E4A9ECC9F4DC
:107DB000A8F447ECE5DBE3E303EC24F4E3E383D34B
:107DC00083CBA3D3A3DB82DB82D301C340A2E279BE
:107DD0006772519CDBDEFFFFFFFFFFFFFFFFFFFF2E
:107DE000FFFFFFFFFFFFFFFFFFFFFFFFFFFFFFFFA3
:107DF000FFFFFFFFFFFFFFFFC97A457A6CFD67ECCD
:107E000088EC88EC88EC88EC88EC88EC88EC88ECD2
:107E100088EC88EC88F487FC24ECC1AA4069A04077
:107E2000C1404349A551C551A5514349C140C0482E
:107E3000A07922BB24EC66F488EC88EC88EC88EC12
:107E400088EC88EC88EC88EC88EC88EC88EC88EC92
:107E5000C8FCA392403050A4FFFFFFFFFFFF75BD99
:107E60004862435186824BC42DED6CFD2AFDC9FC4E
:107E7000A8F488F488F488F488F488F4A8F4A8F4C2
:107E800045F403EC04EC44FC82DB80AA018A037A0B
:107E900045720A83719C59CEDFFFFFFFFFFFFFFF92
:107EA000FFFFFFFFFFFFFFFFFFFFFFFFFFFFFFFFE2
:107EB000FFFFFFFFFFFFFFFFFFFFFFFFFFFFFFFFD2
:107EC0002B83E4696CFD67EC88EC88EC88EC88EC2B
:107ED00088EC88EC88EC88EC88ECA8F465F402B3B4
:107EE000E050A138A96AF3AC79DE5CEF9EFFBEFFDB
:107EF0009EFF3CEF59D691A407628038406142C38F
:107F000044F466EC88EC88EC88EC88EC88EC88EC2F
:107F100088EC88EC88EC88ECC8FC237A403074BD8F
:107F2000FFFF58D648620249489B4DED8DFDE9FCA4
:107F300087F467EC67EC88EC88EC88EC88EC88ECDC
:107F400088EC88F447E4A5CB23B322C3A3DB0182EA
:107F5000E5611094B6BDDBDE9EF7FFFFFFFFFFFF7C
:107F6000FFFFFFFFFFFFFFFFFFFFFFFFFFFFFFFF21
:107F7000FFFFFFFFFFFFFFFFFFFFFFFFFFFFFFFF11
:107F8000FFFFFFFFFFFFFFFF0F9C42594DF587F4F6
:107F900088EC88EC88EC88EC88EC88EC88EC88EC41
:107FA000A8F424ECE0812028896A59D6FFFFFFFF5E
:107FB000FFFFFFFFFFFFFFFFFFFFFFFFFFFFFFFFD1
:107FC000FFFFD6C507624030218A03EC46F488ECF7
:107FD00088EC88EC88EC88EC88EC88EC88EC88F4F9
:107FE00088EC8161014179DE509CC240E78A6EEDE8
:107FF0006CFDA8F467EC67EC88EC88EC88EC88EC06
:1080000088EC88EC88EC88EC88F427DCA7BBC8BB3C
:10801000E9BB489B2151065A7EF7FFFFFFFFFFFF98
:10802000FFFFFFFFFFFFFFFFFFFFFFFFFFFFFFFF60
:10803000FFFFFFFFFFFFFFFFFFFFFFFFFFFFFFFF50
:10804000FFFFFFFFFFFFFFFFFFFFFFFFFFFFFFFF40
:1080500013B5E0400CEDA8F488EC88EC88EC88ECD3
:1080600088EC88EC88ECA8F424EC8069602871A482
:10807000FFFFFFFFFFFFFFFFFFFFFFFFFFFFFFFF10
:10808000FFFFFFFFFFFFFFFFFFFFFFFFDFFF509C32
:1080900060308069E3E345F488EC88EC88EC88EC98
:1080A00088EC88EC88ECA8F427DC0049835127622F
:1080B0004351ACD48DFDA8F467EC88EC88EC88ECD7
:1080C00088EC88EC88EC88EC88EC88EC88EC88EC10
:1080D00088EC68E4A9F4C9FCC9FC2AFD6BCCE66114
:1080E000DBE6FFFFFFFFFFFFFFFFFFFFFFFFFFFFDD
:1080F000FFFFFFFFFFFFFFFFFFFFFFFFFFFFFFFF90
:10810000FFFFFFFFFFFFFFFFFFFFFFFFFFFFFFFF7F
:10811000FFFFFFFFFFFFFFFF79DEA0386BCCE9FC1C
:1081200088EC88EC88EC88EC88EC88EC88F466F4C1
:10813000C079603054BDFFFFFFFFFFFFFFFFFFFF6F
:10814000FFFFFFFFFFFFFFFFFFFFFFFFFFFFFFFF3F
:10815000FFFFFFFFFFFFFFFF95C5A2384061E3E38C
:1081600066F488EC88EC88EC88EC88EC88ECC8FC39
:1081700086BBE0408038667A6DF509FD67EC88ECD7
:1081800088EC88EC88EC88EC88EC88EC88EC88EC4F
:1081900088EC88EC88EC88EC88EC88F488EC88EC37
:1081A00088EC67EC2AFDE37191A4FFFFFFFFFFFF5E
:1081B000FFFFFFFFFFFFFFFFFFFFFFFFFFFFFFFFCF
:1081C000FFFFFFFFFFFFFFFFFFFFFFFFFFFFFFFFBF
:1081D000FFFFFFFFFFFFFFFFFFFFFFFFFFFFFFFFAF
:1081E000DEFF024968A32AFD67EC88EC88EC88EC86
:1081F00088EC88ECA7FCC2AA202891ACFFFFFFFF07
:10820000FFFFFFFFFFFFFFFFFFFFFFFFFFFFFFFF7E
:10821000FFFFFFFFFFFFFFFFFFFFFFFFFFFFFFFF6E
:10822000FFFFF7CDA138806903EC67F488EC88EC98
:1082300088EC88EC88ECE8FCA492602828936CFD1C
:10824000A8F467EC88EC88EC88EC88EC88EC88EC87
:1082500088EC88EC88EC88EC88EC88EC88EC88EC7E
:1082600088EC88EC88EC88EC88EC88EC66F440615B
:1082700034B5FFFFFFFFFFFFFFFFFFFFFFFFFFFF23
:10828000FFFFFFFFFFFFFFFFFFFFFFFFFFFFFFFFFE
:10829000FFFFFFFFFFFFFFFFFFFFFFFFFFFFFFFFEE
:1082A000FFFFFFFFFFFFFFFFFFFFA972E4696CFD07
:1082B00067EC88EC88EC88EC88ECA8F425E4C048EE
:1082C000886AFFFFFFFFFFFFFFFFFFFFFFFFFFFFCA
:1082D000FFFFFFFFFFFFFFFFFFFFFFFFFFFFFFFFAE
:1082E000FFFFFFFFFFFFFFFFFFFFFFFF74BD402801
:1082F000419244F488EC88EC88EC88EC88F4A8F48B
:108300006159C78A4BFD87F468EC88EC88EC88ECEF
:1083100088EC88EC88EC88EC88EC88EC88EC88ECBD
:1083200088EC88EC88EC88EC88EC88EC88EC88ECAD
:1083300088ECC8FC43CB63513DEFFFFFFFFFFFFF1D
:10834000FFFFFFFFFFFFFFFFFFFFFFFFFFFFFFFF3D
:10835000FFFFFFFFFFFFFFFFFFFFFFFFFFFFFFFF2D
:10836000FFFFFFFFFFFFFFFFFFFFFFFFFFFFFFFF1D
:10837000FFFF13B5A0400CE5A8F488EC88EC88EC6E
:1083800088ECC8FCC2AA803038D6FFFFFFFFFFFF91
:10839000FFFFFFFFFFFFFFFFFFFFFFFFFFFFFFFFED
:1083A000FFFFFFFFFFFFFFFFFFFFFFFFFFFFFFFFDD
:1083B000FFFFFFFFFFFFCE93403042C366F488EC1F
:1083C00088EC88ECC8FCA6C3657A0AFD87F488ECC3
:1083D00088EC88EC88EC88EC88EC88EC88EC88ECFD
:1083E00088EC88EC88EC88EC88EC88EC88EC88ECED
:1083F00088EC88EC88EC88EC88ECA7FC6071309CF9
:10840000FFFFFFFFFFFFFFFFFFFFFFFFFFFFFFFF7C
:10841000FFFFFFFFFFFFFFFFFFFFFFFFFFFFFFFF6C
:10842000FFFFFFFFFFFFFFFFFFFFFFFFFFFFFFFF5C
:10843000FFFFFFFFFFFFFFFFFFFF7DF7234968A35B
:108440000AFD67EC88EC88EC88EC87F46069686268
:10845000FFFFFFFFFFFFFFFFFFFFFFFFFFFFFFFF2C
:10846000FFFFFFFFFFFFFFFFFFFFFFFFFFFFFFFF1C
:10847000FFFFFFFFFFFFFFFFFFFFFFFFFFFFBEFF4D
:10848000C559405904EC87F488EC88ECA8F486BB05
:1084900068E4A8F488EC88EC88EC88EC88EC88EC3C
:1084A00088EC88EC88EC88EC88EC88EC88EC88EC2C
:1084B00088EC88EC88EC88EC88EC88EC88EC88EC1C
:1084C000C8FC23C384519EF7FFFFFFFFFFFFFFFFA0
:1084D000FFFFFFFFFFFFFFFFFFFFFFFFFFFFFFFFAC
:1084E000FFFFFFFFFFFFFFFFFFFFFFFFFFFFFFFF9C
:1084F000FFFFFFFFFFFFFFFFFFFFFFFFFFFFFFFF8C
:10850000FFFFFFFFEE9322512CF587F488EC88ECF7
:10851000A8F425E4A048B2A4FFFFFFFFFFFFFFFF80
:10852000FFFFFFFFFFFFFFFFFFFFFFFFFFFFFFFF5B
:10853000FFFFFFFFFFFFFFFFFFFFFFFFFFFFFFFF4B
:10854000FFFFFFFFFFFFFFFFB6C56030C1AA66F463
:1085500088EC88EC68EC68E4A8F488EC88EC88EC9B
:1085600088EC88EC88EC88EC88EC88EC88EC88EC6B
:1085700088EC88EC88EC88EC88EC88EC88EC88EC5B
:1085800068EC88EC88EC88EC87FC406992A4FFFFDB
:10859000FFFFFFFFFFFFFFFFFFFFFFFFFFFFFFFFEB
:1085A000FFFFFFFFFFFFFFFFFFFFFFFFFFFFFFFFDB
:1085B000FFFFFFFFFFFFFFFFFFFFFFFFFFFFFFFFCB
:1085C000FFFFFFFFFFFFFFFFFFFFFFFF5CEF024129
:1085D00068AB09FD68EC88ECC8FC84CBC04058D679
:1085E000FFFFFFFFFFFFFFFFFFFFFFFFFFFFFFFF9B
:1085F000FFFFFFFFFFFFFFFFFFFFFFFFFFFFFFFF8B
:10860000FFFFFFFFFFFFFFFFFFFFFFFFFFFFFFFF7A
:10861000FFFF686A205904EC88F488EC88EC88F441
:1086200088EC88EC88EC88EC88EC88EC88EC88ECAA
:1086300088EC88EC88EC88EC88EC88EC88EC88EC9A
:1086400088EC88EC88F4C6CB68E488F488ECC8FC35
:1086500043C384519EF7FFFFFFFFFFFFFFFFFFFFB4
:10866000FFFFFFFFFFFFFFFFFFFFFFFFFFFFFFFF1A
:10867000FFFFFFFFFFFFFFFFFFFFFFFFFFFFFFFF0A
:10868000FFFFFFFFFFFFFFFFFFFFFFFFFFFFFFFFFA
:10869000FFFFFFFFFFFF91A4C140CAECA8F488ECE4
:1086A000C8FC23B323493CEFFFFFFFFFFFFFFFFFA1
:1086B000FFFFFFFFFFFFFFFFFFFFFFFFFFFFFFFFCA
:1086C000FFFFFFFFFFFFFFFFFFFFFFFFFFFFFFFFBA
:1086D000FFFFFFFFFFFFFFFFFFFFB6C5803822BB94
:1086E00086F488EC88EC88EC88EC88EC88EC88ECE4
:1086F00088EC88F4A8F4C8FCA8FCA8F488EC88EC02
:1087000088EC88EC88EC88EC88ECA8F4E5DB24B3F2
:10871000A8F488EC88ECA7FC6071719CFFFFFFFF58
:10872000FFFFFFFFFFFFFFFFFFFFFFFFFFFFFFFF59
:10873000FFFFFFFFFFFFFFFFFFFFFFFFFFFFFFFF49
:10874000FFFFFFFFFFFFFFFFFFFFFFFFFFFFFFFF39
:10875000FFFFFFFFFFFFFFFFFFFFFFFFFFFFFFFF29
:108760004862E37909FD88ECC8FCE2AAA559BEFF7E
:10877000FFFFFFFFFFFFFFFFFFFFFFFFFFFFFFFF09
:10878000FFFFFFFFFFFFFFFFFFFFFFFFFFFFFFFFF9
:10879000FFFFFFFFFFFFFFFFFFFFFFFFFFFFFFFFE9
:1087A000FFFFDFFFE659C07965F488EC88EC88ECC0
:1087B00088EC88EC88EC88EC88F448E4A6C365BBB8
:1087C000A6CB67ECE9FCA8FC88EC88EC88EC88EC8C
:1087D00088ECA8FCC2AA86BBC8FC88ECA8F483CBB2
:1087E00063515DEFFFFFFFFFFFFFFFFFFFFFFFFF95
:1087F000FFFFFFFFFFFFFFFFFFFFFFFFFFFFFFFF89
:10880000FFFFFFFFFFFFFFFFFFFFFFFFFFFFFFFF78
:10881000FFFFFFFFFFFFFFFFFFFFFFFFFFFFFFFF68
:10882000FFFFFFFFFFFFFFFFFBE60341C4A2E9FCE0
:10883000C8FCE3AA065ADFFFFFFFFFFFFFFFFFFFB1
:10884000FFFFFFFFFFFFFFFFFFFFFFFFFFFFFFFF38
:10885000FFFFFFFFFFFFFFFFFFFFFFFFFFFFFFFF28
:10886000FFFFFFFFFFFFFFFFFFFFFFFF509CC04820
:10887000E4E388F488EC88EC88EC88EC88EC88ECFD
:1088800088F448E4C7C326A3457283592382E6D3FC
:10889000E9FCA8F488EC88ECA9F446EC218A27DCF2
:1088A000A8F488ECA8FCC0818D83FFFFFFFFFFFFC9
:1088B000FFFFFFFFFFFFFFFFFFFFFFFFFFFFFFFFC8
:1088C000FFFFFFFFFFFFFFFFFFFFFFFFFFFFFFFFB8
:1088D000FFFFFFFFFFFFFFFFFFFFFFFFFFFFFFFFA8
:1088E000FFFFFFFFFFFFFFFFFFFFFFFFFFFFFFFF98
:1088F000FFFFF7CDA13845BB29FD03B30662DFFFBB
:10890000FFFFFFFFFFFFFFFFFFFFFFFFFFFFFFFF77
:10891000FFFFFFFFFFFFFFFFFFFFFFFFFFFFFFFF67
:10892000FFFFFFFFFFFFFFFFFFFFFFFFFFFFFFFF57
:10893000FFFFFFFF58D6C14042C3A7F488EC88EC84
:1089400088EC88EC88EC88EC88EC88F4A8F4C8FC07
:10895000C9F449D4868202414382A8F4C8FC87F452
:10896000A7FCC4DB228288F488ECA8F405E421513A
:1089700079D6FFFFFFFFFFFFFFFFFFFFFFFFFFFFB6
:10898000FFFFFFFFFFFFFFFFFFFFFFFFFFFFFFFFF7
:10899000FFFFFFFFFFFFFFFFFFFFFFFFFFFFFFFFE7
:1089A000FFFFFFFFFFFFFFFFFFFFFFFFFFFFFFFFD7
:1089B000FFFFFFFFFFFFFFFFFFFFFFFF96BDE1404F
:1089C000A5CBE5D3C559BEFFFFFFFFFFFFFFFFFFAC
:1089D000FFFFFFFFFFFFFFFFFFFFFFFFFFFFFFFFA7
:1089E000FFFFFFFFFFFFFFFFFFFFFFFFFFFFFFFF97
:1089F000FFFFFFFFFFFFFFFFFFFFFFFF9EFFA451F1
:108A0000A1AAA7FC88EC88EC88EC88EC88EC88ECC0
:108A100088EC88EC88EC88EC88ECA8F40AFD6AD431
:108A20008459625926E4E3E380AA0082848AC8FC60
:108A300088ECC8FC81A2886AFFFFFFFFFFFFFFFFF1
:108A4000FFFFFFFFFFFFFFFFFFFFFFFFFFFFFFFF36
:108A5000FFFFFFFFFFFFFFFFFFFFFFFFFFFFFFFF26
:108A6000FFFFFFFFFFFFFFFFFFFFFFFFFFFFFFFF16
:108A7000FFFFFFFFFFFFFFFFFFFFFFFFFFFFFFFF06
:108A8000FFFFFFFFFFFFF7C5845982A2A3611CE728
:108A9000FFFFFFFFFFFFFFFFFFFFFFFFFFFFFFFFE6
:108AA000FFFFFFFFFFFFFFFFFFFFFFFFFFFFFFFFD6
:108AB000FFFFFFFFFFFFFFFFFFFFFFFFFFFFFFFFC6
:108AC000FFFFFFFFFFFF896AE08186F488EC88ECF6
:108AD00088EC88EC88EC88EC88EC88EC88EC88ECF6
:108AE00088EC88EC67ECC8FC0AF5046A0051A269BE
:108AF0006D832C7BC4A2C8FC88EC87F4606914AD3C
:108B0000FFFFFFFFFFFFFFFFFFFFFFFFFFFFFFFF75
:108B1000FFFFFFFFFFFFFFFFFFFFFFFFFFFFFFFF65
:108B2000FFFFFFFFFFFFFFFFFFFFFFFFFFFFFFFF55
:108B3000FFFFFFFFFFFFFFFFFFFFFFFFFFFFFFFF45
:108B4000FFFFFFFFFFFFFFFFFFFFFFFFFFFFFFFF35
:108B5000FBE6C97AC04079D6FFFFFFFFFFFFFFFFAA
:108B6000FFFFFFFFFFFFFFFFFFFFFFFFFFFFFFFF15
:108B7000FFFFFFFFFFFFFFFFFFFFFFFFFFFFFFFF05
:108B8000FFFFFFFFFFFFFFFFFFFFFFFFFFFFCE8B9A
:108B9000206145F488F488EC88EC88EC88EC88EC5B
:108BA00088EC88EC88EC88EC88EC88EC88EC88EC25
:108BB000A8F4C9F46159E659FFFFB2A4E3AAC8FCBE
:108BC000A8F483D383595DEFFFFFFFFFFFFFFFFF93
:108BD000FFFFFFFFFFFFFFFFFFFFFFFFFFFFFFFFA5
:108BE000FFFFFFFFFFFFFFFFFFFFFFFFFFFFFFFF95
:108BF000FFFFFFFFFFFFFFFFFFFFFFFFFFFFFFFF85
:108C0000FFFFFFFFFFFFFFFFFFFFFFFFFFFFFFFF74
:108C1000FFFFFFFFFFFFFFFFFFFFFFFF95C53CEFDB
:108C2000FFFFFFFFFFFFFFFFFFFFFFFFFFFFFFFF54
:108C3000FFFFFFFFFFFFFFFFFFFFFFFFFFFFFFFF44
:108C4000FFFFFFFFFFFFFFFFFFFFFFFFFFFFFFFF34
:108C5000FFFFFFFFFFFF34B5C048C4DB88F488EC9A
:108C600088EC88EC88EC88EC88EC88EC88EC88EC64
:108C700088EC88EC88EC88EC88ECC8FCC5CBC1405B
:108C8000F7CD2F9C44BBC8FCC8FC409A2B7BFFFF50
:108C9000FFFFFFFFFFFFFFFFFFFFFFFFFFFFFFFFE4
:108CA000FFFFFFFFFFFFFFFFFFFFFFFFFFFFFFFFD4
:108CB000FFFFFFFFFFFFFFFFFFFFFFFFFFFFFFFFC4
:108CC000FFFFFFFFFFFFFFFFFFFFFFFFFFFFFFFFB4
:108CD000FFFFFFFFFFFFFFFFFFFFFFFFFFFFFFFFA4
:108CE000FFFFFFFFFFFFFFFFFFFFFFFFFFFFFFFF94
:108CF000FFFFFFFFFFFFFFFFFFFFFFFFFFFFFFFF84
:108D0000FFFFFFFFFFFFFFFFFFFFFFFFFFFFFFFF73
:108D1000FFFFFFFFFFFFFFFFFFFFFFFFFFFF9ADEE9
:108D2000E14002BBA7FC88EC88EC88EC88EC88EC7E
:108D300088EC88EC88EC88EC88EC88EC88EC88EC93
:108D400088EC88ECA7FCA071CA72AC93A5CBC9FCD7
:108D500066F4606955B5FFFFFFFFFFFFFFFFFFFFF0
:108D6000FFFFFFFFFFFFFFFFFFFFFFFFFFFFFFFF13
:108D7000FFFFFFFFFFFFFFFFFFFFFFFFFFFFFFFF03
:108D8000FFFFFFFFFFFFFFFFFFFFFFFFFFFFFFFFF3
:108D9000FFFFFFFFFFFFFFFFFFFFFFFFFFFFFFFFE3
:108DA000FFFFFFFFFFFFFFFFFFFFFFFFFFFFFFFFD3
:108DB000FFFFFFFFFFFFFFFFFFFFFFFFFFFFFFFFC3
:108DC000FFFFFFFFFFFFFFFFFFFFFFFFFFFFFFFFB3
:108DD000FFFFFFFFFFFFFFFFFFFFFFFFFFFFFFFFA3
:108DE000FFFFFFFFFFFFBEFFA551008A86FC88EC56
:108DF00088EC88EC88EC88EC88EC88EC88EC88ECD3
:108E000088EC88EC88EC88EC88EC88ECC8FC23B310
:108E10004249457206DCC9FCA4D383593DEFFFFFEC
:108E2000FFFFFFFFFFFFFFFFFFFFFFFFFFFFFFFF52
:108E3000FFFFFFFFFFFFFFFFFFFFFFFFFFFFFFFF42
:108E4000FFFFFFFFFFFFFFFFFFFFFFFFFFFFFFFF32
:108E5000FFFFFFFFFFFFFFFFFFFFFFFFFFFFFFFF22
:108E6000FFFFFFFFFFFFFFFFFFFFFFFFFFFFFFFF12
:108E7000FFFFFFFFFFFFFFFFFFFFFFFFFFFFFFFF02
:108E8000FFFFFFFFFFFFFFFFFFFFFFFFFFFFFFFFF2
:108E9000FFFFFFFFFFFFFFFFFFFFFFFFFFFFFFFFE2
:108EA000FFFFFFFFFFFFFFFFFFFFFFFFFFFFFFFFD2
:108EB0004C83005925ECA8F488EC88EC88EC88EC0D
:108EC00088EC88EC88EC88EC88EC88EC88EC88EC02
:108ED00088EC88ECA8F4E5DB0049615968E4C8FC3B
:108EE000A1AAC972FFFFFFFFFFFFFFFFFFFFFFFF08
:108EF000FFFFFFFFFFFFFFFFFFFFFFFFFFFFFFFF82
:108F0000FFFFFFFFFFFFFFFFFFFFFFFFFFFFFFFF71
:108F1000FFFFFFFFFFFFFFFFFFFFFFFFFFFFFFFF61
:108F2000FFFFFFFFFFFFFFFFFFFFFFFFFFFFFFFF51
:108F3000FFFFFFFFFFFFFFFFFFFFFFFFFFFFFFFF41
:108F4000FFFFFFFFFFFFFFFFFFFFFFFFFFFFFFFF31
:108F5000FFFFFFFFFFFFFFFFFFFFFFFFFFFFFFFF21
:108F6000FFFFFFFFFFFFFFFFFFFFFFFFFFFFFFFF11
:108F7000FFFFFFFFFFFFFFFF54BD803863CBA8F466
:108F800088EC88EC88EC88EC88EC88EC88EC88EC41
:108F900088EC88EC88EC88EC88EC88ECA8F426E473
:108FA0002051615988ECC7FCC07991A4FFFFFFFFF5
:108FB000FFFFFFFFFFFFFFFFFFFFFFFFFFFFFFFFC1
:108FC000FFFFFFFFFFFFFFFFFFFFFFFFFFFFFFFFB1
:108FD000FFFFFFFFFFFFFFFFFFFFFFFFFFFFFFFFA1
:108FE000FFFFFFFFFFFFFFFFFFFFFFFFFFFFFFFF91
:108FF000FFFFFFFFFFFFFFFFFFFFFFFFFFFFFFFF81
:10900000FFFFFFFFFFFFFFFFFFFFFFFFFFFFFFFF70
:10901000FFFFFFFFFFFFFFFFFFFFFFFFFFFFFFFF60
:10902000FFFFFFFFFFFFFFFFFFFFFFFFFFFFFFFF50
:10903000FFFFFFFFFFFFFFFFFFFFFFFFFFFFFFFF40
:109040003CEF0241409286FC88EC88EC88EC88EC8E
:1090500088EC88EC88EC88EC88EC88EC88EC88EC70
:1090600088EC88ECA8F426E44059815988F446EC51
:10907000616139CEFFFFFFFFFFFFFFFFFFFFFFFF33
:10908000FFFFFFFFFFFFFFFFFFFFFFFFFFFFFFFFF0
:10909000FFFFFFFFFFFFFFFFFFFFFFFFFFFFFFFFE0
:1090A000FFFFFFFFFFFFFFFFFFFFFFFFFFFFFFFFD0
:1090B000FFFFFFFFFFFFFFFFFFFFFFFFFFFFFFFFC0
:1090C000FFFFFFFFFFFFFFFFFFFFFFFFFFFFFFFFB0
:1090D000FFFFFFFFFFFFFFFFFFFFFFFFFFFFFFFFA0
:1090E000FFFFFFFFFFFFFFFFFFFFFFFFFFFFFFFF90
:1090F000FFFFFFFFFFFFFFFFFFFFFFFFFFFFFFFF80
:10910000FFFFFFFFFFFFFFFFFFFF0A7BE05004ECC4
:10911000A8F488EC88EC88EC88EC88EC88EC88EC87
:1091200088EC88EC88EC88EC88EC88ECA8F405E402
:1091300000518159A8F4A4D3E4619EF7FFFFFFFF1B
:10914000FFFFFFFFFFFFFFFFFFFFFFFFFFFFFFFF2F
:10915000FFFFFFFFFFFFFFFFFFFFFFFFFFFFFFFF1F
:10916000FFFFFFFFFFFFFFFFFFFFFFFFFFFFFFFF0F
:10917000FFFFFFFFFFFFFFFFFFFFFFFFFFFFFFFFFF
:10918000FFFFFFFFFFFFFFFFFFFFFFFFFFFFFFFFEF
:10919000FFFFFFFFFFFFFFFFFFFFFFFFFFFFFFFFDF
:1091A000FFFFFFFFFFFFFFFFFFFFFFFFFFFFFFFFCF
:1091B000FFFFFFFFFFFFFFFFFFFFFFFFFFFFFFFFBF
:1091C000FFFFFFFFFFFFFFFFFFFFFFFFFFFFFFFFAF
:1091D000FFFFB5C5603002B3A7FC88EC88EC88ECD3
:1091E00088EC88EC88EC88EC88EC88EC88EC88ECDF
:1091F00088EC88ECA8F4A4D3E040A261A8F4E2B221
:10920000C972FFFFFFFFFFFFFFFFFFFFFFFFFFFF31
:10921000FFFFFFFFFFFFFFFFFFFFFFFFFFFFFFFF5E
:10922000FFFFFFFFFFFFFFFFFFFFFFFFFFFFFFFF4E
:10923000FFFFFFFFFFFFFFFFFFFFFFFFFFFFFFFF3E
:10924000FFFFFFFFFFFFFFFFFFFFFFFFFFFFFFFF2E
:10925000FFFFFFFFFFFFFFFFFFFFFFFFFFFFFFFF1E
:10926000FFFFFFFFFFFFFFFFFFFFFFFFFFFFFFFF0E
:10927000FFFFFFFFFFFFFFFFFFFFFFFFFFFFFFFFFE
:10928000FFFFFFFFFFFFFFFFFFFFFFFFFFFFFFFFEE
:10929000FFFFFFFFFFFFFFFFFFFFBEFFC559606934
:1092A00045F488EC88EC88EC88EC88EC88EC88EC59
:1092B00088EC88EC88EC88EC88EC88ECA8FCC2AAE6
:1092C0008451867A67F4409A0F94FFFFFFFFFFFFF7
:1092D000FFFFFFFFFFFFFFFFFFFFFFFFFFFFFFFF9E
:1092E000FFFFFFFFFFFFFFFFFFFFFFFFFFFFFFFF8E
:1092F000FFFFFFFFFFFFFFFFFFFFFFFFFFFFFFFF7E
:10930000FFFFFFFFFFFFFFFFFFFFFFFFFFFFFFFF6D
:10931000FFFFFFFFFFFFFFFFFFFFFFFFFFFFFFFF5D
:10932000FFFFFFFFFFFFFFFFFFFFFFFFFFFFFFFF4D
:10933000FFFFFFFFFFFFFFFFFFFFFFFFFFFFFFFF3D
:10934000FFFFFFFFFFFFFFFFFFFFFFFFFFFFFFFF2D
:10935000FFFFFFFFFFFFFFFFFFFFFFFFFFFFFFFF1D
:10936000FFFFFFFFD2AC403042C387F488EC88ECAB
:1093700088EC88EC88EC88EC88EC88EC88EC88EC4D
:1093800088EC88EC86F4A0712C7B4A8B25E4E08184
:1093900034B5FFFFFFFFFFFFFFFFFFFFFFFFFFFFF2
:1093A000FFFFFFFFFFFFFFFFFFFFFFFFFFFFFFFFCD
:1093B000FFFFFFFFFFFFFFFFFFFFFFFFFFFFFFFFBD
:1093C000FFFFFFFFFFFFFFFFFFFFFFFFFFFFFFFFAD
:1093D000FFFFFFFFFFFFFFFFFFFFFFFFFFFFFFFF9D
:1093E000FFFFFFFFFFFFFFFFFFFFFFFFFFFFFFFF8D
:1093F000FFFFFFFFFFFFFFFFFFFFFFFFFFFFFFFF7D
:10940000FFFFFFFFFFFFFFFFFFFFFFFFFFFFFFFF6C
:10941000FFFFFFFFFFFFFFFFFFFFFFFFFFFFFFFF5C
:10942000FFFFFFFFFFFFFFFFFFFFFFFFBEFFA55195
:10943000606924F488EC88EC88EC88EC88EC88EC93
:1094400088EC88EC88EC88EC88ECA8F4C4DBE04875
:1094500075B54A8BC4DBE1799AD6DFFFF7C595C5B0
:109460005CEFFFFFFFFFFFFFFFFFFFFFFFFFFFFFBF
:10947000FFFFFFFFFFFFFFFFFFFFFFFFFFFFFFFFFC
:10948000FFFFFFFFFFFFFFFFFFFFFFFFFFFFFFFFEC
:10949000FFFFFFFFFFFFFFFFFFFFFFFFFFFFFFFFDC
:1094A000FFFFFFFFFFFFFFFFFFFFFFFFFFFFFFFFCC
:1094B000FFFFFFFFFFFFFFFFFFFFFFFFFFFFFFFFBC
:1094C000FFFFFFFFFFFFFFFFFFFFFFFFFFFFFFFFAC
:1094D000FFFFFFFFFFFFFFFFFFFFFFFFFFFFFFFF9C
:1094E000FFFFFFFFFFFFFFFFFFFFFFFFFFFFFFFF8C
:1094F000FFFFFFFFFFFF74BD4030E1B266FC88EC68
:1095000088EC88EC88EC88EC88EC88EC88EC88ECBB
:1095100088ECA7FC419AA4519EF72A8342CB447A57
:1095200014ADE88A60A20061F7C5FFFFFFFFFFFFEF
:10953000FFFFFFFFFFFFFFFFFFFFFFFFFFFFFFFF3B
:10954000FFFFFFFFFFFFFFFFFFFFFFFFFFFFFFFF2B
:10955000FFFFFFFFFFFFFFFFFFFFFFFFFFFFFFFF1B
:10956000FFFFFFFFFFFFFFFFFFFFFFFFFFFFFFFF0B
:10957000FFFFFFFFFFFFFFFFFFFFFFFFFFFFFFFFFB
:10958000FFFFFFFFFFFFFFFFFFFFFFFFFFFFFFFFEB
:10959000FFFFFFFFFFFFFFFFFFFFFFFFFFFFFFFFDB
:1095A000FFFFFFFFFFFFFFFFFFFFFFFFFFFFFFFFCB
:1095B000FFFFFFFFFFFFFFFFFFFFFFFFFFFFFFFFBB
:1095C000CA72A048C3E366F488EC88EC88EC88ECA7
:1095D00088EC88EC88EC88ECA8F4E4E3C048709C44
:1095E000FFFF4B8B02BB8259E27981DBE089D2AC71
:1095F000FFFFFFFFFFFFFFFFFFFFFFFFFFFFFFFF7B
:10960000FFFFFFFFFFFFFFFFFFFFFFFFFFFFFFFF6A
:10961000FFFFFFFFFFFFFFFFFFFFFFFFFFFFFFFF5A
:10962000FFFFFFFFFFFFFFFFFFFFFFFFFFFFFFFF4A
:10963000FFFFFFFFFFFFFFFFFFFFFFFFFFFFFFFF3A
:10964000FFFFFFFFFFFFFFFFFFFFFFFFFFFFFFFF2A
:10965000FFFFFFFFFFFFFFFFFFFFFFFFFFFFFFFF1A
:10966000FFFFFFFFFFFFFFFFFFFFFFFFFFFFFFFF0A
:10967000FFFFFFFFFFFFFFFFFFFFFFFFFFFFFFFFFA
:10968000FFFFFFFFFFFFFFFF1CEF2341A07123F44B
:1096900067EC88EC88EC88EC88EC88EC88EC88EC4B
:1096A00086FC208A43497DF7FFFFCD9361A2218A82
:1096B000E2EBC0815194FFFFFFFFFFFFFFFFFFFFC1
:1096C000FFFFFFFFFFFFFFFFFFFFFFFFFFFFFFFFAA
:1096D000FFFFFFFFFFFFFFFFFFFFFFFFFFFFFFFF9A
:1096E000FFFFFFFFFFFFFFFFFFFFFFFFFFFFFFFF8A
:1096F000FFFFFFFFFFFFFFFFFFFFFFFFFFFFFFFF7A
:10970000FFFFFFFFFFFFFFFFFFFFFFFFFFFFFFFF69
:10971000FFFFFFFFFFFFFFFFFFFFFFFFFFFFFFFF59
:10972000FFFFFFFFFFFFFFFFFFFFFFFFFFFFFFFF49
:10973000FFFFFFFFFFFFFFFFFFFFFFFFFFFFFFFF39
:10974000FFFFFFFFFFFFFFFFFFFFFFFFFFFFFFFF29
:10975000FFFFF7CD8130419244F466EC88EC88EC51
:1097600088EC88EC88EC87F462CB6038D2ACFFFFE1
:10977000FFFF91A480A263FCC081EF8BFFFFFFFF7E
:10978000FFFFFFFFFFFFFFFFFFFFFFFFFFFFFFFFE9
:10979000FFFFFFFFFFFFFFFFFFFFFFFFFFFFFFFFD9
:1097A000FFFFFFFFFFFFFFFFFFFFFFFFFFFFFFFFC9
:1097B000FFFFFFFFFFFFFFFFFFFFFFFFFFFFFFFFB9
:1097C000FFFFFFFFFFFFFFFFFFFFFFFFFFFFFFFFA9
:1097D000FFFFFFFFFFFFFFFFFFFFFFFFFFFFFFFF99
:1097E000FFFFFFFFFFFFFFFFFFFFFFFFFFFFFFFF89
:1097F000FFFFFFFFFFFFFFFFFFFFFFFFFFFFFFFF79
:10980000FFFFFFFFFFFFFFFFFFFFFFFFFFFFFFFF68
:10981000FFFFFFFFFFFFFFFFFFFFFFFF54BD6030B3
:1098200081A243F446EC88EC88EC88EC87F404ECE5
:109830002059896AFFFFFFFFFFFF59D6A079A08159
:109840008D83FFFFFFFFFFFFFFFFFFFFFFFFFFFF16
:10985000FFFFFFFFFFFFFFFFFFFFFFFFFFFFFFFF18
:10986000FFFFFFFFFFFFFFFFFFFFFFFFFFFFFFFF08
:10987000FFFFFFFFFFFFFFFFFFFFFFFFFFFFFFFFF8
:10988000FFFFFFFFFFFFFFFFFFFFFFFFFFFFFFFFE8
:10989000FFFFFFFFFFFFFFFFFFFFFFFFFFFFFFFFD8
:1098A000FFFFFFFFFFFFFFFFFFFFFFFFFFFFFFFFC8
:1098B000FFFFFFFFFFFFFFFFFFFFFFFFFFFFFFFFB8
:1098C000FFFFFFFFFFFFFFFFFFFFFFFFFFFFFFFFA8
:1098D000FFFFFFFFFFFFFFFFFFFFFFFFFFFFFFFF98
:1098E000FFFFFFFFFFFF54BDA138209223F424F4B3
:1098F00046EC25EC03ECE179C23095BDBBDE1CE7FC
:10990000FFFFFFFF71A4509CFFFFFFFFFFFFFFFF62
:10991000FFFFFFFFFFFFFFFFFFFFFFFFFFFFFFFF57
:10992000FFFFFFFFFFFFFFFFFFFFFFFFFFFFFFFF47
:10993000FFFFFFFFFFFFFFFFFFFFFFFFFFFFFFFF37
:10994000FFFFFFFFFFFFFFFFFFFFFFFFFFFFFFFF27
:10995000FFFFFFFFFFFFFFFFFFFFFFFFFFFFFFFF17
:10996000FFFFFFFFFFFFFFFFFFFFFFFFFFFFFFFF07
:10997000FFFFFFFFFFFFFFFFFFFFFFFFFFFFFFFFF7
:10998000FFFFFFFFFFFFFFFFFFFFFFFFFFFFFFFFE7
:10999000FFFFFFFFFFFFFFFFFFFFFFFFFFFFFFFFD7
:1099A000FFFFFFFFFFFFFFFFFFFFFFFFFFFFFFFFC7
:1099B00017CE6549406982D303ECE3EB83D3C169D9
:1099C000628AE4A28292A492299313B5FFFFFFFF5B
:1099D000FFFFFFFFFFFFFFFFFFFFFFFFFFFFFFFF97
:1099E000FFFFFFFFFFFFFFFFFFFFFFFFFFFFFFFF87
:1099F000FFFFFFFFFFFFFFFFFFFFFFFFFFFFFFFF77
:109A0000FFFFFFFFFFFFFFFFFFFFFFFFFFFFFFFF66
:109A1000FFFFFFFFFFFFFFFFFFFFFFFFFFFFFFFF56
:109A2000FFFFFFFFFFFFFFFFFFFFFFFFFFFFFFFF46
:109A3000FFFFFFFFFFFFFFFFFFFFFFFFFFFFFFFF36
:109A4000FFFFFFFFFFFFFFFFFFFFFFFFFFFFFFFF26
:109A5000FFFFFFFFFFFFFFFFFFFFFFFFFFFFFFFF16
:109A6000FFFFFFFFFFFFFFFFFFFFFFFFFFFFFFFF06
:109A7000FFFFFFFFFFFFFFFFFFFF5DF74D83E140AB
:109A8000E2B264FC24F403ECA2DB21CBE0BAA0B286
:109A900040AA4048AE8BFFFFFFFFFFFFFFFFFFFF25
:109AA000FFFFFFFFFFFFFFFFFFFFFFFFFFFFFFFFC6
:109AB000FFFFFFFFFFFFFFFFFFFFFFFFFFFFFFFFB6
:109AC000FFFFFFFFFFFFFFFFFFFFFFFFFFFFFFFFA6
:109AD000FFFFFFFFFFFFFFFFFFFFFFFFFFFFFFFF96
:109AE000FFFFFFFFFFFFFFFFFFFFFFFFFFFFFFFF86
:109AF000FFFFFFFFFFFFFFFFFFFFFFFFFFFFFFFF76
:109B0000FFFFFFFFFFFFFFFFFFFFFFFFFFFFFFFF65
:109B1000FFFFFFFFFFFFFFFFFFFFFFFFFFFFFFFF55
:109B2000FFFFFFFFFFFFFFFFFFFFFFFFFFFFFFFF45
:109B3000FFFFFFFFFFFFFFFFFFFFFFFFFFFFFFFF35
:109B4000FFFFFFFFFFFF919CC05080AAA0794061FA
:109B500062590562A9724B83ED930E9C17CEFFFFED
:109B6000FFFFFFFFFFFFFFFFFFFFFFFFFFFFFFFF05
:109B7000FFFFFFFFFFFFFFFFFFFFFFFFFFFFFFFFF5
:109B8000FFFFFFFFFFFFFFFFFFFFFFFFFFFFFFFFE5
:109B9000FFFFFFFFFFFFFFFFFFFFFFFFFFFFFFFFD5
:109BA000FFFFFFFFFFFFFFFFFFFFFFFFFFFFFFFFC5
:109BB000FFFFFFFFFFFFFFFFFFFFFFFFFFFFFFFFB5
:109BC000FFFFFFFFFFFFFFFFFFFFFFFFFFFFFFFFA5
:109BD000FFFFFFFFFFFFFFFFFFFFFFFFFFFFFFFF95
:109BE000FFFFFFFFFFFFFFFFFFFFFFFFFFFFFFFF85
:109BF000FFFFFFFFFFFFFFFFFFFFFFFFFFFFFFFF75
:109C0000FFFFFFFFFFFFFFFFFFFFFFFFFFFFFFFF64
:109C1000CE93A972509CD7C53CEFDFFFFFFFFFFF3B
:109C2000FFFFFFFFFFFFFFFFFFFFFFFFFFFFFFFF44
:109C3000FFFFFFFFFFFFFFFFFFFFFFFFFFFFFFFF34
:109C4000FFFFFFFFFFFFFFFFFFFFFFFFFFFFFFFF24
:109C5000FFFFFFFFFFFFFFFFFFFFFFFFFFFFFFFF14
:109C6000FFFFFFFFFFFFFFFFFFFFFFFFFFFFFFFF04
:109C7000FFFFFFFFFFFFFFFFFFFFFFFFFFFFFFFFF4
:109C8000FFFFFFFFFFFFFFFFFFFFFFFFFFFFFFFFE4
:109C9000FFFFFFFFFFFFFFFFFFFFFFFFFFFFFFFFD4
:109CA000FFFFFFFFFFFFFFFFFFFFFFFFFFFFFFFFC4
:109CB000FFFFFFFFFFFFFFFFFFFFFFFFFFFFFFFFB4
:109CC000FFFFFFFFFFFFFFFFFFFFFFFFFFFFFFFFA4
:109CD000FFFFFFFFFFFFFFFFFFFFFFFFFFFFFFFF94
:109CE000FFFFFFFFFFFFFFFFFFFFFFFFFFFFFFFF84
:109CF000FFFFFFFFFFFFFFFFFFFFFFFFFFFFFFFF74
:109D0000FFFFFFFFFFFFFFFFFFFFFFFFFFFFFFFF63
:109D1000FFFFFFFFFFFFFFFFFFFFFFFFFFFFFFFF53
:109D2000FFFFFFFFFFFFFFFFFFFFFFFFFFFFFFFF43
:109D3000FFFFFFFFFFFFFFFFFFFFFFFFFFFFFFFF33
:109D4000FFFFFFFFFFFFFFFFFFFFFFFFFFFFFFFF23
:109D5000FFFFFFFFFFFFFFFFFFFFFFFFFFFFFFFF13
:109D6000FFFFFFFFFFFFFFFFFFFFFFFFFFFFFFFF03
:109D7000FFFFFFFFFFFFFFFFFFFFFFFFFFFFFFFFF3
:109D8000FFFFFFFFFFFFFFFFFFFFFFFFFFFFFFFFE3
:109D9000FFFFFFFFFFFFFFFFFFFFFFFFFFFFFFFFD3
:109DA000FFFFFFFFFFFFFFFFFFFFFFFFFFFFFFFFC3
:109DB000FFFFFFFFFFFFFFFFFFFFFFFFFFFFFFFFB3
:109DC000FFFFFFFFFFFFFFFFFFFFFFFFFFFFFFFFA3
:109DD000FFFFFFFFFFFFFFFFFFFFFFFFFFFFFFFF93
:109DE000FFFFFFFFFFFFFFFFFFFFFFFFFFFFFFFF83
:109DF000FFFFFFFFFFFFFFFFFFFFFFFFFFFFFFFF73
:109E0000FFFFFFFFFFFFFFFFFFFFFFFFFFFFFFFF62
:109E1000FFFFFFFFFFFFFFFFFFFFFFFFFFFFFFFF52
:109E2000FFFFFFFFFFFFFFFFFFFFFFFFFFFFFFFF42
:109E3000FFFFFFFFFFFFFFFFFFFFFFFFFFFFFFFF32
:109E4000FFFFFFFFFFFFFFFFFFFFFFFFFFFFFFFF22
:109E5000FFFFFFFFFFFFFFFFFFFFFFFFFFFFFFFF12
:109E6000FFFFFFFFFFFFFFFFFFFFFFFFFFFFFFFF02
:109E7000FFFFFFFFFFFFFFFFFFFFFFFFFFFFFFFFF2
:109E8000FFFFFFFFFFFFFFFFFFFFFFFFFFFFFFFFE2
:109E9000FFFFFFFFFFFFFFFFFFFFFFFFFFFFFFFFD2
:109EA000FFFFFFFFFFFFFFFFFFFFFFFFFFFFFFFFC2
:109EB000FFFFFFFFFFFFFFFFFFFFFFFFFFFFFFFFB2
:109EC000FFFFFFFFFFFFFFFFFFFFFFFFFFFFFFFFA2
:109ED000FFFFFFFFFFFFFFFFFFFFFFFFFFFFFFFF92
:109EE000FFFFFFFFFFFFFFFFFFFFFFFFFFFFFFFF82
:109EF000FFFFFFFFFFFFFFFFFFFFFFFFFFFFFFFF72
:109F0000FFFFFFFFFFFFFFFFFFFFFFFFFFFFFFFF61
:109F1000FFFFFFFFFFFFFFFFFFFFFFFFFFFFFFFF51
:109F2000FFFFFFFFFFFFFFFFFFFFFFFFFFFFFFFF41
:109F3000FFFFFFFFFFFFFFFFFFFFFFFFFFFFFFFF31
:109F4000FFFFFFFFFFFFFFFFFFFFFFFFFFFFFFFF21
:109F5000FFFFFFFFFFFFFFFFFFFFFFFFFFFFFFFF11
:109F6000FFFFFFFFFFFFFFFFFFFFFFFFFFFFFFFF01
:109F7000FFFFFFFFFFFFFFFFFFFFFFFFFFFFFFFFF1
:109F8000FFFFFFFFFFFFFFFFFFFFFFFFFFFFFFFFE1
:109F9000FFFFFFFFFFFFFFFFFFFFFFFFFFFFFFFFD1
:109FA000FFFFFFFFFFFFFFFFFFFFFFFFFFFFFFFFC1
:109FB000FFFFFFFFFFFFFFFFFFFFFFFFFFFFFFFFB1
:109FC000FFFFFFFFFFFFFFFFFFFFFFFFFFFFFFFFA1
:109FD000FFFFFFFFFFFFFFFFFFFFFFFFFFFFFFFF91
:109FE000FFFFFFFFFFFFFFFFFFFFFFFFFFFFFFFF81
:109FF000FFFFFFFFFFFFFFFFFFFFFFFFFFFFFFFF71
:10A00000FFFFFFFFFFFFFFFFFFFFFFFFFFFFFFFF60
:10A01000FFFFFFFFFFFFFFFFFFFFFFFFFFFFFFFF50
:10A02000FFFFFFFFFFFFFFFFFFFFFFFFFFFFFFFF40
:10A03000FFFFFFFFFFFFFFFFFFFFFFFFFFFFFFFF30
:10A04000FFFFFFFFFFFFFFFFFFFFFFFFFFFFFFFF20
:10A05000FFFFFFFFFFFFFFFFFFFFFFFFFFFFFFFF10
:10A06000FFFFFFFFFFFFFFFFFFFFFFFFFFFFFFFF00
:10A07000FFFFFFFFFFFFFFFFFFFFFFFFFFFFFFFFF0
:10A08000FFFFFFFFFFFFFFFFFFFFFFFFFFFFFFFFE0
:10A09000FFFFFFFFFFFFFFFFFFFFFFFFFFFFFFFFD0
:10A0A000FFFFFFFFFFFFFFFFFFFFFFFFFFFFFFFFC0
:10A0B000FFFFFFFFFFFFFFFFFFFFFFFFFFFFFFFFB0
:10A0C000FFFFFFFFFFFFFFFFFFFFFFFFFFFFFFFFA0
:10A0D000FFFFFFFFFFFFFFFFFFFFFFFFFFFFFFFF90
:10A0E000FFFFFFFFFFFFFFFFFFFFFFFFFFFFFFFF80
:10A0F000FFFFFFFFFFFFFFFFFFFFFFFFFFFFFFFF70
:10A10000FFFFFFFFFFFFFFFFFFFFFFFFFFFFFFFF5F
:10A11000FFFFFFFFFFFFFFFFFFFFFFFFFFFFFFFF4F
:10A12000FFFFFFFFFFFFFFFFFFFFFFFFFFFFFFFF3F
:10A13000FFFFFFFFFFFFFFFFFFFFFFFFFFFFFFFF2F
:10A14000FFFFFFFFFFFFFFFFFFFFFFFFFFFFFFFF1F
:10A15000FFFFFFFFFFFFFFFFFFFFFFFFFFFFFFFF0F
:10A16000FFFFFFFFFFFFFFFFFFFFFFFFFFFFFFFFFF
:10A17000FFFFFFFFFFFFFFFFFFFFFFFFFFFFFFFFEF
:10A18000FFFFFFFFFFFFFFFFFFFFFFFFFFFFFFFFDF
:10A19000FFFFFFFFFFFFFFFFFFFFFFFFFFFFFFFFCF
:10A1A000FFFFFFFFFFFFFFFFFFFFFFFFFFFFFFFFBF
:10A1B000FFFFFFFFFFFFFFFFFFFFFFFFFFFFFFFFAF
:10A1C000FFFFFFFFFFFFFFFFFFFFFFFFFFFFFFFF9F
:10A1D000FFFFFFFFFFFFFFFFFFFFFFFFFFFFFFFF8F
:10A1E000FFFFFFFFFFFFFFFFFFFFFFFFFFFFFFFF7F
:10A1F000FFFFFFFFFFFFFFFFFFFFFFFFFFFFFFFF6F
:10A20000FFFFFFFFFFFFFFFFFFFFFFFFFFFFFFFF5E
:10A21000FFFFFFFFFFFFFFFFFFFFFFFFFFFFFFFF4E
:10A22000FFFFFFFFFFFFFFFFFFFFFFFFFFFFFFFF3E
:10A23000FFFFFFFFFFFFFFFFFFFFFFFFFFFFFFFF2E
:10A24000FFFFFFFFFFFFFFFFFFFFFFFFFFFFFFFF1E
:10A25000FFFFFFFFFFFFFFFFFFFFFFFFFFFFFFFF0E
:10A26000FFFFFFFFFFFFFFFFFFFFFFFFFFFFFFFFFE
:10A27000FFFFFFFFFFFFFFFFFFFFFFFFFFFFFFFFEE
:10A28000FFFFFFFFFFFFFFFFFFFFFFFFFFFFFFFFDE
:10A29000FFFFFFFFFFFFFFFFFFFFFFFFFFFFFFFFCE
:10A2A000FFFFFFFFFFFFFFFFFFFFFFFFFFFFFFFFBE
:10A2B000FFFFFFFFFFFFFFFFFFFFFFFFFFFFFFFFAE
:10A2C000FFFFFFFFFFFFFFFFFFFFFFFFFFFFFFFF9E
:10A2D000FFFFFFFFFFFFFFFFFFFFFFFFFFFFFFFF8E
:10A2E000FFFFFFFFFFFFFFFFFFFFFFFFFFFFFFFF7E
:10A2F000FFFFFFFFFFFFFFFFFFFFFFFFFFFFFFFF6E
:10A30000FFFFFFFFFFFFFFFFFFFFFFFFFFFFFFFF5D
:10A31000FFFFFFFFFFFFFFFFFFFFFFFFFFFFFFFF4D
:10A32000FFFFFFFFFFFFFFFFFFFFFFFFFFFFFFFF3D
:10A33000FFFFFFFFFFFFFFFFFFFFFFFFFFFFFFFF2D
:10A34000FFFFFFFFFFFFFFFFFFFFFFFFFFFFFFFF1D
:10A35000FFFFFFFFFFFFFFFFFFFFFFFFFFFFFFFF0D
:10A36000FFFFFFFFFFFFFFFFFFFFFFFFFFFFFFFFFD
:10A37000FFFFFFFFFFFFFFFFFFFFFFFFFFFFFFFFED
:10A38000FFFFFFFFFFFFFFFFFFFFFFFFFFFFFFFFDD
:10A39000FFFFFFFFFFFFFFFFFFFFFFFFFFFFFFFFCD
:10A3A000FFFFFFFFFFFFFFFFFFFFFFFFFFFFFFFFBD
:10A3B000FFFFFFFFFFFFFFFFFFFFFFFFFFFFFFFFAD
:10A3C000FFFFFFFFFFFFFFFFFFFFFFFFFFFFFFFF9D
:10A3D000FFFFFFFFFFFFFFFFFFFFFFFFFFFFFFFF8D
:10A3E000FFFFFFFFFFFFFFFFFFFFFFFFFFFFFFFF7D
:10A3F000FFFFFFFFFFFFFFFFFFFFFFFFFFFFFFFF6D
:10A40000FFFFFFFFFFFFFFFFFFFFFFFFFFFFFFFF5C
:10A41000FFFFFFFFFFFFFFFFFFFFFFFFFFFFFFFF4C
:10A42000FFFFFFFFFFFFFFFFFFFFFFFFFFFFFFFF3C
:10A43000FFFFFFFFFFFFFFFFFFFFFFFFFFFFFFFF2C
:10A44000FFFFFFFFFFFFFFFFFFFFFFFFFFFFFFFF1C
:10A45000FFFFFFFFFFFFFFFFFFFFFFFFFFFFFFFF0C
:10A46000FFFFFFFFFFFFFFFFFFFFFFFFFFFFFFFFFC
:10A47000FFFFFFFFFFFFFFFFFFFFFFFFFFFFFFFFEC
:10A48000FFFFFFFFFFFFFFFFFFFFFFFFFFFFFFFFDC
:10A49000FFFFFFFFFFFFFFFFFFFFFFFFFFFFFFFFCC
:10A4A000FFFFFFFFFFFFFFFFFFFFFFFFFFFFFFFFBC
:10A4B000FFFFFFFFFFFFFFFFFFFFFFFFFFFFFFFFAC
:10A4C000FFFFFFFFFFFFFFFFFFFFFFFFFFFFFFFF9C
:10A4D000FFFFFFFFFFFFFFFFFFFFFFFFFFFFFFFF8C
:10A4E000FFFFFFFFFFFFFFFFFFFFFFFFFFFFFFFF7C
:10A4F000FFFFFFFFFFFFFFFFFFFFFFFFFFFFFFFF6C
:10A50000FFFFFFFFFFFFFFFFFFFFFFFFFFFFFFFF5B
:10A51000FFFFFFFFFFFFFFFFFFFFFFFFFFFFFFFF4B
:10A52000FFFFFFFFFFFFFFFFFFFFFFFFFFFFFFFF3B
:10A53000FFFFFFFFFFFFFFFFFFFFFFFFFFFFFFFF2B
:10A54000FFFFFFFFFFFFFFFFFFFFFFFFFFFFFFFF1B
:10A55000FFFFFFFFFFFFFFFFFFFFFFFFFFFFFFFF0B
:10A56000FFFFFFFFFFFFFFFFFFFFFFFFFFFFFFFFFB
:10A57000FFFFFFFFFFFFFFFFFFFFFFFFFFFFFFFFEB
:10A58000FFFFFFFFFFFFFFFFFFFFFFFFFFFFFFFFDB
:10A59000FFFFFFFFFFFFFFFFFFFFFFFFFFFFFFFFCB
:10A5A000FFFFFFFFFFFFFFFFFFFFFFFFFFFFFFFFBB
:10A5B000FFFFFFFFFFFFFFFFFFFFFFFFFFFFFFFFAB
:10A5C000FFFFFFFFFFFFFFFFFFFFFFFFFFFFFFFF9B
:10A5D000FFFFFFFFFFFFFFFFFFFFFFFFFFFFFFFF8B
:10A5E000FFFFFFFFFFFFFFFFFFFFFFFFFFFFFFFF7B
:10A5F000FFFFFFFFFFFFFFFFFFFFFFFFFFFFFFFF6B
:10A60000FFFFFFFFFFFFFFFFFFFFFFFFFFFFFFFF5A
:10A61000FFFFFFFFFFFFFFFFFFFFFFFFFFFFFFFF4A
:10A62000FFFFFFFFFFFFFFFFFFFFFFFFFFFFFFFF3A
:10A63000FFFFFFFFFFFFFFFFFFFFFFFFFFFFFFFF2A
:10A64000FFFFFFFFFFFFFFFFFFFFFFFFFFFFFFFF1A
:10A65000FFFFFFFFFFFFFFFFFFFFFFFFFFFFFFFF0A
:10A66000FFFFFFFFFFFFFFFFFFFFFFFFFFFFFFFFFA
:10A67000FFFFFFFFFFFFFFFFFFFFFFFFFFFFFFFFEA
:10A68000FFFFFFFFFFFFFFFFFFFFFFFFFFFFFFFFDA
:10A69000FFFFFFFFFFFFFFFFFFFFFFFFFFFFFFFFCA
:10A6A000FFFFFFFFFFFFFFFFFFFFFFFFFFFFFFFFBA
:10A6B000FFFFFFFFFFFFFFFFFFFFFFFFFFFFFFFFAA
:10A6C000FFFFFFFFFFFFFFFFFFFFFFFFFFFFFFFF9A
:10A6D000FFFFFFFFFFFFFFFFFFFFFFFFFFFFFFFF8A
:10A6E000FFFFFFFFFFFFFFFFFFFFFFFFFFFFFFFF7A
:10A6F000FFFFFFFFFFFFFFFFFFFFFFFFFFFFFFFF6A
:10A70000FFFFFFFFFFFFFFFFFFFFFFFFFFFFFFFF59
:10A71000FFFFFFFFFFFFFFFFFFFFFFFFFFFFFFFF49
:10A72000FFFFFFFFFFFFFFFFFFFFFFFFFFFFFFFF39
:10A73000FFFFFFFFFFFFFFFFFFFFFFFFFFFFFFFF29
:10A74000FFFFFFFFFFFFFFFFFFFFFFFFFFFFFFFF19
:10A75000FFFFFFFFFFFFFFFFFFFFFFFF19120000DA
:10A760006400640000000000204E00003C59030813
:10A77000000000003C00000050000000B400000099
:10A7800050000000288F0408248F0408208F04083C
:10A790001C8F040832352E3100000000000000003C
:10A7A00000000000000000000000000000000000A9
:10A7B0000000000000000000000000000000000099
:10A7C0000000000000000000000000000000000089
:10A7D000037ADEFFFDC973000000000000000000E6
:10A7E00000000000000000000000018EFFFFFFFFDE
:10A7F000FFFFFFB6000000000000000000000000A6
:10A80000000000000008FFFFFFFFFFFFFFFFFFFE4B
:10A8100080000000000000000000000000000000B8
:10A820004EFFFFFFFFFFFFFFFFFFFFFFD200000013
:10A8300000000000000000000000008FFFFFFFFF8D
:10A84000FFFFFFFFFFFFFFFFE3000000000000002D
:10A85000000000000000BFFFFFFFFFFFFFFFFFFF42
:10A86000FFFFFFFFF30000000000000000000000F9
:10A8700000CFFFFFFFFFFFFFFFFFFFFFFFFFFFFF17
:10A88000E20000000000000000000000CFFFFFFF1A
:10A89000FFFFFFFFFFFFFFFFFFFFFFFFE2000000E2
:10A8A00000000000000000BFFFFFFFFFFFFFFFFFF1
:10A8B000FFFFFFFFFFFFFFFFD100000000000000CF
:10A8C00000009FFFFFFFFFFFFFFFFFFFFFFFFFFFF6
:10A8D000FFFFFFFFC000000000000000006FFFFF4F
:10A8E000FFFFFFFFFFFFFFFFFFFFFFFFFFFFFFFF78
:10A8F00050000000000000002FFFFFFFFFFFFFFFE0
:10A90000FFFFFFFFFFFFFFFFFFFFFFF4000000005E
:10A910000000000DFFFFFFFFFFFFFFFFFFFFFFFF36
:10A92000FFFFFFFFFFFFF80000000000000008FF2E
:10A93000FFFFFFFFFFFFFFFFFFFFFFFFFFFFFFFF27
:10A94000C7300000000000000003FFFFFFFFFFFF13
:10A95000FFFFFFFFFFFFFFFFFFFB840024553000D8
:10A960000000000000DFFFFFFFFFFFFFFFFFFFFF12
:10A97000FFFFFEB730258BEFFFFFB00000000000A7
:10A980007FFFFFFFFFFFFFFFFFFFFFFFDA62269C55
:10A99000FFFFFFFFFFFF50000000001FFFFFFFFF52
:10A9A000FFFFFFFFFEA7410017EFFFFFFFFFFFFFC5
:10A9B000FFFB000000000AFFFFFFFFFFFFFFC95180
:10A9C0000000018FFFFFFFFFFFFFFFFFFFF0000010
:10A9D0000003FFFFFFFFFFFFB51000000029FFFF8E
:10A9E000FFFFFFFFFFFFFFFFFF10000000BFFFFFA3
:10A9F000FFFFFD4000000002AFFFFFFFFFFFFFFF72
:10AA0000FFFFFFFFF30000003FFFFFFFFFF9000023
:10AA100000002AFFFFFFFFFFFFFFFFFFFFFFFFFF19
:10AA20004000000BFFFFFFFFF800000002AFFFFF38
:10AA3000FFFFFFFFFFFFFFFFFFFFFFF4000003FF2B
:10AA4000FFFFFFFF50000019FFFFFFFFFFFFFFFFA9
:10AA5000FFFFFFFFFFFFFF500000CFFFFFFFFFF9E9
:10AA600000019FFFFFFFFFFFFFFFFFFFFFFFFFFF53
:10AA7000FFFFF400007FFFFFFFFFFFF849FFFFFF2C
:10AA8000FFFFFFFFFFFFFFFFFFFFFFFFFFFF3000A4
:10AA90004FFFFFFFFFFFFFFFFFFFFFFFFFFFFFFF76
:10AAA000FFFFFFFFFFFFFFFFFFF1002EFFFFFFFF94
:10AAB000FFFFFFFFFFFFFFFFFFFFFFFFFFFFFFFFA6
:10AAC000FFFFFFFFFE000DFFFFFFFFFFFFFFFFFF88
:10AAD000FFFFFFFFFFFFFFFFFFFFFFFFFFFFFFFF86
:10AAE000A008FFFFFFFFFFFFFFFFFFFFFFFFFFFFCC
:10AAF000FFFFFFFFFFFFFFFFFFFFFFF400EFFFFF80
:10AB0000FFFFFFFFFFFFFFFFFFFFFFFFFFFFFFFF55
:10AB1000FFFFFFFFFFFFFE000FFFFFFFFFFFFFFF35
:10AB2000FFFFFFFFFFFFFFFFFFFFFFFFFFFFFFFF35
:10AB3000FFFF5000BFFFFFFFFFFFFFFFFFFFFFFF13
:10AB4000FFFFFFFFFFFFFFFFFFFFFFFFFFA000036F
:10AB5000FFFFFFFFFFFFFFFFFFFFFFFFFFFFFFFF05
:10AB6000FFFFFFFFFFFFFFFFC0000004EFFEFFFF3E
:10AB7000FFFFFFFFFFFFFFFFFFFFFFFFFFFFFFFFE5
:10AB8000FFFFFFC100000000000037CFFFFFFFFF05
:10AB9000FFFFFFFFFFFFFFFFFFFFFFFFFFFF900033
:10ABA0000000000000000015AEFFFFFFFFFFFFFFE9
:10ABB000FFFFFFFFFFFFFFFFFD4000000000000060
:10ABC00000000000037CFFFFFFFFFFFFFFFFFFFF10
:10ABD000FFFFFFC5000000000000000000000000B3
:10ABE000000047BEFFFFFFFFFFFFFFFFFFC8200081
:10ABF0000000000000000000000000000000000154
:10AC0000478ACDEFFFFDC97400000000000000007E
:10AC1000003ACCCCCCCCCCCCCCCCCCCCCCCCCCA4FA
:10AC20000004FFFFFFFFFFFFFFFFFFFFFFFFFFFF2E
:10AC3000FF400CFFFFFFFFFFFFFFFFFFFFFFFFFFD6
:10AC4000FFFFC00EFFFFFFFFFFFFFFFFFFFFFFFF44
:10AC5000FFFFFFF00DFFFFFC34EFF839FFE66FFF59
:10AC6000B6BFFFFFD009FFFFF2005FB000DF400575
:10AC7000FC000CFFFFA006FFFFF0003F9000BF109C
:10AC800002F90009FFFF6002FFFFF800BFE103FFC8
:10AC90007008FE000EFFFF3000FFFFFFEEFFFFCF4A
:10ACA000FFFCCFFFDAEFFFFF0000BFFFFFFFFFFF5A
:10ACB000FFFFFFFFFFFFFFFFFC00008FFFFFFFB262
:10ACC0004EFF849FFC33CFFFFFF800004FFFFFFFD4
:10ACD0001006FB000DF3003FFFFFF500001FFFFF14
:10ACE000FF0005F9000BF2002FFFFFF100000DFF40
:10ACF000FFFF801CFE103FFA00AFFFFFD0000009ED
:10AD0000FFFFFFFFFFFFFCFFFFFFFFFFFFA00000B3
:10AD100005FFFFFFFFFFFFFFFFFFFFFFFFFF6000DB
:10AD20000000EFFFFFFFFFFFFFFFFFFFFFFFFE0041
:10AD30000000002BFFFFFFFFFFFFFFFFFFFFFFB241
:10AD40000000000000000002830000000038200026
:10AD50000000000000000000019FFE20000002FF34
:10AD6000F91000000000000000006EFFFFC00000AE
:10AD70000CFFFFE6000000000000001DFFFFFFFECB
:10AD8000CDDCEFFFFFFFD10000000000009FFFFFC0
:10AD9000FFFFFFFFFFFFFFFFF90000000000006F53
:10ADA000FFFFFFFFFFFFFFFFFFFFF60000000000B7
:10ADB000000FFFFFFFFFFFFFFFFFFFFFF00000009E
:10ADC0000000000AFFFFFFFFFFFFFFFFFFFFA000E3
:10ADD00000000000000DFFFFFFFFFFFFFFFFFFFF70
:10ADE000D00000000000007FFFFFFFFFFFFFFFFF1C
:10ADF000FFFFF6000000000001FFFFFFFFFFFFFF65
:10AE0000FFFFFFFFFF100000000008FFFFFFFFFF34
:10AE1000A77AFFFFFFFFFF80000000469FFFFFFFB4
:10AE2000FFC200002CFFFFFFFFF953000DFFFFFFE3
:10AE3000FFFFFD00000000DFFFFFFFFFFFD01FFF4F
:10AE4000FFFFFFFFF3000000004FFFFFFFFFFFF1D8
:10AE50001FFFFFFFFFFFD0000000000DFFFFFFFFFF
:10AE6000FFF11FFFFFFFFFFFB0000000000BFFFF1F
:10AE7000FFFFFFF11FFFFFFFFFFFB0000000000A10
:10AE8000FFFFFFFFFFF11FFFFFFFFFFFD0000000EC
:10AE9000000DFFFFFFFFFFF11FFFFFFFFFFFF300AC
:10AEA0000000003FFFFFFFFFFFF10DFFFFFFFFFF6F
:10AEB000FD00000000DFFFFFFFFFFFD00046AFFFF7
:10AEC000FFFFFFC100001CFFFFFFFFFA640000004E
:10AED00008FFFFFFFFFFA77AFFFFFFFFFF800000D3
:10AEE000000001FFFFFFFFFFFFFFFFFFFFFFFF105D
:10AEF00000000000007FFFFFFFFFFFFFFFFFFFFFDD
:10AF0000F70000000000000DFFFFFFFFFFFFFFFF45
:10AF1000FFFFD00000000000000AFFFFFFFFFFFF5F
:10AF2000FFFFFFFFA00000000000000FFFFFFFFF7A
:10AF3000FFFFFFFFFFFFF00000000000006FFFFFBA
:10AF4000FFFFFFFFFFFFFFFFF60000000000009F74
:10AF5000FFFFFFFFFFFFFFFFFFFFF9000000000002
:10AF6000002DFFFFFFFECDDCEFFFFFFFD200000052
:10AF7000000000007FFFFFD100001DFFFFF7000071
:10AF8000000000000000019FFF20000002FFF910F8
:10AF900000000000000000000003830000000038F3
:10AFA000300000000000000000000027ACDDC96296
:10AFB00000000000000000000005CFFFFFFFFFFCC5
:10AFC00050000000000000003CFFFFEBAACEFFFF96
:10AFD000C30000000000006FFFF8200000028FFF98
:10AFE000F600000000007FFF91000000000019FF44
:10AFF000F7000000006FFE4000001221000004EF87
:10B00000F50000002FFE200018DFFFFD810002EF99
:10B01000F200000CFF40005EFFB88BFFE00004FF71
:10B02000B00004FF90007FF700000068000009FFF7
:10B030004000BFF1006FD2000000000000001FFBC5
:10B04000001FF8001FE1000000000003B0009FF1A6
:10B0500005FF3009F60000599400003F6003FF50DF
:10B060009FF000EE0000BFFFFA0000DC000FF80BBD
:10B07000FC002F90007FFEEFF70009F000CFA0CF7B
:10B08000B004F7000CFD01EFC0007F100BFB0CFAC1
:10B09000004F6000DFA00CFD0007F100BFB0BFB0A3
:10B0A00003F7000DF900BFD0008F000DFA09FE0074
:10B0B0000A3000DF900BFD000CC000FF805FF20043
:10B0C00000000DF900BFFB42F6004FF401FF7000D5
:10B0D0000300DF900BFFFFEFC41AFF000BFD00051C
:10B0E000F90DF900BC7DFFFFFFFFB0004FF6000B2C
:10B0F000FDEF900B101FA7FFFFFF2000CFE1006FB7
:10B10000FFF900B000E00AC59FF90002FFD1BFFFC0
:10B11000FF900A000B009300FFB00006FFEFFDCF89
:10B12000F90000000006100EFB000007FFFC004FB6
:10B1300090000000000000EFB0000006FF900079D2
:10B140000000000000000EFB0000000CFE1000508C
:10B15000000000000000EFB00000004FFA00000007
:10B1600000000000000EFB00000000BFF500000022
:10B170000000000000EFB000000001EFE10000005F
:10B18000000000000CFB0000000005FF9000000024
:10B1900000000000CFA0000000000BFF40000000F6
:10B1A0000000000FF800000000001FFE000000007B
:10B1B000000005FF4000000000006FFB00000000E1
:10B1C0000000DFE0000000000000AFFB1000000006
:10B1D00001CFF600000000000000CFFF941000280F
:10B1E000EFF900000000000000009FFFFFFFFFFFDD
:10B1F000F80000000000000000003BFFFFFFFFB36D
:10B200000000000000000000000000344444100072
:10B21000000000000000004ADFFD94000000000074
:10B22000000000001BFD8668DFB100000000000088
:10B230000002ED40000004DE200000000000001DC0
:10B24000C1000000001CD1000000000000AE100092
:10B2500000000001EA000000000002F5000000000C
:10B2600000005F200000000007E000000000000078
:10B270000E70000000000AA00000000000000AA0FC
:10B28000000000000FFEFFC810028CFFEFF000006E
:10B290000003EFF7579EF77FE9757FFE3000006FE0
:10B2A000BAD000008FF800000DABF60003F904F2ED
:10B2B00000008FF800002F408F300EB000DB00043C
:10B2C000F66F4000BD000BE06F20003F800BC00C0C
:10B2D000B007F30002F6BB000006F91F6005F19FFE
:10B2E000600000BBE70000005FFF5005FFF50000B5
:10B2F000007EF600000002EFFFFFFE100000006F6E
:10B30000E7000000004F5555F4000000007EC90022
:10B310000000001F4004F1000000009C8F000000AE
:10B32000000DA00AD000000000F71F8000000006FA
:10B33000F22F6000000008F107F400000000CEECDE
:10B34000000000004F7000AF600000004FF40000EC
:10B350000006FA000008FC62014AFEEFA41026CFA6
:10B36000800000004BFFFFFD6007DFFFFFB400001F
:10B3700000000014542000000245410000000000BD
:10B3800000000000000000000000000000000000BD
:10B3900000000000000000000000003FFFE8000087
:10B3A0009EEA203FFFE90000005F557EA00BE76D9D
:10B3B000E05F557EB000005F0004F22F4001F45FB3
:10B3C0000004F200005F0001F54F0000615F000023
:10B3D000F400005F0006F25F0000005F0006F2006C
:10B3E000005F88AF805F0000005F88AF9000005F63
:10B3F000FDC5005F0005505FDDEF5000005FF80005
:10B40000005F003EF55F0009F000005F6F90004FA5
:10B410000000F55F0001F400005F06FA002F400411
:10B42000F25F0003F300005F005FB00BE77EB05FE8
:10B43000557EC000003D0004E2009EE9003FFFE9A8
:10B440001000000058983000000003410000024244
:10B4500000000042004EFFEFFB0000000EF900006C
:10B4600009FE000001F803FE40008FA000004FFE1F
:10B47000000009FF900001F80CF200000AF2000041
:10B48000AE6F500009FCF30001F82FA0000002721B
:10B490000001F81FA00009F2FD0001F86F60000034
:10B4A00000000006F20BF10009F16F7001F87F4017
:10B4B00000000000000CC005F60009F10CF201F8D4
:10B4C0007F4000000000002F6000FC0009F102FC3A
:10B4D00001F86F5000000163008FFFFFFF2009F1AA
:10B4E000007F61F82F90000006F400ED77778F70F1
:10B4F00009F1000DF2F80DF200000DE004F6000075
:10B500000ED009F10003FCF804FD3001AF600AF130
:10B51000000009F309F100008FF8005FFEEFF7006B
:10B520001FB0000004F909F100000DF8000169974F
:10B5300020001520000000540250000002520000BC
:10B54000000000000007FFE0000000000000000015
:10B5500000000000000007FFE00000000000000005
:10B560000000000000000007FFE0000000000000F5
:10B57000000000000000000007FFE00000000000E5
:10B580000000000002E500000007FFE00000002EC0
:10B5900040000000003EFF50000007FFE0000002F6
:10B5A000EFF3000000007FFFF5000004AA90000008
:10B5B0002EFFF80000000007FFFF60000000000001
:10B5C00002EFFF8000000000007FFFF60000000097
:10B5D000001EFFF800000000000006FFE20000006F
:10B5E00000000BFF80000000000000006D20005BE9
:10B5F000EFD81000B8000000000000000000001CA0
:10B60000FFFFFFF600000000000000000000000047
:10B61000DFFFFFFFFF5000000000000000000000FF
:10B6200009FFFFFFFFFFF100000000000000000025
:10B63000001FFFFFFFFFFFF70000000000AFFFFF4C
:10B64000F0004FFFFFFFFFFFFC000FFFFFFAAFFF0F
:10B65000FFF0006FFFFFFFFFFFFE000FFFFFFAAFDD
:10B66000FFFFF0007FFFFFFFFFFFFE000FFFFFFA6D
:10B6700034444440007FFFFFFFFFFFFE00044444CA
:10B680004300000000007FFFFFFFFFFFFE000000FF
:10B69000000000000000007FFFFFFFFFFFFE000032
:10B6A00000000000000000007FFFFFFFFFFFFE0022
:10B6B0000000000000000000007FFFFFFFFFFFFE12
:10B6C000000000000000000000007FFFFFFFFFFF00
:10B6D000FE000000000000000000007FFFFFFFFFF1
:10B6E000FFFE000000000000000000007FFFFFFFE1
:10B6F000FFFFFE00000000000000000555AFFFFF47
:10B70000FFFFFFFE55500000000000000FFFFFFF8D
:10B71000FFFFFFFFFFFFF00000000000000FFFFF32
:10B72000FFFFFFFFFFFFFFF00000000000000FFF22
:10B73000FFFFFFFFFFFFFFFFF00000000000000021
:10B740000000CFF8001FFF300000000000000000E4
:10B75000000000CFF8001FFF3000000000000000D4
:10B7600000000000CFF8001FFF30000000000000C4
:10B770000000000000CFF8001FFF300000000000B4
:10B78000000000000000CFF8001FFF3000000000A4
:10B7900000000000000000CFF8001FFF3000000094
:10B7A0000000000000000000CFF8001FFF30000084
:10B7B000000000000000000000CFF8001FFF300074
:10B7C0000000000000000000000045520005551078
:10B7D0000000000000000000000000000000000069
:10B7E000000050353729FFFB6804002822120305AA
:10B7F0009A050028242202FEFE0700281F2805FBC8
:10B800006A0A00281C2806FB9A0C0028240E02084D
:10B81000960D0028222703FC000009000E002E00D0
:10B820007600DE000D03000001E600000E030100BB
:10B8300018B803080000000007000300A8A70308C9
:10B84000D8B7030828B8030800000000000001086A
:10B85000698D0108318B01080000000029000000FB
:10B8600005000000000000003CB8030800000000D4
:10B8700000000000000001000200010003000100C0
:10B8800002000100040001000200010003000100A9
:10B890000200010005000100020001000300010098
:10B8A0000200010004000100020001000300010089
:10B8B0000200010006000100020001000300010077
:10B8C0000200010004000100020001000300010069
:10B8D0000200010005000100020001000300010058
:10B8E0000200010004000100020001000300010049
:10B8F0000200010007000100020001000300010036
:10B900000200010004000100020001000300010028
:10B910000200010005000100020001000300010017
:10B920000200010004000100020001000300010008
:10B9300002000100060001000200010003000100F6
:10B9400002000100040001000200010003000100E8
:10B9500002000100050001000200010003000100D7
:10B9600002000100040001000200010003000100C8
:10B9700002000100303132333435363738396162F4
:10B9800063646566003031323334353637383941D7
:10B9900042434445460000000000000041CA01083F
:10B9A0005BCB010885CD010800000000848F0408EE
:10B9B0006300000063000000CA02000000000000F5
:10B9C000010000E0010000E000000000010000E0D4
:10B9D000010000E0010000E0010000E080808081C3
:10B9E0008182828384858687898A8C8D8F919395C5
:10B9F00097999B9EA0A2A5A7AAADAFB2B50055AAE4
:10BA0000FF00112233445566778899AABBCCDDEE3E
:10BA1000FF0F40F30F30F20E20D10300811E303CA7
:10BA20001E3B0E3B0E1507004803A00006605800A1
:10BA30004FFFFFFF100A20840000C10A30000D00F4
:10BA4000B100AFFFFFFB001C00D00003A01C0000F2
:10BA50000009200000920003CFFB31F7A5744E09C6
:10BA60002001F9B20002BFE8000097DA000924E5DE
:10BA7000B4A5BA08EFFA10009200000410000AC83A
:10BA8000000C10660A207600830742C000570A2B7C
:10BA9000200009C6685C900001C1C067000A43909D
:10BAA0002A004901B04700C1007BB1009ED40000CC
:10BAB0005C03D00004C05C00000CBD200003DE80ED
:10BAC0001001E31D78806B001DF204F413CF6006B3
:10BAD000DFD62B00000000003C3B3B150A71F15CF7
:10BAE0000980B60C40D40C40B609805B01F10A70A5
:10BAF0006B00F20B607A05C04D03E04D05C07A0B78
:10BB000060F16B0000B0089CB50BF8087C9500A0B4
:10BB100000000B000000F000000F0002EEFEE2014A
:10BB20001F110000F0001804F10D03804FFD0222E8
:10BB30002A04D00000340000B50000F00005B00079
:10BB40000A60000E10004C0000970000E20003D0D5
:10BB5000000870000D20002D0000009EE9000AD4AE
:10BB60004DA01F2002F15E0000D56C0000C65E00F3
:10BB700000D51F2002F10AD44DA0009EE900EFF38A
:10BB800022F300F300F300F300F300F300F300F3FB
:10BB900019EFC208B43AE000002F100005E00002DF
:10BBA000E50001D70001D80001DA22218FFFFF70E4
:10BBB0009FFFFF01222D800009B00005F200007CEC
:10BBC000F8000002F200000E4B9439F13BFFC30075
:10BBD00000009B000004E100001E500000AA0000CD
:10BBE00005E10D401E400D408FFFFFFD12222E6229
:10BBF00000000E400CFFFF00E522200F100001FFA7
:10BC0000EB3002239F100000D600000D69B438F11C
:10BC10002AEFC400006DFD5008D523201F2000002E
:10BC20004D6DEA106FC43CA05F3002F02F2002F08F
:10BC30000AC32BA001AFFA10AFFFFFBA9222D7764A
:10BC4000003F10000A900001F200007C00000E503E
:10BC50000005E00000C8000003CFEA100E812CA010
:10BC60002F1005D00E701B9006FFFF203F5018E0EC
:10BC70006C0000F23F6129E005CFFB2007EFC3060F
:10BC8000E315E198000B87D203FB0AFFD9C000102F
:10BC90008B00000D70624BD01CFEA1004E02A00074
:10BCA00000000002A04D004E02A000000000018034
:10BCB0004F10D0380000000210004BE107DC5003A9
:10BCC000F8000004BE71000029E2000000003FFF00
:10BCD000FF3000000000000002EEEEE20111110052
:10BCE00012000002EB4000005CD6000008F2017E6A
:10BCF000B402E92000000000001AEFC309A32AE003
:10BD000000003F00000AA00009C00002F10000018D
:10BD10000000028000004D00000004BDDD81000035
:10BD20009B30006D3007A08EE8D5D10D07D219F3F6
:10BD3000774A0D4000F31B580F2000D30C580D40DC
:10BD400000F31B3A07D21AF5770D008EE85FB006B4
:10BD5000A000000000009B300240000005BDED6027
:10BD60000000006F30000000DD90000004E3F100EF
:10BD7000000B80C700001F206E00008C001F5000C9
:10BD8000EFEEEFB006E21114F20C700000B9BFFF45
:10BD9000FB20B7112AD0B70003F0B70008C0BFFFDF
:10BDA000FF50B82226F2B70000C7B71115F4BFFF45
:10BDB000FD60003BEFB3005F9338E00E60000004CD
:10BDC000E00000006C00000004E00000000E6000D5
:10BDD00000005F9338E0003BFFB300BFFFEA300B89
:10BDE00082239F40B700007E0B700000F3B7000075
:10BDF0000E5B700000F3B700007E0B82239F40BFF4
:10BE0000FFEB3000BFFFFF3B822220B700000B702A
:10BE10000000BFFFFA0B822210B700000B82222025
:10BE2000BFFFFF50BFFFFF3B822220B700000B7017
:10BE30000000BFFFFA0B822210B700000B70000059
:10BE4000B7000000003BEFC4005F9438E10E7000C3
:10BE50000004E00000006C00000824E00000E30E95
:10BE600060000E305F9337F3003BEFC400B7000073
:10BE7000B7B70000B7B70000B7B70000B7BFFFFF04
:10BE8000F7B82222C7B70000B7B70000B7B7000065
:10BE9000B7B7B7B7B7B7B7B7B7B704FFFF00225FF9
:10BEA00000003F00003F00003F00003F00004E0D3B
:10BEB00052BA05DFB2B70007D1B7005E20B704E37E
:10BEC00000B73E4000B9EF2000BF89D000BA00CAD9
:10BED00000B7001E70B70003F3B700000B7000003E
:10BEE000B700000B700000B700000B700000B70037
:10BEF000000B822220BFFFFF00B8000001F3BF103B
:10BF00000009F3BEA0002EF3B7E300B7F3B67B043D
:10BF1000D0F3B60D4C50F3B605FC00F3B600B300F9
:10BF2000F3B6000000F3B90000B7BF5000B7BCF291
:10BF300000B7B7AD00B7B70D90B7B702F5B7B70008
:10BF40006FD7B7000AF7B70000D7003BEFB4000582
:10BF5000F9338F600E600005F14E000000D56C00D3
:10BF60000000B74E000000D50E600005F105F93362
:10BF70008F60003BEFB400BFFFD800B8225D90B7E0
:10BF80000004E0B70003F0B7002CA0BFFFFA10B820
:10BF9000220000B7000000B7000000003BEFB40033
:10BFA00004F9338F600E600005F14E000000D56C7F
:10BFB000000000B74E000000D60F600005F105F844
:10BFC000327F60004CFFC50000000CB0280000016B
:10BFD000BFE50000000000BFFFD800B8225D90B7A9
:10BFE0000004E0B70003F0B7001BB0BFFFFB10B8C0
:10BFF00022B900B7001F30B70007D003CFEB31F7ED
:10C0000023744E000001F9200002BFD7000004CACB
:10C01000000004E5B423BB08DFEA10FFFFFFF223B2
:10C02000F322001F100001F100001F100001F100B9
:10C03000001F100001F100001F1000D60000E4D620
:10C040000000E4D60000E4D60000E4D60000E4C717
:10C050000000F39A0002F12F835DA004CFD8000CFA
:10C06000700000D506E00004E000F4000A80009BA8
:10C07000001F20002F207B00000C80E4000005E55D
:10C08000E0000000EE700000008F10007C0000E86F
:10C090000002F02F1003FD0007A00D60089F200C88
:10C0A0005008B00E3B701F0003F03E06C06B00004E
:10C0B000E58901F1B600009AD400B7F100004FE025
:10C0C000006FC000000FA0001F70005F1000E50AA5
:10C0D000B009A001E64E10004FE400000DE00000A2
:10C0E0007DD80002F32F300C8007D08D0000C90CE2
:10C0F00080000A803F1003E000AA00C60001F35D43
:10C10000000007CE4000000EB0000000B7000000A5
:10C110000B70000000B700006FFFFFF5022229D06E
:10C1200000003F300001E600000BA000008D000081
:10C1300004F200001E8222217FFFFFF8BFCB60B611
:10C140000B60B60B60B60B60B60B60B60B60BFC081
:10C150003500002E00000D300008800003D00000E4
:10C16000D200008700003C00000E1000097000049F
:10C17000C00000E10000A6CFB07B06B06B06B06B3C
:10C1800006B06B06B06B06B07BCFB00007000005B1
:10C19000E50000B4B0002C0C2008606800D000D08E
:10C1A000DDDDDD271005C108DFC300A429D00000B4
:10C1B0001F108DEEF24E100F24E007F209ED8F20D4
:10C1C000E400000E400000E400000E7CFC40EF5252
:10C1D0008F2E6000B8E40008AE6000B8EF528F2EDA
:10C1E0006DFC4002BFE800DA24C35D000007B00028
:10C1F000005D000000DA24D302BFE800000001F176
:10C20000000001F1000001F102BFD6F10E923DF1F4
:10C210005D0004F17B0001F15D0003F10E912DF151
:10C2200002BFE6F102BFD500E814E45C0006B7FEE9
:10C23000EEEC5D000000E923A202BFE90001CF603F
:10C240009A110B600DFFF30B6000B6000B6000B697
:10C25000000B6000B60002BFE6E20EA23CF25D00F9
:10C2600002F27B0000F25D0002F20EA23DF202BF7C
:10C27000E5F2000002F00C623BA006DFEA10E400E9
:10C28000000E400000E400000E7DFC20EE42AC0EEB
:10C290006002F0E4000F1E4000F2E4000F2E4000A8
:10C2A000F20D40820000E40E40E40E40E40E40E453
:10C2B000000D50007200000000D4000D4000D400BA
:10C2C0000D4000D4000D4000D4000D4022F20DF8C6
:10C2D00000E400000E400000E400000E400BA0E46B
:10C2E0000BB00E4BC000EEFD000EC1D900E402F40D
:10C2F0000E4006E1E4E4E4E4E4E4E4E4E4E4E7DF5B
:10C30000B29EE80ED32CFB23E5E6004F10099E40B9
:10C3100003F0008AE4003F0008AE4003F0008AE426
:10C32000003F0008A0E6DFC20EE41AC0E6001F0EC0
:10C330004000F1E4000F2E4000F2E4000F2002BFA5
:10C34000E8000EA23E805D0004F07B0001F15D007C
:10C3500004F00DA23E8002BFE800E7DFC40EF41631
:10C36000F2E6000A8E40008AE7000B8EF528F2E61E
:10C37000CFC40E400000E400000E40000002BFD514
:10C38000F10EA23EF15D0004F17B0001F15D0004BD
:10C39000F10EA23EF102BFD5F1000001F100000153
:10C3A000F1000001F1E6D8EE61E700E400E400E40A
:10C3B00000E40009EFC26D22617D200009FE9100BA
:10C3C00002C95622B84CFEA0053000B600DFFF308F
:10C3D000B6000B6000B6000B6000AA1102DF60F32C
:10C3E000002F0F3002F0F3002F0F3002F0E4004F67
:10C3F0000AB22CF01BFE6F000D50009806C000F230
:10C4000001F206B000A80C50003E3E00000DD8001E
:10C410000006F200C5003F100786A009F600D31FF2
:10C4200000E7B02D00B54C0E188006A960A6D30019
:10C430001FE104ED0000BB000E80005D004E10A95E
:10C440001E4001ED900008F10002EBA000C70D6056
:10C450007C003F200D50009807B000E201F205C0BB
:10C4600000A70B50004D1E00000EB9000008F3009D
:10C470000005D000052C60001CF900007FFFFB00C8
:10C4800002F3000C70009B0004E1001E50008FFFBF
:10C49000FD00BF04E105C005C005C006C04F60082F
:10C4A000C005C005C005C004E100BFB5B5B5B5B550
:10C4B000B5B5B5B5B5B5B5B5CD100C700990099049
:10C4C000099008A003F708B00990099009900C8022
:10C4D000CD200BE80A33918DA006B7038084640356
:10C4E00073808406B7000422FE0DA0000000000047
:10C4F00012000000037CFF000059EFFFFF000EFF59
:10C50000FFFFFF000FFFFD848F000FD720008F007B
:10C510000F8000008F000F8000008F000F80007BD5
:10C52000DF023F8006FFFFAFFF8002EFF9EFFF6001
:10C5300000021029A700000000B4DFFFFFFD4BE858
:10C54000E722227E8EC0C500006C0CFCF611117F24
:10C55000CFC0CFFFFFFB0CFCF611117FCFC0C50091
:10C56000006C0CE8E722227E8EB4DFFFFFFD4BDF7C
:10C57000F69FFFFFFDFFF8CFFFFFFFEFF6AFFFFFD6
:10C58000FE132003333331FFF7BFFFFFFFFFF8CF68
:10C59000FFFFFFFFF7BFFFFFFF132003333331EF30
:10C5A000F6AFFFFFFEFFF8CFFFFFFFDFF6AFFFFFA5
:10C5B000FD0000000003D4000000003FFE0000006A
:10C5C00003FFF44D30003FFF40EFF303FFF4004F53
:10C5D000FF6FFF400004FFFFF40000004FFF40002A
:10C5E000000003D3000000140000220DF7004FF1FB
:10C5F0009FF74FFD00AFFFFD1000BFFE10004FFF83
:10C60000F7004FFDAFF70EFD10AFF25B1000990081
:10C6100000000770000000320FF0240005FC0FF04E
:10C62000CF501FF40FF05FF17F800FF008F7BF20AD
:10C630000FF002FBCF100EE001FCAF40011004FA36
:10C640005FB000000BF60DFA1001AFD002DFFCCF97
:10C65000FD200008EFFE9100000001100000000026
:10C660001441000000007FF700000343DFFD343079
:10C670000EFFFFFFFFE06FFFFBBFFFF61BFF700722
:10C68000FFB107FF2002FF701BFF7007FFB16FFFB4
:10C69000FBBFFFF60EFFFFFFFFE00342CFFC23309E
:10C6A00000007FF70000000004410000000000735C
:10C6B00003830000001DFF67F7000003EE5AFEF73A
:10C6C00000006FD3B57FF70009FB3DFF85FE30BF4B
:10C6D00095FFFFFB3EF4766FFFFFFFD2A100CFFF77
:10C6E000FFFFF40000CFFA02FFF40000CFFA02FFD0
:10C6F000F40000AFF801FFF3000000277200000013
:10C70000007FF7000000008FF8000000008FF800A5
:10C710000000008FF8000000DFFFFFFD00004FFF6A
:10C72000FFF4000004FFFF400023335FF53332FFC6
:10C73000FFA44AFFFFFFFFFCCFFFFFFFFFFFFF5CEF
:10C740008F9AAAAAAAAAA8004FFFFFFFB00001ED86
:10C75000888889F8000AF2000000AF305F7000009E
:10C76000001EC0EF886000288BF6FFFFF300BFFFBC
:10C77000F8FFFFFFFFFFFFF8FFFFFFFFFFFFF7BF1F
:10C78000FFFFFFFFFFF40000011000590019EFFD4B
:10C79000709F03EFDA9DFEBF0EF600005FFF7F7013
:10C7A000003FFFFF6900002AAAA900000000000066
:10C7B000AAAAA20000A6FFFEF30007F7FFF50000FB
:10C7C0007FE0FBEFD9ADFE30FA08EFFE9100950057
:10C7D0000110000000002A0002EF788EFFFFFFFF2B
:10C7E000FFFFFFFFFFFFDFFFFF0007FF00007F00ED
:10C7F000000100002A0000002EF000788EFF030FD9
:10C80000FFFFF0BAFFFFFF03FFFFFFF0AADFFFFF0C
:10C810000400008FF00000008F00000000100000F6
:10C820000000000000000000000006D20000002A06
:10C8300000118E100002EF007D2B90788EFF030A0E
:10C84000B3F0FFFFFF0BA1F1E3FFFFFF03F0E3C530
:10C85000FFFFFF0BA1F1E3DFFFFF030AB3F00007C7
:10C86000FF007D2B9000007F00119E100000010052
:10C8700006D20000000000000000BFFFFFFFFFFB2A
:10C88000FD5BFFFFFFFFF501FFFFEFFFFB18FFF66A
:10C890001CFFFFFCFF6001DFFF609600008FF900C6
:10C8A0000000008FFC88888888CFBFFFFFFFFFFB58
:10C8B000000240000000CF1000003FF700000AFF18
:10C8C000E00004FFFF8000EFFFFF308FFFFFFC0E52
:10C8D000FFFFFFF2F9CFFFFF3DC5FFFFF16FA3BFE1
:10C8E000FA008FFFFB000026740000580000359FFF
:10C8F0001005FE9F106FFE9F17FFFE9F9FFFFE9F7C
:10C90000FFFFFE9FEFFFFE9F2DFFFE9F10CFFE9FBC
:10C91000100BFE8F00009B0000000046000000008E
:10C920000FFD40000000FFFFA100000FFFFFF70018
:10C9300000FFFFFFFD500FFFFFFFFFB1FFFFFFFFF5
:10C94000FF6FFFFFFFFFB1FFFFFFFD400FFFFFF78E
:10C950000000FFFFA100000FFD40000000360000B6
:10C96000000000AFFE30AFFE3FFFF70FFFF7FFFF05
:10C9700080FFFF8FFFF80FFFF8FFFF80FFFF8FFFA3
:10C98000F80FFFF8FFFF80FFFF8FFFF80FFFF8FFA2
:10C99000FF80FFFF8FFFF70FFFF7489810489810B0
:10C9A00048888888881FFFFFFFFFF7FFFFFFFFFF12
:10C9B0008FFFFFFFFFF8FFFFFFFFFF8FFFFFFFFF6E
:10C9C000F8FFFFFFFFFF8FFFFFFFFFF8FFFFFFFFF5
:10C9D000FF8FFFFFFFFFF7AFFFFFFFFE30260000D6
:10C9E000587FA000BF8FFB00BF8FFFC1BF8FFFFD2F
:10C9F000CF8FFFFFFF8FFFFFEF8FFFF4BF8FFF4051
:10CA0000BF8FE300BF5D2000AE0000000000000308
:10CA100070000000003FFA00000002EFFF900000ED
:10CA20001EFFFFF80001DFFFFFFF700CFFFFFFFF9D
:10CA3000F40DFFFFFFFFF50134444444300DFFFFC8
:10CA4000FFFFF50FFFFFFFFFF80CFFFFFFFFF500F3
:10CA50000003100005FB0005FF4005FF4005FF50E7
:10CA600003FF50000BFC10000BFC10000CFC10002E
:10CA70000CFB00000A5003100003FC10000BFC101C
:10CA8000000BFC10000BFC10000DFB0005FF500517
:10CA9000FF5005FF5003FF50000A500000000069DE
:10CAA000100000000DF500000000EF600000000E17
:10CAB000F600005888FFB8881FFFFFFFFFF79BBBF9
:10CAC000FFDBBB30000EF600000000EF600000004E
:10CAD0000EF6000000009D20000046666666661F98
:10CAE000FFFFFFFFF7ADDDDDDDDD400003ADFFC77C
:10CAF0000000009FE624AFE3000BFF207709FF4012
:10CB00007FF900CFA1FFE1EFF67FFFF0EFF78FF99C
:10CB10003FFFC1FFE10BFF26CA19FF40009FE6243B
:10CB2000AFE30000039DFFC70000320000000000DB
:10CB30000000DF500000000000001CF84AEFEB503E
:10CB40000000009FFD525DFC10000005FE4A70CF02
:10CB5000E1000B802DFFF74FFB002FFB00AFFB2FF9
:10CB6000FF300BFF5007FE7FFB0001DFC0003EFFE0
:10CB7000E100001BFC4201BFA00000005BEFB00819
:10CB8000FC100000000000004FE00000000000006A
:10CB900002400000000310000000000005FD00003E
:10CBA00000000000EFF700000000008FFFF1000020
:10CBB00000002FFDEFA00000000BFB03FF30000082
:10CBC00004FFC04FFC000000DFFD05FFF600007F02
:10CBD000FFF8CFFFE1001FFFFC04FFFF900AFFFFFB
:10CBE000D27FFFFF20FFFFFFFFFFFFF6047888885A
:10CBF00088888700000000000610000000000FC1B8
:10CC0000FFF8002EFFFCCDFF62EFDFF9002C4EF99C
:10CC10000F900002EF900700002EF8880FA0CDFFC4
:10CC200080DFDFF9FFF8001EFFFC000000000FC0EE
:10CC3000000000000610000027000000002EF90090
:10CC400000002EFFF900002EF92EF9002EF9002E1B
:10CC5000F90BF900002EF427000000270027000040
:10CC600000270BF900002EF42EF9002EF9002EF902
:10CC70002EF900002EFFF90000002EF90000000040
:10CC8000260000000001000000000000003FC00777
:10CC90007777720003FFFC2EFFFFF9000FCFCFA0C4
:10CCA0000000E900041E93200000E900000E90003F
:10CCB0000000E900000E900000B5E997000EC7776C
:10CCC00073BFFFF6000DFFFFFD0BFF7000000000BB
:10CCD0000000A600BFFFF6000000FFFFFF98887469
:10CCE000FFFFFFFFFFFFFFFFFFFFFFFFFFFFFFFF54
:10CCF000FFFFFFFFFFFFFFFFFFFFFFFFFFFFFFFF44
:10CD0000FFFFFFFFBFFFFFFFFFFB0000022000004F
:10CD100000003EE300000003EFFE3000003EFFFF96
:10CD2000E30000EFFFFFFE0000008FF800000000AE
:10CD30008FF8000000008FF8000023328FF82332B4
:10CD4000FFFE3993EFFFFFFFC99CFFFFFFFFFFFFCF
:10CD50005C8F9AAAAAAAAAA8000000000362000099
:10CD6000000000CFFE000000003FFFE000000009CF
:10CD7000FFFD000000002DFF90000000004FF400B8
:10CD80000000000CFD0000010009FF40018EE11AC7
:10CD9000FF7000EFFFDEFF90000CFFFFFF60000060
:10CDA0008FFFE910000002763000000000079300BA
:10CDB00000220AFFF2008FF5F91F708FF90CFCF8C2
:10CDC0008FF9001AEFFFF9000000EFFC000007BF29
:10CDD000FFF6000AFFFABFF600F91F70BFF60CFC61
:10CDE000F400BFF41AC600005600000344412000BE
:10CDF00000FFFF5E40241FFFF5EE2FF4FFFFC88207
:10CE0000FF4FFFFFFF5FF4FFFFFFF5FF4FFFFFFF47
:10CE10005FF4FFFFFFF5FF4FFFFFFF5FF4FFFFFF32
:10CE2000F4FF934444430FFFFFFF5000688888716C
:10CE3000000048888887000FFFFFFFFB00F8000014
:10CE40000BFB0F800000BFF3FB77777DFF4FFFFFE9
:10CE5000FFFFF4FFFF42DFFF4FFFC008FFF4FFFEBC
:10CE600000AFFF4FFFFCAFFFF4AFFFFFFFFD10006F
:10CE7000000000000FFFFFFFFFF79AAAAAAAAA402E
:10CE8000000000000089999999993FFFFFFFFFF783
:10CE900012222222220000000000009AAAAAAAAAB6
:10CEA0004FFFFFFFFFF7000000000000BFFFFFFF84
:10CEB000FFFBFFFFFFFFFFFF4EFFFFFFFFE4C3BFCE
:10CEC000FFFFFB3CFF57FFFF75FFFFF93DD39FFFBF
:10CED000FFFFD55DFFFFFFFFFFFFFFFFBFFFFFFF6E
:10CEE000FFFB01BBBA10005FFFF10007FFFB000072
:10CEF0009FFF60000BFFFFFF60EFFFFFF10EFFFFE2
:10CF0000F800000CFE000000FF5000003FC00000D1
:10CF100007F3000000A900000002000000002A50F2
:10CF200000000EFF8FFF2000FFF8FFF4000FFFEB63
:10CF3000BB3000FFF49992600FFF5FFF4FA0FFF539
:10CF4000FFF5561FFF5FFFFFF4FFF5FFFFFF4EFFEA
:10CF50005FFFFFF40005FFFFFF40005FFFFFF400ED
:10CF600000444444000000150000000009F10000E6
:10CF7000002DFFF900000EFFFFF70005FFFFFFD0B7
:10CF8000008FFFFFFF000AFFFFFFF200DFFFFFFF40
:10CF9000506FFFFFFFFD0EFFFFFFFFF624444444E8
:10CFA0004300002FF90000000046000000BFFFFF13
:10CFB000FFFFFFF4FC8E8E8E88E8F7F80C0C0B0058
:10CFC000B0F8FFECFCECEECFF8FFA0C0A0772FF894
:10CFD000FFECFCECEECFF8F80C000000B0F8FC8E93
:10CFE000888888E8F7BFFFFFFFFFFFF4000000001C
:10CFF0000006300000000018EFE000000029FFFFED
:10D00000B000003AFFFFFF30004CFFFFFFFC000BB9
:10D01000FFFFFFFFF5000EFFFFFFFFD000013444CC
:10D02000DFFF6000000000CFFE0000000000CFF82E
:10D030000000000000CFF10000000000BF900000E1
:10D04000000000260000009BBBB2700FFFFF4F9056
:10D05000FFFFF4FF9FFFFF5444FFFFFFFFFFFFFFB1
:10D06000FFFFFFFFFFFFFFFFFFFFFFFFFFFFFFFFD0
:10D07000FFFFFFFFFFFFFFFFFFFFFFFFFF34444401
:10D080004430000000000000000000059BCB95002C
:10D0900000008FFFFFFFFF8003EFFA53235AFFE3E7
:10D0A000DFA100000001AFD26005BEFEB500520056
:10D0B0001CFFFEFFFC100002EC40004CE2000001EF
:10D0C00000010001000000000AFA0000000000005A
:10D0D000FFF0000000000006D600000037777777E9
:10D0E0007777750FFFFFFFFFFFFFF3F834444444E9
:10D0F000444FDF8CFFFFFFFFF2CFF8CFFFFFFFFFB2
:10D1000008FF89CCCCCCCCC3FFFB77777777779FB0
:10D110009CFFFFFFFFFFFFE1000000000000000098
:10D12000377777777777750FFFFFFFFFFFFFF3F80C
:10D1300034444443004FDF8CFFFFFFC002CFF8CFE1
:10D14000FFFFFC0008FF89CCCCCC9003FFFB777776
:10D150007777779F9CFFFFFFFFFFFFE10000000054
:10D1600000000000377777777777750FFFFFFFFFB5
:10D17000FFFFF3F834444200004FDF8CFFFF8000D4
:10D1800002CFF8CFFFF8000008FF89CCCC60000385
:10D19000FFFB77777777779F9CFFFFFFFFFFFFE12C
:10D1A0000000000000000000377777777777750F71
:10D1B000FFFFFFFFFFFFF3F834410000004FDF8C5B
:10D1C000FF40000002CFF8CFF400000008FF89CC38
:10D1D00030000003FFFB77777777779F9CFFFFFF97
:10D1E000FFFFFFE1000000000000000037777777C5
:10D1F0007777750FFFFFFFFFFFFFF3F800000000D8
:10D20000004FDF800000000002CFF80000000000A7
:10D2100008FF800000000003FFFB77777777779F98
:10D220009CFFFFFFFFFFFFE1000000000000000087
:10D23000000000000000000000000025FB000000CE
:10D24000000005CBFE00000001000D1042000000B0
:10D250009FD1680000006800FFFEEEEDDDDDEFC04D
:10D260009FD100B3000068000100003B057400007E
:10D2700000000009BEFB0000000000002DFB0000C4
:10D2800000000000000000000000342000006EFEDE
:10D29000FD2004FFF3FFD00CFFF04FF50FD5F29502
:10D2A000F82FF7413CFA3FFF60AFFB3FFE204FFBFA
:10D2B0002FE29275FA0FEBF149F809FFF09FF201A6
:10D2C000DFF9FF900006AB950000048870000BCCDE
:10D2D000FFFFDCC5BCCCCCCCCC5288888888604FA2
:10D2E000FFFFFFFC04FAAE6F5FC04FAAE6F4FC0438
:10D2F000FAAE6F4FC04FAAE6F4FC04FAAE6F4FC00F
:10D300004FAAE6F5FC03FFFFFFFFB006888888728E
:10D31000000000000001710000000002EFD10000D9
:10D3200000015FFFC0000002EA5FFD000002EFFAAB
:10D330005D200002EFFFF8000002EFFFFE20000278
:10D34000EFFFFE200002EFFFFE200000BFFFFE20E7
:10D3500000000DFFFE20000000FFFE200000000680
:10D360006410000000000005EFFFFFFFFF8005FFD5
:10D37000FFFFFFFFFF05FFFF91DD19FFF5FFFFFD39
:10D380001111DFFFEFFFFFFB00BFFFF5FFFFFD11F6
:10D3900011DFFF05FFFF91DD19FFF005FFFFFFFF24
:10D3A000FFFF0004EFFFFFFFFF8000178887202D9D
:10D3B000FFFFFD2EA0B378FEFA0B378FFFFFFFFFB4
:10D3C000FFFFFFFFFFFFFFFFFFFFFFFFFFFFFFFF6D
:10D3D000FFFFFFFFFFFFFFFFFFFFFFFCFFFFFFFC63
:10D3E000044444440000000000000200000000006B
:10D3F00004F00069000000DF007FC000000DF08F26
:10D40000FFDDDDDDFF0BFFFFFFFFFFF00BFC00008A
:10D410000000000AC0000000000000000000000042
:10D4200000000000000000000000400300000000B9
:10D4300000003003030900000E00B00404040005DE
:10D4400016007008090900003F007007070D00FE74
:10D450006D00200A0A0900009A004008090A00FF2E
:10D46000C700800202040005CB001004030D01FD7B
:10D47000DF001004030D00FDF300D00405050005D6
:10D4800000010007070600021501C002030400FEA8
:10D490001B01A004040200021F01C00203020000DD
:10D4A00022014004060DFFFF4901000808090000A1
:10D4B0006D017004040900007F01E0060709000007
:10D4C0009F01E00607090000BF01000808090000ED
:10D4D000E301E006070900000302600708090000F5
:10D4E00027023007070900004702C00708090000AB
:10D4F0006B026007070900008B02C00203070000EF
:10D500009602C002030900FEA402000707070001FB
:10D51000BD02000707050002CF0200070707000150
:10D52000E802E006070900000803700C0C0C00FD7F
:10D530005003D0080A09FF007D0310090809010003
:10D54000A103B00809090000CA03F0090909010094
:10D55000F3031008070901001304A00707090100DD
:10D5600033044009090900005C04C00908090100EE
:10D570008004C00302090100890420060609FF0097
:10D58000A404A00808090100C80420070709010035
:10D59000E804700B0A0901001505C009080901001B
:10D5A0003905100A0A0900006605B00808090100DB
:10D5B0008A05100A0A0C00FDC605C008080901000A
:10D5C000EA057007070900000A06100707090000AE
:10D5D0002A068009080901004E0690080A09FF0082
:10D5E0007B06800D0E090000BA061008080900002D
:10D5F000DE06C0070909FF000707E0070809000069
:10D600002B070004030D01FD3F074004060DFFFF3B
:10D6100066070004030D00FD7A07000707060002F5
:10D620008F070006060100FF920730070402010879
:10D630009607300707070000AF073008070A010008
:10D64000D207E00607070000EB073008080A0000D1
:10D6500013086007070700002C084004050A0000B3
:10D6600045084008080A00FD6D083008070A010057
:10D6700090086003030A00009F087003050DFEFD7B
:10D68000C0086007070A0100E3086003020A0100FE
:10D69000ED08B00C0B070100140930080707010062
:10D6A0002D09A0070807000049093008070A01FDF5
:10D6B0006C093008080A00FD9409F0040407010011
:10D6C000A209000606070000B709F00405090000DA
:10D6D000CE09200807070100E709B0060807FF0088
:10D6E000030AD00A0B0700002A0AA0060707000059
:10D6F000430AB006080AFFFD6B0A40060607000051
:10D70000800A3004040D00FD9A0A9003020D01FD09
:10D71000A70A3004040D00FDC10A00070702000437
:10D72000C80A000505050005D50AC0030303000269
:10D73000DA0A000C0C0D00FE280B000C0C0900008E
:10D740005E0B000C0C0B00FFA00B000C0C09000082
:10D75000D60B400809090000FF0B000C0C0D00FE61
:10D760004D0C000C0C0D00FE9B0C800D0E0B00FFF1
:10D77000E80C000C0C0D00FE360D800D0E090000AB
:10D78000750D000C0C0D00FEC30D0006060A00FF0F
:10D79000E10D0009090A00FF0E0E800D0E0D00FEBE
:10D7A000690E000C0C0900009F0E4008090D00FED8
:10D7B000DA0E800A080C01FE0A0F800A0B0D00FE2B
:10D7C000520F800A0B0B00FF8F0F800A0B0B00FF1C
:10D7D000CC0F800A080C01FEFC0F800A0C0BFFFF27
:10D7E0003E108007070B00FF65108007070B00FF46
:10D7F0008C10800A0B0B00FFC910800A0B0300037A
:10D80000DA10800D0E0900001911000F100D00FE36
:10D810008111800D0F0DFFFEE311000C0C0B00FFBA
:10D820002512800A0B0700014C12800A0B07000129
:10D830007312000F100AFF00C312000C0C09000045
:10D84000F912000C0C0D00FE4713000C0D0DFFFE2D
:10D850009C13800A0B0B00FFD913800A0B0D00FEEE
:10D860002114800A0B0B00FF5E14800A0B0B00FFD3
:10D870009B14000C0C090000D1148007090DFFFE59
:10D880000C15800A0B0D00FE5415800A0B0D00FECE
:10D890009C15800D0E090000DB15000C0E0DFFFE1F
:10D8A00036160009090D00FE7116000F0F0C00FF5F
:10D8B000CB16000F0F0900000F17000F0F09000013
:10D8C0005317000F0F0900009717000F0F090000F2
:10D8D000DB17000F0F0900001F18000F100B00FFCF
:10D8E0007718800A0A0D00FEB818800A0B0D00FE9A
:10D8F0000019000C0D0DFFFE5519000F0F09000057
:10D9000099190009090D00FED419100C0D09000029
:10D910000000721F51EF58EF5BEF5CEF5DEF61EFBE
:10D9200063EF65EF69EF6CEF71EF76EF77EF78EF0C
:10D930008EEF93EF98EF9BEF9CEF9DEFA1EFA2EF9F
:10D94000A3EFA4EFB7EFB8EFBEEFC0EFC1EFC4EFA6
:10D95000C7EFC8EFC9EFCBEFE3EFE5EF14F015F039
:10D9600017F019F030F037F03AF043F06CF074F043
:10D97000ABF03BF190F191F192F193F194F1D7F189
:10D98000E3F13DF254F2AAF412F7F2F7200000009E
:10D990005F00010000000000000000000000020025
:10D9A000B0000000F3F7600010D903080000000089
:10D9B0003E00030000000102000304050206070800
:10D9C000090A090A0B0C000D0E0F101112130C148A
:10D9D000140000001516171819161A1B1C1D1D1E01
:10D9E0001F201D1D1621222303241E25252627283E
:10D9F000292A2B002C002D2E2F303132332D343498
:10DA000035302D2D2E2E36373839333A3A3B3A3CC5
:10DA1000290000093D09000000000000000000008E
:10DA200000000000000000000000000000000000F6
:10DA300000000000000000000000000000000000E6
:10DA400000000000000000000000000000000000D6
:10DA50000000000001020003040502060708090A8D
:10DA6000090A0B0C0D0E0F10110C121314151500D2
:10DA7000000016171819171919191719191A191951
:10DA8000191917191719031B1C1D1D1E1F202122F0
:10DA90002300240025262727270027262829262695
:10DAA0002A2A272A272A2B2C2D2E2E2F2E30000013
:10DAB0002309310900000000000000000000000000
:10DAC0000000000000000000000000000000000056
:10DAD0000000000000000000000000000000000046
:10DAE0000000000000000000000000000000000036
:10DAF0000001000000000000000100000200000022
:10DB00000001000000000000000000000000000014
:10DB10000000010000000000000000000000000004
:10DB20000001090005FC00000000F5F401090403F0
:10DB3000F8010901080206000000000000000000D2
:10DB400000000C02FF0000000000000000000000C8
:10DB5000000400FA0000000000FC03040000FE00C6
:10DB6000FF0200FE00FEFFFC00000000FE0000FEC1
:10DB7000FD0000FE00FC000000000000000000FEB0
:10DB8000FE00FD00FB00E90000FC0004060000FCB4
:10DB900002020604FD040000F50000000000000081
:10DBA00000000000F900000000000000000000007C
:10DBB000000000FBFEF700F8FF0000000000070077
:10DBC000FAFEFF0100FD0000FFF20000000000006F
:10DBD0000000000000F1FE0700000000000000004F
:10DBE00000000000F8000000000000000000000637
:10DBF00000020000FC000000000000000000000027
:10DC0000000000000000070201000000000000000A
:10DC10000000000000000000000000000000000004
:10DC200000000000000000000000000000000000F4
:10DC3000F9000000000000000000000000000000EB
:10DC40000000000000000001040206FE000004FEC7
:10DC5000FAE601050400FE00070006000600EE00DB
:10DC6000FE060006FE0402000001FE0000FD0F009B
:10DC70000F00060008020306000000F90000000083
:10DC800001FF0001FDFEFC0100FE000000F80000A5
:10DC9000000000000000000000F400000000000090
:10DCA00000000000000000000001F500F40000008A
:10DCB00000FF0013FEFE0202FE00FE020000F6005E
:10DCC00000000000000000000000ED000200000065
:10DCD000000000000000000000F4000C0000F9004B
:10DCE0000600F3EDF3FC060000F30002FC00FD006B
:10DCF00000000000000000000000000506E9000030
:10DD00000000000000000000000009000100000009
:10DD100000000101FEFC00FFFFFE0000FF0000000C
:10DD2000FC00FE00FCFC00FBFAFAFC00FC00FC001E
:10DD3000000000FE0000020001FE000100000002E1
:10DD4000FF000000FF0202FF000000FC00FF0000D7
:10DD5000000000010002FF00FE00FD0000FF0006C1
:10DD60000000FE0000000000FF01FFFF0000FE00B9
:10DD7000FE000000000000000000FFFF00FEFE00AB
:10DD800000000000010000FF00FEFEFE0000000099
:10DD90000000000000FF00000000FFFE00FD00FA90
:10DDA000FFFA040000FC02040500FBFFFE00FFF781
:10DDB00002FF01F602000001F600F6FEEFFF00F69A
:10DDC0000004050002000000000000FDFE00FA0053
:10DDD0000000FE000000FE0000000000FFFF00FF4A
:10DDE000FE00000000000000FEFE00FFFEFE00003E
:10DDF000FE0000000000000000000000FEFE00FE2B
:10DE000000FF00FC020000FE010202000000000012
:10DE100000FF0000000000010000FE00FEFFFE0009
:10DE20000000000000000200FE00000000FEFD00F7
:10DE3000FC0006FF01FA000005F6F6F8FC0200FE01
:10DE4000F4FD00FD00FC03FDF400FB000001FF02F7
:10DE5000FF000200FAF900F6FBFCFBFAFEFB00FCF7
:10DE6000FB01000100FE00000001000200000000B4
:10DE700000000000000000FE00FF00FFFE00FDFCAF
:10DE8000FCFF00FA000000000000FE00000000019E
:10DE9000FF00000002000000000000000009000078
:10DEA0000000000001000000FE0000000000000073
:10DEB00000000000FD000200000000000000000063
:10DEC00000000000FF000000FC00000000F6FA0067
:10DED0000000FDF60000FE0200FB00000000000054
:10DEE00000000000FD0000FC000000000000000039
:10DEF000000000000200FD00000000020001FCFC28
:10DF000000FEFEFE000000000000FA00FE00FDFE24
:10DF100000FCFBFAFE00FC00FA000000000F00000D
:10DF2000010000FE000200F80000000000EEFD0607
:10DF300006FEF80002FD00F6FFFE02F3FE020003FB
:10DF4000F9FDF9FAF80000F4000B0000FF000000F2
:10DF5000FFFFFEFBFA00EE000000000000000000E2
:10DF600001000000000000000000000000000000B0
:10DF700000FE00FFFEFD0000FC00FE0000000000AF
:10DF800000000000000000000000FF00FC00000492
:10DF9000FF0200FC02FFFFFBFE00FEFEFF00FDFD96
:10DFA0000000FEFFFFFDFE0000FE0002FF00FC007F
:10DFB0000000FC00FD00FDFD02000000000000006C
:10DFC00000FC0200FD00FFFEFAFFFFFFFFFFFEFF67
:10DFD0000000000000FEFEFE0000000002FF00FF47
:10DFE000000000FFFEFFFEFEFE000208FF00FB0037
:10DFF000FF0400FEF8FE030000F7FD02FD0100FF34
:10E00000FEFA00FD010000FD0000000202FCFC0021
:10E01000FDFEFDFEFE00FD01FCFD0600000000000F
:10E0200000000000020000000000000000000000EE
:10E03000000000000000000000000000FD000000E3
:10E0400000000000000000000000000000000000D0
:10E0500000000000000000000000000000000000C0
:10E060000000000000000000FF00000000000000B1
:10E0700000000000000000000000000000000000A0
:10E08000000000000000FEFE000000000000000094
:10E0900000000000FD0000FE0000FEFE0000000089
:10E0A000FE00000000FF0000000000FF0000000074
:10E0B000FD00FC000000FA0001FC0400FFF7000076
:10E0C000FCFE00F8FBFB0000F8FEF8F9F700FB008F
:10E0D000020DFE00FCFEFFFEFDFBFDF9F8FCFE005C
:10E0E00000FF00010000F3FE0604FCF90001FA0045
:10E0F000F6FFFE04EEFE010000F4FEF6FEF2000064
:10E10000F3000B0100FF00000000FFFFF9FF00F427
:10E1100000000000FA00FE00FFFBF70000FFFDFA20
:10E12000FE00FF00000000F7FEFAFAFEFDFBFEFD18
:10E1300000FCFEFAFD00FEFCFEFC000100FFFA0000
:10E140000400FD00000000020001FC0800FEFEFECD
:10E15000000000000000FA00FE00FDFE00FCFBFADB
:10E16000FE00FC0208000000000F0000010000FE9D
:10E17000000200000000000000000000000000009D
:10E18000FFFC0000000000FF000000FEFE0000FC9D
:10E19000FE0000FC0003FF00000000000001000082
:10E1A0000000030402FE00FAFD0006FAFAFCFC0877
:10E1B0000302EFFF04FE00FE02FEF900FE02FEFE77
:10E1C000FAFE0000060400FB00F5FE06FEF901FE63
:10E1D000FAFAFE080200FD00FB000206FCF9F8FB5B
:10E1E000060001F2FE02FDFFFC00FCF9FDFDFE0051
:10E1F00000FCFCFE000604FEF500F5FD00F9F5FF4D
:10E20000FAFDFAFB050000FE00FCFE00FEFD000327
:10E21000FA020000F600FEFCFDFFFAFBFAFC00FA31
:10E22000FEFCFCFAFE00000109FD00FAFE00FEFC07
:10E23000FCFBFBF9FEFC0400FD00F6FE0104FAF90C
:10E24000FCFA06FE01EEFD04FCFDF900FAF8FEFE04
:10E25000FEFEFCFAFF00000605FFF400F4FC05F9E1
:10E26000F3FCF9F8F6FA0400000000FE000002FEDC
:10E270000401FC040000FAFF00FF000101FE0000A1
:10E2800000000000FE0000000002060000FE00008A
:10E290000000FFFFFE00000001020000000002007D
:10E2A000FE000700030101FE000400000002000060
:10E2B0000000000000000000000600050000000053
:10E2C00000000000000000000000F400FE03000653
:10E2D00000001302FCFC0202FF01F6000009F4003A
:10E2E00000000000000000000000F3071B00000019
:10E2F000000000000000000000F40000000000002A
:10E30000000000000000000000000000000000000D
:10E3100000000000FD0000FCFE0000000000000006
:10E32000000000000000000000000000FF00FB00F3
:10E33000000100000219FCFE0605FB0200000202BB
:10E34000FE0000000000000000000000E7050000E3
:10E35000000000000000000000000000000000FBC2
:10E36000000000FB00000000FCFF000000FC00FEBD
:10E3700000F70000000000000000000000F30000B3
:10E38000000001000000000000FE0000FC00FD0095
:10E39000FB000000FD02FE0000FBFEFC0000FB0095
:10E3A000FE00F700FE0000F0FCF8FEF90000F300AC
:10E3B000FBFF0000000000000000FDFDFEFD00006E
:10E3C0000000FC00FC02FE0400FFFCFFFDFC00FE60
:10E3D000FFFF01FBFF000000EFFEFD00FC00FFF768
:10E3E000FE0000FFFE000000000100FFFDFF030033
:10E3F000000000000000000000000000000000001D
:10E40000000000000000000000000000000000000C
:10E4100000000000000000000000020000000000FA
:10E4200000FC00FF000000FC02000000FBFEFC00FE
:10E4300000FB00FE00F700000000ED00FCF9F60014
:10E4400000F300FFFD0000000000000000FEFDFFE3
:10E45000FD01000003FE000609FEFEFA02090304A6
:10E46000FB02080206040500000000000000000096
:10E4700000000C09FDFE00FE0F080F000000020066
:10E4800000070000FD000000000000000000FF0089
:10E49000000000000000000300000000F0FEFEF895
:10E4A000F70000F300000000000000000000000082
:10E4B0000000000000FD000000000000000000FF60
:10E4C00000000000000000000300000000F0FEFE5D
:10E4D000F8F70000F8000000000000000000000055
:10E4E0000000000000000000FE000000FC0200FE32
:10E4F000020302FA0000FE02000200000000FB001E
:10E50000FEFFFC00FEF8000CFE00FCFF00FFFD001B
:10E51000FEFBFCFE000000FD00000000000000000B
:10E5200000FF00000000000000000300000000F0F9
:10E53000FEFEF8F70000F30000000000000A0000F3
:10E540000000000000000000FD00FAFEFE06FEFED6
:10E55000F801FF01FFFB000400020102FBF8FE00CE
:10E56000F9FCFBF8F900FDFCFEFEFEFFFEFF00FFDC
:10E57000FF030003FF000600000000000000000091
:10E58000000000FFFEFE0000FB00FF00FD00000099
:10E590000000000000000000F40000000000000087
:10E5A00000000000FEFE00FE00000000FE0000FD76
:10E5B000FE0200FDFCFF00FAFFFCFFFE00FD000074
:10E5C000000000000000000000F300060000FD0055
:10E5D000000000FE00FE0000FF0000FF00FC000045
:10E5E00008FEFAFA01020200FB010301060106FF20
:10E5F000FB0000F80000FAFB0000FC00FEFD00FD3F
:10E6000000FD00FF0300FEFAFE070000FE00FC0014
:10E610000002FC0002FE020000FA00FFFF00FE0202
:10E62000FE000000F8FEFC00FA0000F70007FE0004
:10E63000FD000100FE00FEFA00FE0200000000FFE7
:10E64000000002FE010000FEFF00FE0000000000CE
:10E65000000000000000000000000000F4000400C2
:10E6600000FE000000000000FEFE000000040004A8
:10E670000000000000F4F501080603F80108000797
:10E68000000400000000000000000000000A00007C
:10E69000000000000000000000000000000000007A
:10E6A000F0DA0308B4D9030852DA03083D31000058
:10E6B00011BA030820D403088CD90308A0E6030884
:10E6C00010000228698D0108318B0108000000004C
:10E6D0000F0000000300000000FF0100B0E6030887
:10E6E00000000000000000000EA0D90D90C80C80B2
:10E6F000B70A60110B80D91F0991F0881F0880F0BC
:10E7000088000000000D203C00000F0069002FFF72
:10E71000FFFFF7015C11A610006900C3000088002C
:10E72000D2009FFFFFFFF012C523E22000D203C0FA
:10E730000000F004B0000000700000000E000000B7
:10E7400000E0000019EFEA300CD6E6A702F40E0054
:10E75000001F80E000006FEF50000016FFE5000092
:10E760000E0AF00100E05F13F85E6EB005CFFE9177
:10E7700000000E0000000070000008DD3000A7005F
:10E780004B02D004C0007700D01D20004B03D0A75F
:10E79000000007DC34C4CC3000001D2D22D0000066
:10E7A000A63B00B30005C03A00A3001D200D00D019
:10E7B00000A60004CC40004DFC300000F718C0005B
:10E7C00001F205D00000BB6E4000005FF3000007BF
:10E7D000E6DB03802F301DBAA05F0001DF401FB4CD
:10E7E00048FEC003BFFC40B200000000001F01F063
:10E7F0001F00F0000003F10B900F404F007D009BC5
:10E8000000AA00AA009B007D004F000F400B900360
:10E81000F15E000E6008C004F001F300F500E600B0
:10E82000E600F501F304F008C00E605E00009300FE
:10E8300088A6C209FE404DDDB1429350005200004F
:10E840000450000008A0000008A0001FFFFFF30311
:10E8500039B3300008A0000008A0000103F61E60D4
:10E86000E12C00000003FFF90333100003F52E40F4
:10E8700000000E400004E000009A00000E4000047A
:10E88000F000009A00000E400003F000009A000023
:10E890000E500003F000009A00000E500003F0003C
:10E8A00000004CFE70004FB68F900DB0005F32F448
:10E8B0000000E74F20000CA4F20000CA2F40000E19
:10E8C00070DB0005F204FB68F90004CFE700EFFB02
:10E8D00044CB00AB00AB00AB00AB00AB00AB00AB7C
:10E8E00000AB07DFEA108E857EC0010006F1000054
:10E8F00006F000000D900000CC00001CC00001DB01
:10E9000000001DE544427FFFFFF97FFFFFF0244434
:10E910005F900000BC000009E100003FD810000437
:10E920006DD0000002F4100002F4BD757DD019DF37
:10E93000EA1000000DA0000000AC00000007E1009C
:10E9400000004F40100002F600F5001DA000F50089
:10E950007FFFFFFFF3133333F730000000F50000B3
:10E960000000F50009FFFFF00AB444400C800000ED
:10E970000E7000000FFFFC4003345CF2000000F753
:10E98000100000F78E856CF108DFFB30002AEFD510
:10E99000003FD657400CC0000002F40000004F5B5F
:10E9A000FFA104FE845DD03F80003F30E80003F209
:10E9B00006F845DC0005DFE9109FFFFFFD9D44449C
:10E9C000E99C0004F200000BB000002F400000ADF5
:10E9D000000001F6000008E000000E8000006F104B
:10E9E00000019EFE9100BE636EC00F60006F00CC00
:10E9F000202BC002EFFFE200DC424CD05F20001F62
:10EA000055F20002F50ED535DE001AEFEA1003BF0D
:10EA1000EA202FA44BE18E0000E99D0000DD4F713C
:10EA200029FF07FFFC9E000210AC000002F60765FC
:10EA30008FB00AEFD7002E53F50000000000003F12
:10EA400052E42E53F50000000000002E52F60D2176
:10EA5000D001000000003100006CF2018ED6000FE2
:10EA6000C300000AFB40000017EE70000005C30061
:10EA70000000001FFFFFF3033333300000000000ED
:10EA80000000001FFFFFF303333330040000000ECB
:10EA9000D71000005CF92000002AF20003AFB10695
:10EAA000DE82001C6000000000000007DFEA109E0C
:10EAB000746EC0010006F0000009C000008E200046
:10EAC00006F2000008700000000000000B8000004B
:10EAD0000C900000006CEFDA4000003DA41016D945
:10EAE0000001E509EE98CA900A80BD43AFC0D30F7C
:10EAF00013F2000CC0693C06D00007C03B4B06D0A7
:10EB00000007C02C3C03F2000CC04A0F10BD439E0E
:10EB1000E3C50A8009EE91CF9001E50000000000F6
:10EB2000003DA41028000000007CEFD91000000078
:10EB30000CF1000000003FD700000000B96E00009B
:10EB40000002F20E50000009A007D000001F3000A4
:10EB5000F400007FFFFFFB0000E733334F2005F098
:10EB600000000C900C90000006F18FFFFEC408E33B
:10EB7000334BF28E00001F58E00018F18FFFFFF8B2
:10EB800008E33337F68E000009C8E000009D8E339D
:10EB9000347F78FFFFFD700007CFFB4000CF966AFF
:10EBA000F50AE20000301F600000004F2000000066
:10EBB0004F200000001F600000000AE2000030014A
:10EBC000CF966AF50007DFFB408FFFFEA4008E445E
:10EBD00046CF708E000007F38E000000DA8E000032
:10EBE000009D8E0000009D8E000000DA8E00000760
:10EBF000F38E4446BF708FFFFEA4008FFFFFF68E9A
:10EC00004444418E0000008E0000008FFFFFC08E44
:10EC10003333208E0000008E0000008E4444428F6B
:10EC2000FFFFF98FFFFFF68E4444418E0000008EF7
:10EC30000000008E0000008FFFFFC08E3333208E57
:10EC40000000008E0000008E0000000007CFFC5086
:10EC500000CF966AF60AE20000201F600000004F15
:10EC6000200000004F200000B91F600000B90AE337
:10EC70000000B900CF966AF80007DFFC608E000044
:10EC800008E8E000008E8E000008E8E000008E8FAB
:10EC9000FFFFFFE8E333339E8E000008E8E000004A
:10ECA0008E8E000008E8E000008E8E8E8E8E8E8E96
:10ECB0008E8E8E8E02FFFFC00444BC000009C0008F
:10ECC000009C000009C000009C000009C02000BAA0
:10ECD0000EB58F603CFE808E00004F508E0004F613
:10ECE000008E003F70008E03F800008E2EC00000E2
:10ECF0008EECF600008FB07F30008E000AE1008EAF
:10ED00000000CC008E00001EA08E0000008E0000CF
:10ED1000008E0000008E0000008E0000008E0000BB
:10ED2000008E0000008E0000008E4444408FFFFFE4
:10ED3000F28E00000008E8F7000002FE8FF10000EC
:10ED4000BFE8DCA0004F9E8D2F300D87E8D09C06D9
:10ED5000E07E8D01E7E507E8D006FC007E8D000A25
:10ED60002007E8D00000007E8E100008E8FC0000BC
:10ED70008E8FF90008E8E6F6008E8E09F308E8E0C9
:10ED80000CE18E8E001EB8E8E0003FEE8E00006FB2
:10ED9000E8E00000AE0007CFEB500000CF966BF923
:10EDA000000AE200005F601F6000000AD04F2000F0
:10EDB0000006F04F20000006F01F6000000AD00A95
:10EDC000E200005F6000CF966BFA000007DFEB50B7
:10EDD000008FFFFD7008E4458FB08E00005F38E0C3
:10EDE0000001F58E00003F48E0014DD08FFFFFB2DB
:10EDF00008E33310008E00000008E0000000000768
:10EE0000CFEB500000CF966BF9000AE200005F6084
:10EE10001F6000000AD04F20000006F04F200000C5
:10EE200005F01F6000000AD00AE200005F6001DF09
:10EE3000855AFA000008DFFC5000000001EC219424
:10EE40000000001BFFC10000000012008FFFFD70DA
:10EE500008E4458FB08E00005F38E00001F58E00B9
:10EE6000003F38E0014DD08FFFFFC208E333DA00E6
:10EE70008E0002F608E00005F3019EFDA200CE64BC
:10EE80006B702F40000001F800000006FD950000A7
:10EE9000016AEE500000009F00200005F13FA547E9
:10EEA000EB004BEFE910FFFFFFFF2444BD4440009F
:10EEB00009C00000009C00000009C00000009C0088
:10EEC000000009C00000009C00000009C000000014
:10EED0009C00009C00000BA9C00000BA9C00000B25
:10EEE000A9C00000BA9C00000BA9C00000BA8E00A7
:10EEF000000D94F40003F50CF868FD0009EFE9102B
:10EF00000CB000000AC05F200001F500E900008E8F
:10EF10000008F0000E70001F6005F10000AD00C990
:10EF2000000003F43F3000000CBAC00000005FF5A1
:10EF300000000000EE00006F10000DB00002F21F94
:10EF400060003FF10008D00BB0008BE6000D7006AA
:10EF5000F000E69B002F2001F503F14F108D00001B
:10EF6000CA09B00E60D800006F0E6009B2F300004D
:10EF70001F9F1004F9D000000CFB0000EF80000080
:10EF800007F600009F30003F50000DA008F2009DE2
:10EF90000000CC04F300002F9E70000006FC00006F
:10EFA0000009FE1000004F4DB00001E802F7000B11
:10EFB000D0007F207F20000BD00CB000009C002FE1
:10EFC00050002F30009E000C900000E805F100007A
:10EFD00005F3E60000000CFD000000003F400000CB
:10EFE0000002F3000000002F3000000002F30000D8
:10EFF0004FFFFFFF9144444AF3000003F600000175
:10F00000EA000000CC0000009E1000006F400000ED
:10F010003F7000001ED4444436FFFFFFFC8FF68D86
:10F02000318D008D008D008D008D008D008D008D47
:10F03000008D008D008D318FF65D000000F2000024
:10F040000B8000006D000001F200000B8000006DDD
:10F05000000001F200000B7000006D000001F200E2
:10F06000000B7000006D000001F2BFF325F302F306
:10F0700002F302F302F302F302F302F302F302F3E8
:10F0800002F325F3BFF300AD00001EC4000885A005
:10F0900000E20E105B00970B5002E0EEEEEEE00B8C
:10F0A000C00009B004CFEA100B745DB0000004F09A
:10F0B00004CEEEF21F8214F24F1004F21F703DF2E4
:10F0C00004DFD7F2BA000000BA000000BA00000066
:10F0D000BA8EFC30BFD54BF3BE1000CABA00007E1A
:10F0E000BA00007EBE1000CABFD55BF3B98EFC30FB
:10F0F000007DFD6009F748F42F5000205F000000FC
:10F100005F0000002F50002009F748F4007DFD60EB
:10F110000000001F40000001F40000001F4008EF45
:10F12000C4F40AF748FF42F50007F45F00002F45DA
:10F13000F00001F42F50006F40AE637EF4008EFCAF
:10F140004F40008EFC400AD538F42F20008C5FEE33
:10F15000EEFF5F2111112F70001009F846E4007DC9
:10F16000FE80009EE305F44108C000CFFFF029D3E4
:10F170002008D00008D00008D00008D00008D00037
:10F1800008D000007EFC4E60AF747FF62F50005F09
:10F1900065F00000F65F00000F62F60006F609F762
:10F1A00047FF5007EFC4F50000003F20CB646EB06E
:10F1B00003AEFD8000BA000000BA000000BA0000F3
:10F1C00000BA8EFB20BFC56DD0BE0003F2BA0000AE
:10F1D000F4BA0000F5BA0000F5BA0000F5BA000074
:10F1E000F5BAA800BABABABABABABABA000AB0003E
:10F1F0009900000000AB000AB000AB000AB000AB01
:10F20000000AB000AB000AB000AA064E71DFA0BA37
:10F21000000000BA000000BA000000BA001CC0BA2A
:10F2200001CC00BA1CD100BBCF6000BFDBE100BD48
:10F2300011DC00BA003F70BA0007F3BABABABABA22
:10F24000BABABABABABAB99EFA15DFD40BFB45ED11
:10F25000E64AF2BE0006F6000E7BA0004F2000C971
:10F26000BA0003F1000C9BA0003F1000C9BA0003D4
:10F27000F1000C9BA0003F1000C9B99EFB20BFB459
:10F280005DD0BE0003F2BA0000F4BA0000F5BA0087
:10F2900000F5BA0000F5BA0000F5007DFD60009FA2
:10F2A000748F702F50007F05F00001F35F00002F76
:10F2B00032F50007F009F748F70007DFD600B98EEE
:10F2C000FC30BFC43AF3BE1000CABA00007EBA00D8
:10F2D000007EBE1000CABFD55BF3BA7EFC30BA0018
:10F2E0000000BA000000BA000000008EFC3F40AFF2
:10F2F000748EF42F50007F45F00001F45F00002F62
:10F3000042F50007F40AF748FF4008EFC4F4000094
:10F31000001F40000001F40000001F40B98E4BFDAB
:10F3200071BE100BB000BA000BA000BA000BA00019
:10F3300005DFEA13F735A06F000001EE9610016AB1
:10F34000EF300000D96C646F62AEFD7008D0000829
:10F35000D000CFFFF029D32008D00008D00008D07B
:10F360000008D00005F551009FE3C80002F3C80073
:10F3700002F3C80002F3C80002F3C90003F3AB00B4
:10F3800007F35F837EF306DFC5F30D90000AA06EDE
:10F390000001F300F5007D0009C00E60003F24F07D
:10F3A0000000C8B9000006FF3000000FC000C80010
:10F3B00006F1000D56D000CF6003F01F302F9C00E7
:10F3C0009A00B807B2F10E4005E0D60C74E0000FC9
:10F3D0006F007C990000AFA001FF400005F4000B16
:10F3E000E0004F3007E109D02F4000D9D900003F9D
:10F3F000D000004FE10001E7BB000BB01E707E1093
:10F4000005F30D90000AA06F0001F300F6007D00E7
:10F4100009C00D60002F34F00000C9A9000005FFED
:10F420002000000EC0000000E5000094AD00001BAD
:10F43000FC2000005FFFFFA13337F40001E700006C
:10F44000CB00008E10004F40001EA33326FFFFFCB0
:10F45000006EA00F9201F4001F4001F4003F303F06
:10F46000C0006F3001F4001F4001F4001F4000FA9B
:10F470002005EA8B8B8B8B8B8B8B8B8B8B8B8B8B6E
:10F480008BBE5002AE0005F0005F0005F0004F108B
:10F4900000DF104F5005F0005F0005F0005F002A0C
:10F4A000E00BE40007EC40B41E25DFC001000000C3
:10F4B00004CC302B01C05700932B01C005CC300683
:10F4C000A10FF60BE20000000000000000000000A9
:10F4D00000027BFB000000049DFFFFD00003AFFF94
:10F4E000FFFFFD0000AFFFFFFFDFD0000AFFFFB608
:10F4F00010ED0000AF9400000ED0000AF1000000F3
:10F50000ED0000AF1000000ED0000AF1000045FD34
:10F510000000AF1001EFFFD0179DF1005FFFFC0E60
:10F52000FFFF1000AFFD31FFFFE00000010003BD51
:10F53000A3000000000050188888888405FABFDD09
:10F54000DDDDFDAFE47F100000CA4EE04F1000008B
:10F55000C80EFEEF100000CFEFE03FEEEEEEF80E2B
:10F56000F68F766666EB6FF8AF100000CC8FE03F49
:10F57000100000C80EFCDF655555EECFC25FFFFFDF
:10F58000FFF92C57750577777775FFFF1FFFFFFF92
:10F59000FFFFFF2FFFFFFFFFEFFF0EFFFFFFFE014B
:10F5A000100011111110EFFE0EFFFFFFFEFFFF2FE5
:10F5B000FFFFFFFFFFFF1FFFFFFFFF688707888830
:10F5C000888668870788888886FFFF1FFFFFFFFF00
:10F5D000FFFF2FFFFFFFFFDFFD0DFFFFFFFD00001F
:10F5E000000000015000000000001DF800000000B5
:10F5F00001DFFD000000001DFFE22D600001DFFEC5
:10F6000020DFF7001DFFE2008FFF71DFFE20000802
:10F61000FFFEFFE20000008FFFFE2000000008FF59
:10F62000E200000000007D2000000000000000005B
:10F630007F60000BE2EFF600BFF84FFF6BFFD104D5
:10F64000FFFFFD10005FFFE10000BFFFF6000BFFB2
:10F65000DFFF60BFFD14FFF5CFD1004FF61710009C
:10F66000036000000011000000000000FF00000027
:10F67000006F21FF12F70006FF61FF16FF601FF900
:10F6800001FF109FF16FE001FF100EF6AF8001FF48
:10F690001008FACF6001FF1006FCAF8000AA000836
:10F6A000FB7FD00000000DF71FF80000008FF1076E
:10F6B000FF91002AFF70009FFFEEFFF9000005CFC9
:10F6C000FFFD500000000244200000000000000088
:10F6D000000000000AFFA0000000000CFFC00000B6
:10F6E00003D6DFFFFD6D300EFFFFFFFFFFE05FFF82
:10F6F000FFAAFFFFF51AFFF4004FFFA103FFD000A0
:10F700000DFF3004FFF0000FFF404FFFFB22BFFF53
:10F71000F42FFFFFFFFFFFF209FEFFFFFFEF900056
:10F72000505EFFE5050000000CFFC0000000000473
:10F730007740000000000003100341000000009F1C
:10F74000F50DF50000001BFDFF8DF5000002DFB197
:10F750002DFFF500004FF83EC2BFF50007FF55FF33
:10F76000FE39FE409FE38FFFFFF56FF6AC2AFFFFE7
:10F77000FFFF73E6005FFFFFFFFFF100006FFFD7A1
:10F780007FFFF200006FFF900DFFF200006FFF900F
:10F790000DFFF200004FFF700BFFE100000000338F
:10F7A00000000000000BFFB0000000000CFFC000D4
:10F7B0000000000CFFC0000000000CFFC0000000B3
:10F7C000000CFFC00000008FFFFFFFF800002EFFBD
:10F7D000FFFFE2000002EFFFFE200000002DFFE22D
:10F7E0000000799982DE289997FFFFFB22BFFFFF77
:10F7F000FFFFFFFFFFFFFFFFFFFFFFFAB3CFACCC20
:10F80000CCCCCCCCCA0006BBBBBBBA3000004FFF8F
:10F81000FFFFFFE10000EF30000006FB0009F800E9
:10F82000000000CF504FD0000000002FE1DF8442E5
:10F830000000344BF9FFFFFD0001FFFFFBFFFFFF5E
:10F84000988BFFFFFCFFFFFFFFFFFFFFFCFFFFFFA9
:10F85000FFFFFFFFFB9FFFFFFFFFFFFFF600000022
:10F860000000003300018DFFC600EF004EFFFFFFD8
:10F87000E4DF04FFB3004CFFFF0EF90000008FFF30
:10F880006FC00001FFFFFF8E500001DEEEED0000B3
:10F89000000000000022222200000021FFFFFF10D4
:10F8A0000008F8FFFBBC10001EF4FFFC100001DF95
:10F8B000C0FEEFE8448EFE10FE1AFFFFFFC100FD00
:10F8C0000028BB940000000002700002EF0002EF6D
:10F8D000FDFFFFFFFFFFFFFFFFFFFFFFFFFFFFFF3A
:10F8E000FFFF3447FFF00005FF000005C0000000E7
:10F8F0000000027000000002EF00000002EFF000C4
:10F900000DFFFFFF0220FFFFFFF08E1FFFFFFF0034
:10F91000E7FFFFFFF03F5FFFFFFF08903447FFF076
:10F9200000000005FF0000000005C000000000000E
:10F9300000000000000000077000000002700005D9
:10F94000FA0000002EF000814F600002EFF001DDB0
:10F9500007F0DFFFFFF0321E80F6FFFFFFF08E277B
:10F96000E0B9FFFFFFF00E73F19BFFFFFFF03F5484
:10F97000F09AFFFFFFF0890AC0D83447FFF0007FFC
:10F9800043F300005FF002F60CB0000005C0000079
:10F99000BF10000000000009E300000000000002AA
:10F9A000100037888888888873EFFFFFFFFFFFFE0D
:10F9B000FE32DFFFFFFFFFF9007FFFFDFFFFFD10BD
:10F9C000CFFFA07FFFFFFFFFFA0007FFFFF35FA05D
:10F9D0000000CFFF3003000000CFFC00000000005B
:10F9E000CFFFCCCCCCCCCCFFAFFFFFFFFFFFF900AB
:10F9F000002000000001FA00000006FF1000000DCA
:10FA0000FF7000006FFFF10001EFFFFA000BFFFF36
:10FA1000FF605FFFFFFFE0CFFFFFFFF6FEBFFFFFCE
:10FA2000F9FD4FFFFFF9BF49FFFFF53FE52EFFD07E
:10FA300006FFFFFD200028BA600004300000311FDF
:10FA4000E00006F91FE0007FFA1FE009FFFA1FE05F
:10FA5000AFFFFA1FEBFFFFFA1FFFFFFFFA1FFFFFC9
:10FA6000FFFA1FE6FFFFFA1FE05FFFFA1FE004FF47
:10FA7000FA1FE0003EFA0FD00002D700000000009D
:10FA80000200000000000CFB2000000000FFFF90BF
:10FA90000000000FFFFFE6000000FFFFFFFC30004A
:10FAA0000FFFFFFFFF9100FFFFFFFFFFE60FFFFFCC
:10FAB000FFFFFFF2FFFFFFFFFFFD0FFFFFFFFFF85C
:10FAC00000FFFFFFFFB2000FFFFFFD400000FFFF40
:10FAD000F70000000FFFA1000000006A40000000D6
:10FAE00000001444200144420DFFFF10DFFFF1FF2E
:10FAF000FFF30FFFFF3FFFFF40FFFFF4FFFFF40F97
:10FB0000FFFF4FFFFF40FFFFF4FFFFF40FFFFF4F2A
:10FB1000FFFF40FFFFF4FFFFF40FFFFF4FFFFF4029
:10FB2000FFFFF4FFFFF40FFFFF4FFFFF30FFFFF376
:10FB30009FFFC009FFFC001444444444420DFFFFF2
:10FB4000FFFFFFF1FFFFFFFFFFFF3FFFFFFFFFFF93
:10FB5000F4FFFFFFFFFFFF4FFFFFFFFFFFF4FFFF7B
:10FB6000FFFFFFFF4FFFFFFFFFFFF4FFFFFFFFFF60
:10FB7000FF4FFFFFFFFFFFF4FFFFFFFFFFFF4FFF00
:10FB8000FFFFFFFFF39FFFFFFFFFFC0002100000DD
:10FB9000420FE20003FB0FFE3004FB0FFFF404FBF7
:10FBA0000FFFFF54FB0FFFFFFAFB0FFFFFFFFB0FE1
:10FBB000FFFFFFFB0FFFFFD6FB0FFFFD14FB0FFF47
:10FBC000C104FB0FFB0004FB0CA00003FA000000C3
:10FBD000000000000012000000000003FF600000B1
:10FBE00000002EFFF500000001EFFFFF4000001DA8
:10FBF000FFFFFFF30000CFFFFFFFFE200AFFFFFF24
:10FC0000FFFFE00EFFFFFFFFFFF20399999999991B
:10FC100050058888888888700FFFFFFFFFFFF30F6B
:10FC2000FFFFFFFFFFF40BFFFFFFFFFFD10000000E
:10FC3000000000003F9000003FFC00003FFD10006E
:10FC40003FFD10003FFD10001FFD100000CFF4002D
:10FC50000000CFF4000000CFF4000000CFF400005B
:10FC600000CFE0000000A4000000000000CD100064
:10FC7000001FFD1000003FFD1000003FFD100000C0
:10FC80003FFD1000003FFD000008FF900008FF90BE
:10FC90000008FF900008FF900002FF90000007801E
:10FCA000000000000004500000000002FF6000009F
:10FCB00000003FF70000000003FF70000000003F5D
:10FCC000F7000006999AFFC99980FFFFFFFFFFFF29
:10FCD0003DFFFFFFFFFFF201113FF711100000038E
:10FCE000FF70000000003FF70000000003FF7000FD
:10FCF0000000000CD30000006999999999980FFFB2
:10FD0000FFFFFFFFF3DFFFFFFFFFFF20000000000A
:10FD1000000000000156640000000003BFFEEFF980
:10FD20001000007FFA1003DFE40008FFA009B41EF2
:10FD3000FF504FFF200BFF26FFE1EFFF09CFFF63CE
:10FD4000FFFABFFF09FFFF54FFF61EFF51DFFB095B
:10FD5000FFB003EFE204305FFC10002CFF956AFF58
:10FD60009000000049DFFD9200000000000000004C
:10FD7000000000CD20000000000000008FF50014FE
:10FD8000664000000004EFACFFEFFF910000001C94
:10FD9000FFA1004DFE300000009FF5AB31EFF400F5
:10FDA00007B105FFFFE17FFE100FFE302DFFF54F7D
:10FDB000FF900CFFE000AFF65FFF6002FFF400066B
:10FDC000FFEFFB00004FFD10003EFFC0000002DF10
:10FDD000E85401BFE300000005AEFF6007FF6000CC
:10FDE0000000000000004EF60000000000000001CE
:10FDF000A10000000000000000000000003ED00054
:10FE000000000000000CFF80000000000006FFFF63
:10FE1000200000000000EFFFFB00000000008FFC4E
:10FE2000CFF4000000002FFB00FFD00000000BFF0C
:10FE3000C00FFF70000004FFFD01FFFF100000DF96
:10FE4000FFE02FFFFA00007FFFFF9BFFFFF3001F83
:10FE5000FFFFB00EFFFFC00AFFFFFE24FFFFFF60A1
:10FE6000FFFFFFFFFFFFFFFA06CCCCCCCCCCCCCB06
:10FE7000300000000000360000000000007F80DD40
:10FE8000DB00008DEFF8FFFFB007FFFFFD556FF4BB
:10FE90006FF8AFE2000574FF907E2000003FFA008B
:10FEA00000000002EFB2504A00012EFD1DF48FB099
:10FEB000FFFFD10BFFFFFBFFFE2000CFFFFB122156
:10FEC0000000029FC000000000005B00000007A0CF
:10FED0000000000008FFB000000008FFFFB00000B5
:10FEE00008FF95FFB00008FF9005FFB007FF9000E6
:10FEF00005FFB09F90000005FD00400000000310CA
:10FF00004C20000000B60BFE200000CFF02EFE209B
:10FF100000CFF4002EFE20CFF400002EFECFF40020
:10FF200000002EFFF4000000002EF400000000008E
:10FF30001300000000083000000000000000BFF3C4
:10FF400008BBBBBB90000BFFFF39FFFFFFF1008F29
:10FF5000CFCFF000000AF100382F948000000AF1A2
:10FF600000002F900000000AF100002F9000000315
:10FF70000AF130002F9000001FCBF8F8002FEBBBE8
:10FF8000BB39FFFFE2001FFFFFFFB09FFD20000015
:10FF90000000000008D10037888700000000EFFF54
:10FFA000FFA0000000FFFFFFFDCCCCB6FFFFFFFF6E
:10FFB000FFFFFFFFFFFFFFFFFFFFFFFFFFFFFFFF51
:10FFC000FFFFFFFFFFFFFFFFFFFFFFFFFFFFFFFF41
:10FFD000FFFFFFFFFFFFFFFFFFFFFFFFFFAFFFFF81
:10FFE000FFFFFFF900000000000000000001DD102D
:10FFF000000000001DFFD100000001DFFFFD100028
:020000040804EE
:10000000001DFFFFFFD100009FFFFFFFF90000016F
:100010001CFFC1100000000CFFC0000000000CFF1E
:10002000C0000000000CFFC0000079993BFFB399AD
:1000300097FFFFB2442BFFFFFFFFFEDDEFFFFFFF47
:10004000FFFFFFFAB3CFACCCCCCCCCCCCA000000C5
:1000500000000200000000000004FFC700000000D4
:1000600000AFFFF0000000001FFFFD0000000006D1
:10007000FFFFC00000000008FFF700000000000CB8
:10008000FF300000000004FFC00000000001EFF39B
:1000900000004A3002DFF80005DFFE15EFFB00002C
:1000A000EFFFFFFFFA00000BFFFFFFF70000007FEC
:1000B000FFFFA200000002BA8500000000000486D5
:1000C0000000001006FFFA0002DFD1EF3CF101DF73
:1000D000FA0EE0AF21DFFA009FEFF6DFFA00008DA5
:1000E000FFFFFB00000006FFFD00000048EFFFF6E9
:1000F00000006FFFFBFFF6000EF3CF23FFF600EECC
:100100000AF204FFF609FEFC0004FFF108DA100011
:1001100002620000000000000000006FFFF987008D
:100120000008FFFF98F708A68FFFF95990FFA8FF76
:10013000FFFCCC0FFA8FFFFFFFF1FFA8FFFFFFFFCF
:100140001FFA8FFFFFFFF1FFA8FFFFFFFF1FFA8FCE
:10015000FFFFFFF1FFA8FFFFFFFF1FFA7FFFFFFF79
:10016000F0FFE3122222210FFFFFFFF90000ACCCC9
:10017000CCCB5000004999999995000EFFFFFFFFE5
:10018000F600FD2222224FF60FC0000001FFF3FC13
:100190000000001FFF6FC0000002FFF6FFFFFFFF1F
:1001A000FFFF6FFFFFDCFFFFF6FFFFB005FFFF6FF4
:1001B000FFF6000FFFF6FFFFC006FFFF6FFFFFED2A
:1001C000FFFFF69FFFFFFFFFFD10CDDDDDDDDDDD75
:1001D0002FFFFFFFFFFFF312222222222200000046
:1001E000000000000000000000000FFFFFFFFFFF05
:1001F000F3DEEEEEEEEEEE20000000000000000068
:10020000000000000DEEEEEEEEEEE2FFFFFFFFFF5E
:10021000FF3000000000000037888888888873EF6E
:10022000FFFFFFFFFFFEEFFFFFFFFFFFFE1CFFFFD3
:10023000FFFFFFC1D28FFFFFFFF82DFF64EFFFFE2E
:1002400045FFFFFA2BFFB2AFFFFFFFD3553DFFFF86
:10025000FFFFFFBBFFFFFFFFFFFFFFFFFFFFAFFF42
:10026000FFFFFFFFF9000000000001FFFFF00004A6
:10027000FFFFD00006FFFF800008FFFF30000AFFED
:10028000FFAAA60CFFFFFFF80EFFFFFFE10BDDDF6B
:10029000FF6000004FFD0000007FF3000000BFA0E2
:1002A000000000FF10000003F800000003C0000081
:1002B0000000200000000455EFB5520000FFFD1FB4
:1002C000FFB0000FFFFFFFFC0000FFFF53332000D3
:1002D0000FFF97FFFB5700FFF8AFFFC6F80FFF8A2D
:1002E000FFFC4AA1FFF8AFFFE3220FFF8AFFFFFFE9
:1002F000F4FFF8AFFFFFFF4FFF8AFFFFFFF4355217
:10030000AFFFFFFF40000AFFFFFFF400007FFFFF89
:10031000FE20000001100000000000AF00000000FF
:10032000018FFA30000002EFFFFF500000BFFFFF17
:10033000FF10001FFFFFFFF50003FFFFFFFF70002E
:100340005FFFFFFFF90008FFFFFFFFC000DFFFFFB7
:10035000FFFF209FFFFFFFFFFD0EFFFFFFFFFFF2EC
:10036000022222222221000008FFC0000000000912
:10037000A20000005BBBBBBBBBBBBBA3FFFFFFFF7F
:10038000FFFFFFFBFC0C30E11D0D11FCFC0B30E00E
:100390001D0D10FCFFFEFFEFFEFEEFFCFFF15A0803
:1003A00070A05FFCFFF37B2992C27FFCFFBFCBBB39
:1003B000BBBFCBFCFC0B2000000D00FCFFCFCCCC66
:1003C000CCCFCCFB9FFFFFFFFFFFFFF6000000003C
:1003D00000000200000000000005DFB00000000087
:1003E00007EFFFD000000018FFFFFF70000029FF9B
:1003F000FFFFFF00003BFFFFFFFFF8000AFFFFFFCA
:10040000FFFFF1000FFFFFFFFFFFA000049AAAAF5C
:10041000FFFF20000000000EFFFB00000000000EA8
:10042000FFF400000000000EFFC000000000000EFE
:10043000FF5000000000000DFD000000000000045F
:10044000B300000035555502000FFFFFF2F400FF26
:10045000FFFF2FF40FFFFFF2FFF3FFFFFF32221F1A
:10046000FFFFFFFFF7FFFFFFFFFF8FFFFFFFFFF81B
:10047000FFFFFFFFFF8FFFFFFFFFF8FFFFFFFFFF03
:100480008FFFFFFFFFF8FFFFFFFFFF8FFFFFFFFF63
:10049000F88AAAAAAAAA3000000024553100000058
:1004A0000003AFFFFFFFC7000002BFFFFEDEFFFF3C
:1004B000F6005FFFB51000038EFFB0DFD300000031
:1004C00000008FF5180005AEFEC81004600002DFC2
:1004D000FFFFFFF80000000CFF95347DFF40000097
:1004E00002A2000000770000000000029600000059
:1004F000000000000DFF500000000000000EFF6033
:1005000000000000000005DA000000005BBBBBBB80
:10051000BBBBBBBA20FFFFFFFFFFFFFFFF90FC123A
:1005200022222222220FF7FC5FFFFFFFFFFF2CFA9F
:10053000FC5FFFFFFFFFFF21FAFC5FFFFFFFFFFFF4
:1005400027FAFC2666666666661FFAFEBBBBBBBB67
:10055000BBBBBFB1AFFFFFFFFFFFFFFF50000000BD
:100560000000000000005BBBBBBBBBBBBBBA20FFF5
:10057000FFFFFFFFFFFFFF90FC1222222221000F4E
:10058000F7FC5FFFFFFFF8000CFAFC5FFFFFFFF8CE
:100590000001FAFC5FFFFFFFF80007FAFC26666621
:1005A0006663000FFAFEBBBBBBBBBBBBBFB1AFFFFB
:1005B000FFFFFFFFFFFF50000000000000000000F1
:1005C0005BBBBBBBBBBBBBBA20FFFFFFFFFFFFFF9B
:1005D000FF90FC1222221000000FF7FC5FFFFFD0FB
:1005E00000000CFAFC5FFFFFD0000001FAFC5FFF87
:1005F000FFD0000007FAFC2666665000000FFAFEE6
:10060000BBBBBBBBBBBBBFB1AFFFFFFFFFFFFFFF70
:10061000500000000000000000005BBBBBBBBBBB88
:10062000BBBA20FFFFFFFFFFFFFFFF90FC1222007D
:100630000000000FF7FC5FFF300000000CFAFC5FC9
:10064000FF3000000001FAFC5FFF3000000007FAF5
:10065000FC2666100000000FFAFEBBBBBBBBBBBB99
:10066000BFB1AFFFFFFFFFFFFFFF50000000000022
:10067000000000005BBBBBBBBBBBBBBA20FFFFFFE6
:10068000FFFFFFFFFF90FC0000000000000FF7FCE1
:100690000000000000000CFAFC0000000000000157
:1006A000FAFC00000000000007FAFC000000000057
:1006B000000FFAFEBBBBBBBBBBBBBFB1AFFFFFFFB5
:1006C000FFFFFFFF500000000000000000000000DE
:1006D000000007B20000000000000ADFFA0000007E
:1006E000000000A93DF5000000044002E0001000F9
:1006F0000000AFF80B600000006C30FFFFFFFFFF51
:10070000FFFFFFF4AFF9000C5000006D40055000F2
:1007100004C00000100000000000C43EE80000001B
:100720000000002EEFFA000000000000004FFA0069
:1007300000000000000000000000000001100000A8
:100740000007EFFFB30000AFFD8FFF2004FFFD099E
:10075000FFB00AFEFD12AFF00EF55D2C0EF30FFF99
:1007600033129FF50FFFF307FFF60FFFE206FFF6C8
:100770000FFE24137FF50DF57D2C0DF30AFFFD11FF
:10078000BFF003FFFE0BFFA0007FFEBFFE100003C3
:10079000ACDC810000003443000005667FFFF96691
:1007A00050FFFFFFFFFFFF356666666666501CCC94
:1007B000CCCCCCC402FFFFFFFFFF602FF3FB7F6DAB
:1007C000F602FF2FB7F5DF602FF2FB7F5DF602FF29
:1007D0002FB7F5DF602FF2FB7F5DF602FF2FB7F535
:1007E000DF602FF3FB7F6DF601FFFFFFFFFF500778
:1007F000BCCCCCCC90000000000000012000000028
:10080000000004FF500000000002FFFF5000000045
:100810000439FFFE00000004FF39FFA0000004FFC0
:10082000FF39B0000004FFFFFF20000004FFFFFFBE
:10083000B0000004FFFFFFB0000004FFFFFFB000A6
:100840000004FFFFFFB0000000BFFFFFB00000008A
:100850000DFFFFB000000000FFFFB0000000000926
:10086000A860000000000000001788888888874082
:100870000002EFFFFFFFFFFFF4003EFFFFCFFFCFBF
:10088000FFF703EFFFF908F809FFF83EFFFFFE202E
:10089000402EFFF8DFFFFFFFE101EFFFF89FFFFFB2
:1008A000FF80008FFFF809FFFFF902C209FFF8007F
:1008B0009FFFFE4EFE4EFFF80009FFFFFFFFFFFF08
:1008C000F700008FFFFFFFFFFFC1000000000000E6
:1008D00003EFFFFFE203FBFBCEBFA4FF1D03A1FA62
:1008E000FFF1D03A1FAFFFFFFFFFFAFFFFFFFFFF4F
:1008F000AFFFFFFFFFFAFFFFFFFFFFAFFFFFFFFFAD
:10090000FAFFFFFFFFFFAFFFFFFFFFFAFFFFFFFF51
:10091000FFADFFFFFFFFF829AAAAAAA80000000068
:100920000000000300000000000004F100082000A7
:100930000001FF100BF70000002FF10CFF9444445E
:1009400045FF1BFFFFFFFFFFFFF18FFFFFFFFFFFD3
:10095000FD007FF70000000000006F600000000055
:100960000000300000000000000000000000000057
:100970000000C003000000000000C003030A0000E4
:100980000F008005050500051C00D0090A0A0000BB
:100990004E00B008090F00FE9200D00B0C0A0000B8
:1009A000CE00A0090A0B00FF0501F00203050005B7
:1009B0000D01B004040E01FD2901C004040E00FD68
:1009C0004501A0050606000557012008080700029A
:1009D00073013003030500FE7B016005050300037E
:1009E00083013003030300008801F004070EFFFFBA
:1009F000B9015009090A0000E6013005040A0000A7
:100A0000FA011008080A000022020008080A000083
:100A10004A0260090A0A00007C021008080A000065
:100A2000A402A008090A0000D1026008080A000018
:100A3000F9020009090A00002603A008080A0000BC
:100A40004E033003030800005A033003030B00FD7C
:100A50006B032008080800018B0320080806000229
:100A6000A303200808080001C3030008080A0000C7
:100A7000EB03800E0E0D00FD4604400A0C0AFF0039
:100A80008204A00A090A0100AF04200A0A0A000031
:100A9000E104900B0A0A010013056009080A01002D
:100AA0003B05E008080A01006305D00A0A0A0000B5
:100AB0009505600B090A0100C2055004020A0100F5
:100AC000CC053007070AFF00EF05100A0A0A0100EB
:100AD00021065008080A01004906600D0B0A0100B2
:100AE0008006600B090A0100AD06C00B0C0A00006D
:100AF000E906200A090A01001607C00B0C0D00FDCB
:100B00006407300A090A01009107B008090A0000C9
:100B1000BE073008090A0000EB07100B090A0100A4
:100B20001808F0090B0AFF004F08C00F100A000058
:100B30009F0870090A0A0000D10810090B0AFF007B
:100B400008093009090A00003509B004040E01FD46
:100B50005109F004070EFFFF8209B004040E00FDE6
:100B60009E09300807060102B3090007070100FFCC
:100B7000B709600805020109BC09600808080000FF
:100B8000DC099009080B0100080A000808080000A9
:100B9000280A9009090B00005A0A9008080800006A
:100BA0007A0AF004060B00009B0AB009090B00FD4D
:100BB000CD0A9009080B0100F90AE003020B0100BD
:100BC000040B0004050EFEFD270BA008080B010016
:100BD000530BE003020B01005E0BD00E0D08010069
:100BE000920B900908080100B20BE0080908000008
:100BF000D60B9009080B01FD020C9009090B00FDB2
:100C0000340CC00505080100480C00070708000067
:100C1000640CD005060A0000820C80090808010057
:100C2000A20CD0070908FF00C60C900C0D080000AC
:100C3000FA0CC007080800001A0DD007090BFFFDC9
:100C40004C0D500707080000680DF004050E00FD6C
:100C50008B0D3004020E01FD990DF004050E00FD10
:100C6000BC0D200808030003C80DE00506050006BA
:100C7000D70D600404030003DD0D000E0F0FFFFE0F
:100C80004E0E000E0E0B00009B0E000E0E0D00FF10
:100C9000F60E000E0E0B0000430FA0090A0B000019
:100CA0007A0F000E0E0F00FEE30F000E0E0F00FE77
:100CB0004C10C00F100D00FFB410000E0E0F00FE00
:100CC0001D11C00F100B00007511000E0E0F00FE5D
:100CD000DE110007070C00FF0812800A0B0C00FF52
:100CE0004A12C00F100E00FEBA12000E0E0B0000CA
:100CF0000713A0090A0F00FE5213400C0A0E01FE52
:100D00009813400C0D0F00FEFA13400C0D0D00FF60
:100D10004F14400C0D0D00FFA414400C0A0E01FEF0
:100D2000EA14400C0E0DFFFF4515C008090D00FF29
:100D30008015C008090D00FFBB15400C0D0D00FF0C
:100D40001016400C0D0400032A16C00F100B0000F3
:100D500082168011120F00FE0917C00F110FFFFE3F
:100D60008917000E0E0D00FFE417400C0D0800015E
:100D70001818400C0D0800014C188011120B0000CF
:100D8000AF18000E0E0B0000FC18000E0E0F00FE38
:100D90006519000E0F0FFFFED619400C0D0D00FF58
:100DA0002B1A400C0D0F00FE8D1A400C0D0D00FF8C
:100DB000E21A400C0D0C00FF301B000E0E0B000061
:100DC0007D1BC0080A0FFFFEC81B400C0D0F00FE64
:100DD0002A1C400C0D0F00FE8C1CC00F100B0000D5
:100DE000E41C000E100FFFFE5C1D800A0B0F00FEBE
:100DF000AF1D8011120D00FF241E8011120A000089
:100E00007E1E8011120A0000D81E8011120A0000F6
:100E1000321F8011120A00008C1F8011120A00007C
:100E2000E61F8011120C00FF5220400C0C0F00FE38
:100E3000AC20400C0D0F00FE0E21000E0F0FFFFE28
:100E40007F218011120B0000E221800A0B0F00FEAF
:100E50003522100E0F0A00000000721F51EF58EFEC
:100E60005BEF5CEF5DEF61EF63EF65EF69EF6CEFF8
:100E700071EF76EF77EF78EF8EEF93EF98EF9BEFD0
:100E80009CEF9DEFA1EFA2EFA3EFA4EFB7EFB8EFB8
:100E9000BEEFC0EFC1EFC4EFC7EFC8EFC9EFCBEFB4
:100EA000E3EFE5EF14F015F017F019F030F037F03C
:100EB0003AF043F06CF074F0ABF03BF190F191F14B
:100EC00092F193F194F1D7F1E3F13DF254F2AAF4E7
:100ED00012F7F2F7200000005F00010000000000A0
:100EE0000000000000000200B0000000F3F7600006
:100EF000580E0408000000003E000300000001023C
:100F00000003040502060708090A090A0B0C000D74
:100F10000E0F101112130C141400000015161718E0
:100F200019161A1B1C1D1D1E1F201D1D16212223F4
:100F300003241E2525262728292A2B002C002D2EA8
:100F40002F303132332D343435302D2D2E2E36378F
:100F50003839333A3A3B3A3C290000093D09000050
:100F60000000000000000000000000000000000081
:100F70000000000000000000000000000000000071
:100F80000000000000000000000000000000000061
:100F9000000000000000000000000000010200034B
:100FA000040502060708090A090A0B0C0D0E0F10AA
:100FB000110C121314151500000016171819171923
:100FC00019191719191A1919191917191719031BAA
:100FD0001C1D1D1E1F20212223002400252627273B
:100FE00027002726282926262A2A272A272A2B2CA3
:100FF0002D2E2E2F2E300000230931090000000075
:1010000000000000000000000000000000000000E0
:1010100000000000000000000000000000000000D0
:1010200000000000000000000000000000000000C0
:1010300000000000000000000001000000000000AF
:10104000000100000200000000020000000000009B
:10105000000000000000000000000100000000008F
:10106000000000000000000000010A0006FB000074
:101070000000F4F3020B0504F7020B01090207005C
:10108000000000000000000000000D02FE00000053
:101090000000000000000000000400F90000000053
:1010A00000FC04040000FE00FE0200FE00FEFFFC47
:1010B00000000000FE0000FDFD0000FE00FC00003E
:1010C00000000000000000FEFE00FD00FA00E50048
:1010D00000FC0004070000FC02020704FC040000FE
:1010E000F30000000000000000000000F800000015
:1010F0000000000000000000000000FAFDF500F70D
:10110000FE00000000000900F9FEFF0100FC0000E5
:10111000FEEF0000000000000000000000EEFE09ED
:10112000000000000000000000000000F7000000C8
:10113000000000000000000700020000FC000000AA
:101140000000000000000000000000000000090294
:10115000010000000000000000000000000000008E
:10116000000000000000000000000000000000007F
:101170000000000000000000F80000000000000077
:10118000000000000000000000000000000000025D
:10119000040207FE000004FEF9E102060400FD005F
:1011A000080007000700EB00FD070007FE0402002F
:1011B0000001FE0000FC12001200070009030407F2
:1011C000000000F80000000001FE0002FCFDFC022F
:1011D00000FE000000F7000000000000000000001A
:1011E00000F100000000000000000000000000000E
:1011F0000001F400F200000000FE0016FDFD0202F6
:10120000FE00FD020000F4000000000000000000ED
:101210000000EA00020000000000000000000000E2
:1012200000F2000D0000F8000700F1EAF1FC0700F1
:1012300000F10003FB00FD000000000000000000C2
:101240000000000607E500000000000000000000AC
:1012500000000B000200000000000202FDFC00FF85
:10126000FFFE0000FE000000FC00FE00FBFC00FA98
:10127000F9F9FC00FC00FC00000000FE0000020088
:1012800002FE000100000002FE000000FE0202FF5C
:10129000000000FC00FF0000000000010003FE0051
:1012A000FD00FC0000FE00070000FE000000000042
:1012B000FF01FEFE0000FE00FE0000000000000036
:1012C0000000FFFF00FEFD0000000000010000FE26
:1012D00000FEFEFE000000000000000000FF000015
:1012E0000000FEFD00FD00F9FEF9040000FC020410
:1012F0000600FAFFFD00FFF502FE02F40200000105
:10130000F400F4FEEDFE00F500040600030000000A
:10131000000000FCFD00F9000000FE000000FE00DF
:1013200000000000FFFF00FFFD00000000000000C3
:10133000FEFE00FEFDFE0000FE00000000000000BA
:1013400000000000FEFE00FD00FE00FC020000FDAB
:10135000010202000000000000FE00000000000288
:101360000000FE00FEFEFD00000000000000020084
:10137000FE00000000FEFD00FC0007FE01F9000079
:1013800006F5F4F7FC0200FEF1FC00FC00FC03FC97
:10139000F200FA000001FF02FE000200F9F700F57A
:1013A000FBFBFBF9FDFA00FCFA01000100FE000066
:1013B000000200020000000000000000000000FE2B
:1013C00000FF00FFFE00FCFBFBFF00F90000000037
:1013D0000000FE0000000001FF000000020000000D
:1013E00000000000000B00000000000002000000F0
:1013F000FE0000000000000000000000FC000200F1
:10140000000000000000000000000000FE000000DE
:10141000FC00000000F5F9000000FDF50000FE02F0
:1014200000FA00000000000000000000FC0000FCCA
:101430000000000000000000000000000200FC00AE
:10144000000000030002FCFC00FEFEFD00000000A6
:101450000000F900FE00FDFE00FBFAF9FE00FC00B2
:10146000F900000000120000010000FD000200F67B
:101470000000000000EBFC0707FEF70002FD00F58E
:10148000FFFD02F0FE030003F8FDF8F9F70000F39A
:10149000000D0000FF000000FFFFFEFAF900EB0066
:1014A000000000000000000001000000000000003B
:1014B000000000000000000000FE00FFFEFD000034
:1014C000FC00FE0000000000000000000000000022
:1014D0000000FF00FC000004FF0300FB02FEFFFA17
:1014E000FE00FDFEFE00FDFC0000FEFFFEFCFD0018
:1014F00000FE0002FE00FB000000FC00FC00FCFC03
:10150000020000000000000000FC0200FD00FEFDE3
:10151000F9FEFEFEFFFEFDFF0000000000FEFEFEE5
:101520000000000003FE00FE000000FEFDFEFEFDC8
:10153000FE000209FF00FA00FE0400FEF7FD0300B2
:1015400000F5FC02FC0200FEFEF900FD010000FCBB
:101550000000000202FCFC00FCFEFDFEFE00FC019F
:10156000FCFC07000000000000000000020000007A
:10157000000000000000000000000000000000006B
:1015800000000000FC00000000000000000000005F
:10159000000000000000000000000000000000004B
:1015A000000000000000000000000000000000003B
:1015B000FE0000000000000000000000000000002D
:1015C0000000000000000000000000000000FEFE1F
:1015D000000000000000000000000000FD0000FD11
:1015E0000000FEFE00000000FE00000000FF000002
:1015F000000000FE00000000FD00FC000000F900FB
:1016000002FB0400FEF50000FBFE00F7FAFA000002
:10161000F6FEF7F7F500FA00020FFD00FBFEFFFEF5
:10162000FCFAFCF8F7FBFE0000FE00010000F0FEF3
:101630000705FBF80001F900F5FEFE04EBFD0100D3
:1016400000F1FDF4FEF00000F0000D0100FE0000CE
:101650000000FFFEF7FE00F100000000F900FE00B0
:10166000FFFAF50000FFFDF9FE00FE00000000F6A5
:10167000FEF9F9FEFCFAFEFC00FCFEF9FD00FDFCA3
:10168000FEFC000100FEF9000400FC000000000365
:101690000002FC0900FEFEFD000000000000F90051
:1016A000FE00FDFE00FBFAF9FE00FC02090000004E
:1016B00000120000010000FD000200000000000018
:1016C0000000000000000000FEFC0000000000FF21
:1016D000000000FEFE0000FCFE0000FC0004FF0015
:1016E00000000000000100000000030402FE00F9F9
:1016F000FC0007F9F9FCFC090402EDFE04FE00FE03
:1017000002FEF800FE02FDFEF9FE0000070400FAEA
:1017100000F4FD06FDF701FDF9F9FE090200FD00E8
:10172000FA000207FBF8F7FA070001F0FE02FCFEE0
:10173000FB00FBF8FDFDFE0000FBFBFE000705FEC5
:10174000F400F4FD00F8F3FFF9FCF9FA060000FDDF
:1017500000FCFE00FEFC0004F9020000F400FEFBA9
:10176000FCFEF9FAF9FB00F9FEFBFCF9FE000001B2
:101770000BFC00F9FE00FEFCFBFAFAF7FDFC04008E
:10178000FD00F5FD0104F9F8FCF907FE01EBFC048E
:10179000FBFCF800F9F7FDFEFEFEFBF9FF00000779
:1017A00006FEF100F3FB05F7F1FCF8F7F5F904008C
:1017B000000000FD000002FD0402FC040000F9FF2F
:1017C00000FF000101FE000000000000FE0000001C
:1017D0000002070000FD00000000FEFEFD0000000A
:1017E0000102000000000200FE000900040101FDEA
:1017F00000040000000200000000000000000000E3
:1018000000070006000000000000000000000000CB
:101810000000F300FE04000700001603FCFC0202B7
:10182000FE01F500000BF3000000000000000000C6
:101830000000F1091F00000000000000000000008F
:1018400000F30000000000000000000000000000A5
:10185000000000000000000000000000FC0000FC90
:10186000FE0000000000000000000000000000007A
:1018700000000000FE00FA0000010000021DFCFE56
:101880000706FA0200000202FD000000000000004E
:1018900000000000E306000000000000000000005F
:1018A00000000000000000FA000000FA0000000044
:1018B000FBFF000000FB00FD00F500000000000041
:1018C0000000000000F10000000001000000000026
:1018D00000FE0000FC00FD00FA000000FC02FD001C
:1018E00000FAFEFB0000FA00FE00F500FE0000EE2C
:1018F000FCF7FEF80000F100FAFF00000000000015
:101900000000FDFCFEFC00000000FB00FB03FE04E9
:1019100000FEFBFEFCFC00FDFFFE02FAFF000000E3
:10192000ECFEFD00FB00FEF5FE0000FEFE000000E8
:10193000000200FEFCFE04000000000000000000A9
:101940000000000000000000000000000000000097
:101950000000000000000000000000000000000087
:10196000000003000000000000FB00FE000000FC7F
:1019700002000000FAFEFC0000FA00FE00F5000084
:101980000000EA00FCF8F50000F100FEFD00000098
:101990000000000000FEFDFFFD01000004FD000747
:1019A0000BFEFEF9030B0405FA0309030605060006
:1019B000000000000000000000000E0BFCFE00FE16
:1019C000120A12000000020000080000FC000000E3
:1019D000000000000000FE00000000000000000306
:1019E00000000000EDFDFEF7F50000F10000000032
:1019F00000000000000000000000000000FC0000EB
:101A000000000000000000FE0000000000000000D8
:101A10000300000000EDFDFEF7F50000F7000000F8
:101A200000000000000000000000000000000000B6
:101A3000FE000000FB0200FE020402F90000FE02AC
:101A4000000200000000FA00FEFEFC00FEF7000E9F
:101A5000FE00FBFE00FEFC00FEFAFCFD000000FCA8
:101A6000000000000000000000FE00000000000078
:101A700000000300000000EDFDFEF7F50000F1009E
:101A800000000000000B000000000000000000004B
:101A9000FC00F9FDFE07FEFEF701FF01FEFA00055E
:101AA00000020102FBF7FD00F7FCFAF7F700FCFC6F
:101AB000FDFDFEFEFDFE00FEFF030003FE0007002D
:101AC0000000000000000000000000FEFEFE00001C
:101AD000FA00FF00FC000000000000000000000011
:101AE000F30000000000000000000000FEFE00FD0A
:101AF00000000000FE0000FCFE0200FCFCFE00FAFC
:101B0000FEFBFEFD00FC00000000000000000000E5
:101B100000F100070000FC00000000FD00FE0000D6
:101B2000FF0000FE00FB000009FDF9F902020200BF
:101B3000FA020302070207FEFA0000F70000F9FAB2
:101B40000000FC00FDFC00FD00FD00FE0300FEF9AE
:101B5000FE080000FE00FC000003FB0002FE020085
:101B600000F900FEFF00FE02FE000000F7FDFB0092
:101B7000F90000F50008FE00FC000100FE00FEF97F
:101B800000FE0200000000FE000002FD010000FD5A
:101B9000FE00FD000000000000000000000000004A
:101BA00000000000F200050000FE00000000000040
:101BB000FEFE0000000400050000000000F2F3013A
:101BC0000A0704F7020900080004000000000000F2
:101BD00000000000000C00000000000000000000F9
:101BE000000000000000000038100408FC0E04088B
:101BF0009A0F04083D310000E8E60308680904086C
:101C0000D40E0408E81B040810000228698D01089E
:101C1000318B0108000000001000000003000000EC
:101C200000FF0100F81B0408000000000000000095
:101C30004FF23FF23FF12FF11FF01FF00FF00FE0D6
:101C40000FD00FD00A90000000001BB06FF52DD10F
:101C50009F309F39F309F28F209F28F208F28F10EE
:101C60008F17F108F10000000000000F90004F40B6
:101C7000000001F70006F20000003F50008F000056
:101C80000005F3000AE0000BFFFFFFFFFFFFE07A13
:101C9000ADFAAAAFDAA80000BD0000F80000000D00
:101CA000B0002F60000000F90003F50000001F7075
:101CB000005F30004AABFCAAACFAAA16FFFFFFFF98
:101CC000FFFFF20006F2000BD00000008F0000DBE7
:101CD0000000000AE0000F90000000CC0001F700B7
:101CE000000000006500000000000CA000000000E3
:101CF00000CA000000003AEFFEC710007FFFFFFFA0
:101D0000FE003FF81CA04AA009FA00CA000000BF6C
:101D1000700CA0000009FD00CA0000002FFE7DA08D
:101D20000000004EFFFE9400000006BFFFFD3000E3
:101D30000000CC9FFF2000000CA01DF9000000CA8D
:101D4000007FB042000CA009FA0DF820CA17FF402E
:101D50008FFFFFFFFF800028CFFFEA400000000C4C
:101D6000A00000000000CA000000000006500000B3
:101D7000006DFD4000000AF10006F85AF300004F24
:101D800060000E9000CB0000EB00001F50008E00A2
:101D900009F100002F40007E004F6000000F80001E
:101DA000BC00EC00000008F516F509F20000000088
:101DB000AFFF803F709FFB2000013100DC09F65D22
:101DC000D000000008F21F6002F60000003F704FD4
:101DD0001000D9000000DC006F0000BB000008F21A
:101DE000004F1000C900003F80001F5001F50000A7
:101DF000DD000008E53CD00008F30000008EFB1079
:101E000000004CEEC4000000007FFAAFF5000000B7
:101E10000FF2002FC0000001FE0000FD0000000FC7
:101E2000F2006F900000008FC18FE100000000CF32
:101E3000FFC1000000002CFFD0000000004FF8DFC1
:101E4000A00063003FF401DFA00EE00BF60001DF0D
:101E5000A4F900FF100001DFFF300EF4000001EFD5
:101E6000D0009FE30002AFFFA001CFFECEFFC3DF93
:101E700080006BEFEB5001C200000000000000008A
:101E80009F39F38F28F28F17F10000008F701FF039
:101E900008F800DF302FE006FA008F800BF500CF46
:101EA000400DF300EF200DF300CF400BF5008F70D5
:101EB00005FA002FE000DF3007F8001FF0008F70F8
:101EC0001FE00009F70002FE0000CF40007F9000F5
:101ED0004FC0001FF0000EF2000DF3000CF4000BD9
:101EE000F5000CF4000DF3000EF2001FF0003FC0EF
:101EF000007F9000CF4002FE0009F7001FE00000C5
:101F000004F00000404F00505FB6F4DF204DFFFCAE
:101F100030008FFF6004EFAFAFC22A13F03B000028
:101F20004F0000000160000000006D40000000084C
:101F3000F5000000008F5000000008F500006CCC98
:101F4000EFDCCC48FFFFFFFFF500008F50000000E2
:101F500008F5000000008F5000000008F5000003A5
:101F60000BFBDFE4FB3F67F1BB00ADDDDD2CFFFFCA
:101F7000F20009F9FFE8F700000008F60000000D84
:101F8000F10000003FB00000009F50000000EF0093
:101F9000000004FA00000009F50000000EF0000047
:101FA000004F90000000AF40000000FE0000000560
:101FB000F90000000AF30000000FE00000005F805D
:101FC000000000BF30000001FD00000006F8000026
:101FD000000BF20000001FD00000007F7000000026
:101FE0000003AEFD81000007FFFFFFE30006FF8155
:101FF00003BFF100EF600000BFA05FD0000003FF4F
:102000001AF80000000DF5CF50000000AF7EF4007C
:10201000000009F9EF400000009F9CF50000000A55
:10202000F7AF80000000DF55FD0000002FF11EF625
:1020300000000BFA006FF7102BFF10008FFFFFFE60
:102040003000003AEFD81000DFFFFDCFFFFD0005A4
:10205000FD0005FD0005FD0005FD0005FD0005FD79
:102060000005FD0005FD0005FD0005FD0005FD0066
:1020700005FD0005FD0005FD0039DFFD81000AFFBB
:10208000FFFFFE206FE72015EFC0062000004FF194
:10209000000000000FF3000000001FF1000000002E
:1020A0008FC000000004FF400000003FF700000068
:1020B00003FF900000003FF800000003FF800000D5
:1020C000003FF800000004FF800000001FFFFFFF3A
:1020D000FFFD3FFFFFFFFFFE3FFFFFFFFFF02FFF72
:1020E000FFFFFFE000000003FF300000001EF600CD
:1020F000000000CFA000000009FD000000005FF616
:1021000000000000AFFFF9000000468BFFB00000A8
:1021100000004FF4000000000CF8000000000AF876
:10212000060000001EF68FC51014CFE06FFFFFFF02
:10213000FE30017BEFED810000000000AFB0000039
:102140000000006FE100000000003FF3000000000D
:10215000000DF700000000000AFB0000000000076F
:10216000FE100000000003FF300363000001EF7069
:10217000008F800000BFB00008F800007FE1000081
:102180008F80001FFFFFFFFFFFFF62FFFFFFFFFFCA
:10219000FFF70000000009F80000000000009F8029
:1021A000000000000009F80000000000009F80000F
:1021B00000BFFFFFFFF000DFFFFFFFF000FF100098
:1021C000000000FF0000000002FE0000000003FC11
:1021D0000000000005FFFFEC820007FFFFFFFF602B
:1021E00000000014BFF3000000000CFA0000000023
:1021F00006FD0000000006FC070000000CF94FE798
:102200002003BFF33DFFFFFFFF60005ADFFD920098
:1022100000017CEFDB60003EFFFFFFD003FFB30057
:1022200004400DF9000000004FE0000000009F8016
:1022300000000000CF506ACB8200EF6DFFFFFF600F
:10224000EFFF7102AFF4DFF400000AFBBFE0000013
:1022500004FE8FD0000003FE2FF2000008FB09FDF2
:1022600040006FF400AFFEDFFF700005BEFEA3006C
:102270005FFFFFFFFFFF45FFFFFFFFFFF35FC000B2
:102280000006FD05FC000000DF604D9000004FF0EF
:10229000000000000BF90000000002FF2000000019
:1022A000009FB0000000001FF40000000007FD00C8
:1022B00000000000EF60000000005FF00000000080
:1022C0000CF80000000003FF2000000000AFB00089
:1022D0000000001FF400000000029DFFD930000044
:1022E0004FFFEEFFF70001FFA10019FF2005FE00E0
:1022F0000000BF8007FC0000008F9004FE1000006B
:10230000CF7000CFC4103BFE10001CFFFFFFD200B7
:10231000008FFECCEFFA0007FE500003DF900EF5B1
:102320000000003FF00FF30000000FF20EF7000076
:10233000004FF007FF600005EFA000AFFFEDFFFCCE
:10234000100004ADFFEB50000007CFFD9100001C12
:10235000FFEDFFF4000BFD30008FF202FF200000C4
:102360009FB05FD0000003FF15FD0000004FF42F69
:10237000F300000BFF60BFE6103AFFF701CFFFFF4D
:10238000F9BF70005ACC940CF50000000000FF204B
:10239000000000005FD0000000001EF600072001D2
:1023A0006EFB0005FFFFFFFA000018CEFDA4000041
:1023B0008F8FFE9F80000000000000000009F9FFE1
:1023C000E8F78F8FFE9F80000000000000000008EB
:1023D000F8EFE7FC2F76F2AC032000000000173086
:1023E000000003AFF500017DFFC6003AFFE92000C1
:1023F0007FFC50000008FE7100000018EFFA40005A
:1024000000005BFFE7100000028EFF4000000005A7
:10241000B50000000000008FFFFFFFFF56CCCCCCC2
:10242000CCC400000000000000000000000000001C
:10243000000006CCCCCCCCC48FFFFFFFFF50560071
:1024400000000008FE9200000017DFFC50000000B2
:102450004AFFE8200000016DFF400000028FF500F8
:10246000005CFFD70029EFFA30007FFD7100000803
:10247000A400000000000000000000004ADFFD8111
:10248000000AFFFEFFFE308FE50004EFC0061000DB
:10249000005FF0000000002FF0000000007FD0007F
:1024A000000004FF400000004FF600000002FF6043
:1024B0000000000BF9000000000DE3000000000028
:1024C00000000000000000000000000AC200000040
:1024D000004FF8000000000CE300000000005ADF8D
:1024E000FFD9400000000006EFEA878AEFD4000021
:1024F000000AFC400000004DF800000BF80000004E
:10250000000009F70006F90005CFFC50FE0AF300B1
:10251000EC000AFFDCEF9FE00EC06F4007FD2000DB
:102520008FFE006F2AF000EF200000AFE001F6DC24
:10253000004FB0000003FE000E9EA006F900000050
:102540000FE000DAEA006F90000000FE000DADC061
:1025500004FB0000003FE000E9AF000EF200000ABB
:10256000FE002F65F5007FD20008FFF109F10ED0C3
:1025700000AFFCCEF99FECF8006F90005CFFC50146
:10258000BFE70000AF80000000000000000000AFC7
:10259000C40000000200000000006EFEA889BFE039
:1025A000000000000005ADFFEC830000000000000B
:1025B00004FF500000000000000BFFC000000000FE
:1025C00000002FEEF30000000000009F87FA0000DB
:1025D00000000000FF21FF100000000007FB00AF1B
:1025E00080000000000DF4003FE0000000005FD01C
:1025F000000CF600000000CF600005FD00000002A6
:10260000FF000000EF40000009FFCCCCCCEFB00091
:10261000001FFFFFFFFFFFF200007FB00000000A75
:10262000F90000EF4000000003FF1005FD0000006E
:102630000000DF700CF700000000006FE0BFFFFF3C
:10264000FFEB5000BFEDDDDDFFFA00BF80000007AB
:10265000FF50BF80000000BFA0BF800000008FB00F
:10266000BF80000000BF80BF80000007FF20BFEDDB
:10267000DDDDFFF400BFFFFFFFFFFB10BF800000A8
:1026800014CFD0BF800000000EF5BF800000000B0B
:10269000F8BF800000000DF7BF800000019FF2BF6F
:1026A000EDDDDDEFFF70BFFFFFFFFD9300000029B0
:1026B000DFFEA50000008FFFFFFFFD2000CFFA41E5
:1026C000026EFC009FF500000009202FF5000000BD
:1026D000000009FC000000000000CF7000000000B6
:1026E000000EF4000000000000EF400000000000B9
:1026F0000CF70000000000009FC000000000000375
:10270000FF50000000000009FF4000000092000C94
:10271000FFA41016EFC00009FFFFFFFFD200000367
:102720009DFFEA5000BFFFFFFED9300000BFFFFF52
:10273000FFFFFB1000BF80000038FFE100BF8000FA
:1027400000002DFC00BF8000000002FF60BF800081
:102750000000009FC0BF80000000004FF0BF80005D
:102760000000002FF1BF80000000002FF1BF8000AB
:102770000000004FF0BF80000000009FB0BF80004D
:10278000000002FF60BF800000002DFC00BF800041
:102790000038FFE100BFFFFFFFFFFB1000BFFFFF9E
:1027A000FED9300000BFFFFFFFFFF2BFFFFFFFFFBA
:1027B000F2BF8000000000BF8000000000BF80006A
:1027C000000000BF8000000000BF8000000000BFCC
:1027D000FEEEEEEE30BFFFFFFFFF30BF80000000D7
:1027E00000BF8000000000BF8000000000BF80002C
:1027F000000000BF8000000000BFFFFFFFFFF7BF29
:10280000FFFFFFFFF7BFFFFFFFFFF2BFFFFFFFFF6D
:10281000F2BF8000000000BF8000000000BF800009
:10282000000000BF8000000000BF8000000000BF6B
:102830008000000000BFFFFFFFFF30BFFFFFFFFF72
:1028400030BF8000000000BF8000000000BF80009B
:10285000000000BF8000000000BF8000000000BF3B
:102860008000000000000029DFFEB60000008FFF9E
:10287000FFFFFE3000CFFA41015CFE009FF5000033
:102880000008302FF5000000000008FC00000000E8
:102890000000CF7000000000000EF40000000001F6
:1028A00010EF4000000000FF1CF7000000000FF1D7
:1028B0008FC000000000FF12FF500000000FF10960
:1028C000FF50000000FF100CFFA41025CFF10008FE
:1028D000FFFFFFFFF60000029DFFEB6000BF8000DE
:1028E00000000AF8BF800000000AF8BF8000000066
:1028F0000AF8BF800000000AF8BF800000000AF854
:10290000BF800000000AF8BF800000000AF8BFFF87
:10291000FFFFFFFFF8BFFFFFFFFFFFF8BF800000D2
:10292000000AF8BF800000000AF8BF800000000A1B
:10293000F8BF800000000AF8BF800000000AF8BF5E
:10294000800000000AF8BF800000000AF8BF8BF882
:10295000BF8BF8BF8BF8BF8BF8BF8BF8BF8BF8BF6E
:102960008BF8BF8BF800AFFFFFFF1009FFFFFFF1EF
:1029700000000001FF100000001FF100000001FF37
:10298000100000001FF100000001FF100000001FF8
:10299000F100000001FF100000001FF10000000125
:1029A000FF100000002FF003500005FE00EF700341
:1029B000EF9008FFFFFFE10004AEFE9100BF800032
:1029C00000009FD1BF80000008FE10BF8000007F84
:1029D000E200BF800006FF3000BF80005FF400000F
:1029E000BF8004FF500000BF803FF7000000BF839E
:1029F000FFF1000000BFAEFFFC000000BFFFB4FF0E
:102A0000900000BFFC005FF60000BFC00008FF3070
:102A100000BF800000BFE100BF8000000DFC00BFD0
:102A200080000001EF90BF800000003FF6BF8000F3
:102A300000000BF800000000BF800000000BF80051
:102A4000000000BF800000000BF800000000BF8005
:102A50000000000BF800000000BF800000000BF831
:102A600000000000BF800000000BF800000000BF65
:102A7000800000000BF800000000BFFFFFFFFFCB4D
:102A8000FFFFFFFFFDBF6000000000006FABFE0016
:102A9000000000000EFABFF80000000008FFABFFC6
:102AA000F200000002FFFABFEFA0000000AFEFABA2
:102AB000F7EF3000003FD7FABF65FC00000CF56F60
:102AC000ABF60CF60005FC06FABF603FE000EF3005
:102AD0006FBBF600AF807F9006FBBF6001FF3FF148
:102AE000006FBBF60007FFF70006FBBF60000EFD9E
:102AF00000006FBBF600005F500006FBBF600000E7
:102B00001000006FBBF6000000000006FBBF700065
:102B100000000AF8BFF40000000AF8BFFE10000031
:102B20000AF8BFFFC000000AF8BFBFF900000AF8AA
:102B3000BF86FF50000AF8BF809FF2000AF8BF80EE
:102B40000CFD000AF8BF8002EFB00AF8BF80004F0A
:102B5000F70AF8BF800008FF4AF8BF800000BFEB0B
:102B6000F8BF8000001EFFF8BF80000003FFF8BF21
:102B7000800000006FF8BF800000000AF800002805
:102B8000DFFEB6000000008FFFFFFFFD300000BF3A
:102B9000FA41027EFF40008FF40000001BFE102F60
:102BA000F5000000000DFA08FC00000000005FF1D5
:102BB000CF700000000000FF4EF400000000000D88
:102BC000F6EF400000000000DF6CF700000000009E
:102BD0000FF48FC00000000005FF12FF500000003E
:102BE00000DFA008FF40000000BFE2000CFFA410BF
:102BF00026EFF4000008FFFFFFFFD3000000029D56
:102C0000FFEB600000BFFFFFFEB6000BFFFFFFFF02
:102C1000FD20BF8000016EFD0BF80000001EF6BF16
:102C2000800000009FABF800000007FBBF800000A1
:102C3000009FABF80000001EF6BF8000016EFD0B88
:102C4000FFFFFFFFFD20BFFFFFFEB6000BF80000F7
:102C5000000000BF80000000000BF8000000000032
:102C6000BF80000000000BF80000000000000028FA
:102C7000DFFEB60000000008FFFFFFFFD3000000EA
:102C8000BFFA41027EFF400008FF50000001BFE193
:102C9000002FF5000000000DFA008FC000000000BA
:102CA00005FF00CF700000000000FF40EF40000073
:102CB000000000DF60EF400000000000DF50CF7038
:102CC0000000000000FF408FC00000000005FF0072
:102CD0002FF5000000000DFA000AFF30000000AFE1
:102CE000F20000DFF930016DFF5000000BFFFFFF25
:102CF000FFE4000000004AEFFFD6000000000000E3
:102D000000BFE50007800000000009FFECFFC000E5
:102D1000000000004AEFD700BFFFFFFEB6000BFF28
:102D2000FFFFFFFD20BF8000016EFD0BF8000000DB
:102D30001EF6BF800000009FABF800000007FBBF3D
:102D4000800000009F9BF80000001EF5BF8000017E
:102D50005DFD0BFFEEEFFFFD20BFFFFFFFFA000B55
:102D6000F800005FE100BF800000BFA00BF800008A
:102D700001EF50BF80000006FE1BF80000000BFAB8
:102D800000029DFFEB600006FFFFEFFFE003FF92F4
:102D90000004BA009FB0000000000AF70000000025
:102DA000009FC00000000002FFE72000000004EFC9
:102DB000FFEA500000006BFFFFD40000000038FF66
:102DC000F20000000001DF900000000007FB04207B
:102DD000000000AF90DF9400018FF307FFFFEFFFCB
:102DE000F700017BEFFD9200EFFFFFFFFFFFDDFF2C
:102DF000FFFFFFFFFC00000AF80000000000AF80AA
:102E0000000000000AF80000000000AF8000000091
:102E1000000AF80000000000AF80000000000AF87F
:102E20000000000000AF80000000000AF800000071
:102E30000000AF80000000000AF80000000000AFB2
:102E400080000000000AF80000000000AF800000D1
:102E5000DF600000000FF3DF600000000FF3DF60B1
:102E60000000000FF3DF600000000FF3DF600000E0
:102E7000000FF3DF600000000FF3DF600000000FC1
:102E8000F3DF600000000FF3DF600000000FF3CFFE
:102E9000600000000FF2BF800000001FF18FC00033
:102EA00000005FE02FF5000000DF800AFF71004D99
:102EB000FE1000BFFFFFFFE3000005BEFFC71000CC
:102EC0000CF90000000000BF706FF0000000002F40
:102ED000F100EF6000000009FA0008FD00000000AA
:102EE000FF30001FF40000006FC00000BFA0000012
:102EF0000DF5000004FF100004FE0000000DF800B6
:102F000000BF800000006FE0002FF100000000FF14
:102F10005008FA0000000009FC00FF40000000001B
:102F20002FF36FD00000000000BF9DF600000000EE
:102F30000004FFFF0000000000000EFF90000000F2
:102F40000000007FF20000002FF20000000BFA00EA
:102F5000000002FE00DF70000000FFF00000008FA4
:102F60009007FC0000005FFF4000000DF4002FF10F
:102F700000000BFCF9000002FE0000DF600000FF13
:102F80003FE000007F900008FB00005FA0DF4000F2
:102F90000CF400003FF1000BF508F90002FF0000FF
:102FA00000EF5001FF003FE0007FA0000008FA00A2
:102FB0005FA000DF300CF50000003FF00BF50008CB
:102FC000F901FF00000000EF51FF00003FE06FB08B
:102FD00000000009FA6FA00000DF3CF500000000CF
:102FE0004FFBF5000008FAFF1000000000EFFF00A3
:102FF00000003FFFB0000000000AFFB0000000EF3B
:10300000F600000000004FF500000008FF1000006F
:103010001EF70000000AFC005FF3000005FF10002F
:103020009FD00001EF500000DF9000BFA000000320
:10303000FF406FE100000008FE3FF4000000000CBC
:10304000FFF800000000002FFD000000000006FF58
:10305000F30000000002FFBFE000000000CF90DF9F
:10306000A00000008FD002FF5000004FF30007FEC9
:1030700010001EF800000CFB000AFD0000001FF706
:1030800005FF200000005FF20CF8000000002FF1A7
:1030900003FF20000000BF7000AFB0000005FD007E
:1030A000001FF400000EF4000007FD00008FB000C8
:1030B0000000DF7001FF200000004FF10AF800005F
:1030C00000000BFA4FE00000000002FFEF5000008C
:1030D0000000008FFC0000000000000FF400000062
:1030E0000000000FF30000000000000FF3000000DC
:1030F0000000000FF30000000000000FF3000000CC
:103100000000000FF30000000EFFFFFFFFFFF80DAF
:10311000FFFFFFFFFFF70000000000CFC00000002E
:103120000009FE10000000005FF40000000002FF34
:1031300070000000000DFB0000000000AFD1000097
:10314000000007FF30000000003FF6000000000113
:10315000EF90000000000BFD00000000008FF20067
:1031600000000004FF50000000000EFFFFFFFFFF03
:10317000FC0FFFFFFFFFFFFDBFFFEBFDCBBF600BB1
:10318000F600BF600BF600BF600BF600BF600BF6E9
:1031900000BF600BF600BF600BF600BF600BF600CF
:1031A000BF600BF600BF600BFDCBBFFFE0AF400080
:1031B00000005F900000000FE00000000AF4000033
:1031C0000004FA00000000EF000000009F50000023
:1031D000004FA00000000EF000000008F500000005
:1031E00003FB00000000DF100000008F6000000003
:1031F0002FB00000000DF100000007F700000002F2
:10320000FC00000000CF200000007F700000001FC5
:10321000D00000000CF29FFFF07CCFF0001FF00008
:103220001FF0001FF0001FF0001FF0001FF0001F34
:10323000F0001FF0001FF0001FF0001FF0001FF053
:10324000001FF0001FF0001FF0001FF0001FF07CB7
:10325000CFF09FFFF0000048300000000DFB0000A1
:103260000004FCF1000000AE2F8000001F80BE00B3
:103270000008F204F50000EB000EB0005F50008F74
:10328000200BE00001F802F800000BE01111111111
:10329000111FFFFFFFFFFF4444444444401BFB0059
:1032A0000009FB000006FB00028DFFEA2004FFFE80
:1032B000EFFF301D61002CFC000000001FF100003A
:1032C0000000EF303AEFFFFFF34FFC9888FF3CF827
:1032D00000000EF3EF300001FF3BF80000BFF33FAA
:1032E000FC99EFEF302AEFEA2CF3FF10000000000A
:1032F0000FF10000000000FF10000000000FF100BF
:1033000000000000FF10000000000FF14BEFD8108C
:1033100000FF9FFFEFFE400FFFC3002BFE10FFD00A
:1033200000000CF90FF50000005FE0FF2000000135
:10333000FF0FF20000001FF0FF50000005FE0FFD20
:10334000000000DF80FFFC3003CFE10FF8FFFFFF3C
:10335000E300FF04BEFD81000000007CEFD8000008
:103360003DFFFEFFE201EFC3002BF808FC00000068
:10337000500EF5000000000FF1000000000FF100FA
:103380000000000DF50000000008FC0000005001E6
:10339000EFC3002CF9002DFFFFFFD100007CEFD719
:1033A0000000000000001FF00000000001FF00000E
:1033B0000000001FF00000000001FF0000000000FE
:1033C0001FF00018DFEB41FF004EFFEFFF9FF01EE4
:1033D000FC2003CFFF09FD000000DFF0EF500000EC
:1033E00005FF0FF10000002FF0FF10000002FF0E9C
:1033F000F40000005FF09FC000000CFF01EFA1008F
:103400001AFFF004EFFCDFF9FF00018DFFB50FF0AC
:1034100000018DFEB5000003EFFDEFFA0001EF9013
:10342000003DF8008F9000002FF10EF2000000AF79
:1034300050FFFFFFFFFFF70FF98888888840EF50A3
:103440000000000008FD00000010001EFC40017F8D
:1034500050003EFFFEFFF5000007CEFD9200000287
:10346000BFFC3000EFEDF3007FC0020009F6000062
:1034700000BF60000AFFFFFFC08CEFDCC9000BF645
:10348000000000BF6000000BF6000000BF600000FD
:103490000BF6000000BF6000000BF6000000BF60EC
:1034A00000000BF6000000BF60000000028DFEC6A9
:1034B0000DF2005FFFFFFFBDF203FFB20019FFF244
:1034C0000AFA0000008FF20FF30000001FF20FF164
:1034D0000000000EF20FF30000001FF20AFB0000D4
:1034E000009FF203FFA20019FFF2005FFFEEFFAFA3
:1034F000F200029DFFC50FF100000000001FF00068
:10350000200000008FC001EC510007FF6002DFFFC8
:10351000EEFFF9000005ADFFEA4000FF10000000DB
:1035200000FF1000000000FF1000000000FF10006E
:10353000000000FF1000000000FF15BEFD8000FF2E
:10354000BFFFFFFD00FFFA2006FF80FFC000007FE5
:10355000D0FF5000002FF0FF2000000FF0FF100000
:10356000000FF1FF1000000FF1FF1000000FF1FF3E
:103570001000000FF1FF1000000FF1FF1000000F0E
:10358000F11DE25FF60AA1000000000FF10FF10F3C
:10359000F10FF10FF10FF10FF10FF10FF10FF10F2B
:1035A000F10FF100000CE300003FF8000009B20049
:1035B0000000000000000000000EF300000EF30009
:1035C000000EF300000EF300000EF300000EF300F7
:1035D000000EF300000EF300000EF300000EF300E7
:1035E000000EF300000EF300000FF201004FF00B8D
:1035F000FDFF8008EFE800FF1000000000FF100052
:10360000000000FF1000000000FF1000000000FF9D
:103610001000000000FF100002EF80FF10003EF8D5
:1036200000FF1003FF8000FF104FF80000FF15FFA0
:10363000900000FF7FFF800000FFFFBFF40000FF4D
:10364000F60AFE2000FF6000CFC000FF10002EF938
:1036500000FF100004FF50FF1000007FF2FF1FF179
:10366000FF1FF1FF1FF1FF1FF1FF1FF1FF1FF1FF10
:103670001FF1FF1FF1FF10FF06CFFC6003AEFEA29B
:1036800000FFBFFDFFFA6FFEDFFF30FFF70007FF0F
:10369000FE3001CFD0FFA00000BFF400002FF2FFEA
:1036A0004000007FE000000DF5FF2000006FC0002B
:1036B000000CF5FF1000006FB000000CF5FF1000CB
:1036C000006FB000000CF5FF1000006FB000000CA0
:1036D000F5FF1000006FB000000CF5FF1000006F48
:1036E000B000000CF5FF1000006FB000000CF5FFFB
:1036F00006CEFD8000FFBFFDEFFD00FFF80004EFE8
:1037000080FFB000006FD0FF4000002FF0FF2000CE
:10371000000FF0FF1000000FF1FF1000000FF1FF8D
:103720001000000FF1FF1000000FF1FF1000000F5C
:10373000F1FF1000000FF100017CFFC71000003EF8
:10374000FFEFFFD30001EFB2002BFE1008FC0000DA
:1037500000CF800EF50000005FD00FF10000002FB9
:10376000F00FF10000002FF00EF50000005FD00810
:10377000FD000000DF7001EFC3003CFD10003DFFC5
:10378000FFFFD20000017CFFC70000FF05BEFD81E6
:10379000000FFAFFDDFFE400FFFB1001AFE10FFCBB
:1037A000000000CF90FF50000004FE0FF200000068
:1037B0001FF0FF20000001FF0FF50000005FE0FF99
:1037C000D000000DF80FFFC3003CFE10FF9FFFFF6D
:1037D000FE300FF14BEFD81000FF10000000000F7B
:1037E000F10000000000FF10000000000FF10000D9
:1037F00000000000018DFEB40FF004EFFEFFF8FFA3
:1038000001EFB2003CFFF09FC000000DFF0EF5007D
:1038100000005FF0FF10000002FF0FF10000002F1A
:10382000F0EF50000005FF09FD000000DFF01EFC76
:103830003003CFFF004EFFFFFF9FF00018DFEB418A
:10384000FF00000000001FF00000000001FF00006A
:103850000000001FF00000000001FFFF05BE4FF850
:10386000FFF4FFFC410FFD0000FF50000FF30000CC
:10387000FF10000FF10000FF10000FF10000FF101B
:10388000000FF100000029DFFD93005FFFDEFFC0A5
:103890000EF800017301FF000000000EFA20000086
:1038A000005FFFEB72000028CFFFF8000000028FDE
:1038B000F300000000CF50D820004FF34FFFFEFF71
:1038C000F90028CFFDB40000583000000BF60000CE
:1038D00000BF60000AFFFFFFC08CEFDCC9000BF6E1
:1038E000000000BF6000000BF6000000BF60000099
:1038F0000BF6000000BF6000000AF70000007FC068
:10390000020001FFFEF40002BEEB201FF0000003E6
:10391000FE1FF0000003FE1FF0000003FE1FF0007A
:103920000003FE1FF0000003FE1FF0000003FE1F57
:10393000F0000004FE1FF1000006FE0EF500000C72
:10394000FE09FE30009FFE01DFFEDFFBFE0008DF08
:10395000FC52FE0DF50000000EF106FC0000006FA9
:10396000A000FF300000DF40008F900003FD00004A
:103970002FF1000AF600000BF7001FE0000004FD25
:10398000008F80000000DF40EF200000006FB5FBDB
:10399000000000000FFDF40000000009FFD000004F
:1039A000000002FF600000BF5000002FF000000682
:1039B000F75FA000008FF500000CF10FF00000DFB2
:1039C000FB00002FB009F60003FADF10008F500350
:1039D000FB0009F48F7000DF0000EF100FE02FC034
:1039E00003FA00008F605F800CF209F400002FC022
:1039F000BF2006F80EE000000CF3FC0000FE5F9014
:103A0000000007FEF60000AFDF30000001FFF1000C
:103A1000004FFD00000000BFA000000EF700002FC7
:103A2000F400002FF305FE1000CF70009FB009FBDB
:103A300000000DF74FE1000002FFEF300000006FC3
:103A4000F7000000009FFA00000005FEDF600000A4
:103A50002FF42FF30000CF8006FE1009FC0000AF0A
:103A6000B05FE100000DF70DF60000000EF106FC5E
:103A70000000006FA000EF400000DF30007FB000CA
:103A800004FC00001FF2000BF5000009F9002FD024
:103A9000000002FF009F70000000BF71FF000000E7
:103AA000004FD7F8000000000CFFF20000000005F6
:103AB000FFA00000000000FF300000000005FC0037
:103AC000000006102EF50000004FFEFFA0000000D1
:103AD00008EFD7000000000FFFFFFFFF70CCCCCC39
:103AE000DFF50000000CF900000009FC00000005F3
:103AF000FE20000002FF40000001DF80000000BF48
:103B0000B00000007FD10000004FF30000000EFE67
:103B1000CCCCCC72FFFFFFFFFA0009EF4009FFD3C6
:103B200000EF60000FF20000FF20000FF20000FF26
:103B300020000FF20001FF1009EFB000CFF80000E5
:103B40003FF00000FF10000FF20000FF20000FF216
:103B50000000FF20000FF20000DF600008FFD3002C
:103B600008EF40BF4BF4BF4BF4BF4BF4BF4BF4BF67
:103B70004BF4BF4BF4BF4BF4BF4BF4BF4BF4BF4B04
:103B8000F4BF409FD60007EFF40000AFA00006FB93
:103B900000006FB00006FB00006FB00006FB0000E5
:103BA0005FD00001EFD5000BFF7004FE10005FB086
:103BB0000006FB00006FB00006FB00006FB00006BF
:103BC000FB0000AF9007EFF3009FD5000001895084
:103BD000000951EFFFA002F57F418FD8DF1AB00036
:103BE0003CFD40004CFD60004F836F800C80005F07
:103BF00000F40001F30D60004F107E503DA0008FD7
:103C0000FFA00000021000000001CFB07FFF56FFB0
:103C1000F50BFA00000000000000000000000100A9
:103C20000000000000000000059EF80000000000F9
:103C3000000026BFFFFFD0000000000048DFFFFFAC
:103C4000FFFD000000015AFFFFFFFFFFFFD0000053
:103C500005FFFFFFFFFFFFFFFD000000AFFFFFFFBD
:103C6000FFFFFFFFD000000AFFFFFFFFFD940EFDE6
:103C7000000000AFFFFFFC720000EFD000000AFF61
:103C8000EA500000000EFD000000AFF1000000004F
:103C900000EFD000000AFF10000000000EFD000041
:103CA00000AFF10000000000EFD000000AFF10009C
:103CB0000000000EFD000000AFF10000000354FF03
:103CC000D000000AFF1000005EFFFFFD000000AF03
:103CD000F100003FFFFFFFD001699DFF100006FFCC
:103CE000FFFFFC06FFFFFFF100001EFFFFFF61FF6B
:103CF000FFFFFF1000002AFFFC501FFFFFFFF00036
:103D00000000001000009FFFFFF70000000000000F
:103D100000004ACCA3000000000000000042007830
:103D20008888888888870024F822EFFFFFFFFFFF3C
:103D3000FE228FFFFFFFB99999999BFFFFFFF9447E
:103D4000FF3000000003FF449FF600EF300000004A
:103D500003FE006FF700EF3000000003FE007FFF5E
:103D6000FFFF3000000003FFFFFFFA66FF744444CA
:103D70004447FF66AFF600EFFFFFFFFFFFFE006F57
:103D8000F600EFDCCCCCCCCDFE006FFFEEFF3000B8
:103D9000000003FFEEFFFC88FF3000000003FF88F7
:103DA000CFF600EF3000000003FE006FF600EF30AA
:103DB00000000003FE006FFECCFF4111111114FF43
:103DC000CCEFFDAAFFFFFFFFFFFFFFAADFC600EF5A
:103DD000FFFFFFFFFFFE006CBFFFFE31DFFFFFFFB5
:103DE000FFFFFBFFFFFF63FFFFFFFFFFFFFFFFFF83
:103DF000FF63FFFFFFFFFFFFFFFFFFFF63FFFFFF0B
:103E0000FFFFFFFFFFFFFF63FFFFFFFFFFFFFF5805
:103E100088870078888888888885000000000000EE
:103E20000000000000CFFFFF31EFFFFFFFFFFFFCAE
:103E3000FFFFFF63FFFFFFFFFFFFFFFFFFFF63FFCA
:103E4000FFFFFFFFFFFFFFFFFF63FFFFFFFFFFFF1E
:103E5000FFFFFFFF53FFFFFFFFFFFFFF47888700C4
:103E600068888888888874000000000000000000CE
:103E70000000CFFFFF31EFFFFFFFFFFFFCFFFFFF61
:103E800063FFFFFFFFFFFFFFFFFFFF63FFFFFFFF7A
:103E9000FFFFFFFFFFFF63FFFFFFFFFFFFFFFFFFCE
:103EA000FF52FFFFFFFFFFFFFF377776005777775F
:103EB0007777777400000000000000000016000013
:103EC0000000000000000002EFB000000000000051
:103ED00000002EFFFB0000000000000002EFFFFECC
:103EE000000000000000002EFFFFF30000000000B3
:103EF0000002EFFFFF3004E8000000002EFFFFF398
:103F0000004FFF80000002EFFFFF3000EFFFF800DE
:103F1000002EFFFFF30000AFFFFF8002EFFFFF3036
:103F200000000AFFFFF82EFFFFF300000000AFFFC4
:103F3000FFFFFFFF30000000000AFFFFFFFFF3005C
:103F40000000000000AFFFFFFF3000000000000095
:103F50000AFFFFF30000000000000000AFFE300089
:103F60000000000000000009D3000000000000086D
:103F7000C400000002C9009FFF4000002EFFB0FFF8
:103F8000FFF40002EFFFF17FFFFF402EFFFF9008DC
:103F9000FFFFF6EFFFFA00008FFFFFFFFFA000001A
:103FA00008FFFFFFFA000000009FFFFFB0000000C5
:103FB00002EFFFFFF40000002EFFFFFFFF400002B2
:103FC000EFFFFDFFFFF4002EFFFFA08FFFFF40DF9C
:103FD000FFFA0008FFFFF0DFFFA000008FFFE02ED8
:103FE000FA00000008FF300030000000002100004F
:103FF00000000001330000000000000000000DFF81
:104000006000000000000000000EFF8000000000C3
:104010000000AF500EFF800BF40000000BFFE00E1D
:10402000FF804FFF5000009FFFE00EFF805FFFF218
:104030000003FFFE300EFF8008FFFC000BFFF300C3
:104040000EFF8000AFFF501FFF90000EFF80001F8B
:10405000FFB06FFF30000EFF800009FFF08FFF0000
:10406000000EFF800005FFF2AFFD00000EFF800094
:1040700003FFF39FFD00000CFF500004FFF28FFFD1
:1040800000000011000006FFF14FFF50000000008B
:10409000000BFFE00FFFC000000000003FFF900892
:1040A000FFF80000000001EFFF2001EFFF9000008B
:1040B000002DFFF900004FFFFD620149FFFFC00026
:1040C0000006FFFFFFFFFFFFFD100000004EFFFF97
:1040D000FFFFFFA000000000007DFFFFFFB4000015
:1040E0000000000000256530000000000000000016
:1040F00000000000000000000000006CEEC700009F
:10410000000000000000BFFFFC00000000000000F5
:1041100000BFFFFC000000000008302AFFFFFFB2D4
:10412000038000008FFBFFFFFFFFFFBFF80003FFCE
:10413000FFFFFFFFFFFFFFFF400BFFFFFFFFFFFF42
:10414000FFFFFFB01FFFFFFFFA55AFFFFFFFF206B3
:10415000EFFFFF700007FFFFFF60002FFFFD000073
:1041600000CFFFF300003FFFFA0000009FFFF300C5
:10417000002FFFFB000000AFFFF300008FFFFF20C8
:104180000001FFFFF9001EFFFFFFD3003DFFFFFF0F
:10419000E10EFFFFFFFFEEFFFFFFFFE007FFFFFF66
:1041A000FFFFFFFFFFFF8000DFFFFFFFFFFFFFFFBD
:1041B000FD00002FB29FFFFFFFFA2AF3000001006D
:1041C00002DFFFFE3000100000000000BFFFFC0017
:1041D00000000000000000BFFFFB00000000000026
:1041E00000001466410000000000000000001BE910
:1041F0000005FFD00000000000003EFFFC107FFF24
:104200000000000000006FFFFFFE37FFF00000001D
:1042100000009FFFB4DFFFBFFF0000000001BFFFF1
:104220008001BFFFFFF000000002DFFF508F509FB2
:10423000FFFF00000004FFFE30BFFF706FFFF100C2
:104240000007FFFC12DFFFFFA03EFFE3000AFFFABA
:1042500003EFFFFFFFC12DFFF60CFFF706FFFFFF87
:10426000FFFFE30BFFF89FF509FFFFFFFFFFFFF5DF
:1042700008FF50930AFFFFFFFFFFFFFFF6057000E6
:1042800000EFFFFFFFFFFFFFFFA00000000EFFFF9A
:10429000FFCCCFFFFFFA00000000EFFFFF50009FB0
:1042A000FFFFA00000000EFFFFF50009FFFFFA006E
:1042B000000000EFFFFF50009FFFFFA00000000E76
:1042C000FFFFF50009FFFFFA00000000DFFFFF40DD
:1042D000008FFFFF9000000002444440000144446E
:1042E0004100000000000002222000000000000049
:1042F00000009FFFF90000000000000000CFFFFC5D
:104300000000000000000000CFFFFC0000000000E3
:10431000000000CFFFFC0000000000000000CFFF05
:10432000FC0000000000000000CFFFFC00000000C7
:1043300000000000CFFFFC0000000000000000CFE4
:10434000FFFC000000000003EEEEFFFFFFEEEE209A
:10435000000002FFFFFFFFFFFFFF200000003FFF04
:10436000FFFFFFFFF30000000003FFFFFFFFFF3030
:1043700000000000003FFFFFFFF30000000000000E
:1043800003FFFFFF40000000000000004FFFF400AB
:10439000000000CFFFFFFC04FF40CFFFFFFCFFFF4A
:1043A000FFFFC0230CFFFFFFFFFFFFFFFFFC44CF19
:1043B000FFFFFFFFFFFFFFFFFFFFFFFFFFFFFFFF0D
:1043C000FFFFFFFFFFFFF16E0BFFFFFFFFFFFFFF90
:1043D000FFF6AF5DFFBFFFFFFFFFFFFFFFFFFFFB2C
:1043E000000004ABBBBBBBBBBBA20000000004FFD2
:1043F000FFFFFFFFFFFFE100000000EFFFFFFFFFF7
:10440000FFFFFFB00000009FFA00000000001DFF4A
:104410005000004FFE1000000000004FFE10000D85
:10442000FF60000000000000AFFA0009FFB00000CC
:104430000000000001EFF503FFF2000000000000A3
:104440000005FFE1DFFA44442000000034444DFF42
:104450008FFFFFFFFE0000003FFFFFFFFBFFFFFF9E
:10446000FFF700000BFFFFFFFFCFFFFFFFFFE88814
:1044700088FFFFFFFFFCFFFFFFFFFFFFFFFFFFFFC6
:10448000FFFFCFFFFFFFFFFFFFFFFFFFFFFFFCFF6F
:10449000FFFFFFFFFFFFFFFFFFFFFFBDFFFFFFFF6E
:1044A000FFFFFFFFFFFFFFF94EFFFFFFFFFFFFFFD3
:1044B000FFFFFFFC10000000000000000000067677
:1044C000000000059CDDB830000FFF000006EFFF84
:1044D000FFFFFC400FFF0000BFFFFFFFFFFFF90FD2
:1044E000FF000CFFFFA5346BFFFFCEFF00AFFFB254
:1044F0000000002BFFFFFF05FFF900000000008F08
:10450000FFFF0DFFB00000007DDCBFFFFF2FFF208D
:10451000000000AFFFFFFFFF6FFB000000009FFFE8
:10452000FFFFFF02200000000002222222210000E3
:10453000000000000000000000000000000000007B
:1045400000000000DEEEEEEEE7000000009EE5FF5A
:10455000FFFFFFFA00000001FFF3FFFFFFFFF9007C
:10456000000009FFE0FFFFF400100000005FFF7093
:10457000FFFFFF7000000007FFFD00FFFFFFFD6170
:104580000005CFFFF200FFE3EFFFFFEEFFFFFE307D
:1045900000FFF019FFFFFFFFFFB10000FFF0002850
:1045A000DFFFFEA3000000ABA000000133100000FD
:1045B000000000000000033000000006FF000000C3
:1045C00006FFF0000006FFFF244447FFFFFEFFFF49
:1045D000FFFFFFFFFFFFFFFFFFFFFFFFFFFFFFFFEB
:1045E000FFFFFFFFFFFFFFFFFFFFFFFFFFFFFFFFDB
:1045F000FFFFFFFFBFFFFFFFFFF000002EFFFF00E8
:1046000000002EFFF00000002EFF000000002EC072
:104610000000000000000000000330000000000067
:104620000006FF00000000000006FFF00000000090
:104630000006FFFF000000244447FFFFF000000ECB
:10464000FFFFFFFFFF007500FFFFFFFFFFF02FF7E9
:104650000FFFFFFFFFFF007FF0FFFFFFFFFFF000F6
:10466000DF3FFFFFFFFFFF000FF3FFFFFFFFFFF044
:104670000CFD0FFFFFFFFFFF01FE20BFFFFFFFFF4D
:10468000F001000000002EFFFF0000000000002EDF
:10469000FFF00000000000002EFF000000000000FE
:1046A000002DC0000000000000000000000000001D
:1046B0000000000000000073000000000000000087
:1046C0000000004FF7000000000000033000000071
:1046D0009FF7000000000006FF000001007FF500CA
:1046E00000000006FFF00005F9009FE10000000651
:1046F000FFFF00004FFB00DF80244447FFFFF00076
:10470000003FF704FF0EFFFFFFFFFF0086004FF1A1
:104710000DF4FFFFFFFFFFF02FF700CF609F8FFF2B
:10472000FFFFFFFF006FF107F906FAFFFFFFFFFF32
:10473000F000DF405FB05FBFFFFFFFFFFF001FF231
:1047400005FA05FBFFFFFFFFFFF00DFC009F807FD8
:104750009FFFFFFFFFFF01FD201EF30BF6BFFFFFD2
:10476000FFFFF001000AFC01FF2000002EFFFF0008
:10477000000BFF208FC00000002EFFF00007FF405D
:104780002FF4000000002EFF000019201DFA000089
:104790000000002EC00000002DFD100000000000F1
:1047A000000000002FFD20000000000000000000BD
:1047B00002FB1000000000000000000000000000EC
:1047C0000005777777777777777777509FFFFFFFC9
:1047D000FFFFFFFFFFFFF9FFFFFFFFFFFFFFFFFFEF
:1047E000FFFFFFF601BFFFFFFFFFFFFFFFFF90008E
:1047F0000FFFFFFFFFFFFFFFFF70000DFFFFFFDB5D
:10480000FFFFFFFFC0002FFFFFFD10AFFFFFFFFB0B
:1048100056EFFFFFD1000AFFFFFFFFFFFFFFFD1074
:104820000000AFFFFFFFF72EFFD10000000DFFFFDC
:10483000FF7002ED100000000CFFFFF700002100E8
:104840000000000CFFFFC0000000000000000CFF93
:10485000FFC0000000000000000CFFFFFCCCCCCC2F
:10486000CCCCCCCCCFFFEFFFFFFFFFFFFFFFFFFF64
:10487000FD4EFFFFFFFFFFFFFFFFFFE40000000111
:10488000000000000000007F90000000000000EF2A
:10489000F1000000000005FFF700000000000CFF21
:1048A000FD00000000004FFFFF6000000000CFFF90
:1048B000FFE000000006FFFFFFF80000002FFFFFF1
:1048C000FFFF300000CFFFFFFFFFD00007FFFFFF1B
:1048D000FFFFF9001FFFFFFFFFFFFF207FFFFFFF2C
:1048E000FFFFFF90CFFFFFFFFFFFFFE0EFFBFFFFAA
:1048F000FFFFFFF0FFC0DFFFFFFFFFF1DFE09FFFE3
:10490000FFFFFFF09FF51EFFFFFFFFB03FFE218B73
:10491000FFFFFF500AFFF720DFFFFB0000BFFFFF94
:10492000FFFFD1000008FFFFFFFA0000000017ABF7
:10493000A72000000000000000000001EFC0000000
:10494000000BD32FFE0000001DFF82FFE000002DB2
:10495000FFF92FFE00002EFFFF92FFE0003EFFFF59
:10496000F92FFE004FFFFFFF92FFE05FFFFFFFF90F
:104970002FFE6FFFFFFFFF92FFFFFFFFFFFFF92FEB
:10498000FFFFFFFFFFFF92FFFFFFFFFFFFF92FFF7A
:10499000CFFFFFFFFF92FFE0BFFFFFFFF92FFE00F9
:1049A000AFFFFFFF92FFE0008FFFFFF92FFE000037
:1049B0007FFFFF92FFE000006FFFF92FFE00000075
:1049C0005FFF92FFE00000004FF50443000000008D
:1049D0001300022000000000000000008FFB2000F8
:1049E000000000000000FFFFF800000000000000D1
:1049F000FFFFFFE5000000000000FFFFFFFFC20017
:104A000000000000FFFFFFFFFF9100000000FFFF1C
:104A1000FFFFFFFE60000000FFFFFFFFFFFFFC3015
:104A20000000FFFFFFFFFFFFFFF91000FFFFFFFF88
:104A3000FFFFFFFFF700FFFFFFFFFFFFFFFFFFC0CC
:104A4000FFFFFFFFFFFFFFFFFFF3FFFFFFFFFFFF82
:104A5000FFFFFFF1FFFFFFFFFFFFFFFFFE40FFFF34
:104A6000FFFFFFFFFFFF8000FFFFFFFFFFFFFFB221
:104A70000000FFFFFFFFFFFFD4000000FFFFFFFF6C
:104A8000FFF700000000FFFFFFFFFA10000000002A
:104A9000FFFFFFFD400000000000FFFFFF7000006F
:104AA00000000000CFFF91000000000000002AA3DA
:104AB00000000000000000000000000000000000F6
:104AC00000003DFFFFE60003DFFFFE60DFFFFFFFAA
:104AD000100DFFFFFFF1FFFFFFFF300FFFFFFFF3A0
:104AE000FFFFFFFF400FFFFFFFF4FFFFFFFF400F3F
:104AF000FFFFFFF4FFFFFFFF400FFFFFFFF4FFFF8B
:104B0000FFFF400FFFFFFFF4FFFFFFFF400FFFFF1E
:104B1000FFF4FFFFFFFF400FFFFFFFF4FFFFFFFF6A
:104B2000400FFFFFFFF4FFFFFFFF400FFFFFFFF409
:104B3000FFFFFFFF400FFFFFFFF4FFFFFFFF400FEE
:104B4000FFFFFFF4FFFFFFFF400FFFFFFFF4FFFF3A
:104B5000FFFF400FFFFFFFF4FFFFFFFF400FFFFFCE
:104B6000FFF4FFFFFFFF400FFFFFFFF4FFFFFFFF1A
:104B7000300FFFFFFFF38FFFFFFB0008FFFFFFB0C9
:104B8000024444300000244443003DFFFFFFFFFF88
:104B9000FFFFFE60DFFFFFFFFFFFFFFFFFF1FFFFF3
:104BA000FFFFFFFFFFFFFFF3FFFFFFFFFFFFFFFF21
:104BB000FFF4FFFFFFFFFFFFFFFFFFF4FFFFFFFF1B
:104BC000FFFFFFFFFFF4FFFFFFFFFFFFFFFFFFF40B
:104BD000FFFFFFFFFFFFFFFFFFF4FFFFFFFFFFFFF0
:104BE000FFFFFFF4FFFFFFFFFFFFFFFFFFF4FFFFEB
:104BF000FFFFFFFFFFFFFFF4FFFFFFFFFFFFFFFFD0
:104C0000FFF4FFFFFFFFFFFFFFFFFFF4FFFFFFFFCA
:104C1000FFFFFFFFFFF4FFFFFFFFFFFFFFFFFFF4BA
:104C2000FFFFFFFFFFFFFFFFFFF4FFFFFFFFFFFF9F
:104C3000FFFFFFF4FFFFFFFFFFFFFFFFFFF38FFF0B
:104C4000FFFFFFFFFFFFFFB00244444444444444DD
:104C500043000000000000000002DC10000000BF64
:104C6000F37FFD2000000DFF47FFFE300000DFF462
:104C70007FFFFF40000DFF47FFFFFF5000DFF47F85
:104C8000FFFFFF600DFF47FFFFFFFF70DFF47FFFB7
:104C9000FFFFFF8DFF47FFFFFFFFFFFFF47FFFFFD9
:104CA000FFFFFFFF47FFFFFFFFFFFFF47FFFFFFF57
:104CB000FFCDFF47FFFFFFFFB0DFF47FFFFFFFA047
:104CC0000DFF47FFFFFF9000DFF47FFFFF80000D27
:104CD000FF47FFFF700000DFF47FFF6000000DFF63
:104CE00044FF50000000CFF4022000000002440006
:104CF0000000000008EA100000000000000009FFAA
:104D0000FC0000000000000007FFFFFB00000000A7
:104D1000000006FFFFFFFA000000000005FFFFFF94
:104D2000FFF90000000004FFFFFFFFFFF700000095
:104D300003FFFFFFFFFFFFF6000002EFFFFFFFFF93
:104D4000FFFFF50001EFFFFFFFFFFFFFFFF400CFC4
:104D5000FFFFFFFFFFFFFFFFE10FFFFFFFFFFFFF71
:104D6000FFFFFF309FFFFFFFFFFFFFFFFFD0005659
:104D70006666666666666661000000000000000008
:104D80000000000AFFFFFFFFFFFFFFFFFD00FFFF26
:104D9000FFFFFFFFFFFFFFF30FFFFFFFFFFFFFFF1F
:104DA000FFFF40FFFFFFFFFFFFFFFFFFF40EFFFFCE
:104DB000FFFFFFFFFFFFFF20277777777777777772
:104DC000773000000000192000000001DFE2000041
:104DD000001DFFF8000001DFFFD100001DFFFC10E7
:104DE0000001DFFFC100001DFFFC100001DFFFC15B
:104DF00000001DFFFC100000BFFFD10000007FFF7E
:104E0000F600000007FFFF600000007FFFF60000D3
:104E10000007FFFF600000007FFFF600000007FFB3
:104E2000FF600000007FFFF500000007FFF60000B4
:104E300000007F90000000000100058000000000DD
:104E40005FFB00000000CFFFB00000003EFFFB0052
:104E5000000003EFFFB00000003EFFFB0000000376
:104E6000EFFFB00000003EFFFB00000003EFFFB0CB
:104E70000000003FFFF70000009FFFF3000009FF64
:104E8000FF4000009FFFF4000009FFFF4000009F6B
:104E9000FFF4000009FFFF4000008FFFF400000056
:104EA000AFFF400000001CF4000000000000000004
:104EB000000000000001BED300000000000000065A
:104EC000FFFA0000000000000007FFFB00000000E8
:104ED00000000007FFFB0000000000000007FFFBD0
:104EE0000000000000000007FFFB000000000000C1
:104EF0000007FFFB0000000014555559FFFC5555F5
:104F00005420DFFFFFFFFFFFFFFFFFF1FFFFFFFF69
:104F1000FFFFFFFFFFF3FFFFFFFFFFFFFFFFFFF3B9
:104F20006CDDDDDEFFFFDDDDDC9000000007FFFB58
:104F30000000000000000007FFFB00000000000070
:104F40000007FFFB0000000000000007FFFB00005F
:104F5000000000000007FFFB000000000000000749
:104F6000FFFB0000000000000004FFF8000000004C
:104F700000000000365000000000022222222222FF
:104F800022222200BFFFFFFFFFFFFFFFFFE1FFFF25
:104F9000FFFFFFFFFFFFFFF3FFFFFFFFFFFFFFFF2D
:104FA000FFF38FFFFFFFFFFFFFFFFFB000000000D8
:104FB0000023431000000000000000005BFFFFFF23
:104FC000EA40000000000005EFFFFDCEFFFFC30038
:104FD0000000001BFFFF7100029FFFF80000002D82
:104FE000FFFE200253005FFFFB00001EFFFF3000AA
:104FF0006FFC107FFFFB000CFFFFA00006FFFC0012
:10500000EFFFF806FFFFF50103EFFFF409FFFFF3E1
:10501000EFFFFF30BFFFFFFF707FFFFFADFFFFF32C
:105020000AFFFFFFF607FFFFF93FFFFF605FFFFF8B
:10503000FF10AFFFFE108FFFFC00AFFFFF601FFFF0
:10504000FF5000AFFFF6006CDB400AFFFF7000006E
:10505000AFFFF600000009FFFF700000006FFFFCCB
:1050600052126DFFFE400000000019FFFFFFFFFF1E
:10507000F8000000000000015ADEFED950000000D8
:105080000000000000000000000000000000004ED2
:1050900070000000000000000000000000EFFB00B6
:1050A00000000000000000000000006FFFD20000C0
:1050B00000243200000000000003EFFF6028CFFF53
:1050C000FFFB6000000000001BFFFCFFFFECDFFFA8
:1050D000FE7000000000008FFFFFA300006EFFFCC9
:1050E000200000000004EFFF70154001DFFFE30027
:1050F000000001001CFFFB1FFE502FFFFF200000DF
:105100007E30009FFFEFFFF308FFFFD00002FFF6A5
:105110000005FFFFFFFA03FFFFF80008FFFFA000F4
:105120002DFFFFFD01FFFFFF0006FFFFFA0000AFAC
:10513000FFFB02FFFFFE0000DFFFFD000006FFFF98
:1051400055FFFFF500002FFFFF4000003DFFFEFF71
:10515000FF90000004FFFFD0000000BFFFFFFB0036
:105160000000004FFFFB10000007FFFFC000000021
:105170000002DFFFE83120003EFFF60000000000E3
:1051800006EFFFFFFB0001BFFFA0000000000004CE
:105190009CEFFD800008FFFD2000000000000000E3
:1051A000000000004EFFF3000000000000000000BF
:1051B000000001CFF400000000000000000000002B
:1051C0000008600000000000000000000000000077
:1051D0000000000000001DFB0000000000000000B7
:1051E0000000000BFFF700000000000000000000BE
:1051F00004FFFFF100000000000000000000DFFFDE
:10520000FFA00000000000000000007FFFFFFF3053
:1052100000000000000000001FFFFFFFFC00000076
:1052200000000000000AFFFFFFFFF6000000000082
:10523000000003FFFD888FFFE00000000000000079
:10524000CFFF8000CFFF800000000000006FFFF95B
:10525000000DFFFF2000000000000EFFFFA000EF88
:10526000FFFB000000000008FFFFFB000FFFFFF442
:105270000000000002FFFFFFC000FFFFFFD00000A2
:105280000000BFFFFFFD001FFFFFFF700000004F89
:10529000FFFFFFFDCDFFFFFFFF1000000DFFFFFF31
:1052A000FE306FFFFFFFFA000007FFFFFFFF8000E7
:1052B000BFFFFFFFF30001FFFFFFFFF8000CFFFF40
:1052C000FFFFC0009FFFFFFFFFF417FFFFFFFFFF7F
:1052D000500FFFFFFFFFFFFFFFFFFFFFFFFB00DFA0
:1052E000FFFFFFFFFFFFFFFFFFFFFF9002BCCCCCE3
:1052F000CCCCCCCCCCCCCCCC9000000000000000BE
:10530000000000000000000000000000003C500011
:1053100000000000000000007FF5001222200000C5
:105320000000229FFF50FFFFFE2000000CFFFFFF48
:10533000F5FFFFFFE20000CFFFFFFFFFFFFFFFFDD4
:10534000100BFFFFFFFFF84555BFFF60AFFFD5AF64
:10535000FF8000000BF80AFFFE108FF8000000002D
:10536000709FFFE2004F800000000008FFFE200059
:105370000000000000007FFFF310002A3000000052
:1053800006FFFF41DA007FF30000005FFFF40DFF2E
:10539000908FFF30EFFFFFFF502EFFFFFFFFF3FF67
:1053A000FFFFF60002EFFFFFFFFEFFFFFF700000B0
:1053B0003FFFFFFFFA6777750000000377BFFFA08C
:1053C00000000000000000008FFA00000000000054
:1053D0000000006FA00000000000000000000200BC
:1053E00000000000004E70000000000000004FFFB1
:1053F000700000000000004FFFFF70000000000080
:105400004FFFFFFF70000000004FFFFCFFFF700028
:1054100000004FFFFA05FFFF7000004FFFFA000584
:10542000FFFF70004FFFF9000006FFFF703FFFF91C
:1054300000000006FFFF7AFFF90000000006FFFFF2
:105440002EF9000000000006FF50250000000000BB
:1054500000044009D3000000000001CB18FFE30066
:1054600000000001CFFC9FFFE300000001CFFFD050
:10547000BFFFE3000001CFFFD100BFFFE30001CF7A
:10548000FFD10000BFFFE301CFFFD1000000BFFF4D
:10549000E4CFFFD100000000BFFFFFFFD1000000FC
:1054A0000000BFFFFFD1000000000000BFFFD100DF
:1054B000000000000000BFD100000000000000005C
:1054C0006100000000000027100000000000000044
:1054D0000000000002EFD10000000000000000000A
:1054E00000002EFFFD103FFFFFFFFFFFE000000266
:1054F000EFFFFFD13FFFFFFFFFFFF100002EFFFF97
:10550000FFFD15BBBBBBBBEFF10000DFFBEFDCFF1A
:10551000B000000000AFF100009FC0EFD1DF7000CD
:10552000000000AFF100000300EFD0030000000016
:1055300000AFF100000000EFD0000000000000AF5D
:10554000F100000000EFD0000000000000AFF1000B
:10555000000000EFD0000000000750AFF11930004C
:1055600000EFD0000000008FF6AFF3DFE00000EFA7
:10557000D0000000005FFFEFFEFFD00000EFFFFF54
:10558000FFFFFC17FFFFFFFD100000EFFFFFFFFF15
:10559000FF806FFFFFD10000006BBBBBBBBBBA300D
:1055A00006FFFC1000000000000000000000006F7B
:1055B000C100000000000000000000000002000028
:1055C000000578888871000000000000AFFFFFFF31
:1055D000FD100000000000FFFFFFFFFFD1000000F2
:1055E0000000FFFFFFFFFFFECCCCCCCB91FFFFFF05
:1055F000FFFFFFFFFFFFFFFCFFFFFFFFFFFFFFFFBE
:10560000FFFFFFFFFFFFFFFFFFFFFFFFFFFFFFFFAA
:10561000FFFFFFFFFFFFFFFFFFFFFFFFFFFFFFFF9A
:10562000FFFFFFFFFFFFFFFFFFFFFFFFFFFFFFFF8A
:10563000FFFFFFFFFFFFFFFFFFFFFFFFFFFFFFFF7A
:10564000FFFFFFFFFFFFFFFFFFFFFFFFFFFFFFFF6A
:10565000FFFFFFFFFFFFFFFFFFFFFFFFFFFFFFFF5A
:10566000FFFFFFFFFFFFEFFFFFFFFFFFFFFFFFFF5A
:10567000FD4EFFFFFFFFFFFFFFFFFFE40000000004
:10568000000000000000000000000003FC1000000B
:105690000000000000003FFFC1000000000000000B
:1056A00003FFFFFC100000000000003FFFFFFFC1F0
:1056B000000000000003FFFFFFFFFC1000000000DF
:1056C0003FFFFFFFFFFFC100000003FFFFFFFFFFE1
:1056D000FFFC00000006FFFFFFFFFFFFFF100000C0
:1056E000001111EFFFF91110000000000000EFFFA2
:1056F000F90000000000000000EFFFF900000000CA
:1057000000000000EFFFF90000000000000000EFC3
:10571000FFF90000000000000000EFFFF9000000AA
:105720000000000000EFFFF900000000CFFFFFE0E5
:10573000DFFFF80EFFFFFCFFFFFFF32666503FFF81
:10574000FFFFFFFFFFFE522225EFFFFFFFFFFFFFDE
:10575000FFFFFFFFFFFFFFFFFFFFFFFFFFFFFFF167
:105760006E0BFFFFFFFFFFFFFFFFF6AF5DFFBFFF09
:10577000FFFFFFFFFFFFFFFFFB0000000000000036
:1057800000020000000000000000000007FFC851F8
:105790000000000000000000EFFFFFE0000000003C
:1057A0000000005FFFFFFF000000000000000CFF92
:1057B000FFFFE000000000000003FFFFFFFD00000E
:1057C00000000000008FFFFFFFA0000000000000AD
:1057D00002DFFFFFF70000000000000001CFFFFF25
:1057E000300000000000000000DFFFD000000000DB
:1057F000000000003FFFF800000000000000000C67
:10580000FFFF100000000000000008FFFF80000004
:10581000000000000005FFFFD000000005B80000F8
:1058200006FFFFF30000018EFFF60008FFFFF60001
:105830000009FFFFFFF44DFFFFF8000000EFFFFF3E
:10584000FFFFFFFFF80000000BFFFFFFFFFFFFF669
:10585000000000007FFFFFFFFFFFC2000000000408
:10586000FFFFFFFFFE6000000000000FFFFFFFB51D
:10587000000000000000007BB97400000000000080
:105880000000018CDA200000000020001DFFFFF363
:105890000000008FFF80AFFFFFFD00000AFFFFF157
:1058A000EFE10CFF2000BFFFFE30FFD00AFF300BFE
:1058B000FFFFE300BFFCBFFF10CFFFFE30003FFF44
:1058C000FFFFDCFFFFE3000003DFFFFFFFFFFE2021
:1058D000000000012DFFFFFFE2000000000002FFBA
:1058E000FFFF3000000000000BFFFFFFC0000000C2
:1058F000018CEFFFFFFFFC0000001DFFFFFFFFFF1B
:10590000FFC00000AFFFFFFF33EFFFFC0000EFE13F
:105910000CFF202EFFFFC100FFD00AFF3002EFFF77
:10592000FC10BFFCBFFF00001DFFFFC03FFFFFF7E3
:10593000000001CFFFD103DFFE600000000475000E
:1059400000011000000000000000000000122222F0
:1059500022010000000003FFFFFFFE0E70000000A8
:1059600005FFFFFFFE0EF700000005FFFFFFFE0E24
:10597000FF70012205FFFFFFFE0EFFF2DFFF25FF94
:10598000FFFFFF100000FFFF25FFFFFFFFFFFFF3FA
:10599000FFFF25FFFFFFFFFFFFF3FFFF25FFFFFFD7
:1059A000FFFFFFF3FFFF25FFFFFFFFFFFFF3FFFFF9
:1059B00025FFFFFFFFFFFFF3FFFF25FFFFFFFFFFB7
:1059C000FFF3FFFF25FFFFFFFFFFFFF3FFFF25FFB3
:1059D000FFFFFFFFFFF3FFFF25FFFFFFFFFFFFF3C9
:1059E000FFFF25FFFFFFFFFFFFF3FFFF25FFFFFF87
:1059F000FFFFFFF3FFFF24FFFFFFFFFFFFF2FFFFAB
:105A00005056666666666650FFFFE40000000000C0
:105A10000000FFFFFFFFFFFFFE000000FFFFFFFF92
:105A2000FFFFFE0000008BCCCCCCCCCCB70000003C
:105A30002ACCCCCCCCCCCC910000CFFFFFFFFFFF19
:105A4000FFFD1000FFFFFFFFFFFFFFFFD100FFC0C2
:105A50000000000003FFFD10FFC00000000001FF78
:105A6000FFD0FFC00000000001FFFFF5FFC00000F5
:105A7000000001FFFFF6FFC00000000001FFFFF67D
:105A8000FFFBBBBBBBBBBCFFFFF6FFFFFFFFFFFF86
:105A9000FFFFFFF6FFFFFFFFFFFFFFFFFFF6FFFF28
:105AA000FFFE513BFFFFFFF6FFFFFFF30000CFFFBC
:105AB000FFF6FFFFFFE000008FFFFFF6FFFFFFF0A4
:105AC00000009FFFFFF6FFFFFFF90004FFFFFFF656
:105AD000FFFFFFFFDABFFFFFFFF6EFFFFFFFFFFF54
:105AE000FFFFFFF56FFFFFFFFFFFFFFFFFB000228B
:105AF0002222222222222100CEEEEEEEEEEEEEEE69
:105B0000EED1FFFFFFFFFFFFFFFFFFF4FFFFFFFFEF
:105B1000FFFFFFFFFFF313333333333333333320CC
:105B20000000000000000000000000000000000075
:105B30000000000000000000000000000000DFFF87
:105B4000FFFFFFFFFFFFFFE2FFFFFFFFFFFFFFFF82
:105B5000FFF4FFFFFFFFFFFFFFFFFFF312222222F0
:105B6000222222222210000000000000000000007B
:105B70000000000000000000000000000000000025
:105B800000000000DFFFFFFFFFFFFFFFFFE2FFFF5E
:105B9000FFFFFFFFFFFFFFF4FFFFFFFFFFFFFFFF20
:105BA000FFF3122222222222222222100244444403
:105BB000444444444444207FFFFFFFFFFFFFFFFFB6
:105BC000FFF7FFFFFFFFFFFFFFFFFFFFFFFFFFFFED
:105BD000FFFFFFFFFFFFFFFF7FFFFFFFFFFFFFFF55
:105BE000FFFFF704EFFFFFFFFFFFFFFFFE40B11BCA
:105BF000FFFFFFFFFFFFFFB13EFE507FFFFFFFFFF4
:105C0000FFF707FFFFF903EFFFFFFFFE31BFFFFFC5
:105C1000FFD31BFFFFFFB14EFFFFFFFFFF806FFFB2
:105C2000F609FFFFFFFFFFFFFB129922CFFFFFFFE7
:105C3000FFFFFFFFF8338FFFFFFFFFFFFFFFFFFFB7
:105C4000FFFFFFFFFFFFFFFFFFFFFFFFFFFFFFFF64
:105C5000FFEFFFFFFFFFFFFFFFFFFFFD4EFFFFFF17
:105C6000FFFFFFFFFFFFE400034444430000000880
:105C7000FFFFFFF8000000BFFFFFFF6000000DFF07
:105C8000FFFFF1000000FFFFFFFC0000002FFFFFFF
:105C9000FF70000004FFFFFFF20000006FFFFFFE37
:105CA00066665108FFFFFFFFFFFFA0AFFFFFFFFF8A
:105CB000FFF60CFFFFFFFFFFFD00FFFFFFFFFFFFF1
:105CC000400DFFFFFFFFFFB000012222FFFFF200A7
:105CD0000000002FFFF80000000006FFFE0000009B
:105CE0000000AFFF60000000000EFFC000000000D9
:105CF00002FFF300000000005FFA0000000000094E
:105D0000FF100000000000CF7000000000000690AF
:105D10000000000000000010000000000000000073
:105D20001CFF9000000000008CCCDFBCFCCCC60047
:105D30000000FFFFFE01FFFFFC000000FFFFFFDE91
:105D4000FFFFFC000000FFFFFFFFFFFFFC00000063
:105D5000FFFFFF92000000000000FFFFFC01222275
:105D600022010000FFFFF80EFFFFFC0E7000FFFF96
:105D7000F81FFFFFFC0EF700FFFFF81FFFFFFC0EF0
:105D8000FF70FFFFF81FFFFFFC0EFFF2FFFFF81F81
:105D9000FFFFFE100000FFFFF81FFFFFFFFFFFF3F4
:105DA000FFFFF81FFFFFFFFFFFF3FFFFF81FFFFFDD
:105DB000FFFFFFF3FFFFF81FFFFFFFFFFFF3FFFFF2
:105DC000F81FFFFFFFFFFFF35888841FFFFFFFFF4F
:105DD000FFF30000001FFFFFFFFFFFF30000001FA5
:105DE000FFFFFFFFFFF30000001FFFFFFFFFFFF3B8
:105DF00000000008AAAAAAAAAA80000000000000C9
:105E000000000000000000006FA000000000000083
:105E10000000BFF00000000000000028EFF9400083
:105E20000000000008FFFFFFFB1000000000AFFFB4
:105E3000FFFFFFC000000005FFFFFFFFFFF80000AD
:105E4000000DFFFFFFFFFFFF0000001FFFFFFFFF30
:105E5000FFFF5000003FFFFFFFFFFFFF7000004FFC
:105E6000FFFFFFFFFFFF8000005FFFFFFFFFFFFF5F
:105E70009000008FFFFFFFFFFFFFC00000CFFFFF7C
:105E8000FFFFFFFFF00002FFFFFFFFFFFFFFF60035
:105E90000BFFFFFFFFFFFFFFFE109FFFFFFFFFFF56
:105EA000FFFFFFC0FFFFFFFFFFFFFFFFFFF36CDD02
:105EB000DDDDDDDDDDDDDD90000000000000000047
:105EC00000000000000FFFFF40000000000000097C
:105ED000FFFD00000000000000007B8100000000CA
:105EE00019BBBBBBBBBBBBBBBBBBBBB70CFFFFFF8B
:105EF000FFFFFFFFFFFFFFFFF7FFFFFFFFFFFFFFBA
:105F0000FFFFFFFFFFBFFD008F107F105F303F508E
:105F10001FFCFFC007E006F004F202F400FFCFFC14
:105F2000008F007F105F303F501FFCFFFFFFFFFF1F
:105F3000FFFFFFFFFFFFFFCFFFFE66BF66AF768F5D
:105F4000867FFFFCFFFFD006F005F103F301FFFFA2
:105F5000CFFFFD007F005F103F301FFFFCFFFFFF02
:105F6000FFFFFFFFFFFFFFFFFFCFFE66CF766666F6
:105F700066669FA67FFCFFC007E00000000002F4F9
:105F800000FFCFFC007E00000000002F400FFCFF50
:105F9000FCCEFCCCCCCCCCCDFDCCFFBDFFFFFFFFBD
:105FA000FFFFFFFFFFFFFFF94EFFFFFFFFFFFFFFB8
:105FB000FFFFFFFC100000000000000000000021B7
:105FC000000000000000000000005CFF5000000026
:105FD00000000000006DFFFFE00000000000000175
:105FE0007EFFFFFFD00000000000029FFFFFFFFFC9
:105FF000600000000003AFFFFFFFFFFE0000000095
:1060000004BFFFFFFFFFFFF800000005DFFFFFFFF9
:10601000FFFFFFF1000007EFFFFFFFFFFFFFFF9013
:106020000004EFFFFFFFFFFFFFFFFF20000EFFFF59
:10603000FFFFFFFFFFFFFA00000EFFFFFFFFFFFF64
:10604000FFFFF3000005FFFFFFFFFFFFFFFFC000A2
:106050000000012222227FFFFFFF4000000000001D
:1060600000006FFFFFFD00000000000000006FFF58
:10607000FFF600000000000000006FFFFFE00000DE
:106080000000000000006FFFFF7000000000000033
:1060900000006FFFFF0000000000000000006FFF25
:1060A000F80000000000000000005FFFF1000000A9
:1060B0000000000000002FFF900000000000000022
:1060C000000005B8000000000037777777740500FE
:1060D000000FFFFFFFFFA0FA0000FFFFFFFFFA0F16
:1060E000FA000FFFFFFFFFA0FFFA00FFFFFFFFFA1C
:1060F0000FFFFA0FFFFFFFFFA0FFFFF6FFFFFFFFFD
:10610000FA0000000FFFFFFFFFE3222221FFFFFF45
:10611000FFFFFFFFFF8FFFFFFFFFFFFFFFF8FFFF06
:10612000FFFFFFFFFFFF8FFFFFFFFFFFFFFFF8FFF6
:10613000FFFFFFFFFFFFFF8FFFFFFFFFFFFFFFF8E6
:10614000FFFFFFFFFFFFFFFF8FFFFFFFFFFFFFFFCF
:10615000F8FFFFFFFFFFFFFFFF8FFFFFFFFFFFFFC6
:10616000FFF8FFFFFFFFFFFFFFFF8FFFFFFFFFFFB6
:10617000FFFFF8FFFFFFFFFFFFFFFF8FFFFFFFFFA6
:10618000FFFFFFF7BFFFFFFFFFFFFFFE4000000024
:1061900000000000000000000000000000000026D9
:1061A0009CDEDCB850000000000000018DFFFFFF06
:1061B000FFFFFFB50000000001AFFFFFFFFFFFFF83
:1061C000FFFFD50000006FFFFFFFDB999ACFFFFFB5
:1061D000FFB1000AFFFFFC610000000039EFFFFE85
:1061E00040CFFFFB3000000000000007FFFFF4AFCE
:1061F000FF6000000000000000001BFFF20AD20058
:1062000000049CEFEDB62000008E3000000006EF89
:10621000FFFFFFFFFA20000000000002CFFFFFFF9A
:10622000FFFFFFF700000000001FFFFFFB8789DF73
:10623000FFFF80000000000BFFE600000003AFFF3F
:10624000400000000000BA100000000005D400006B
:10625000000000000000000100000000000000003D
:106260000000000001CFF600000000000000000068
:1062700000000BFFFF3000000000000000000000E5
:106280000FFFFF70000000000000000000000DFF85
:10629000FF500000000000000000000003FFFA00B3
:1062A00000000000000000000000001530000000A9
:1062B00000000000000000000000000000000000DE
:1062C000004EFFFFFFFFFFFFFFFFFFFFFFF600EFA6
:1062D000FFFFFFFFFFFFFFFFFFFFFFFF00FFEBBB25
:1062E000BBBBBBBBBBBBBBBBBDFF50FFC00000000B
:1062F00000000000000007FFF9FFC0EFFFFFFFFFF5
:10630000FFFFFFFF07FFFAFFC0EFFFFFFFFFFFFFE9
:10631000FFFF037FFAFFC0EFFFFFFFFFFFFFFFFF5D
:10632000001FFAFFC0EFFFFFFFFFFFFFFFFF001F8F
:10633000FAFFC0EFFFFFFFFFFFFFFFFF05DFFAFFE0
:10634000C078888888888888888807FFFAFFC00016
:10635000000000000000000007FFF6FFFFFFFFFF46
:10636000FFFFFFFFFFFFFFFF10CFFFFFFFFFFFFF5C
:10637000FFFFFFFFFFFD0019BBBBBBBBBBBBBBBB34
:10638000BBBBBB920000000000000000000000004A
:106390000000004EFFFFFFFFFFFFFFFFFFFFFFF6C4
:1063A00000EFFFFFFFFFFFFFFFFFFFFFFFFF00FF0B
:1063B000EBBBBBBBBBBBBBBBBBBBBDFF50FFC00094
:1063C000000000000000000007FFF9FFC0EFFFFF22
:1063D000FFFFFFFD000007FFFAFFC0EFFFFFFFFF19
:1063E000FFFD0000037FFAFFC0EFFFFFFFFFFFFD8F
:1063F0000000001FFAFFC0EFFFFFFFFFFFFD0000DE
:10640000001FFAFFC0EFFFFFFFFFFFFD000005DFE9
:10641000FAFFC078888888888886000007FFFAFF1E
:10642000C000000000000000000007FFF6FFFFFFB3
:10643000FFFFFFFFFFFFFFFFFFFF10CFFFFFFFFF8B
:10644000FFFFFFFFFFFFFFFD0019BBBBBBBBBBBBDB
:10645000BBBBBBBBBB920000000000000000000003
:1064600000000000004EFFFFFFFFFFFFFFFFFFFFE8
:10647000FFF600EFFFFFFFFFFFFFFFFFFFFFFFFF44
:1064800000FFEBBBBBBBBBBBBBBBBBBBBDFF50FF84
:10649000C000000000000000000007FFF9FFC0EF8F
:1064A000FFFFFFFB0000000007FFFAFFC0EFFFFF48
:1064B000FFFB00000000037FFAFFC0EFFFFFFFFBC0
:1064C00000000000001FFAFFC0EFFFFFFFFB00000D
:1064D0000000001FFAFFC0EFFFFFFFFB00000000FD
:1064E00005DFFAFFC078888888850000000007FF74
:1064F000FAFFC000000000000000000007FFF6FFE8
:10650000FFFFFFFFFFFFFFFFFFFFFFFF10CFFFFFBA
:10651000FFFFFFFFFFFFFFFFFFFD0019BBBBBBBB82
:10652000BBBBBBBBBBBBBB920000000000000000BC
:10653000000000000000004EFFFFFFFFFFFFFFFF15
:10654000FFFFFFF600EFFFFFFFFFFFFFFFFFFFFF73
:10655000FFFF00FFEBBBBBBBBBBBBBBBBBBBBDFF04
:1065600050FFC000000000000000000007FFF9FF1E
:10657000C0EFFFF900000000000007FFFAFFC0EFC6
:10658000FFF9000000000000037FFAFFC0EFFFF9F1
:10659000000000000000001FFAFFC0EFFFF900003C
:1065A00000000000001FFAFFC0EFFFF9000000002C
:1065B000000005DFFAFFC0788884000000000000BA
:1065C00007FFFAFFC000000000000000000007FF06
:1065D000F6FFFFFFFFFFFFFFFFFFFFFFFFFF10CFF3
:1065E000FFFFFFFFFFFFFFFFFFFFFFFD0019BBBB2A
:1065F000BBBBBBBBBBBBBBBBBB9200000000000076
:106600000000000000000000004EFFFFFFFFFFFF42
:10661000FFFFFFFFFFF600EFFFFFFFFFFFFFFFFFA2
:10662000FFFFFFFF00FFEBBBBBBBBBBBBBBBBBBBF1
:10663000BDFF50FFC000000000000000000007FF89
:10664000F9FFC000000000000000000007FFFAFF93
:10665000C0000000000000000000037FFAFFC0003F
:106660000000000000000000001FFAFFC000000052
:10667000000000000000001FFAFFC0000000000042
:106680000000000005DFFAFFC0000000000000006D
:10669000000007FFFAFFC00000000000000000003B
:1066A00007FFF6FFFFFFFFFFFFFFFFFFFFFFFFFFFB
:1066B00010CFFFFFFFFFFFFFFFFFFFFFFFFD0019F0
:1066C000BBBBBBBBBBBBBBBBBBBBBB92000000002F
:1066D0000000000018920000000000000000000010
:1066E0000012DFFE100000000000000000001CFF90
:1066F000FFFF50000000000000000000CF76FFFF09
:1067000020000000000000000005F6004CD500004D
:10671000000000003300000DD00000000000000069
:10672000001CFFD2004F6000000000000C4000AFD2
:10673000FFFC01DE0000000000001FFA10FFFFFF59
:10674000FFFFFFFFFFFFFFFFFFFFF5DFFFFF888871
:106750009FE8888888888FFF915FFFF8000007F323
:10676000000000000FC30004BB60000000EB00004D
:1067700000000400000000000000008F3008888343
:106780000000000000000000001EC12FFFF7000005
:106790000000000000000004FFFFFFF70000000001
:1067A000000000000000279FFFF70000000000002D
:1067B00000000000002FFFF60000000000000000B5
:1067C00000000000000000000000000000110000B8
:1067D000000000029EFFFFC700000007FFFFDFFF71
:1067E000FD200008FFFFF2DFFFFE0003FFFFFF11A7
:1067F000DFFFF900AFFFFFF101EFFFF00FFFFFFF39
:106800001212EFFF53FFF47FF13D13FFF86FFF40CB
:106810007F13F50CFFB8FFFF4071350AFFFD9FFFA6
:10682000FF400008FFFFEAFFFFFF3006FFFFFEAF5B
:10683000FFFFF4006FFFFFE9FFFFF400007FFFFEA2
:106840008FFFF40613508FFFD6FFF407F13F409FF0
:10685000FB3FFF47FF13D11DFF90FFFFFFF1211DFD
:10686000FFF50AFFFFFF202EFFFF002FFFFFF22E94
:10687000FFFF80006FFFFF4EFFFFE000004EFFFFB5
:10688000FFFFC2000000059CDDC9400000000000C1
:1068900002222210000000000000CFFFFFE10000F4
:1068A00000ACCCCDFFFFFFFDCCCCC1FFFFFFFFFF55
:1068B000FFFFFFFFF4DFFFFFFFFFFFFFFFFFE2002F
:1068C00000000000000000000007CCCCCCCCCCCCF9
:1068D000CCCA000AFFFFFFFFFFFFFFFE000AFFFF19
:1068E000FFFFFFFFFFFE000AFFE1EFF2CFF3BFFE65
:1068F000000AFFD0DFF0BFF19FFE000AFFD0DFF0FB
:10690000BFF19FFE000AFFD0DFF0BFF19FFE000A3B
:10691000FFD0DFF0BFF19FFE000AFFD0DFF0BFF134
:106920009FFE000AFFD0DFF0BFF19FFE000AFFD0FC
:10693000DFF0BFF19FFE000AFFD0DFF0BFF19FFE46
:10694000000AFFD0DFF0BFF19FFE000AFFE1EFF188
:10695000CFF3AFFE0009FFFFFFFFFFFFFFFD0006C3
:10696000FFFFFFFFFFFFFFFA00007BCCCCCCCCCCBD
:10697000CB9100000000000000000001300000008A
:1069800000000000000004FFD10000000000000033
:106990000004FFFFD10000000000000003FFFFFF24
:1069A000D1000000000000010CFFFFFFB00000005C
:1069B000000004F40CFFFFFF000000000004FFF4DF
:1069C0000CFFFFA00000000004FFFFF40CFFB0006C
:1069D00000000004FFFFFFF40CB00000000004FF03
:1069E000FFFFFFF4000000000004FFFFFFFFFFB007
:1069F0000000000004FFFFFFFFFFB00000000004E4
:106A0000FFFFFFFFFFB00000000004FFFFFFFFFFDC
:106A1000B00000000004FFFFFFFFFFB00000000017
:106A200004FFFFFFFFFFB00000000003FFFFFFFFB8
:106A3000FFB000000000008FFFFFFFFFB00000006C
:106A400000000AFFFFFFFFB0000000000000CFFFC2
:106A5000FFFFB00000000000000EFFFFFFB00000CD
:106A60000000000000FFFFFFB00000000000000079
:106A700008B975400000000000000000000000029E
:106A8000688888888888888875000000005FFFFF14
:106A9000FFFFFFFFFFFFFFC0000005FFFFFFFFFF3D
:106AA000FFFFFFFFFFF500005FFFFFFFFFFFFFFF9E
:106AB000FFFFFFF70005FFFFFFFF80CFFFC08FFF45
:106AC000FFF8005FFFFFFFFC000CFC000CFFFFF86D
:106AD00005FFFFFFFFFF500090005FFFFFF85FFF23
:106AE000FFFFFFFFF5000005FFFFFFF8EFFFFFFFCF
:106AF000FFFFFF40004FFFFFFFF8BFFFFFFFFFFF5B
:106B0000FC00000CFFFFFFF80CFFFFFFFFFFC000C1
:106B10001000CFFFFFF800CFFFFFFFFD0005F500DD
:106B20000DFFFFF8000CFFFFFFFE205FFF502EFF60
:106B3000FFF80000CFFFFFFFE8FFFFF8EFFFFFF8CF
:106B400000000CFFFFFFFFFFFFFFFFFFFFF700004C
:106B500000CFFFFFFFFFFFFFFFFFFFF20000000974
:106B6000EFFFFFFFFFFFFFFFFD50000000000000F0
:106B70000000000002EFFFFFFFFE700002EFFFFFCA
:106B8000FFFFFF5002EFBBFCBFDBBFF902EFD02FCE
:106B900040E701FFA2EFFD02F40E701FFAEFFFD0F5
:106BA0002F40E701FFAFFFFD24F62E823FFAFFFFE3
:106BB000FFFFFFFFFFFFAFFFFFFFFFFFFFFFFAFF3A
:106BC000FFFFFFFFFFFFFFAFFFFFFFFFFFFFFFFA2A
:106BD000FFFFFFFFFFFFFFFFAFFFFFFFFFFFFFFF15
:106BE000FAFFFFFFFFFFFFFFFFAFFFFFFFFFFFFF0A
:106BF000FFFAFFFFFFFFFFFFFFFFAFFFFFFFFFFFFA
:106C0000FFFFFAFFFFFFFFFFFFFFFFAFFFFFFFFFE9
:106C1000FFFFFFFAFFFFFFFFFFFFFFFF99FFFFFFEF
:106C2000FFFFFFFFF409EFFFFFFFFFFFD5000000AC
:106C300000000000000000002C0000000000000028
:106C40000000002EF10000000000000000001EFF08
:106C5000100003ED000000000005FFF10004FFF04C
:106C600000000000005FFF1005FFFF0000000000B3
:106C700005FFF106FFFFF666666666669FFF17FF73
:106C8000FFFFFFFFFFFFFFFFFFF1DFFFFFFFFFFF42
:106C9000FFFFFFFFFF13EFFFFFFFFFFFFFFFFFFF00
:106CA000D002EFFFF1111111111111100002DFFFDD
:106CB00000000000000000000001DFF00000000004
:106CC000000000000001B80000000000000000000B
:106CD00000000000000000000000F00500000000BF
:106CE0000000E005041001002000A00807070109CA
:106CF0003900700F0F100000B100B00D0D1600FD2F
:106D00004001901212100000D001100F0F1100FF6F
:106D10005002A004030701095B027007051502FC7D
:106D200090027007061500FCCF02D0080909000880
:106D3000F802D00C0B0A01032F030005030701FD25
:106D40003A0370080702010541030005030401002E
:106D50004703C0070A15FFFEB003B00E0D10010077
:106D600018042008061000004804A00C0C100000B5
:106D7000A804900C0C1000000805B00E0F100000C5
:106D80008005A00C0C100000E005900D0C10010017
:106D90004006200D0D100000A806300E0E10000059
:106DA0001807900D0D10000080070005030C01006E
:106DB00092070005031001FCAA07D00C0B0B01027F
:106DC000E707D00C0B0701040E08D00C0B0B0102D7
:106DD0004B08A00C0C100000AB08C016151401FCE9
:106DE0007D0920101210FF000D0AA0100E100200E5
:106DF0007D0AE00F0F100100F50A3012101002009A
:106E0000750BC00E0C100200D50B000E0C1002000A
:106E1000350C00110F100100AD0CE0110E10020036
:106E20001D0DD00603100200350D500B0B10FF0096
:106E30008D0DD00F0E100200FD0D100D0B10020075
:106E4000550E001511100200DD0EE0110E100200AB
:106E50004D0F801211100100D50FE00F0D10020030
:106E60003D108012121301FDE81000100D100200F9
:106E70005011B00D0D100000B811F00C0D100000F5
:106E8000201260110E1002009012B00F1110FF00BE
:106E90001813C01819100000E013D00E0F100000D6
:106EA0005814400E1010FF00D814700E0E10000081
:106EB00048155007051502FC7D15C0070A15FFFE91
:106EC000E6155007061500FC2516D00C0B0A010329
:106ED0005C16000B0B0300FE6D16300D0703020E4F
:106EE0007816200D0B0C0100BA16000F0D110200D0
:106EF0002917900C0C0C00007117000F0D110000E9
:106F0000E017700D0D0C00002E18C00709110000CD
:106F10007B18300F0E1000FCEB18000F0C11020054
:106F20005119200604110100731940060815FDFCD3
:106F3000C719900D0C1102002D1A20060311020032
:106F4000471A4017140C0200BF1A000F0C0C020065
:106F5000071B000E0E0C00005B1B000F0D1002FC47
:106F6000C31B000F0D1000FC2B1C0009070C0200B6
:106F7000551C000B0B0C0000971C2009090F00008A
:106F8000DB1CE00E0C0C0100231D500C0E0CFF004E
:106F9000771DC013140C0000EF1D200C0C0C00001A
:106FA000371E500C0E10FFFCA71E700B0B0C0000C0
:106FB000E91EC007071501FC331F9006031502FCEC
:106FC000531FC007071500FC9D1FD00C0B040106C2
:106FD000B31F300909080008D71FF0060505010492
:106FE000E41F00161717FFFDED2000161611000014
:106FF000A8210016161400FE8422001616110000A7
:107000003F23200F10100000BF230016161700FDAD
:10701000BC240016161700FDB925C018191400FE6F
:10702000B3260016161700FDB027C018191100006E
:1070300085280016161700FD8229000B0B1200FF91
:10704000E5298010111200FF7E2AC018191600FDD4
:10705000912B0016161100004C2C200F101700FD6C
:10706000042D40130F1502FEA22D4013141800FC2E
:10707000922E4013141400FE5A2F4013141400FED5
:10708000223040130F1502FEC03040131514FFFECE
:107090009231C00D0C1401FE0A32C00D0C1401FE19
:1070A00082324013141400FE4A33401314050006C4
:1070B0007C33C018191100005134801B1C1700FDCF
:1070C0009335C0181B17FFFDCA360016161500FEB3
:1070D000B1374013130C000223384013130C000285
:1070E0009538801B1C1200FF913900161611000004
:1070F0004C3A0016161700FD493B00161717FFFD06
:10710000523C4013141400FE1A3D4013141700FDA6
:10711000003E4013141400FEC83E4013141200FF3A
:107120007C3F0016161100003740C00D0F17FFFD01
:10713000E4404013141700FDCA414013141700FD2A
:10714000B042C01819110000854300161817FFFD42
:1071500099448010111700FD5D45801B1C1500FE31
:107160008346801B1C0F00015547801B1C0F00012C
:107170002748801B1C0F0001F948801B1C0F0001D1
:10718000CB49801B1C0F00019D4A801B1C1200FF75
:10719000994B4013111701FD5D4C4013141700FD6E
:1071A000434D00161717FFFD4C4E801B1C110000AD
:1071B0003A4F8010111700FDFE4F2016170E0001E8
:1071C0000000721F51EF58EF5BEF5CEF5DEF61EF76
:1071D00063EF65EF69EF6CEF71EF76EF77EF78EFC4
:1071E0008EEF93EF98EF9BEF9CEF9DEFA1EFA2EF57
:1071F000A3EFA4EFB7EFB8EFBEEFC0EFC1EFC4EF5E
:10720000C7EFC8EFC9EFCBEFE3EFE5EF14F015F0F0
:1072100017F019F030F037F03AF043F06CF074F0FA
:10722000ABF03BF190F191F192F193F194F1D7F140
:10723000E3F13DF254F2AAF412F7F2F72000000055
:107240005F000100000000000000000000000200DC
:10725000B0000000F3F76000C071040800000000F7
:107260003E000300000001020003040502060708B7
:10727000090A090A0B0C000D0E0F101112130C1441
:10728000140000001516171819161A1B1C1D1D1EB8
:107290001F201D1D1621222303241E2525262728F5
:1072A000292A2B002C002D2E2F303132332D34344F
:1072B00035302D2D2E2E36373839333A3A3B3A3C7D
:1072C000290000093D090000000000000000000046
:1072D00000000000000000000000000000000000AE
:1072E000000000000000000000000000000000009E
:1072F000000000000000000000000000000000008E
:107300000000000001020003040502060708090A44
:10731000090A0B0C0D0E0F10110C12131415150089
:10732000000016171819171919191719191A191908
:10733000191917191719031B1C1D1D1E1F202122A7
:10734000230024002526272727002726282926264C
:107350002A2A272A272A2B2C2D2E2E2F2E300000CA
:1073600023093109000000000000000000000000B7
:10737000000000000000000000000000000000000D
:1073800000000000000000000000000000000000FD
:1073900000000000000000000000000000000000ED
:1073A00000010000000000000001000004000000D7
:1073B00000020000000000000000000000000000CB
:1073C00000000100000000000000000000000000BC
:1073D000000110000AF800000000EDEB02110806A1
:1073E000F20211010F040B00000000000000000079
:1073F00000001503FE000000000000000000000077
:10740000000700F50000000000F906070000FC007E
:10741000FE0400FC00FCFEF900000000FC0000FB84
:10742000FB0000FC00F9000000000000000000FC70
:10743000FC00FB00F600D50000F900070B0000F986
:1074400004040C07FA070000EC0000000000000034
:1074500000000000F3000000000000000000000039
:10746000000000F6FCEF00F2FE00000000010E003C
:10747000F5FDFF0100FA0000FEE60000000000003C
:107480000000000000E4FD0D00000000000000000E
:1074900000000000F2000000000000000000000CEE
:1074A00000040000F90000000000000000000000DF
:1074B0000000000000000D030100000000000000BB
:1074C00000000000000000000000000000000000BC
:1074D00000000000000000000000000000000000AC
:1074E000F3000000000000000000000000000000A9
:1074F000000000000000000207040BFC000007FC75
:10750000F4D0020A0701FB000D000B000B00DF00A6
:10751000FC0B000CFC0704000001FC0000FA1C003E
:107520001C000B000F05060B000000F3000000001C
:1075300001FE0002FAFBF90200FC000000F200006C
:10754000000000000000000000E900000000000052
:1075500000000000000000000001ED00EA00000053
:1075600000FE0023FCFB0404FD00FB040000ED0012
:1075700000000000000000000000DE000400000029
:10758000000000000000000000EA00150000F30009
:107590000C00E8DEE8F90B0000E80004F800FB004E
:1075A0000000000000000000000000090BD50000F2
:1075B00000000000000000000000110002000000B8
:1075C00000000202FCF900FFFFFC0000FE000000CA
:1075D000F900FD00F8F900F7F4F4F900F900F900FA
:1075E000000000FD0000040002FC00010000000497
:1075F000FE000000FE0404FF000000F900FF000090
:10760000000000010005FE00FC00FA0000FE000B77
:107610000000FC0000000000FF01FEFE0000FC0076
:10762000FC000000000000000000FEFE00FCFC006A
:1076300000000000010000FE00FCFCFC0000000057
:107640000000000000FE00000000FEFB00FB00F553
:10765000FEF5070000F904070A00F7FFFC00FFEF42
:1076600004FE02ED04000001EE00EDFDE1FE00EE7F
:1076700000070A0005000000000100FAFB00F50009
:107680000000FC000000FC0000000000FEFE00FE08
:10769000FB00000000000000FCFC00FEFCFD000000
:1076A000FC0000000000000000000000FDFD00FCE8
:1076B00000FE00F9040000FC0204040000000000C9
:1076C00000FE0000000000020000FC00FCFEFC00C8
:1076D0000000000000000300FD00000000FCFB00B3
:1076E000F9000BFE01F500000AEEEEF1F90400FDD1
:1076F000E9FA00FA00F905FAE900F6000002FF03D2
:10770000FE000400F5F300EEF8F9F8F5FCF6FFF9D9
:10771000F602000100FC000000020004000000006E
:1077200000000000000000FC00FE00FFFC00FAF872
:10773000F8FF00F5000000000000FD00000000015F
:10774000FE00000004000000000000000011000026
:107750000000000002000000FC000000000000002B
:1077600000000000FA00040000000000000000001B
:1077700000000000FE000000F900000000EEF5002F
:107780000000FBEE0000FC0400F60000000000001A
:1077900000000000FA0000F90000000000000000F6
:1077A000000000000400FA00000000040002F9F9E3
:1077B00000FCFCFC000000000000F500FC00FBFCED
:1077C00000F8F7F5FD00F900F5000000001C0000CE
:1077D000020000FB000400F10000000000DFFA0CD2
:1077E0000BFDF10004FB00EEFEFB04E7FC050005C9
:1077F000F4FBF3F4F10000EB00140000FE000000C5
:10780000FEFEFCF6F4FFDF000000000000000000B8
:107810000100000000000000000000000000000067
:1078200000FC00FEFCFB0000F900FC000000000072
:1078300000000000000000000000FF00F900000749
:10784000FF0500F804FEFFF7FC00FBFCFE00FBFA5E
:107850000000FDFFFEFAFC0000FC0004FE00F80042
:107860000000F900FA00FAFA04000000000000002D
:1078700000F90400FB00FEFCF5FEFEFEFFFEFCFF2F
:107880000000000000FCFDFD0000000004FE00FE02
:10789000000000FEFCFEFDFCFD00030EFF00F600F4
:1078A000FE0700FCF1FB050000EFFA04FA0200FEFF
:1078B000FDF500FB020000FA0000000404F9F900E5
:1078C000FAFCFBFCFC00FA02F9FA0B0000000000D5
:1078D00000000000040000000000000000000000A4
:1078E000000000000000000000000000FA0000009E
:1078F0000000000000000000000000000000000088
:107900000000000000000000000000000000000077
:107910000000000000000000FE0000000000000069
:107920000000000000000000000000000000000057
:10793000000000000000FDFC00000000000000004E
:1079400000000000FB0000FB0000FCFC0000000049
:10795000FC00000000FE0000000000FE000000002F
:10796000FB00F9000000F40002F80701FEEF000040
:10797000F8FC00F2F7F60000F1FCF2F3EF00F7007C
:107980000318FB00F8FCFFFCFAF6FAF3F2F8FC002F
:1079900000FE00010000E7FD0B08F8F30001F50010
:1079A000EEFEFC07E0FB010000E9FCEEFCE6000057
:1079B000E700150100FE00000000FEFEF3FE00E9F6
:1079C00000000000F500FD00FFF6EF0000FEFBF5F3
:1079D000FC00FE00000000F0FCF4F5FDFAF7FCFAF4
:1079E00000F9FDF4FB00FCF9FCF9000200FEF400D4
:1079F0000700FA00000000040002F90E00FCFCFC85
:107A0000000000000000F500FC00FBFC00F8F7F5AA
:107A1000FD00F9030E000000001C0000020000FB46
:107A200000040000000000000000FF000000000053
:107A3000FEF90000000000FE000000FCFC0000F960
:107A4000FC0000F90006FE0000000000000200003B
:107A50000000050703FD00F5FA000BF4F5F9F90E37
:107A60000604E1FE07FC00FC04FCF400FC04FBFD42
:107A7000F5FD00000B0700F600EDFB0AFBF301FB30
:107A8000F4F4FC0E0400FB00F600030CF8F3F2F72C
:107A90000B0001E6FD04FAFEF800F8F3FBFBFD0025
:107AA00000F8F9FC000B08FCED00EDFB00F4ECFF26
:107AB000F5FAF4F60A0000FB00F9FD00FCFA0006F6
:107AC000F4040000ED00FCF8FAFEF5F7F4F800F518
:107AD000FCF8F9F5FC00000111FA00F5FC00FCF9D6
:107AE000F8F6F6F3FBF90700FB00EEFC0207F5F3EE
:107AF000F9F40CFC02DFFA07F8FAF300F5F1FCFCEC
:107B0000FDFCF9F5FF00000B0AFEE900EBF808F3B5
:107B1000E8F9F4F1EEF40700000000FC000004FCBA
:107B20000702F9070000F5FF00FF000101FD00005A
:107B300000000000FC00000000030B0100FC00003E
:107B40000000FEFEFC000000010300000000030036
:107B5000FD000D00060101FB00070000000300000E
:107B60000000000000000000000B000A0000000000
:107B700000000000000000000000EB00FC06000B0D
:107B800000002304F9F90404FE01EE000011EB00EB
:107B900000000000000000000000E80D31000000BF
:107BA000000000000000000000EB000000000000EA
:107BB00000000000000000000000000000000000C5
:107BC00000000000FA0000F9FD00000000000000C5
:107BD000000000000000000000000000FE00F600B1
:107BE00000010000042DF9FD0B0AF6040000040456
:107BF000FB0000000000000000000000D20A0000AE
:107C0000000000000000000000000000000000F67E
:107C1000000000F600000000F8FE000000F800FC84
:107C200000EF0000000000000000000000E800007D
:107C3000000001000000000000FC0000F900FB0053
:107C4000F6000000FA04FC0000F6FCF80000F60064
:107C5000FC00EF00FC0000E3F9F2FCF30000E80098
:107C6000F6FE0000000000000000FBFAFDFA000034
:107C70000000F800F805FC0700FEF8FEFAF900FC29
:107C8000FEFE02F6FF000000E1FDFB00F800FEEF43
:107C9000FD0000FEFD000000000200FEFAFE0600EE
:107CA00000000000000000000000000000000000D4
:107CB00000000000000000000000000000000000C4
:107CC00000000000000000000000050000000000AF
:107CD00000F800FE000000F904000000F6FCF900C6
:107CE00000F600FC00EF00000000DE00F9F3EE00FB
:107CF00000E800FEFB0000000000000000FCFBFEAE
:107D0000FB01000006FB000B11FCFCF5041106084A
:107D1000F6040F040A080A0000000000000000003A
:107D200000001611FAFC00FD1C0F1C0000000400EE
:107D3000000D0000FA000000000000000000FE003E
:107D4000000000000000000500000000E2FCFDF261
:107D5000EF0000E80000000000000000000000004C
:107D60000000000000FA000000000000000000FE1B
:107D700000000000000000000500000000E2FCFD23
:107D8000F2EF0000F2000000000000000000000020
:107D90000000000000000000FD000000F80400FCEE
:107DA000030604F500FFFD04000300000000F700D7
:107DB000FDFEF900FDF20016FC00F8FE00FEFA00E0
:107DC000FCF6F9FC000000FA0000000000000000D2
:107DD00000FE00000000000000000500000000E2BE
:107DE000FCFDF2EF0000E8000000000000120000BF
:107DF0000000000000000000FA00F5FCFD0BFDFC97
:107E0000F201FE01FEF6010801030103F8F2FC0095
:107E1000F3F9F6F1F200FAF9FCFBFDFEFCFE00FEC0
:107E2000FF050005FE000B00000000000000000040
:107E3000000000FEFCFC0000F600FE00FA0000005E
:107E40000000000000000000EB0000000000000047
:107E500000000000FCFC00FB00000000FD0000FA38
:107E6000FC0400FAF9FE00F6FEF8FEFC00FA000041
:107E7000000000000000000000E8000B0000FA0015
:107E8000000000FB00FC0000FE0000FE00F8000007
:107E90000FFBF4F5020404FFF60205020B020CFED0
:107EA000F60000F20000F5F60000F900FBFA00FB16
:107EB00000FB00FE0500FDF5FC0D0000FD00F900D3
:107EC0000005F80004FC030000F400FEFF00FC04C1
:107ED000FD000000F2FCF800F50000EF000DFC00D2
:107EE000FA000200FC00FCF500FC0400000000FEAB
:107EF000000004FB010000FCFE00FC00000000008C
:107F0000000000000000000000000000EA0008007F
:107F100000FD000000000100FCFC0000000700085C
:107F20000000000000EAEC010F0B06F2020F000D4A
:107F30000007000000000000000000000013000027
:107F40000000000000000000000000000000000031
:107F5000A073040864720408027304083D31000031
:107F6000301C0408D06C04083C720408507F0408DC
:107F700010000228698D0108318B01080000000003
:107F8000180000000400000000FE0100607F0408EB
:107F900000000000000000005745000809DC000850
:107FA000B574000869B6000803380008F5660208D1
:107FB00089AB000835AB0008A7C200085D6802085D
:107FC0005745000849DC0008B574000869B6000888
:107FD00003380008F566020889AB000835AB0008D5
:107FE000A7C200085D6802085FD200080000000018
:107FF000A3D2000815D400080000000059D40008DE
:1080000000003C027804B306EE08280B610D990FBE
:10801000D01106143A166C189D1ACB1CF71E21219C
:1080200048236C258E27AC29C72BDF2DF32F033275
:10803000103418361D381C3A183C0E3E0040ED41F5
:10804000D443B74594476B493D4B084DCE4E8E50B7
:108050004752FA53A6554C57EB58825A135C9D5D14
:108060001F5F9A600E627A63DE643A668E67DA6832
:108070001E6A5A6B8D6CB86DDA6EF46F04710D72F6
:108080000C730274EF74D375AE76807748780779F5
:10809000BC79687A0B7BA37B337CB87C347DA67D6E
:1080A0000E7E6D7EC17E0C7F4C7F837FB07FD37F41
:1080B000EC7FFB7F00800010161B2023272A2D3029
:1080C000323537393B3D4041434547494B4C4E5093
:1080D0005153545657595A5B5D5E606162636566E1
:1080E00067686A6B6C6D6E70717273747576777891
:1080F000797A7B7C7D7E8080818283848586878877
:10810000898A8B8C8D8E8F90909192939495969670
:108110009798999A9B9B9C9D9E9FA0A0A1A2A3A388
:10812000A4A5A6A7A7A8A9AAAAABACADADAEAFB0AF
:10813000B0B1B2B2B3B4B5B5B6B7B7B8B9B9BABBE6
:10814000BBBCBDBDBEBFC0C0C1C1C2C3C3C4C5C529
:10815000C6C7C7C8C9C9CACBCBCCCCCDCECECFD071
:10816000D0D1D1D2D3D3D4D4D5D6D6D7D7D8D9D9C4
:10817000DADADBDBDCDDDDDEDEDFE0E0E1E1E2E21E
:10818000E3E3E4E5E5E6E6E7E7E8E8E9EAEAEBEB7E
:10819000ECECEDEDEEEEEFF0F0F1F1F2F2F3F3F4E2
:1081A000F4F5F5F6F6F7F7F8F8F9F9FAFAFBFBFC4F
:1081B000FCFDFDFEFEFF3643F4631EE9B0279CB7CD
:1081C0003A67B5513FF39621F4A903D4BC008896D1
:1081D0000050AF4C4AC38B39DCCD3BEBFF07C1FFEE
:1081E0000098FF2257FF4855798B7D609E9E9E50D8
:1081F00053EF7373E59A9AEFD2CDFFEEEBFF7A401F
:10820000EC9262F0B18FF4D0BBF8ECE4FCBC47AB6D
:10821000C868BAD893CEE7BEE1F5E5F3C2577ECD84
:108220007595DB9DB3E9C4D1F6E7EDC06B5CCB86F9
:1082300079DAA89FE9CAC5F6EAE8F5A542F6B56479
:10824000F9CA90FBDEBBFDF2E3F6B629F7C34FFA9D
:10825000D481FCE5B3FEF5E1DAC626E1D04DEADED5
:1082600080F2EBB2FAF7E09AA626ACB64DC4CB800A
:10827000DBDFB2F1F2E06ABB6684C781A7D6A5C98D
:10828000E6C8E9F5E865CC9C81D5AEA5E1C5C8EDA9
:10829000DCE9F8F157E1D475E7DC9CEEE6C3F4F0D5
:1082A000E7FBF958EEFF76F1FF9DF5FFC4F9FFE714
:1082B000FDFF28CAFF4FD5FF82E0FFB3ECFFE1F8D6
:1082C000FF26A7FF4DB7FF80CCFFB2E0FFE0F3FF32
:1082D0004370FF658AFF91ABFFBCCCFFE7E9FB630E
:1082E0006E8D7F88A1A4AABCC8CCD7E9EBEF9C9087
:1082F00078AEA490C5BEB0DCD8CFF1EFECBDBDBD6B
:10830000E0E0E0EEEEEEF5F5F5FAFAFA3539E52FB4
:108310002FD32828C61C1CB7601BD85B18C2571463
:10832000AD4F0E88AA248EA21F7B9A1B6A8C144A1A
:10833000B1355EA82D51A02745921B31AB49399F1D
:108340003F309335287E231AE5881ED27619C06502
:1083500015A1470DE59B03D18802BD77029B57010C
:10836000C1AC00A797008F83006460007B89006B1D
:1083700079005C6900404D0047A0433C8E38327D57
:108380002E205E1B42B37C389F682F8B551E6933AD
:1083900033CAC02BB4AF249D9E17778235D8FD2DEC
:1083A000C0FB25A8F9177FF500B3FF00A0FF008FE1
:1083B000FF006FFF008CFB007CF5006CEF0051E6C6
:1083C0001E51F4194AE61543D80C36BF414C6D379F
:1083D000405D2E344E23273E7A6E54645A454F47F3
:1083E000373832267575756161614242422121211B
:1083F000FFFFFF0000010000FF000000FF00000081
:108400000F0000000C1C0408FFFFFF1F000100000C
:108410000004040204040404040404000000000036
:10842000060606060606040006060606000000000C
:108430000000000000000005020000000000000035
:10844000040000000000000002000202020002001E
:108450000202020000000000020000000000000014
:1084600002000000000000000101050505010500F3
:10847000100101000000001022220C0C32323200E8
:10848000003232100000000000000000000404046C
:1084900004040404040404040404040400000000AC
:1084A000DD3102080931020881300208FF2F02087D
:1084B00095310208B9300208E13002081D1C6869D4
:1084C0006B6A6E6C6D62610098B90308B9F70008B9
:1084D0000000000045F9000800000000888F040833
:1084E00000000000000000000106000098B9030829
:1084F000150801086F0801088D0801080000000038
:108500008C8F0408C600000009000000400700002E
:1085100098B90308F50F01080000000000000000F2
:1085200000000000908F0408FFFFFF3FFFFFFF3FA8
:10853000C4020000988F0408A08F0408A88F0408C4
:10854000948F0408B08F0408B88F0408CC8F0408F7
:1085500098B9030875100108AD100108C51001088D
:1085600000000000C08F0408C60000006300000087
:108570008504000098B90308291A010800000000CA
:108580000000000000000000E48F040894000000D8
:1085900094000000C446000098B90308CD480208C2
:1085A00000000000000000000000000044900408EB
:1085B00064000020210000000000000098B90308BA
:1085C000AD490208000000000000000000000000AB
:1085D0001493040864000020FFFFFF3F0000000028
:1085E00098B903088F1C0108E11C0108511D0108FE
:1085F000000000003093040864000020C600000062
:108600008007000098B903081120010851200108D3
:10861000292201080000000038930408FFFFFF3FF3
:10862000FFFFFF3F4403000098B90308B982010827
:10863000598301087D830108000000002493040889
:1086400063000000FFFFFF3F0505000098B9030825
:10865000EB8801081D890108418501080000000020
:108660004493040800000000000000000003000024
:1086700098B9030879970108619A0108899A010855
:108680000000000054930408FFFFFF3FFFFFFF3F7F
:10869000C00500005085040801A301080000000087
:1086A00000000000000000005C930408640000204B
:1086B00032000020010500006C930408C4930408F4
:1086C0005890040898930408C89304082095040857
:1086D000DC930408D0930408A8930408BC9304080E
:1086E000C0930408F0930408948F0408809304084E
:1086F00088930408CC930408949304089C9304087A
:10870000A0930408A4930408AC930408B09304084D
:108710000C900408F8930408948F040884930408C8
:1087200074930408E0930408D89304089093040811
:10873000D49304088C930408B8930408B4930408F1
:1087400078930408709304087C930408948F0408B9
:10875000F4930408E893040868930408EC9304086D
:10876000E4930408CC8F04082503040404040404DF
:1087700004040404040404040404040404040701B9
:10878000260303040304030403040304030403048F
:1087900003040304070101050105010401040104A8
:1087A000010401040104010401050105010522037E
:1087B00002010600020122036C9304083C940408A1
:1087C000509404080C940408508F0408449404083E
:1087D00058940408489404081C9404083494040829
:1087E00038940408F0930408948F040860940408F3
:1087F000FC930408409404080894040810940408A6
:108800001494040818940408209404082494040878
:1088100028940408F8930408948F040884930408A7
:10882000749304085C9404085494040804940408A1
:108830004C94040800940408309404082C94040810
:1088400078930408709304087C930408948F0408B8
:1088500064940408E893040868930408EC930408FB
:10886000E4930408CC8F04082503040404040404DE
:1088700004040404040404040404040404040701B8
:10888000260303040304030403040304030403048E
:1088900003040304070101050105010401040104A7
:1088A000010401040104010401050105010522037D
:1088B00002010600020122039C940408A09404080B
:1088C000A4940408A8940408AC940408B094040880
:1088D000B4940408B8940408BC9404089894040858
:1088E000F0930408948F040860940408909404089A
:1088F0007C940408949404088C940408C894040894
:108900007894040868940408D094040870940408C7
:10891000C4940408CC940408948F0408DC940408DC
:10892000D494040874940408849404088894040873
:10893000E4940408E8940408D8940408E094040833
:10894000C09404086C94040880940408948F04086C
:10895000F4930408E893040868930408EC9304086B
:10896000E4930408CC8F0408010401040104010409
:1089700001040104010401040104010402012203B1
:1089800001040104010401040104010401040104BF
:1089900001040104010401040104010401040104AF
:1089A000010401040104010401040104010422037F
:1089B00002010600020122039C940408A09404080A
:1089C000A4940408F4930408948F0408A894040859
:1089D000AC940408B0940408E4930408948F040849
:1089E000B4940408B8940408BC940408F0930408F0
:1089F000948F0408EC94040898940408789304086D
:108A0000E8930408EC930408CC8F040801000100EB
:108A10000100220301000100010022030100010006
:108A2000010002000100010001000100010000003E
:108A300098B90308DDA501085DA60108A1A60108F3
:108A400000000000F0940408FFFFFF3FFFFFFF3F1E
:108A50000006000098B9030885B301080000000073
:108A6000BDB3010800000000F894040813000000E2
:108A7000130000000003000098B9030891B6010834
:108A800000000000C1B6010800000000FC940408CA
:108A9000FFFFFF3FFFFFFF3F8003000098B903087F
:108AA00000000000000000000000000000000000C6
:108AB0001095040894000000C600000000000000AB
:108AC0001085040800000000000000000000000005
:108AD000000000000495040864000020FFFFFF3F31
:108AE00000000000308A04080000000000000000C0
:108AF0000000000000000000189504086400002039
:108B0000FFFFFF3F0000000098B903085DBE0108A9
:108B1000BDBF010800000000000000005C950408D3
:108B200094000000C6000000C006000098B90308C9
:108B3000C5BF0108F9BF01080000000000000000E7
:108B40002495040864000020FFFFFF3F400300005D
:108B500098B9030899BF0108000000000000000058
:108B6000000000005095040864000020FFFFFF3F54
:108B70000000000098B9030889C001080000000047
:108B80000000000000000000309504086400002090
:108B9000FFFFFF3F0000000098B90308000000003D
:108BA00000000000000000000000000040950408E4
:108BB000FFFFFF3FFFFFFF3F0000000098B90308E1
:108BC00000000000000000000000000000000000A5
:108BD0000000000000000000000000000000000095
:108BE00098B9030800000000000000000000000029
:108BF0000000000000000000000000000000000075
:108C00000000000098B90308000000000000000008
:108C10000000000000000000000000000000000054
:108C2000000000000000000098B9030800000000E8
:108C30000000000000000000000000000000000034
:108C400000000000000000000000000098B90308C8
:108C50000000000000000000000000000000000014
:108C6000D4950408C6000000FFFFFF3FC0030000CA
:108C700098B9030800000000000000000000000098
:108C800000000000A49504086400002021000000FA
:108C9000C002000098B903080000000000000000B6
:108CA0000000000000000000C495040864000020DB
:108CB000FFFFFF3FC002000098B90308000000005A
:108CC000000000000000000000000000B49504084F
:108CD0006400002021000000C002000098B90308D1
:108CE0000000000000000000000000000000000084
:108CF0007C950408FFFFFF3F64000020C4020000D1
:108D000098B9030800000000000000000000000007
:108D100000000000649504082100000064000020A9
:108D2000C402000098B90308000000000000000021
:108D3000000000000000000094950408640000207A
:108D400064000020C002000098B903089D0B0208CF
:108D500000000000150C020800000000EC9504085B
:108D6000FFFFFF3F6300000005040000308A040895
:108D70000000000000000000E10D020800000000FB
:108D8000DC95040800000000000000000006000060
:108D900098B90308D70F02083510020865100208B9
:108DA00000000000F495040800000000000000002E
:108DB00041060000EC840408C5130208000000000E
:108DC0004114020800000000FC95040800000000A7
:108DD00000000000450A00008C8E0408C917020834
:108DE0000000000059180208000000000496040862
:108DF000630000000000000081080000C88404082F
:108E0000611B0208000000000000000000000000DC
:108E10000C960408000000000000000000000000A4
:108E200098B90308732202089B220208A5220208AF
:108E3000000000001496040827000000170000003E
:108E40000403000098B903081524020869240208E5
:108E5000C9240208000000001C960408FFFFFF3F21
:108E6000FFFFFF3F8504000098B90308D1280208DE
:108E700000000000352902080000000024960408C4
:108E800064000020640000204003000098B903083B
:108E900021340208333602085D3602080000000063
:108EA0002C960408C600000063000000450700007F
:108EB00098B903089D3B0208000000000000000074
:108EC00000000000409604080000000000000000C0
:108ED0000003000098B90308DD3B02080000000011
:108EE00000000000000000003896040800000000A8
:108EF000000000000003000098B90308B54502080F
:108F00000000000000000000000000004C96040873
:108F10006400002064000020C0020000EE98810080
:108F2000EE988A00EE988F00EE99B7004F4B000044
:108F300045494E56414C000045525346554C4C0055
:108F4000454E4F4D454D000045494F004552524F4B
:108F500052000000454E4F535953000045494E54AE
:108F6000525054004554494D4F55540045554E4BB1
:108F70004E4F570045425553590000004552534546
:108F8000505459006F626A0061726300626172003E
:108F900062746E000A00000042746E31000000002E
:108FA00042746E320000000042746E330000000014
:108FB00042746E340000000042746E350000000000
:108FC00062746E6D617472697800000000000000C8
:108FD0005361000057650000546800004D6F0000A9
:108FE0004672000063616C656E646172000000008F
:108FF00053750000547500004A756E65000000004E
:109000004D61726368000000417072696C0000007D
:10901000446563656D62657200000000536570749D
:10902000656D6265720000004E6F76656D626572F7
:10903000000000004F63746F6265720041756775D0
:109040007374000063616C656E6461722D686561A4
:109050006465722D6172726F770000004D61790056
:109060004A756C79000000004A616E756172790082
:1090700046656272756172790000000032303235E7
:109080000A323032340A323032330A323032320A63
:10909000323032310A323032300A323031390A322B
:1090A0003031380A323031370A323031360A323014
:1090B00031350A323031340A323031330A3230310C
:1090C000320A323031310A323031300A32303039FE
:1090D0000A323030380A323030370A323030360A0D
:1090E000323030350A323030340A323030330A32DE
:1090F0003030320A323030310A323030300A3139D1
:1091000039390A313939380A313939370A31393977
:10911000360A313939350A313939340A3139393376
:109120000A313939320A313939310A313939300A9B
:10913000313938390A313938380A313938370A3152
:109140003938360A313938350A313938340A313943
:1091500038330A313938320A313938310A3139383D
:10916000300A313937390A313937380A3139373726
:109170000A313937360A313937350A313937340A45
:10918000313937330A313937320A313937310A3117
:109190003937300A313936390A313936380A3139F6
:1091A00036370A313936360A313936350A313936E9
:1091B000340A313936330A313936320A31393631E7
:1091C0000A313936300A313935390A313935380AF8
:1091D000313935370A313935360A313935350A31C1
:1091E0003935340A313935330A313935320A3139B2
:1091F00035310A313935300A313934390A313934A7
:10920000380A313934370A313934360A313934358C
:109210000A313934340A313934330A313934320AB3
:10922000313934310A313934300A313933390A317C
:109230003933380A313933370A313933360A31395B
:1092400033350A313933340A313933330A3139335A
:10925000320A313933310A313933300A313932394E
:109260000A313932380A313932370A313932360A5D
:10927000313932350A313932340A313932330A312F
:109280003932320A313932310A313932300A313920
:1092900031390A313931380A313931370A31393106
:1092A000360A313931350A313931340A31393133FD
:1092B0000A313931320A313931310A313931300A22
:1092C000313930390A313930380A313930370A31D9
:1092D0003930360A313930350A313930340A3139CA
:1092E00030330A313930320A313930310000000070
:1092F00030310A30320A30330A30340A30350A301D
:10930000360A30370A30380A30390A31300A3131FA
:109310000A31320063616C656E6461722D6865614B
:109320006465722D64726F70646F776E0000000068
:109330006368617274000000636865636B626F78D4
:109340000000000064726F70646F776E2D6C69733B
:1093500074000000696D6167650000006B657962EB
:109360006F617264000000002000000031230000E3
:109370002C0000002D0000002E0000003A0000002C
:10938000414243005F0000006100000062000000F5
:10939000630000006400000065000000660000003B
:1093A0006700000068000000690000006A0000001B
:1093B0006B0000006D0000006E0000006F000000F8
:1093C00070000000710000007200000073000000D7
:1093D00075000000760000007800000079000000B1
:1093E0007A000000EF808C00EF819300EF81940001
:1093F000EF959A00EF849C00EFA2A20041000000CC
:10940000420000004300000044000000450000004E
:10941000460000004700000048000000490000002E
:109420004A0000004B0000004C0000004D0000000E
:109430004E0000004F0000005000000051000000EE
:1094400053000000540000005500000056000000CA
:109450005700000058000000590000005A000000AA
:1094600061626300EF808D00210000002200000097
:10947000230000002400000025000000260000005A
:109480002700000028000000290000002A0000003A
:109490002B0000002F000000300000003100000011
:1094A00032000000330000003400000035000000EE
:1094B00036000000370000003800000039000000CE
:1094C0003B0000003C0000003D0000003E000000AA
:1094D0003F000000400000005B0000005C00000056
:1094E0005D0000007B0000007D0000002B2F2D00A0
:1094F0006C6162656C0000006C6564006C696E658F
:10950000000000006C6973742D62746E000000002E
:109510006C697374000000006C6973742D74657855
:10952000740000006D656E752D7061676500000048
:109530006D656E752D73656374696F6E0000000054
:109540006D656E752D736570617261746F72000068
:109550006D656E752D636F6E740000006D656E75C0
:10956000000000006D7367626F782D686561646547
:10957000722D627574746F6E000000006D73676207
:109580006F782D666F6F7465722D627574746F6E6F
:10959000000000006D7367626F782D6261636B6419
:1095A000726F70006D7367626F782D6865616465B6
:1095B000720000006D7367626F782D666F6F74655F
:1095C000720000006D7367626F782D636F6E746553
:1095D0006E7400006D7367626F780000726F6C6C60
:1095E00065722D6C6162656C00000000726F6C6CBE
:1095F000657200007363616C65000000736C6964E0
:10960000657200007370696E626F78007370696EC6
:109610006E65720073776974636800007461626CD0
:10962000650000007461627669657700746578741E
:10963000617265610000000074696C6500000000E3
:1096400074696C65766965770000000077696E0063
:10965000F1950208E9950208F9F50208E595020876
:10966000ED9502088496040800000020180200000E
:1096700094090008709704081802002038DA0000E6
:10968000542B00082112F0344001011A3002A129A4
:109690001282100326127A140C01409A14049A10B4
:1096A0000415080140101907112A04592907024816
:1096B0008022C42A2004C11E2C8F04084C041A6482
:1096C000041A38041A7C041A40041A54041A740444
:1096D0001A48041A5C041A30041A6C0429F0130C9A
:1096E000012A2004327832021A1C0C290429592A32
:1096F0000854190C29043234320A1A3C0C29042A61
:109700002C3C311A4C0C2904021B281AF06C1ADC70
:10971000041AF4041AD4041AD8041AE0041AD0045F
:109720001E6890040870041119041A08041A5C04D5
:109730001AF8181A60081A3C041A1C041A34041A7D
:1097400028041A10041BF092D819081BB886041AB2
:1097500087041A88045A89109904811A68241A689F
:10976000241A68241B0C8A0829109904C1000000DF
:0400000508000131BD
:00000001FF
