:020000040800F2
:100000002887002045010008CF1F00080D1A0008AE
:10001000CD1F00082703000805230008000000008A
:10002000000000000000000000000000D31F0008D6
:100030002903000800000000D11F0008D51F000898
:100040005F0100085F0100085F0100085F01000810
:100050005F0100085F0100085F0100085F01000800
:100060005F0100085F0100085F0100085F010008F0
:100070005F0100085F0100085F0100085F010008E0
:100080005F0100085F0100085F0100085F010008D0
:100090005F0100085F0100085F0100085F010008C0
:1000A0005F0100085F0100085F0100085F010008B0
:1000B000DD1F00085F0100085F0100085F01000804
:1000C0005F0100085F0100085F0100085F01000890
:1000D0005F010008F92200085F0100085F010008C5
:1000E0005F0100085F0100085F0100085F01000870
:1000F0005F0100085F0100085F0100085F01000860
:100100005F0100085F0100085F0100085F0100084F
:100110005F0100085F0100085F0100085F0100083F
:100120005F0100085F0100085F0100085F0100082F
:10013000DFF80CD000F0BAF800480047693E030829
:10014000288700200648804706480047FEE7FEE76C
:10015000FEE7FEE7FEE7FEE7FEE7FEE7FEE7FEE777
:10016000D91F0008310100082DE9F05F0546002085
:1001700092469B4688460646814640241BE0284618
:1001800041464746224600F051F853465A46C01AA7
:10019000914110D311461846224600F077F82D1AE7
:1001A00067EB01084F4622460120002100F06EF85F
:1001B00017EB00094E41201EA4F10104DFDC484684
:1001C00031462A464346BDE8F09F2DE9F041002420
:1001D000061B254671F1000605DA01240027D0EB45
:1001E000070067EB0101161E73F1000605DA002710
:1001F000D2EB0702012567EB0303FFF7B5FF864645
:100200000E4617469C46AC4204D00025D0EB050EA6
:1002100065EB010624B10020D2EB000760EB030C74
:10022000704631463A466346BDE8F081202A04DB39
:10023000203A21FA02F00021704721FA02F3D0405F
:10024000C2F12002914008431946704710B5431A85
:10025000934209D28318881803E010F8011D03F8AF
:10026000011D521EF9D210BD40EA01039B0703D0C5
:1002700009E008C9121F08C0042AFAD203E011F8E5
:10028000013B00F8013B521EF9D210BD202A04DBCD
:10029000203A00FA02F1002070479140C2F1200399
:1002A00020FA03F31943904070470000064C074DB5
:1002B00006E0E06840F0010394E807009847103436
:1002C000AC42F6D3FFF738FFA8DA0408C8DA04080E
:1002D00070B58C1810F8015B15F0070301D110F808
:1002E000013B2A1106D110F8012B03E010F8016B35
:1002F00001F8016B5B1EF9D12B0705D40023521EB8
:100300000DD401F8013BFAE710F8013BCB1A921C1F
:1003100003E013F8015B01F8015B521EF9D5A1421D
:10032000D8D3002070BDFEE7704772B6FEE700002C
:1003300010B4B3F5804F18BF6FF0704105D000BF07
:1003400040F8221010BC00207047D1F818C00B688C
:100350008C6843EA0C03D1F804C089894FEA0C1C6D
:100360004CEA042C43EA0C0343EA014150F82230E2
:10037000DFF808C003EA0C031943E1E70000F0CFFF
:100380000A6850F8223023F0010340F822308B68CD
:10039000082B0CBF40220022D1F804C04CEA030312
:1003A000D1F80CC04CEA02021A430B691A434B699C
:1003B0001A43CB691A430B6A1A434B6A1A438B6A76
:1003C0001A43CB6A1A430B6B1A438B691A434B6B64
:1003D00009681A43044B50F821C02CEA03031A435E
:1003E00040F82120002070477FFF0F0010B4D1E9B2
:1003F000003C43EA0C13D1F808C08C894FEA0C2C5E
:100400004CEA044C43EA0C03B1F810C0094C00EB71
:10041000820004EB0C5C43EA0C0391F814C0640105
:1004200004EB0C6C896943EA0C031943416010BC6E
:10043000002070470000F0FF90F821200021022AE0
:1004400005D00422826380F82010012070470268E2
:10045000136823F00E0313600268136823F001038E
:10046000136090F84030D0F83CC0012202FA03F348
:10047000CCF8043080F8212080F82010084670471E
:100480002DE9F05F90F821100024022903D0042107
:100490008163012477E001680A6822F00E020A6095
:1004A00001680A6822F001020A60384A0168384B84
:1004B000DFF8E0C0384D394E394FDFF8E880DFF81B
:1004C000E890DFF8E8A0DFF8E8B0DFF8E8E0914274
:1004D00025D999420ED0614510D0A94212D0B1421F
:1004E00015D0B94216D0414508BF4FF4801113D042
:1004F000494501D101210FE0514501D110210BE007
:10050000594502D14FF4807106E0714502D14FF494
:10051000805101E04FF48031274A116029E099426F
:1005200013D0614515D0A94217D0B1421AD0B942B3
:100530001BD0414508BF4FF4801118D0914208BF2D
:100540004FF0807113D0494501D101210FE0514591
:1005500001D110210BE0594502D14FF4807106E022
:10056000714502D14FF4805101E04FF48031134ABC
:100570005160012180F82110002180F82010416B8A
:10058000002918BF88472046BDE8F09F8000024040
:10059000080002401C0002403000024044000240BB
:1005A000580002406C000240080402401C04024053
:1005B00030040240440402400404024000000240AF
:1005C00070B5044600F020F90546B4F1FF3F02D0B3
:1005D00004480078044400F017F9401BA042FAD305
:1005E00070BD00000C00002000230A689C46002A11
:1005F00008BF70472DE9F84F784EDFF8DC914FF0D7
:1006000001080F2706F1040E0A6808FA03F42240D5
:10061000A2427CD14D68A5F1805AAAF5881A4D45B1
:1006200000F0C98074DC032D08BF4FF0000C1BD014
:100630000DDC002D6DD0012D08BFD1F80CC013D0FA
:10064000022D04BFD1F80CC00CF1080C0CE0112DE8
:1006500004BFD1F80CC00CF1040C05D0122D04BF5E
:10066000D1F80CC00CF10C0CB2F5807F34BF0546FC
:10067000051D4FEA830428BF203CD5F800A007FAE7
:1006800004FB2AEA0B0A0CFA04F44AEA04042C607C
:100690004C6814F0805F74D0514CA56945F0010599
:1006A000A561A46904F00104009423F0030404F19B
:1006B000804505F58035D5F808A04FEA83744FEAE8
:1006C000147407FA04FB2AEA0B0AA0F1804BBBF56D
:1006D000843B2CD0A0F1804BBBF5863B08BF4FF08C
:1006E000010B24D0A0F1804BBBF5883B08BF4FF035
:1006F000020B1CD0A0F1804BBBF58A3B08BF4FF02A
:10070000030B14D0A0F1804BBBF58C3B02E038E02A
:100710003EE050E008BF4FF0040B08D0A0F1804B42
:10072000BBF58E3B0CBF4FF0050B4FF0060B0BFAE1
:1007300004F444EA0A04AC604C6814F4801F346882
:1007400014BF1443944334604C6814F4001FDEF863
:10075000004014BF14439443CEF800404C6814F496
:10076000003F204C256814BF1543954325604C6815
:1007700014F4803F1C4C256814BF2A4325EA02026A
:1007800022600A685B1CDA407FF43EAFBDE8F88F58
:10079000BAF5881F0FD007DCBAF5803F18BFBAF54D
:1007A000801F7FF461AF06E0BAF5001F18BFBAF5ED
:1007B000041F7FF459AFD1F808C0BCF1000F08BF87
:1007C0004FF0040C3FF450AFBCF1010F4FF0080C98
:1007D0000CBF0461446147E70000111008040140A8
:1007E000001002400404014000040140C26821EAF4
:1007F0000203114043EA014101617047002A08BF2A
:1008000009040161704700000148806870470000DA
:100810000C00002002488168027811448160704712
:100820000C000020074810B5016841F0100101607C
:10083000032000F08BF80F2000F006F800F024F8F9
:10084000002010BD0020024070B50D4D04464FF44D
:100850007A712878B1FBF0F00A490968B1FBF0F031
:1008600000F0C8FB48B9102C07D200222146501EC8
:1008700000F03AF800206C6070BD012070BD0000EF
:100880000C000020180000200D4881B0816941F063
:1008900001018161816901F001010091C16941F0AB
:1008A0008051C161C06900F08050009005484168E6
:1008B00021F0E06141F00071416001B0704700003B
:1008C00000100240000001400028B8BF704700F04F
:1008D0001F01012202FA01F14009800000F1E0202D
:1008E000C0F8001170470000174B10B41B68C3F329
:1008F0000223C3F1070CBCF1040F88BF4FF0040CB6
:100900001C1D072C34BF0023DB1E012404FA0CFC41
:10091000ACF1010C0CEA0101994004FA03F35B1EEF
:100920001A40114300284FEA0111A1BF00F1E02055
:1009300080F8001410BC704700F00F0000F1E020B8
:1009400080F8141D10BC70470CED00E0074900F062
:1009500007000A684FF6FF031A4042EA002040F001
:10096000FD7040F080600860704700000CED00E012
:10097000002804BF012070472DE9F047DFF8788197
:1009800005460E46D8F8000000F00700B0420CD231
:10099000D8F8000020F007003043C8F80000D8F86D
:1009A000000000F00700B04263D12868534C10F0FB
:1009B000020F14D010F0040F03D0606840F4E06020
:1009C0006060287810F0080F03D0606840F4605031
:1009D00060606068A96820F0F000084360602878D3
:1009E00010F0010F32D0686801281FD0216802285A
:1009F00021D011F0020F3CD0616821F003010843BF
:100A00006060FFF701FF07466068696800F00C004E
:100A1000B0EB810F18BF41F2883917D0FFF7F4FE11
:100A2000C01B48450BD90320BDE8F087216811F4AD
:100A3000003FE1D11DE011F0007FDDD119E06068D9
:100A4000696800F00C00B0EB810FE7D1D8F8000026
:100A500000F00700B0420FD9D8F8000020F00700DE
:100A60003043C8F80000D8F8000000F00700B0429A
:100A700002D00120BDE8F087287810F0040F05D0DF
:100A80006068E96820F4E06008436060287810F04E
:100A9000080F06D06068296920F4605040EAC10060
:100AA00060606168164801F00C02042A14D0082A1C
:100AB00012D11448C1F3834211F4803F805C04BF1B
:100AC0001149484308D06168104AC1F34041515C64
:100AD0000B4A5043B0FBF1F061680D4AC1F30311BA
:100AE000515CC8400B4908600B480068FFF7ACFE3A
:100AF0000020BDE8F0870000002002400010024006
:100B000000127A0022DD030800093D0020DD030801
:100B100032DD0308180000201000002004480549B9
:100B200000684968044AC1F30221515CC84070471B
:100B3000180000200010024042DD03080448054967
:100B400000684968044AC1F3C221515CC84070473B
:100B5000180000200010024042DD0308002804BFF6
:100B6000012070472DE9F84F04460078E84D10F059
:100B7000010F59D0686800F00C00042808D068689C
:100B800000F00C0008280CD1686810F4803F08D0F1
:100B9000286810F4003F47D06068002800F0B28158
:100BA00042E06068B0F5803F04BF286840F48030C0
:100BB0000AD010B1B0F5A02F11D0286820F48030F1
:100BC0002860286820F4802028606068D0B1FFF792
:100BD0001BFE0646286810F4003F08D024E0286871
:100BE00040F480202860286840F48030ECE7FFF76C
:100BF0000BFE801B642800F23681286810F4003F49
:100C0000F5D011E0FFF700FE0646286810F4003F1B
:100C10000AD000BFFFF7F8FD801B642800F2238193
:100C2000286810F4003FF5D12078BA4E10F0020F7A
:100C30004FF0010B4FF0000845D0686810F00C0F22
:100C400014D0686800F00C00082804BF686810F42D
:100C5000803F0BD0206918B3C6F800B0FFF7D4FD71
:100C60000746286810F0020F09D011E0286810F03C
:100C7000020F1CBF206901280AD000F043B9FFF71A
:100C8000C3FDC01B02287DD8286810F0020FF6D0E3
:100C90002868616920F0F80040EAC100286012E08D
:100CA000C6F80080FFF7B0FD0746286810F0020F75
:100CB00009D000BFFFF7A8FDC01B022862D8286832
:100CC00010F0020FF6D1207810F0080F35D09248BE
:100CD000A169F9B1C0F800B0FFF796FD0746686A50
:100CE00010F0020F09D100BFFFF78EFDC01B0228D4
:100CF00048D8686A10F0020FF6D0884801684FF4AF
:100D0000FA50B1FBF0F0009000BF0098411E009136
:100D1000FAD212E0C0F80080FFF776FD0746686A55
:100D200010F0020F09D000BFFFF76EFDC01B0228B4
:100D300028D8686A10F0020FF6D1207810F0040F5E
:100D400079D0E8694FF0000A10F0805F09D1E869B6
:100D500040F08050E861E8694FF0010A00F08050EF
:100D60000090DFF8BC91D9F8000010F4807F19D111
:100D7000D9F8000040F48070C9F80000FFF744FD86
:100D8000074600E06FE0D9F8000010F4807F09D139
:100D9000FFF73AFDC01B642865D8D9F8000010F4AD
:100DA000807FF5D0E068012804BF286A40F0010088
:100DB00009D008B1052813D0286A20F00100286264
:100DC000286A20F004002862E06841F28837D0B138
:100DD000FFF71AFD8146286A10F0020F08D023E0C1
:100DE000286A40F004002862286A40F00100EAE71F
:100DF000FFF70AFDA0EB0900B84234D8286A10F0CA
:100E0000020FF5D010E0FFF7FFFC8146286A10F0D2
:100E1000020F09D0FFF7F8FCA0EB0900B84222D876
:100E2000286A10F0020FF5D1BAF1000F03D0E8697B
:100E300020F08050E861E069F0B3696801F00C01CE
:100E4000082950D00228C6F860800FD0FFF7DCFCDC
:100E50000446286810F0007F57D000BFFFF7D4FC8D
:100E6000001B02283AD90320BDE8F88FFFF7CCFC1D
:100E70000746286810F0007F09D000BFFFF7C4FCC8
:100E8000C01B0228EFD8286810F0007FF6D1206A36
:100E9000B0F5803F05D16868A16820F400300843B0
:100EA0006860D4E908010843696821F474110843B3
:100EB0006860C6F860B000E027E0FFF7A5FC0446D4
:100EC000286810F0007F20D1FFF79EFC001B02284D
:100ED000C9D8286810F0007FF6D016E0286810F016
:100EE000007FBBD111E0012808BFBDE8F88F68681A
:100EF000226A00F48031914204D1616A00F47010DA
:100F0000884202D00120BDE8F88F0020BDE8F88FAC
:100F100000100240000042428004424218000020BB
:100F20000070004070B515460E46040019BFA06958
:100F3000B0F5807F012070BD94F8410030B94FF0CA
:100F4000000084F84000204600F01EF804F108017B
:100F50002068FFF715FA3146A2682068FFF746FAC5
:100F6000D4E901022946236BFFF7E2F9A168206862
:100F700050F8212042F0010240F82120012084F89D
:100F80004100002070BD000030B585B00020009009
:100F90000190029003901348016800291CBF05B01E
:100FA00030BD012101601048416941F48071416107
:100FB0004069022400F4807004904FF68070CDE9FF
:100FC00000040325694603950848FFF70DFB4CF61E
:100FD000B370CDE90004694603950548FFF704FBAB
:100FE00005B030BD04000020001002400018014090
:100FF00000140140411EB1F1807F24BF01207047E1
:101000004FF0E0204161054AF02182F8141D0021D3
:101010008161072101610020704700000FE000E0BE
:101020007047704790F83C20012A04BF02207047A7
:1010300030B4012380F83C30022280F83D20026861
:101040005468D2F808C00D6824F070042C43546032
:101050000268A2F18044B4F596341CBFA2F180442A
:10106000B4F59A3411D0B2F1804F1CBFA2F1804484
:10107000B4F5806409D0A2F18044B4F500641CBFCB
:10108000A2F18044B4F5406405D149682CF0800C8D
:1010900041EA0C01916080F83D30002180F83C105D
:1010A00030BC08467047002804BF0120704710B5C7
:1010B000044690F83D0028B9002084F83C00204602
:1010C00000F01EF8022084F83D00211D206800F089
:1010D0008BFF012084F8460084F83E0084F83F002E
:1010E00084F8400084F8410084F8420084F843000A
:1010F00084F8440084F8450084F83D00002010BDC9
:1011000008B50068B0F1804F18BF08BD0948C16933
:1011100041F00101C161C069002200F001000090AE
:1011200011461C20FFF7E0FBBDE808401C20FFF73C
:10113000CBBB00000010024090F83D1001291CBFFD
:1011400001207047022180F83D100168CA6842F012
:101150000102CA600068A0F18041B1F596311CBF60
:10116000A0F18041B1F59A3111D0B0F1804F1CBF90
:10117000A0F18041B1F5806109D0A0F18041B1F5C5
:1011800000611CBFA0F18041B1F5406104D18168CC
:1011900001F00701062903D0016841F00101016057
:1011A0000020704790F83C200023012A0DBF022048
:1011B0004FF0010C80F83CC0704770B4022280F8F8
:1011C0003D200268946824F0770424F47F449460FE
:1011D0000A68502A43D00CDC202A75D004DC002A8F
:1011E00018BF102A0FD18BE0302A6DD0402A6DD065
:1011F00009E0602A4DD0702A0ED0B2F5805F03D08E
:10120000B2F5005F19D0012380F83DC0002180F8BD
:101210003C1070BC18467047D1E901450268C968A6
:10122000966844EA012126F47F46294331439160C0
:1012300001688A6842F077020FE0D1E9014502684F
:10124000C968966844EA012126F47F462943314360
:10125000916001688A6842F480428A60D4E702683B
:101260004C68C968156A166A26F001061662966906
:1012700025F00A0526F0F00646EA01112C4391619B
:10128000146201688A6822F0700242F057028A6094
:10129000BAE702684C68C968156A166A26F0100633
:1012A0001662966925F0A00526F4704646EA0131DB
:1012B00045EA04149161146201688A6822F07002A0
:1012C00042F067028A609FE71AE0FFE702684C6815
:1012D000C968156A166A26F001061662966925F035
:1012E0000A0526F0F00646EA01112C4391611462CA
:1012F00001688A6822F0700242F047028A6083E740
:1013000001688C6824F07004224342F007028A606E
:101310007AE770472DE9F04104460068C668056920
:101320004FF0000715F0020F18BF16F0020F13D090
:101330006FF002010161012020772068806910F0C0
:10134000030F204602D0FFF7E4FF04E000F08CF822
:10135000204600F08AF8277715F0040F18BF16F022
:10136000040F14D021686FF0040008610220207778
:101370002068806910F4407F204602D0FFF7C9FF43
:1013800004E000F071F8204600F06FF8277715F0C0
:10139000080F18BF16F0080F14D021686FF008006E
:1013A0000861042020772068C06910F0030F2046F0
:1013B00002D0FFF7AEFF04E000F056F8204600F040
:1013C00054F8277715F0100F18BF16F0100F14D02F
:1013D00021686FF010000861082020772068C0693C
:1013E00010F4407F204602D0FFF793FF04E000F0A6
:1013F0003BF8204600F039F8277715F0010F18BFA9
:1014000016F0010F06D021686FF001000861204638
:1014100000F02CF815F0800F18BF16F0800F06D0E2
:1014200021686FF0800008612046FFF7F9FD15F094
:10143000400F18BF16F0400F06D021686FF0400033
:101440000861204600F03AF815F0200F14BF16F09E
:10145000200FBDE8F0816FF0200021680861204670
:10146000BDE8F041FFF7DDBD7047704710B5044699
:1014700040210E48FFF7BAF90D49206809688842F3
:1014800018BF10BD0B480188491C89B20180B1F515
:10149000FA7F05D10021018010210748FFF7A6F946
:1014A000BDE81040012031F03FB8000000140140B9
:1014B0007401002000000020000C014070477047BC
:1014C00070470000F8B5016804460868CA684B69AF
:1014D00010F00F0F4FF020064FF0000560D003F022
:1014E000010C02F490775CEA07077CD010F0010F42
:1014F00018BF12F4807F03D0616C41F00101616478
:1015000010F0040F18BF13F0010F03D0616C41F00D
:101510000201616410F0020F18BF13F0010F03D035
:10152000616C41F00401616410F0080F1CBF02F00F
:10153000200151EA0C0103D0616C41F008016164A3
:10154000616C002908BFF8BD10F0200F1EBF12F01B
:10155000200F204600F0A4FD20684069616CC0F3B4
:10156000801011F0080F08BF002857D0206800F144
:101570000C0151E8000F20F4907041E80002002AAD
:10158000F4D1206800F1140151E8000F20F00100AF
:1015900041E80002002AF4D1206B012815D10AE0AD
:1015A00010F0200F18BF12F0200F3CD02046BDE8ED
:1015B000F84000F075BD20680C3050E8001F21F0A5
:1015C000100140E80012002AF5D184F8426025633A
:1015D0002068406910F0400F1CD0206800F1140111
:1015E00051E8000F00E01EE020F0400041E800025A
:1015F000002AF2D1E06B68B173494163E06BFEF7FA
:101600003FFF002808BFF8BDE06B416B01B0BDE8AB
:10161000F04008472046FFF753FFF8BD2046FFF78C
:101620004FFF6564F8BD236B012B7CD110F0100FC8
:1016300018BF12F0100F76D008684868009048690B
:101640004FF0020710F0400F45D0E16B086840688A
:101650000004000C1CBFA28D824298BFF8BDE0853B
:10166000886920282ED020680C3050E8001F21F413
:10167000807140E80012002AF5D12068143050E84B
:10168000001F21F0010140E80012002AF5D1206876
:1016900000F1140151E8000F20F0400041E8000281
:1016A000002AF4D184F84260256320680C3050E8A9
:1016B000001F21F0100140E80012002AF5D1E06B74
:1016C000FEF7BAFE6763A08DE18D401A81B2204615
:1016D000FFF7F5FEF8BDA08DE18D401A81B2E08DD7
:1016E000002814BF0029F8BD206800F10C0252E860
:1016F000000F20F4907042E80003002BF4D1206822
:1017000000F1140050E8002F22F0010240E800230D
:10171000002BF4D184F842602563206800F10C02AC
:1017200052E8000F00E00AE020F0100042E8000359
:10173000002BF2D167632046FFF7C1FEF8BD10F021
:10174000800F18BF12F0800F2DD094F8410021288F
:1017500018BFF8BDA068B0F5805F04BF20690028FD
:10176000206A18D000F101012162216800784860E8
:10177000E08CA0F101000004000CE08418BFF8BD6B
:101780002068C16821F08001C1602068C16841F013
:101790004001C160F8BD0088C0F308004860206ABD
:1017A000801C2062E4E710F0400F14BF12F0400FDD
:1017B000F8BD2046CA6822F04002CA6084F8416041
:1017C00000F023F9F8BD000091200008002804BFB4
:1017D0000120704770B5044690F84100002520B9FB
:1017E00084F84050204600F023F8242084F841007B
:1017F0002068C16821F40051C160204600F0B8FCA7
:101800002068016921F4904101612068416921F05B
:101810002A0141612068C16841F40051C1606564DA
:10182000202084F8410084F842006563002070BDE8
:1018300030B585B0002400940194029403940068AC
:10184000A0F18041B1F59C311CBF05B030BD1748F7
:10185000816941F480418161816901F48041049191
:10186000816941F0040181618069114D00F004003B
:1018700004904FF400700090022001900320039028
:1018800069462846FEF7B0FE2815CDE900046946F2
:1018900028460294FEF7A8FE002211462520FFF7F5
:1018A00023F82520FFF710F805B030BD00100240E6
:1018B00000080140704700002DE9F84F044690F8F9
:1018C00041001D461646884620281CBF0220BDE860
:1018D000F88FB8F1000F12BF002E0120BDE8F88F7D
:1018E0004FF0000BC4F844B04FF0210084F84100E1
:1018F000FEF78AFFA6848146E684A068B0F5805F83
:1019000007BF2069002846464FF0000808BF0026A0
:10191000E08C4FF0200A00285ED020688027006805
:1019200037EA00004DD000BFB5F1FF3F44D0FEF7CD
:101930006BFFA0EB0900A8425BD8002D59D02068AE
:10194000C16811F0040F18BF802F35D0402F1CBF85
:10195000016811F0080F2FD00168406800902068DE
:1019600000F10C0151E8000F20F4907041E80002F2
:10197000002AF4D1206800F1140050E8001F21F083
:10198000010140E80012002AF4D1206B01280AD19D
:10199000206800F10C0151E8000F20F0100041E830
:1019A0000002002AF4D184F842A0C4F830B0082024
:1019B000606484F840B01CE02068006837EA0000EA
:1019C000B2D1DEB1216816F8010B4860E08C401EF0
:1019D000E084E08C0028A0D14B4600224021204624
:1019E000009500F02BFC002804BF84F841A0BDE85E
:1019F000F88F84F841A00320BDE8F88F38F8020B77
:101A00002168C0F308004860E0E77047FEE7000087
:101A10002DE9F05F00224FF48051DC48FEF7EEFE26
:101A20006420FEF7CDFDDA4C002202212046FEF7AD
:101A3000E5FE6420FEF7C4FD012202212046FEF7E8
:101A4000DDFE7820FEF7BCFD0420A50428800520DB
:101A5000FEF7B6FDCF4C2088208820884FF6FF7116
:101A600001EA002021880223084300260127A0F56F
:101A70001341413908BFBE4605D0A0F50541523992
:101A80000CBF9E46B646C448BEF1000F80F801E088
:101A900014D0C120032112224FF0CF0B4FF0300998
:101AA0004FF0ED0A4FF0810C4FF02C08BEF1010F02
:101AB00005D0BEF1020F7CD000F055B9FEE7A5F8C5
:101AC00000B026802080A4F80090A5F800A04FF078
:101AD0006409A4F8009021802280A4F800C04FF08F
:101AE000E80CA5F800C04FF0850CA4F800C04FF03A
:101AF000100BA4F800B04FF07A0CA4F800C04FF01F
:101B0000CB0CA5F800C04FF0390CA4F800C0A4F825
:101B1000008026804FF0340CA4F800C02380F72307
:101B20002B8020232380EA232B8026802680C0233D
:101B30002B801B23238028802280C5222A803F22DD
:101B400022803C222280C7222A80912222803622B3
:101B50002A80482222803A222A8055222280B122DD
:101B60002A80268018222280B6222A800A222280F9
:101B7000A2222280F2222A80268026222A80278002
:101B8000E0222A800F222280312323804FF02B0C69
:101B9000A4F800C04FF00C0EA4F800E04FF00E0CBB
:101BA000A4F800C04FF00809A4F800904FF04E0AC6
:101BB00000E037E0A4F800A04FF0F10AA4F800A07C
:101BC0004FF0370AA4F800A04FF0070AA4F800A0CD
:101BD000A4F800B02180A4F800C04FF0090BA4F8CD
:101BE00000B026804FF0E10BA5F800B02680A4F8E5
:101BF00000C04FF0140CA4F800C0218011212180F6
:101C0000A4F800A02380208048202080A4F8009021
:101C10002280A4F800E02380362020802280292022
:101C20002880A0E0A5F800B026802080A4F80090CD
:101C3000A5F800A04FF0640AA4F800A0218022803B
:101C4000A4F800C0E821298085212180102121806D
:101C500078212180CB21298039212180A4F800809E
:101C60002680342121802380F72129802021218092
:101C7000EA21298026802680C021298021212180F7
:101C800028804FF0110EA4F800E0C52028804FF006
:101C90002D0BA4F800B03320208036202880268029
:101CA0003A20288055202080B120288026804FF0BF
:101CB000170AA4F800A0B62028800A202080A220BD
:101CC0002080F62028802780A4F80090F220288029
:101CD0002680262028802780E0202880D020208091
:101CE00026802380072121804FF00B0CA4F800C030
:101CF0004FF01A0CA4F800C04FF0310CA4F800C04B
:101D00004FF0540CA4F800C04FF0400CA4F800C0F1
:101D10004FF02909A4F80090228022802280A4F8A4
:101D200000A0E1222A8020802680238021800520B7
:101D3000208025202080A4F800B044202080452069
:101D400020801C20208018212180162121802080C5
:101D50001D202080A5F800E09620FEF731FCA5F8B4
:101D60000090A5F800802A202880268026802680E2
:101D7000EF2020802B2028802680268027803F206F
:101D80002080A5F80080BDE8F09F0000001401400D
:101D900000180140000002605800002000B587B024
:101DA000174800214FF0204206910260154AC0E911
:101DB00001211022C160C0E904128161C1611302D6
:101DC0000162C0E90913C1620163416381630F20AD
:101DD000FF210090CDE90101CDE90302112005901A
:101DE000002269460648FFF79DF8002818BFFEF755
:101DF0009CFA0548C16941F48061C16107B000BD2A
:101E00002C010020040100A0000001402DE9F04752
:101E100086B000263F480096019602960396816997
:101E200041F010018161816901F010010491816923
:101E300041F040018161816901F0400104918169B3
:101E400041F020018161816901F0200104918169E3
:101E500041F004018161816901F00401049181690B
:101E600041F00801816180692B4F00F00800049067
:101E700000224FF400513846FEF7C0FCDFF89C808A
:101E80000022B9144046FEF7B9FC01224021404629
:101E9000FEF7B4FCDFF88890012210214846FEF7D7
:101EA000ADFCDFF880A0012202215046FEF7A6FC1F
:101EB00001247814CDE90004032569463846CDE9AC
:101EC0000245FEF791FB2003CDE900046946404638
:101ED000CDE90245FEF788FB4020CDE90004CDE9BD
:101EE000026569464046FEF77FFB1020CDE90004FD
:101EF000CDE9026569464846FEF776FB0220CDE94A
:101F0000000469465046CDE90245FEF76DFB06B078
:101F1000BDE8F087001002400010014000140140AD
:101F2000000C01400018014010B586B0002418488C
:101F3000009401940294039404944FF0804105941A
:101F400001604721C0E9011440F2E731C0E9031400
:101F500080218161FFF7A7F8002818BFFEF7E5F997
:101F60004FF48050009069460948FFF71BF900289C
:101F700018BFFEF7DAF9049404A905480594FFF7A1
:101F800051F8002818BFFEF7D0F906B010BD0000C8
:101F9000740100200C4810B50A4901604FF4E1318A
:101FA0004160002181600C22C160C0E9041281619E
:101FB000C161FFF70BFC002808BF10BDBDE8104051
:101FC000FEF7B3B900380140BC010020FEE7FEE790
:101FD00070477047FEF71EBC704700000148FFF7CE
:101FE00099B9000074010020F0B40268234B244C1E
:101FF000244D254EDFF894C0984218BF604508D0A4
:10200000B0F1804F18BFA04203D0A84218BFB04221
:1020100004D14F6822F0700247EA0202984218BFCA
:10202000604508D0B0F1804F18BFA04203D0A8424D
:1020300018BFB04204D1CC6822F4407244EA0202D4
:102040004C6922F0800242EA040202608A68C2629D
:102050000A688262984212BF6045096901634FF0C5
:1020600001014161016911F0010F04BFF0BC70472B
:10207000016921F001010161F0BC7047002C0140B1
:102080000004004000080040000C00400034014003
:1020900010B5406A0021C185C184FFF711FA10BD57
:1020A00008B590F8421022291CBF022008BD8268A2
:1020B000B2F5805F04BF01690029816A18D0B2F5CA
:1020C000805F1DD0002A04BF0269002A18D0026870
:1020D000526802F07F020A70816A01F10101816297
:1020E000C18DA1F101010904090CC1850BD025E0C6
:1020F00002685268C2F308020A80816A891CEEE70E
:1021000002685268E7E70168CA6822F02002CA60E4
:102110000168CA6822F48072CA6001684A6922F0C4
:1021200001024A61202180F8421000214163026BC4
:10213000012A08BF016303D0FFF7BCFB002008BDE4
:10214000016801F10C0252E8001F21F0100142E881
:102150000013002BF4D101680A6812F0100F02D0AE
:102160000A6849680091818DFFF7A9F9E6E7000048
:1021700070B5044600680169E26821F440511143DA
:1021800001612169A0680843616901432068C26850
:1021900022F4037222F4A0521143C1602068416905
:1021A000A26921F44071114341612068A0F180418E
:1021B000B1F59C313CD0FEF7B1FC00BF00EBC00193
:1021C00001EB001260681C498000B2FBF0F3A1FB38
:1021D0000353B2FBF0FC5B096FF018056B430CEB8B
:1021E000830C322303EB0C1CA1FB0C5C4FEA5C1C40
:1021F0000CF0F005B2FBF0FCA1FB0C6C4FEA5C1C90
:1022000005EB0C1CB2FBF0F5B2FBF0F0A1FB0020DB
:1022100040096FF01802504305EB800003EB0010FB
:10222000A1FB00102168C0F343106044886070BDBA
:10223000FEF784FCC2E700001F85EB51F8B50446A9
:102240000068069E1F4600680D4631EA000050D027
:10225000B6F1FF3F48D0FEF7D7FAC01BB0422CD8EA
:102260005EB32068C16811F0040F18BF802D3BD009
:10227000402D1CBF016811F0080F35D001684FF0E8
:10228000000240680090206800F10C0151E8000F46
:1022900020F4907041E80003002BF4D1206800F195
:1022A000140151E8000F20F0010041E80003002B69
:1022B000F4D1206B01280DD101E00320F8BD206886
:1022C00000F10C0151E8000F20F0100041E800037C
:1022D000002BF4D1202084F842002263082060649F
:1022E00084F840200120F8BD2068006835EA00002D
:1022F000AED10020F8BD00000148FFF7E3B80000B0
:10230000BC010020FEE70A6802600B790371704788
:1023100002E008C8121F08C1002AFAD170477047AE
:10232000002001E001C1121F002AFBD1704700000C
:102330002DE9F04F83B04FF03005DDE91186DDE97E
:102340000C74DDE90EA9DDF840C016F0020F1DD1B6
:10235000B8F1000F18BF16F0010F06D006F00C0BF5
:102360005BEA0A0B18BFA8F1010864453EBF202CA8
:102370003D55641CF9D300BF16F0010F18BFA045EE
:1023800004D9202C3CBF3D55641CF5D316F0100F2A
:1023900035D016F4806F0CD15CB1644518BF44454C
:1023A00007D1641E05D0B9F1100F08BF641E07D015
:1023B00002E0B9F1100F03D0B9F1020F13D019E008
:1023C00016F0200F07D0202C35D24FF0580C07F80C
:1023D00004C0641C0EE0202C2DD24FF0780C07F8BE
:1023E00004C0641C06E0202C25D24FF0620C07F8D4
:1023F00004C0641C202C3CBF3D55641C1BD2202C07
:1024000019D2BAF1000F05D04FF02D0C07F804C017
:10241000641C10E016F0040F05D04FF02B0C07F8E9
:1024200004C0641C07E016F0080F04D04FF0200C25
:1024300007F804C0641CCDE9003182461546914678
:1024400016F0030F0CD1A346444509D22A46DDE914
:1024500000316D1C2020D0470BF1010BC345F5D393
:1024600044B12A466D1C641EDDE90031385DD04759
:10247000002CF6D116F0020F1CBFA5EB0900804519
:1024800009D92A46DDE900316D1C2020D047A5EB93
:1024900009008045F5D803B02846BDE8F08F9A4280
:1024A00038BF8854704770472DE9F04184B00E461C
:1024B000054604002ED0002E39D004F124002AF065
:1024C00007FB0090002846D0D0F810806168404695
:1024D0000AF09EFF074631464046626823F08CFBB7
:1024E00004F1300023F0B1F9019000282CD004222F
:1024F000694623F081FB009804220169E06A0844E0
:1025000001A9001F23F078FB2146384662680BF0D2
:1025100009F820E021A0009019A21DA1CDE9011227
:102520000022264B1146032023F062FAFEE71BA08F
:10253000009013A222A1CDE9011200221F4B1146E7
:10254000032023F055FAFEE704F1240000992AF055
:10255000BBF9002000900098002804BF04B0BDE83B
:10256000F081696800690AF053FF0746E16B304665
:102570008847E9680844E86004B03846BDE8F0815F
:102580004E554C4C20706F696E74657200000000EF
:102590006C727520213D204E554C4C004173736583
:1025A00072746564206174206578707265737369F4
:1025B0006F6E3A202573202825732900BFB50408C3
:1025C0006B657920213D204E554C4C002DE9F14F93
:1025D0008AB00A98406801900A98806800900A982A
:1025E00090F821A00568C06805900A98D0E90640D7
:1025F00004900A98D0E9046006900A98406AC117CE
:1026000000EB517121F00701401A02900A9890F8EE
:1026100022100120002972D0002103910099002985
:10262000DCBF0BB0BDE8F08F4FF0000B0198D9462E
:10263000002852DD14F81900002E60F3174860F3EB
:102640000F2860F3070804EB4900407804BF00FB43
:102650000AF0000A05D016F80910484300FB0AF0FA
:10266000000C60F31F680A9902980BEB000791F8C1
:1026700022C04046CDF820C00CF0E6FC0246F81718
:1026800007EB507005EBE00120F007030978A7EB9A
:10269000030CCCF1070C21FA0CF101F00101C1EBA4
:1026A0000121DDF820C0C9B28DF81C10BCF1010F6A
:1026B00000F0BE81BCF1020F00F0BF81BCF1030F3E
:1026C00004BF4A434FEA122E00F0BE81019809F17F
:1026D00001090BF1010B8145ACDB002E1CBF0698F4
:1026E0000644059800990544049804440398401C46
:1026F0000390884298DB0BB0BDE8F08FFFE7002E17
:102700006DD04FF0000103910099BAF1FD0FC0F0B8
:1027100026810029DCBF0BB0BDE8F08F00220198B4
:1027200000284DDDDDE901833146671C20469446D3
:1027300002EB030E0EEB0C02D31702EB537305EB07
:10274000E30999F800A023F00709A2EB0902C2F1FE
:1027500007092AFA09F202F00102C2EB022202F092
:10276000FF0A8DF81CA03A7811F801BB02FB0BF2AE
:10277000120A0ED0FD2A28BF027808D290F800B0C5
:102780000BFB02FBC2F1FF020AFB02B2120A8DF838
:102790001C209DF81C204FF0010A7F2A05EBE30264
:1027A0000AFA09F913788CBF43EA090323EA0903FB
:1027B0001370801CBF1CB8F101080CF1010CB9D1D9
:1027C0000598009905440498044406980644039823
:1027D000401C03908142A1DC0BB0BDE8F08FBAF140
:1027E000FD0F5AD300994FF000080029CEBF86464E
:1027F0000BB0BDE8F08F00210198002841DDDDE934
:1028000001C6631C2046002201EB060A0AEB020601
:10281000F11706EB517105EBE10797F8009021F0F5
:102820000707F61BC6F1070729FA07F606F00106A7
:10283000C6EB062606F0FF098DF80C901E7876B1DF
:10284000FD2E28BF067808D290F800B00BFB06FBDF
:10285000C6F1FF0609FB06B6360A8DF80C609DF836
:102860000C6005EBE1017F2E0E780EFA07F78CBFA6
:102870003E43BE430E70801C521C9B1CBCF1010CDD
:10288000C4D1059808F1010805440498044400984F
:102890004045B0DC0BB0BDE8F08F00994FF0000E62
:1028A0000029DCBF0BB0BDE8F08F002101980028A3
:1028B00049DDDDE9016204F1010C2046002301EB52
:1028C000020900BF09EB0301CA1701EB527205EBC5
:1028D000E20797F8008022F00707C91BC1F107073C
:1028E00028FA07F101F00101C1EB012101F0FF0815
:1028F0008DF80C809CF8001001FB0AF1090A0ED03B
:10290000FD2928BF017808D290F800B00BFB01FB2D
:10291000C1F1FF0108FB01B1090A8DF80C109DF807
:102920000C104FF001087F2905EBE20108FA07F7C8
:102930000A788CBF3A43BA430A70801C5B1C761E2F
:102940000CF1020CBED105980EF1010E054404985D
:10295000044400987045A8DC0BB0BDE8F08F002956
:10296000DCBF0BB0BDE8F08F00220198002850DDDD
:10297000DDE9018394461A443146671C20460892DB
:102980006244D31702EB537305EBE30999F800B0E7
:1029900023F00709A2EB0902C2F107092BFA09F299
:1029A00002F00102C2EB022202F0FF0B8DF81CB014
:1029B0003A7811F801EB02FB0EF202FB0AF2120C5C
:1029C0000ED0FD2A28BF027808D290F800E00EFB56
:1029D00002FEC2F1FF020BFB02E2120A8DF81C207C
:1029E0009DF81C204FF0010B7F2A05EBE3020BFA48
:1029F00009F913788CBF43EA090323EA090313702A
:102A0000801CBF1CB8F101080CF1010C18BF089A1A
:102A1000B6D10598009905440498044406980644E4
:102A20000398401C039081429EDC0BB0BDE8F08F00
:102A30000A44FF2AA8BFFF2203E08A1A002AD8BF4F
:102A4000002202F0FF0E00BF5FEA18620DD0FD2ADF
:102A500028BF8DF81CE008D2C2F1FF0C0EFB02F279
:102A600001FB0C21090A8DF81C109DF81C10A7EB26
:102A700003027F2905EBE001C2F1070309784FF05B
:102A8000010202FA03F28CBF114321EA020205EBB4
:102A9000E0008CBF0170027018E6000010B584B031
:102AA000402022F0FFFF040006D04022002123F046
:102AB0001BFA04B0204610BD0DA0009005A209A18C
:102AC000CDE901120022124B1146032022F090FFA3
:102AD000FEE700004F7574206F66206D656D6F72A4
:102AE0007900000072657320213D204E554C4C004A
:102AF00041737365727465642061742065787072C7
:102B0000657373696F6E3A20257320282573290039
:102B1000DDB504082DE9F041914E96F8A500002896
:102B20000CBF0120002086F8A50006F1AC0022F0C1
:102B300065FE04001ABF4FF000080127BDE8F081D0
:102B4000206D2FF0CDFC616B084460632FF0DCFC3E
:102B5000206586F8A48094F8540096F8A510C0F378
:102B600040028A4200F0F28061F3410084F8540090
:102B700010F0040F65D1616B0029C0F2DF8010F006
:102B8000080F09D1A16939B120468847616A01441B
:102B90006162E16A0844E062204633F0D1FBE168FB
:102BA00000291CBF2046884794F8540040F00400D8
:102BB00084F854006068002804BFA068002840D052
:102BC00006F1AC0022F01AFE05003AD0A54231D041
:102BD000686B002804DA95F8540010F0080F29D02B
:102BE00029682068814225D1686818B361688842E5
:102BF00020D1294606F1AC0022F0C8FE69690029FF
:102C00001CBF2846884728461DF052F986F8A47054
:102C100006F1AC0022F0F2FD0028D6F8A80006D09C
:102C20002FF0ACFE06F1AC0022F0E8FD07E02FF03B
:102C300031FEF7E7294606F1AC0022F0F3FD05006E
:102C4000C4D1606B002879DB216B8842C8BF08467D
:102C50006063216A204688470546A06AA8420ED0D4
:102C6000A562626812B129462068904796F8A400D0
:102C7000002866D1A26832B129462046904796F8CE
:102C8000A40000285DD1D4E90C0181425EDB94F8F8
:102C9000540010F0010F02D0606C48B131E0606C5C
:102CA00030B1B0F1FF3F1CBF411E616429D0F3E792
:102CB000E06B20B194F8540010F0010F21D02146B0
:102CC00006F1AC0022F062FE86F8A47006F1AC00BA
:102CD00022F094FD0028D6F8A8000FD02FF04EFE69
:102CE00021692046002918BF8847204661690029CC
:102CF00018BF884720461DF0DBF81FE02FF0CAFD03
:102D0000EEE7206C41426163E06BB8B194F8540087
:102D100010F0010F02D1A06B4142616394F854009E
:102D200027EA000161F3000084F85400E26A606A57
:102D30006262E062E26B206B2263E06396F8A400BB
:102D400020B106F1AC0022F059FD04E0214606F165
:102D5000AC0022F067FD04007FF4F2AEBDE8F08124
:102D60007002002070B5044640680D46002818BF68
:102D7000FFF7F8FF2268002A08BF70BD29462046E9
:102D8000BDE87040104770B50E6805460C463068C7
:102D900000281CBF316A11F4801F04D02060214636
:102DA0002846FFF7F0FF2660686800281CBF214610
:102DB000FFF7D8FF2A68002A08BF70BD21462846C1
:102DC000BDE87040104707F046BE07F096BE000011
:102DD0002DE9F14F88B00898D0E90180009008985B
:102DE00090F821A00468C06803900898D0E90650C4
:102DF00002900898D0E9047004900898406AC117BE
:102E000000EB517121F00701A0EB010B089890F83D
:102E10002210002965D00021019100990029DCBF12
:102E200009B0BDE8F08F00BF4FF00009B8F1000F06
:102E300046DD00BF05EB8900002F006800F0C68169
:102E400017F80910020E514301FB0AF15FEA114124
:102E500061F31F600899079009EB0B0691F822C0F7
:102E6000CDF818C00CF0F0F8F11706EB517104EB37
:102E7000E10221F007031278A6EB030CCCF1070C5A
:102E800022FA0CF202F00102C2EB0222DDF818C0B5
:102E9000D2B28DF81420BCF1010F00F09C81BCF17E
:102EA000020F00F09D81BCF1030F04BF50434FEAB5
:102EB000102E00F09B8100BF09F10109C145B9DB6B
:102EC000002F1CBF049807440398009904440298FB
:102ED00005440198401C01908842A5DB09B0BDE87B
:102EE000F08F002F64D04FF0000101910099BAF1EA
:102EF000FD0FC0F00C810029DCBF09B0BDE8F08FE8
:102F00000026B8F1000F44DD05EB8609D9F8000072
:102F10000CF09AF806EB0B01CA1701EB527C04EB9C
:102F2000EC022CF0070C1378A1EB0C01C1F10701A6
:102F300023FA01FC0CF0010CCCEB0C2C0CF0FF0C78
:102F40008DF814C017F806A099F803900AFB09F948
:102F50005FEA19290ED0B9F1FD0F28BF8DF81400D2
:102F600008D2C9F1FF0A00FB09F00CFB0A00000AB5
:102F70008DF814009DF814007F284FF0010000FA2E
:102F800001F08CBF184323EA00001070761C464500
:102F9000BADB039800990444029805440498074456
:102FA0000198401C01908842AADB09B0BDE8F08F6F
:102FB000BAF1FD0F53D300994FF000090029DCBF8F
:102FC00009B0BDE8F08F0026B8F1000F3BDD00BF6F
:102FD00005EB860738680CF037F806EB0B01CA17CB
:102FE00001EB527C04EBEC022CF0070C1378A1EB04
:102FF0000C01C1F1070123FA01FC0CF0010CCCEB30
:103000000C2C0CF0FF0C8DF804C0FF7867B1FD2F7D
:1030100028BF8DF8040007D2C7F1FF0A78430CFBE4
:103020000A00000A8DF804009DF804007F284FF084
:10303000010000FA01F08CBF184323EA0000107071
:10304000761C4645C4DB039809F101090444029843
:10305000054400988145B6DB09B0BDE8F08F00213A
:10306000019100990029DCBF09B0BDE8F08F00266E
:10307000B8F1000F3EDD00BF05EB860738680BF0A6
:10308000E3FF06EB0B01CA1701EB527C04EBEC02E9
:103090002CF0070C1378A1EB0C01C1F1070123FA06
:1030A00001FC0CF0010CCCEB0C2C0CF0FF0C8DF89F
:1030B00010C0FF7807FB0AF73F0A0CD0FD2F28BF8E
:1030C0008DF8100007D2C7F1FF0978430CFB090007
:1030D000000A8DF810009DF810007F284FF00100C5
:1030E00000FA01F08CBF184323EA00001070761C30
:1030F0004645C1DB039800990444029805440198B1
:10310000401C01908842B2DB09B0BDE8F08F002975
:10311000DCBF09B0BDE8F08F0026B8F1000F46DD36
:1031200005EB8609D9F800000BF08EFF06EB0B01CA
:10313000CA1701EB527C04EBEC022CF0070C13785D
:10314000A1EB0C01C1F1070123FA01FC0CF0010C09
:10315000CCEB0C2C0CF0FF0C8DF814C017F806E02B
:1031600099F803900EFB09F909FB0AF95FEA19497E
:103170000ED0B9F1FD0F28BF8DF8140008D2C9F1A7
:10318000FF0E00FB09F00CFB0E00000A8DF8140086
:103190009DF814007F284FF0010000FA01F08CBF69
:1031A000184323EA00001070761C4645B8DB0398EC
:1031B0000099044402980544049807440198401C6F
:1031C00001908842A8DB09B0BDE8F08F010E01FB39
:1031D0000AF1090A3CE61044FF28A8BFFF2003E0DB
:1031E000101A0028D8BF002000F0FF0E0798000E2C
:1031F0000DD0FD2828BF8DF814E008D2C0F1FF0CD7
:103200000EFB00F002FB0C00000A8DF814009DF884
:103210001400A6EB03027F2804EBE100C2F10703D0
:1032200000784FF0010202FA03F28CBF1043904382
:1032300004EBE10108703FE630B40023CDB2C1F3E6
:103240000724C1F3074C012A20D0022A34D0032AD4
:103250001CBF30BC704702786A43120A62F307034E
:1032600042786243120A62F30F23827802FB0CF267
:10327000120A62F31743090E04BF30BC7047FD29E0
:103280002FD30370190A4170190C48E002782A44C0
:10329000FF2A28BFFF2262F3070342782244FF2A55
:1032A00028BFFF2262F30F2382786244FF2A28BFDF
:1032B000FF2262F31743DEE70278521B002AD8BFD1
:1032C000002262F307034278121B002AD8BF0022B3
:1032D00062F30F238278A2EB0C02002AD8BF0022EF
:1032E000E7E703F0FF0C0478C1F1FF020CFB01FCDF
:1032F00004FB02CC4FEA1C2C80F800C0C3F3072C5F
:103300000CFB01FC44781B0C04FB02CC4FEA1C2C88
:1033100080F801C05943837803FB0211090A8170C8
:1033200030BC704730B54A6883B022F00302802A6F
:1033300006D24FEAE27C002302EB9C7292100AE074
:10334000B2FA82F3C3F12003A3F1060C22FA0CF2C5
:1033500082F02002DB1F00EBC31C0CEB8204D4F8CC
:1033600038C0BCF1000F18D0002921D0C1E902C03B
:10337000CCF80C1001F10B0501F1080C25F0030548
:10338000AC4520D019491AA0CDE9000100221F4BFD
:103390001146032022F02CFBFEE71DA114A0CDE96D
:1033A00000010022194B1146032022F021FBFEE709
:1033B00023A10FA0CDE900010022144B11460320E8
:1033C00022F016FBFEE7A1630121D0F810C001FA3C
:1033D00003F44CEA040CC0F810C000EB83009140E9
:1033E00043691943416103B030BD000028D304088C
:1033F00041737365727465642061742065787072BE
:10340000657373696F6E3A2025730000E9BE040886
:1034100063757272656E7420262620226672656559
:10342000206C6973742063616E6E6F7420686176BE
:10343000652061206E756C6C20656E747279220057
:10344000626C6F636B202626202263616E6E6F7440
:1034500020696E736572742061206E756C6C2065D6
:103460006E74727920696E746F207468652066725C
:103470006565206C697374220000000030B54FF060
:10348000000283B05FEA010C144663D0802909D39F
:10349000B1FA81F3C3F11A03012505FA03F35B1EA8
:1034A0000CEB0301802904D2CB1701EB9371891037
:1034B0000AE0B1FA81F2C2F12002931FD940D21F73
:1034C00081F02001092A45DA00EB82035D694FF0A3
:1034D000FF3303FA01F1294010D1521C016903FAAC
:1034E00002F2114036D0CA43521C1140B1FA81F1A8
:1034F000C1F11F0200EB82014969E9B1CB435B1CBA
:103500001940B1FA81F1C1F11F0300EBC21101EBC7
:1035100083018C6B002C1DD0616821F00301614593
:1035200015D20EA11448CDE900010022134B11461B
:10353000032022F05DFAFEE711A10F48CDE900015A
:1035400000221E4B1146032022F052FAFEE72146CC
:1035500032F0EAFD03B0204630BD0000626C6F63BC
:103560006B5F73697A6528626C6F636B29203E3DDF
:103570002073697A65000000F033000856BF040824
:10358000736C5F6D61702026262022696E746572EF
:103590006E616C206572726F72202D207365636F8F
:1035A0006E64206C6576656C206269746D61702054
:1035B0006973206E756C6C2200000000C1BE0408A7
:1035C00070B5064682B00D46084600F08FF804003C
:1035D00012D0606810F0010F3FD0696831F003012C
:1035E00015D020F00300214680281BD2C3170022EB
:1035F00000EB937083101EE01FA12A48CDE9000163
:103600000022294B1146032022F0F2F9FEE727A100
:103610002448CDE900010022234B1146032022F06B
:10362000E7F9FEE7B0FA80F2C2F12002931FD8401A
:1036300080F02003D21F304632F076FD69682846BC
:1036400031F003020CD062682C4622F00302121DF6
:103650001144416000F04AF8046002B0284670BD91
:1036600020491048CDE9000100221F4B11460320DC
:1036700022F0BEF9FEE700006E6578742026262051
:10368000226E65787420706879736963616C20625A
:103690006C6F636B2063616E2774206265206E75AA
:1036A0006C6C2200F033000825BF040821626C6FA7
:1036B000636B5F69735F6C61737428626C6F636BBB
:1036C00029202626202270726576696F7573206224
:1036D0006C6F636B2063616E2774206265206C6180
:1036E00073742200EC31030807BF040800B500F131
:1036F0000802406883B030F00301A1F104001044D7
:103700001CBF03B000BD05490548CDE900010022FA
:10371000044B1146032022F06BF9FEE7742E0308D8
:10372000F033000898BE040830B500F108030A1F02
:103730009C18426804F1080322F0030CACEB010270
:10374000DD1C25F00305121F83B0AB420AD02149CE
:1037500021A0CDE900010022264B1146032022F0D2
:1037600047F9FEE753181B1D9C450AD022A11AA059
:10377000CDE9000100221F4B1146032022F038F949
:10378000FEE7237903F003031A43626022F0030289
:103790000C2A0AD2284910A0CDE900010022154BBD
:1037A0001146032022F024F9FEE7027902F0030219
:1037B000114341602046FFF799FF0460416841F0E2
:1037C00002014160606840F00100606003B0204683
:1037D00030BD0000B4D2040841737365727465642F
:1037E0002061742065787072657373696F6E3A201A
:1037F00025730000FBBE0408626C6F636B5F736926
:103800007A6528626C6F636B29203D3D2072656D7F
:1038100061696E5F73697A65202B2073697A652010
:103820002B20626C6F636B5F6865616465725F6FAC
:10383000766572686561640020D2040800281CBFA8
:10384000C01C20F0030070471CF032BBC01C22F0EB
:1038500029B90000F0B50446006816461346D0F8B2
:1038600024C083B00F4600222046E047012802D042
:1038700002280CD02BE0A0681FA1CDE90017002280
:103880000290294B1146032022F0B2F830E0206864
:103890003146026A20469047050021D02068324612
:1038A0002946436920469847284609F095FDA269B4
:1038B00031469047284609F055FD206833460022DE
:1038C000D0F824C039462046E0470228DFD02068DF
:1038D00032463946036903B02046BDE8F040184738
:1038E000124800220090124B1146032022F080F86B
:1038F00003B00020F0BD00006461746120257020D9
:10390000697320746F6F206C6172676520746861E1
:10391000742065786365656473206D6178207369D0
:103920007A65202825752900C2B3040828D8000824
:10393000A1B304082DE9F04F0C4685B006460021DE
:1039400024F0B6F960B130460021842225F02EFA29
:1039500007004FF00000DFF88094009008D030E0BE
:1039600005B02046BDE8F04F2022002122F0BCBA6D
:10397000304624F02FFC0021842225F017FA5FEA5C
:10398000000800F0D28030460021892225F00EFA8E
:103990008246304600218A2225F008FA05464FEA81
:1039A000800B0BF1040022F07DF8074608EB8A013A
:1039B0005A4622F021F96FF0604047F825000120B7
:1039C000009000206FF0604157F820208A4218BF15
:1039D000401CF9D16061800022F064F86060606989
:1039E000800022F05FF8E06060694FF00008002876
:1039F00041D957F82800DFF8E4A3484536D100251F
:103A0000304624F0A2F900282CD92946304624F06B
:103A10004FF98346F24925F06BFBB0B958468A222C
:103A2000002125F0C3F901280FD158468922002131
:103A300025F0BCF9404508D1584624F033FB5045E9
:103A400003DB584624F02EFB824630466D1C24F0E2
:103A50007CF9A842D9D8BAF1000FA4BFE06840F8B9
:103A600028A003DAE168002041F82800606908F125
:103A700001084045BDD80025A84603001DD0DFF849
:103A800064C339460022CCF1000B00BF51F8040B8F
:103A90006045A4BF284400EB0B050BDA484504D170
:103AA000E06850F82200804404E0D4F80CA0804480
:103AB0004AF82200521C5B1EE8D130460021142235
:103AC00025F074F98246304624F0E6F96169C1F1C7
:103AD00001010AFB0100B0EB080100F17881C14B44
:103AE0000020C3F1000C15E057F820209A4210DBAB
:103AF00002EB0C0801FB08F205EBD57A02EB6A0237
:103B000092FBF5F2D4F80CA0A5EB0805891A4AF847
:103B10002020401C6269824201D9002DE4D1009826
:103B200000281CBF38461CF0C3F93046002185220E
:103B300025F03CF907004FF00000009027D13046F7
:103B400024F048FB0021852225F030F95FEA0008C7
:103B50007ED030460021862225F028F98246304664
:103B60000021872225F022F905464FEA800B0BF150
:103B7000040021F097FF07465A4608EB8A0122F01D
:103B80003BF86FF0604047F8250001200090304678
:103B900024F0B9F90190394600206FF0604200BF6F
:103BA00051F82030934218BF401CF9D120618000A9
:103BB00021F078FF20602069800021F073FFA06071
:103BC00020690025002842D957F82500DFF80CA20B
:103BD000484538D14FF00008304624F0B6F80028A8
:103BE0002DD94146304624F063F883467C4925F0C0
:103BF0007FFAB0B958468722002125F0D7F801286E
:103C00000FD186220021584625F0D0F8A84208D1CD
:103C1000584625F0C7F9504503DB584625F0C2F950
:103C20008246304608F1010824F08FF84045D8D884
:103C3000BAF1000FA4BFA06840F825A003DAA1687C
:103C4000002041F8250020696D1CA842BCD800E086
:103C500054E00025A84603001DD0DFF888C139468E
:103C60000022CCF1000B00BF51F8040B6045A4BF4B
:103C7000284400EB0B050BDA484504D1A06850F846
:103C80002200804404E0D4F808A080444AF82200CE
:103C9000521C5B1EE8D130460021152225F086F823
:103CA0002169C1F10102019900FB0210B0EB08018A
:103CB0007ED44C4B0020C3F1000C14E057F82020B8
:103CC0009A420FDB624401FB02F805EBD57908EB61
:103CD000690898FBF5F8D4F80890AD1AA1EB080133
:103CE00049F82080401C2269824201D9002DE5D18B
:103CF000009800281CBF38461CF0DAF83046002136
:103D0000152225F053F8804630460021142225F074
:103D10004DF8074600212722304625F047F8C0B26B
:103D200001280CBF4FF001094FF000093046002177
:103D3000012225F03BF8834600210222304625F07F
:103D400035F86FF0404A0546D34505BF708D10F435
:103D5000006F4FF0000B4FF0010B304624F0D3F80A
:103D6000049030460021822225F020F8C2B2236957
:103D7000A0682168CDE90030CDE9021943465946D3
:103D8000049803F055F9A061554505BF708D10F4F6
:103D9000806F00250125304624F07EF880463046AD
:103DA0000021832225F002F8C2B24FF0000C00E09F
:103DB0000FE060696368E1688DE80B103B462946B7
:103DC000404603F035F9E06105B0BDE8F08F002111
:103DD00085E600216DE700009AFFFF1F010000E06B
:103DE000010006009BFFFF1F0120704770B582B0E5
:103DF00004461BF08BFB064620461BF04BFB05469A
:103E0000304624F0E7F90446302D2AD00B2D1CBF94
:103E100002B070BD1DF000FF20B1007A012804BF80
:103E200002B070BD6946304624F05AFA94F830006A
:103E300010F00C0F30461BD024F065F805462046E4
:103E40000021272224F0B2FFC0B20128009805EB20
:103E5000D5710CBFC0EB610000EB610090FBF5F584
:103E60000FE0E16A02B00022BDE870402CF07CBD9A
:103E700024F012F8019900EBD07201EB620191FB82
:103E8000F0F5002D1DDBE06A0026A84218BF0126D0
:103E90001DF0C2FE28B10122294620462CF064FD07
:103EA00004E00022294620462CF05EFD002E04BFCF
:103EB00002B070BD00222021204627F078FB02B01E
:103EC00070BD0025DFE7000038B50D4C206858B103
:103ED00023F014FA002020600A48002200900A4BC8
:103EE0001146042021F084FD30F0ECF90546002352
:103EF0000D22064922F08BFA2846256038BD0000C5
:103F00001C000020D04300084ADD0308817E03081E
:103F100038B50D4C206858B123F0F0F9002020602E
:103F20000A48002200900A4B1146042021F060FD4F
:103F300030F020FB054600230D22064922F067FAE7
:103F40002846256038BD00001C000020D043000832
:103F50004ADD0308817E0308F8B5244C206858B177
:103F600023F0CCF900202060214800220090214B52
:103F70001146042021F03CFD002023F083F9054682
:103F80004FF47F400BF050FA01460022284627F0FC
:103F9000DDFD0BF047FD0BF0C7FD06460BF042FDC3
:103FA0000BF052FD01463246284627F073FD2846A5
:103FB00008F06CF9142300220221606022F0AEFBAD
:103FC00060681FF04DFD00231A460921E06022F0D1
:103FD000A5FB09A1E06820F019FF00230D22084984
:103FE000284622F014FA28462560F8BD1C0000205F
:103FF000D04300084ADD03085448524545000000FC
:10400000817E0308F8B5244C206858B123F076F976
:1040100000202060214800220090214B11460420FE
:1040200021F0E6FC002023F02DF90546FF200BF0DF
:10403000FBF901460022284627F088FD0BF0F2FC30
:104040000BF072FD06460BF0EDFC0BF0FDFC01469B
:104050003246284627F01EFD284608F017F914239B
:1040600000220221A06022F059FBA0681FF0F8FC9A
:1040700000231A460921206122F050FB09A1206982
:1040800020F0C4FE00230D220849284622F0BFF983
:1040900028462560F8BD00001C000020D043000821
:1040A0004ADD0308464F555200000000817E030898
:1040B00000B590F8642085B002F001028A4204BF86
:1040C00005B000BD002990F864100CBF21F001017B
:1040D00041F0010180F86410016D0091416D019182
:1040E000816D0291C16D0391C16A009A4B691A44B6
:1040F0000092019A896911440191C16A029A496941
:1041000011440291C16A039A896911440391694675
:1041100025F095FB05B000BD08B5084611460BF02B
:1041200001F90090BDF800009DF8021040EA01403E
:1041300008BD00002DE9F04F088C83B00D46C0F398
:104140000720D1F848A00BF022F90446288D6B6AAD
:104150001FFA80FC4FEACC00B0FBF4F0072101EB22
:10416000C0011A0CC908009102FB00F999B20CFBBE
:1041700002F80E2345480CF08FFD07000CD0286A8A
:104180003E6910F4002F10D0DAF820004246016991
:10419000304621F031FD32E03D48002200903D4B99
:1041A0001146032021F024FC1FE0287C012801D0C7
:1041B000F8B124E0DAF800000090002002460190F7
:1041C0000C210DF1040B00981CF0ACF850B95B46C3
:1041D0004246314600981BF07DFF002804BF01983D
:1041E00040450CD038460CF0FDFD03B00020BDE882
:1041F000F08FE86842460169304621F0FDFC288CCA
:10420000C0F307200E283AD006EB0800A0F1010801
:1042100006EB0900A0F1010B0120A040401E002286
:1042200000F0FF0EB9F1000F18BF002627D900BF1C
:1042300098F8000020FA02F010EA0E0308BF0020F0
:104240000FD018462146082C0BD200BFC1F1080C34
:1042500003FA0CFC21444CEA0000C9B2C0B20829A0
:10426000F4D38BF800001019C2B2082A24BF002230
:10427000A8F10108761CABF1010B4E45D8D3CAF862
:104280001C70EF6203B00120BDE8F08F68030020CE
:10429000346A0008A4B204082DE9F047D1F8488038
:1042A000086A84B0D8F80090C0F307250E46072DA1
:1042B00008BF02210CD0082D08BF042108D0092D09
:1042C00008BF102104D00A2D0CBF4FF480710021CB
:1042D0008F00C0F3C040002818BFD8F8200017D0C6
:1042E00004693463072D08BF02200CD0082D08BFD5
:1042F000042008D0092D08BF102004D00A2D0CBFBF
:104300004FF480700020706304B00120BDE8F08796
:10431000307C012807D000280CBFF0680020DFD0D7
:1043200004B0BDE8F087384621F0BCFB04000AD099
:104330000020024603900C210DF10C0A48461BF0A8
:10434000F1FF70B11AE0114A11A102F120000090B2
:10435000CDE901120022124B1146032021F048FB47
:10436000FEE753463A46214648461BF0B3FE002876
:1043700002BF0398B842C8F80440B2D020461BF0F0
:1043800097FD04B00020BDE8F0870000346A000803
:1043900070616C6574746520213D204E554C4C0055
:1043A00088B2040838B5094C2068002808BF38BD19
:1043B00022F0A4FF0020206005A000220090094BFD
:1043C0001146042021F014FB38BD00001C00002021
:1043D00064656C6574652073637265656E206F6BD0
:1043E000210000004ADD030800B583B028B102684F
:1043F000D26903B05DF804EB10470DA0009005A250
:1044000008A1CDE901120022114B1146032021F031
:10441000EFFAFEE74E554C4C20706F696E74657272
:10442000000000006C727520213D204E554C4C0060
:10443000417373657274656420617420657870726D
:10444000657373696F6E3A202573202825732900E0
:10445000FFB5040870B505461BF01CF80446284655
:104460001BF0E2F8352C18BF70BDD0F8F802002818
:1044700008BF70BDBDE870402EF080BA38B5044664
:104480000A48007860B10092888983B2088982B2B4
:1044900088881FFA80FC0888614680B233F0A2FD4C
:1044A0002046BDE838400BF0ADBA00001C010020EA
:1044B00070B50546C0690E4600281CBF002070BDBF
:1044C0000122002130460DF01FFA040016D03046BC
:1044D0000EF028F890B10220A06404F13800EC61DD
:1044E000C5E90160217928460B2941D2DFE801F0B6
:1044F00040090F151B21352D27313B004FF0FF30B0
:1045000070BD04F10802E16C17F090FC30E004F19A
:104510000802E16C16F0EAFB2AE004F10802E16C03
:1045200016F08EFE24E004F10802E16C17F09EFE06
:104530001EE004F10802E16C17F078FE18E004F1C7
:104540000802E16C0FF040FD12E0E16C17F0BAFEDA
:104550000EE0E16C19F08EFE0AE004F10802E16C55
:1045600017F08EFE04E004F10802E16C18F096FEEC
:10457000E969032088640020E8610DF063F90120F7
:1045800070BD2DE9F04F0546A2F57F40A1B09146E0
:104590008A46FF3804BF21B0BDE8F08FAB46EC6A15
:1045A000B4F82880984504D02385608D40F0080039
:1045B000608520464FF480215A2224F0F7FB0746FD
:1045C00020464FF480215C2224F0F0FB064638465A
:1045D0001BF064FC0746E86A00281CBF002123F09A
:1045E00067FB8069B91909FB010006EBD671A0EBE6
:1045F00061001D903844711E08441F90DBF82C00A8
:1046000041691C91C0691E9068460FF083F86A46A4
:104610004FF48021204624F025FF1CAA694650460D
:104620000EF01CFEA4F82880608D20F00800608544
:1046300021B0BDE8F08F2DE9F04F0546A2F57F408F
:10464000A5B090460E46FF3804BF25B0BDE8F08FF8
:10465000EC6A278D9F4204D02385608D40F00800CE
:10466000608503A80DF0D2FB03AA4FF480212046F9
:1046700024F02CFE4FF480215C22204624F096FB8F
:104680001190E86A002804BF25B0BDE8F08F002132
:1046900023F00EFB050004BF25B0BDE8F08F0B989A
:1046A0001BF0FCFB119AA969024408FB0211199145
:1046B0001199199A01EBD171A2EB6101119A19912B
:1046C0001144401E08441B9060691890E0691A90DC
:1046D00018AA06F1180120A806F0FAFBB0B11836A6
:1046E0000DF1800C96E8000F9CE80F0086E80F00A3
:1046F0002846183E1FF04EFE0A9005F1140203A949
:1047000030460DF050FB183686E8000F2785608D87
:1047100020F00800608525B0BDE8F08F2DE9F04F4E
:10472000ADF5117D05461AF0F1FE044628461AF053
:104730005DFF8A9002A9204623F01CFC002168221C
:10474000204624F033FB054600216922204624F050
:104750002DFB0246294602A806F0ADFB02A806F092
:10476000A5FB289002A806F092FB2790D4E90C0242
:10477000B2EB000908BF4FF0010994F87030C3F3A1
:10478000C201012905D0022906D0DDE9271C8C458C
:1047900002DB4FF0010801E04FF0000803F00703CF
:1047A000012B08D1002806DA002A04DDA16B814222
:1047B00008BF012000D000202C90204600211222AA
:1047C00024F0F4FA899020460021132224F0EEFA16
:1047D000889020460021102224F0E8FA8790204695
:1047E0000021112224F0E2FA01900299E163039979
:1047F0002164049961640599A164E16B89986FF063
:1048000001050144E163616C8898091A6164216CB7
:10481000879801442164A16C0198091AA164B8F138
:10482000000F04F13C000ED006F031FB042818DA2A
:104830002798A16900EBD07005EB60000844011DCA
:10484000A16420640DE006F031FB042809DA289801
:10485000616900EBD07005EB60000844011D6164E4
:10486000E06304F13C0006F021FB074604F13C0044
:1048700006F00DFBB8F1000F05D004F13C0604F181
:104880004405D44805E00746D34804F1400604F146
:1048900048052D90E26EB2F1FF3F12D0616E206BA1
:1048A000A36E091A181A7943784391FBF9F190FB2A
:1048B000F9F0401A5043C21700EB126001EB202BB5
:1048C00005E0A16B206B081A784390FBF9FBE06DC3
:1048D000B0F1FF3F12D0636D226B991AA36D79433B
:1048E0009A1A7A4391FBF9F192FBF9F2521A50436A
:1048F000C21700EB126001EB202A05E0D4E90B108F
:10490000081A784390FBF9FA20460021272224F068
:104910004DFAC0B2B8F1000F01D0012800D000203C
:1049200094F84C10814208BF002107D030462E4633
:1049300001210546CAF1000ACBF1000BB8F1000FC6
:1049400006D030685044286030685844306008E031
:104950002868A0EB0A00401C30602868A0EB0B0020
:1049600028602C9850B3206B4042784390FBF9F0BC
:10497000B8F1000F13D029B133682A46181A31460E
:10498000401C03E033683246294618442B688342B2
:1049900002DD0B60106020E0136008601DE021B1B3
:1049A0002B682A463146184404E02B683246181A10
:1049B0002946401C33688342EEDDEAE72D9904F175
:1049C0003C008847012808DC00221F21204626F0F1
:1049D000EEFD0DF5117DBDE8F08FE06B3E90206C93
:1049E0003F90606C4090A06C419006A80EF092FE43
:1049F00006AA4FF40031204624F034FD2046002161
:104A00000C2224F0D3F90646DDE927108842A8BF1E
:104A10000846B6EB600F7BDC04F13C00DDF8349017
:104A200006F044FA054604F13C0006F030FA8542EF
:104A300004F13C0002DA06F039FA01E006F027FA48
:104A4000B9EB600F67DC9DF847000025B8F1000F57
:104A500000F0070002D0022802D002E0012800D1B5
:104A600001251298002818BF0125012789980024E4
:104A70000028A4BF8898002805DB87980028A4BFD9
:104A80000198002802DA27466DB94DE04E4502DC58
:104A9000274645B948E0324602A93EA806F03EFA4C
:104AA000B8B32746B5B3702206A942A8FBF7CEFBE0
:104AB0008DF850418DF860418DF828418DF84341C3
:104AC0003EAA42A98A980EF0C9FB00BF8DF8844027
:104AD000702206A922A8FBF7B9FB8DF8E0400DF182
:104AE000F80A8DF8D0408DF8F4409AE80F000DF5E3
:104AF0000C7A8AE80F004DB3B8F1000F1DD002996F
:104B0000899808448C9004998898081A8E901CE023
:104B10005BE001E008E05AE055F001001CBF8DF8B1
:104B200060408DF87040D1D13EAA06A98A980EF057
:104B300095FB0DF5117DBDE8F08F0399879808442A
:104B40008D9005990198081A8F9029948CAA1021AC
:104B50008A980DF023FD80468CAA22A90EF07EFBD8
:104B60005EA80EF076FB4FB102AF97E80F0065AF7D
:104B700087E84F005EA940460EF033FB4DB13EADD5
:104B800095E80F0065AD85E80F025EA940460EF07E
:104B900028FB6BA80CF080FF8CAA6BA9CDF8C8810C
:104BA0008A980DF077FC702206A922A8FBF74EFB2D
:104BB0008DF8C3408DF8A8403EAA22A98A980EF02D
:104BC0004DFB0DF5117DBDE8F08F461024E74FEA4F
:104BD000600938E7ADAE00088FAE0008F0B591B0BF
:104BE0001D4616460C0007464CD02079092849D2AC
:104BF000DFE800F0051919481948484819006846C7
:104C00000BF09CFDE07D8DF82800A08AADF8200017
:104C1000A07D8DF822000120099069463846E2689F
:104C200016F064F82EE0A3680DF1300C0FCB8CE881
:104C30000F000CA806F03AF90E210CF087FC0C9935
:104C4000401E08440E902C220021684621F04CF9A9
:104C5000A08AADF81500A07D8DF81700E07D8DF8D5
:104C600014002068016906910CA908910089694621
:104C700080B20990A068009002208DF81C00384690
:104C80000FF0BEFC002E12BF002D11B0F0BD2A4661
:104C900011B031463846BDE8F04017F0C7B8000003
:104CA0002DE9F04FADF5157D05461AF02FFC0446B1
:104CB00028461AF09BFC00F11802049004F114013C
:104CC00018A806F005F9002804BF0DF5157DBDE80C
:104CD000F08F04980AAD18300FC885E80F0018ADA2
:104CE000049895E80E10183080E80E102046002138
:104CF000302224F05BF88C9020460021102224F012
:104D000055F88E9020460021112224F04FF88F9004
:104D100020460021122224F049F88D9020460021DF
:104D2000132224F043F89390208D002516902585BA
:104D3000608D40F0080161854EA80EF0EBFC4EAA94
:104D40004FF4A021204624F08DFB39A80DF05EF829
:104D500039AA4FF4A021204624F0B8FA16982085ED
:104D6000608D002720F008012046618523F004FCB7
:104D70000146A2698E980E951044411A8C980844F9
:104D8000401ECDE91050204623F0F0FB92902046C3
:104D90002722294624F00AF8C0B201280CBF4FF0A0
:104DA00001094FF000094FF00008206B002840F285
:104DB000AD81A06B119950F82800491C421E0F913B
:104DC000114411911B9A0F99914200F39F81B9F1FF
:104DD000000F09D0E2699399521A9299521A8C994C
:104DE000511A491E0E9108E062698D990A44929900
:104DF000521A8C991144491E1091E16A002500292C
:104E000040F27E8100EBD07007904010CDF850004A
:104E1000606B4FF0000A50F82700002818BF90F888
:104E200000A0B9F1000F0AD00E98401E1090E06B60
:104E3000109950F82500081A401C0E9009E01098AF
:104E4000401C0E90E06B0E9950F825000844401E5F
:104E50001090E06A0026401E854238BF04211FD210
:104E6000606BBA1950F8220000281CBF007810F0BF
:104E7000010F15D005EB0602E06B01EB8202B9F1E0
:104E8000000F80581DBF0E9A101A0E90109A04BF82
:104E900010441090761CE06A7219401E8242DFD3E3
:104EA000199911988842C0F222810E981C900F988F
:104EB0001D9010981E9011981F909DF8810110F080
:104EC000040F0BD063698D991C9A19448A4205DD41
:104ED0005F9901EBD171A2EB61011C9110F0020FFF
:104EE0000BD0A3698E991D9A19448A4205DD5F99FA
:104EF00001EBD171A2EB61011D9110F0080F10D0F0
:104F0000E36993991E9A591A491E914209DD5F99E6
:104F100001F0010201EBD17102EB61011E9A114413
:104F20001E9110F0010F10D0226A8F981F99101A4D
:104F3000401E884209DD5F9800F0010100EBD0704F
:104F400001EB60001F9908441F90616C00204145EF
:104F500004BF216CA9427DD1218D11F0400F03D1F6
:104F600011F0200F18BF202011F0020F18BF40F0E1
:104F7000020011F0040F18BF40F0040011F0080FF8
:104F800018BF40F00800002875D02085608D40F0E3
:104F9000080161856AA80EF0BDFB24A80CF036FF5D
:104FA0006AAA4FF4A021204624F05CFA24AA4FF408
:104FB000A021204624F08AF916982085608D20F0E3
:104FC00008016185CDE96C85CDE926851CAA6AA911
:104FD00004980EF043F9606B50F8270000287DD04C
:104FE00020464FF4A021122223F0E0FE019020463B
:104FF0004FF4A021132223F0D9FE029020464FF453
:10500000A021102223F0D2FE159020464FF4A021BB
:10501000112223F0CBFE0E9A0199CAF3400A1144E3
:105020008691109A02994FF0000B511A88910F9AAD
:105030001599114487911199081A8990BAF1000FB6
:1050400018BF4FF0010B86A805F030FF3299CDF85C
:1050500008B000E00FE0CDE90010606B339B419A8F
:1050600050F8270000F108018AA82BF045FFBAF19B
:10507000000F1AD10AE070224EA96AA820F0BCFDE8
:10508000542239A924A820F0B7FD9BE70F9A07996D
:105090008B9802EB610100EBD070A1EB600187916E
:1050A000149901EB6000104489900EAA18A920A859
:1050B00005F00EFF90B10DF1800A04989AE80E10E9
:1050C000183080E80E10606B86AA24A950F82700DB
:1050D00008302B9004980CF066FE00E007E00DF11C
:1050E000600A04989AE80E10183080E80E10B8197B
:1050F000471CA819451CE06AA8423FF689AE00BFCC
:10510000206B08F101088045FFF453AE0AAC049807
:1051100094E80E10183080E80E100DF5157DBDE8EE
:10512000F08F2DE9F84304461AF0F0F98046204646
:105130001AF06CFA0646C06C4068B0F5A02F18BF94
:10514000BDE8F883304619F087FA0546304619F075
:105150007DFA044655EA040008BFBDE8F883F06C08
:1051600000278668072E52DA002D18BF85F82070B8
:105170000CB184F828704FF400423146404607F0E5
:105180002DFD28B354B140462DF092F90090BDF8A2
:10519000000020849DF8020084F8220075B166208A
:1051A00085F8200040462DF083F90090BDF80000FE
:1051B000A5F821009DF8020085F82300404607F07D
:1051C0000BFDB04204D1002D1CBFB22085F8200099
:1051D0004FF480423146404607F000FD002814BFDE
:1051E000002CBDE8F8834FF0FF0084F8280040460B
:1051F0002DF05EF90090BDF8000020849DF80200BB
:1052000084F82200606A401C6062BDE8F883402296
:105210003146404607F0E2FC0028ACD0002D18BF14
:1052200085F82070002CA6D0A3E70000F0B583B06D
:105230000F4604000FD004F1300020F0DFFA050023
:1052400021D0286861680669304608F0E1F808F066
:1052500015F988B90CE019A0009011A214A1CDE9AC
:10526000011200221D4B1146032020F0C1FBFEE776
:10527000A269394630469047294604F1300020F0B3
:10528000D1FA0500DDD104F1240027F0CDFA04F1B4
:10529000300020F09FFA0020E06003B0F0BD000075
:1052A0004E554C4C20706F696E74657200000000A2
:1052B0006C727520213D204E554C4C004173736536
:1052C00072746564206174206578707265737369A7
:1052D0006F6E3A20257320282573290014B6040820
:1052E000F0B583B01646040031D000293CD004F15B
:1052F000240027F027FB050004BF03B0F0BD2F6991
:10530000A269314638469047E16B38468847E168E4
:10531000091AE1603846616808F07AF8074628699A
:10532000E16A0844294650F8046C04F1240027F08F
:1053300035FD384608F016F8314604F1300020F00B
:1053400025FB03B03046BDE8F0401AF0B1BD14A013
:1053500000900CA20FA1CDE901120022184B1146BA
:10536000032020F045FBFEE70DA0009005A215A14B
:10537000CDE901120022124B1146032020F038FB28
:10538000FEE700004E554C4C20706F696E746572DC
:10539000000000006C727520213D204E554C4C00E1
:1053A00041737365727465642061742065787072EE
:1053B000657373696F6E3A20257320282573290061
:1053C000C6B504086B657920213D204E554C4C0034
:1053D0002DE9F05F0C469A461646054620210A9FA5
:1053E00023F07FFEA8B1032F28461BD023F0B0F88E
:1053F0004FF00009C846C0B1032F6FF060464FF070
:10540000000722D0012876D0022875D0032875D055
:105410009FE01AEB040F48BFCAF10004301B48BFDD
:105420003446AAE023F08CF8E2E7BAF1000FA8BFF7
:10543000002E51DA002CB8BFA41E002CC8BFA41C3B
:10544000E01704EB9070841046E001281FD002287A
:1054500025D003282AD128460021122223F0A6FCB9
:10546000834628460021132223F0A0FC074605F1BD
:105470001400D5F814A005F019FDA0EB0B00C01B1B
:1054800000EBD0700AEB600101EB0B070EE0284641
:105490000021122223F08AFC6969471806E0284699
:1054A0000021132223F082FCE9690F1A00236FF018
:1054B0006042791C284600F019F9B04208BF4FF04D
:1054C000010800233A462E49284600F00FF9B04261
:1054D00002D100BF4FF0010959EA08004DD0002C5D
:1054E000B8BFA41E002CC8BFA41CE01704EB90702A
:1054F0008010BDE8F09F1DE024E0FFE72846002172
:10550000102223F053FC834628460021112223F069
:105510004DFC074605F11400D5F818A005F0B7FCBE
:10552000A0EB0B00C01B00EBD0700AEB600101EB9D
:105530000B070EE028460021102223F037FCA96952
:10554000471806E028460021112223F02FFC296A83
:105550000F1A00236FF060423946284600F04AF9DE
:10556000B04208BF4FF0010800233A4604492846DC
:1055700000F040F9B042AFD1ACE72046B9E70000F7
:10558000010000E00879052818BF062822D1C86C60
:10559000826B002A04BFC26B002A25D1C26A002A8E
:1055A00004BF026BB2F5807F05D1426BB2F5807FFC
:1055B00008BF002300D00123826E002A18BF0122F9
:1055C0001A4211D1008CC0F307201AB10E2818BF5F
:1055D000142809D091F85100642805D3642081F87B
:1055E0005100012081F850000020704770B504463A
:1055F0001CF012FB40B1207E10F0020F1CBF0120F6
:1056000070BD10F0010F27D120688068002814BFFA
:1056100000F1080500250122214628461AF0BCF8B1
:10562000012806BF217E11F0020F70BD20684FF0E7
:10563000000102684FF0010082B1D368002B08BF5F
:105640001268F9D0E160D368214610469847217E60
:10565000012011F0010F01D0002070BD217E11F05A
:10566000020F18BF70BD0022214628461AF094F898
:105670000546012804BF207E10F0020F33D12068B8
:1056800022F0A8FD06002ED0207E10F0040F2AD1B3
:105690002089282818BF29281BD04FF48041206872
:1056A00023F01FFDF8B1208913381F2811D2DFE83D
:1056B00000F01A1010101A1A1A1A1A1A1A1A1A10B6
:1056C000101A1010101A1A1A1A101010101A1A1094
:1056D0001A0020462660FFF789FF0546012804BF0F
:1056E000207E10F0020F284670BD00002DE9FF4F0C
:1056F00081B09B46044622F023FF5FEA000A71D086
:105700006FF0604600211222204623F04FFB07462F
:1057100020460021132223F049FB0090204622F06E
:1057200014FB5FEA00094FF000055BD0A068304928
:10573000006850F82580404623F0DAFC002846D166
:105740004FF48051404623F0CCFC00283FD0BAF102
:10575000010F06D0BAF1020F08D0BAF1030F0BD037
:1057600035E06069D8F81480C1191CE0E16900983F
:10577000D8F81C80091A16E008F1140005F096FB11
:10578000D8F8141000EBD07001EB600804F114009D
:1057900005F08CFBC11B0098081A00EBD070616902
:1057A00007EB60000144029A08EB0B009042A4BF93
:1057B000039A82420BDB401A0028CCBF01464142CB
:1057C000002ECCBF324672429142B8BF06466D1CD5
:1057D0004D45ABD36FF0604086421EBF704205B0AE
:1057E000BDE8F08F6FF0604005B0BDE8F08F0000BD
:1057F000010004002DE9FF4F81B09B46044622F0D2
:10580000A7FE5FEA000A71D06FF060460021102207
:10581000204623F0CBFA074620460021112223F030
:10582000C5FA0090204622F090FA5FEA00094FF096
:1058300000055BD0A0683049006850F825804046DC
:1058400023F056FC002846D14FF48051404623F007
:1058500048FC00283FD0BAF1010F06D0BAF1020F80
:1058600008D0BAF1030F0BD035E0A069D8F8188042
:10587000C1191CE0216A0098D8F82080091A16E0A6
:1058800008F1140005F003FBD8F8181000EBD070F5
:1058900001EB600804F1140005F0F9FAC11B00984F
:1058A000081A00EBD070A16907EB60000144029A6E
:1058B00008EB0B009042A4BF039A82420BDB401A14
:1058C0000028CCBF01464142002ECCBF3246724276
:1058D0009142B8BF06466D1C4D45ABD36FF060409A
:1058E00086421EBF704205B0BDE8F08F6FF0604089
:1058F00005B0BDE8F08F0000010004002DE9FF4F66
:1059000083B09046DDE910A40F46002101220398E0
:1059100023F04CFA054600210222039823F046FAB0
:10592000FA7812F0020F0CD012F0010F6FF0404124
:1059300002D08D4202D008E0884208D122F0020055
:10594000F870F87810F0010F01D0784800E078483E
:105950000190F87810F0010F0CBFDFF8D091DFF85C
:10596000D0914FF0000BC4F804B0C4F808B0C4F8EC
:1059700014B0C4F800B0C4F80CB0C4F810B0454678
:105980004146039822F094F9060000F0A6804545B0
:1059900005D04FF4001123F0A4FB00286FD1654916
:1059A000304623F0A5FB00286AD130460021812231
:1059B00023F0FCF910F0FF0B63D06069401C6061BC
:1059C000A1685144A160217E11F0010F69D000EB64
:1059D0004000C100206927F037FA0090002841D02C
:1059E000606900EB4001009800EBC1004FF000013E
:1059F00040F8186CF87810F0010F30460CBF062202
:105A0000042223F0D3F9616901EB4102009901EB13
:105A1000C20141F8140CF8784FF0000110F0010FAA
:105A2000304614BF0522072223F0C0F9616901EB5B
:105A30004102009901EBC20141F8100C606900EBD2
:105A40004001009800EBC100002140F808BC6069EB
:105A500000EB4002009800EBC20040F8041C0098E4
:105A600020611EE03CA0009033A237A1CDE90112D5
:105A70000022414B114603201FF0BAFFFEE72CE045
:105A80001BE0019930468847F97811F0020F04D0E5
:105A9000A1680A1806998A421FDCA168504408448C
:105AA000A0603046C847014620688142C4BF3046E6
:105AB000C8472060E068401CE060F87810F0040FF0
:105AC00014BF4FF0FF300120451906D42946039832
:105AD00022F0EEF806007FF45AAFA0680028C4BF99
:105AE000A0EB0A00A0606069002814BF0698A068B7
:105AF0006060BEB1454515D103988068006850F8D4
:105B00002560F878C0F38000002814BF6D1E6D1C5E
:105B100046B13046C84720600199304688476060EA
:105B20000120E06007B02846BDE8F08FAB8F020887
:105B3000AB800208010006004F7574206F66206D6F
:105B4000656D6F72790000006E65775F6473632026
:105B5000213D204E554C4C00417373657274656451
:105B60002061742065787072657373696F6E3A2076
:105B700025732028257329002DB204082DE9F34F41
:105B8000B1B000217D22319823F010F94FF0010AC5
:105B90009DF837102AEA000262F30001820862F3DE
:105BA0004101C00860F382018DF8371000217E2288
:105BB000319823F0FBF88DF8340000217F223198D2
:105BC00023F0F4F88DF8350000218022319823F07D
:105BD000EDF88DF8360000212722319823F0E6F801
:105BE000C0B2012818BF002023909DF837004FF065
:105BF000000110F0010F31981AD0142223F0D6F8CA
:105C00004FEA00079DF837004FF0000110F0010F38
:105C1000319814BF1522142223F0C8F824909DF85F
:105C2000370010F0010F319807D022F06CF906E030
:105C3000152223F0BBF80746E4E722F02DF9319C4A
:105C40001490002529461022204623F0AFF806467E
:105C500020463022294623F0A9F8804620462946CE
:105C6000342223F0A3F810F0020F18BF46443198F5
:105C700080693418319822F07FFC201A319C2190E1
:105C8000002520461222294623F090F80646204699
:105C90002946302223F08AF88046204629463422BD
:105CA00023F084F810F0040F18BF4644319840697F
:105CB0003418319822F05AFC201A22909DF83700AF
:105CC0009DF8366010F0010F14BF21A822A8209083
:105CD00000210122319823F069F826900021022248
:105CE000319823F063F825909DF8370010F0010FEC
:105CF0000CD025996FF04042914204D13199498DE1
:105D000011F4806F0CD010F0010F0AD126996FF0BA
:105D10004042914205D13199498D11F4006F00D173
:105D20000026239949B110F0010F06D1002E08BFBB
:105D3000012602D0012E08BF002600252C46A846C9
:105D4000A946002E77D09DF8370010F0040F08BF49
:105D5000002203D031988068008D421E0DF1140B93
:105D600010E000BFCDF82C902498CDE9000B0DA9D0
:105D7000149B3198FFF7C2FD0599EA198D18024668
:105D800008F1010831988068008D824201DA002A0A
:105D9000E8DAB8F1000F18BFED1B9DF8370010F0DE
:105DA000010F319802D022F077F801E022F0ABF831
:105DB000B8F1010F03DC032E18BF042E06D0062E07
:105DC00038D2DFE806F0370E032C1F162099002486
:105DD000401B096800EBD07001EB60012098016066
:105DE00029E020990024401B0A68111820980160BE
:105DF00021E0B8F1010F1EDD401BA8F1010190FB6D
:105E0000F1F418E0401B90FBF8F00444209804EBF8
:105E1000D471006800EB6101209801600BE0401B29
:105E200008F1010190FBF1F4209800680119209815
:105E3000016000E000249DF8370010F0040F08BF57
:105E4000002603D031998968098D4E1E239939B1F6
:105E500010F0010F04D120980068411920980160CA
:105E6000E019069031988068008D864280F2E082C9
:105E7000002EC0F2DD8201241F9419A92498CDE9D7
:105E8000000132460DA9149B3198FFF737FD27908A
:105E9000239850B19DF8370010F0010F05D12098DC
:105EA00019990068411A209801603198109027983C
:105EB00018900C9622982A90219829901498029074
:105EC000249817909DF8370000F00100002814BFB7
:105ED000FD48FE48289014BFFD48FE4808900CBFBE
:105EE000FB48FC480A9014BFFB48FC480F9014BFC5
:105EF000FB48FC4813900CBFF748F84815900CBFBE
:105F0000F748F8484FF008064FF014044FF00C0B18
:105F1000169070E0DDE91A124FF00008A1EB0201C3
:105F20004046424624BF4FF0100C5D4618D900BFD2
:105F300002EB42031D9F04EBC30917F8097017F029
:105F4000010F1D9F0CBF0CEBC30305EBC303FB58F4
:105F50000CBF1844C91A02F101021E9B9342E7D8F4
:105F60001E9B0022002B4BD902EB4203DDF874C0CC
:105F700004EBC3071CF807C01CF0010F34D1E8B3D1
:105F800091FBF0FC1025DDF874A005EBC30906EBCE
:105F9000C30E5AF8095005FB0CF54FF0040C0CEB3E
:105FA000C30C5AF80CC05AF80EA0AA45D4BFD64666
:105FB000AE46F445C8BFE24602DCAA45C8BFAA46C1
:105FC000AA4505D01D9D4FF0010CE04645F807C0DD
:105FD000DDF874C00BEBC303A1EB0A014CF803A07E
:105FE0001D9B53F80930C01A1E9B521C9342BBD80C
:105FF000B8F1000F04D01E98002800E020E089D1FD
:106000004FF000014FF02702109822F0CFFEC0B2EF
:1060100001280CBF0127002700251C989DF834306B
:106020001A9A02992E46012803DC032B18BF042B71
:1060300011D0062B29D2DFE803F028120E231B14FF
:10604000A9A1AEA0CDE900010022B34B1146032067
:106050001FF0CEFCFEE7881A00EBD0700DE08D1A21
:1060600013E0012811DD891A401E91FBF0F60CE0C7
:10607000891A91FBF0F606EBD67005EB600504E09B
:10608000891A401C91FBF0F635469DF837003842DE
:1060900003D0109821F037FF05440C99109821F097
:1060A00007FE044617983044059000F09EB99B49BE
:1060B000204623F01DF8C8B19DF83700C0F38000DA
:1060C00000280C9807D0401E0C9000F19481109885
:1060D000806800F086B9401C01460C9010988068DA
:1060E000028D9142C0F27D8100F085B920460021E9
:1060F000812222F05BFE10F0FF0F4ED01E994FF070
:1061000000084046002913D91D9A00EB400152F8BF
:106110003110A14208D1114600EB40020C2000EBE7
:10612000C20051F8008003E01E99401C8142EBD868
:106130009DF8370010F0010F608D19BF40F400602A
:1061400020F4806040F4806020F40060608508994D
:1061500004F114008847404523D0204623F036FB45
:1061600060692C90A0692D90E0692E90206A2F9094
:10617000289A414604F1140090472CAA2E2120466B
:1061800025F015FA204622F025F82246272125F091
:106190000EFA204623F01AFB03E0608D20F44060E5
:1061A00060859DF83500012845D0022826D0159A33
:1061B00000212046904782469DF83700384204D09F
:1061C000089904F1140088472D1A00216A222046FC
:1061D00022F0ECFD8146204600216B2222F0E6FDF4
:1061E0008046204622F0DEFE8346204621F05AFFFC
:1061F00009F0C041B1F1005F3ED12AE00A9904F1F3
:10620000140088471999159A491C21F00101081AB0
:1062100000EBD0704FEA600800212046904781468D
:10622000169A002120469047A9EB000000EBD070A1
:1062300008EB600AC0E70A9904F11400884719992D
:10624000169AA1EB0008002120469047A8EB000A0F
:10625000B2E7334A29F0C0418A420DDBB1F1805FD9
:10626000A4BF6FF07042511A01FB0BF22D4981FB64
:1062700002214A11A2EBE17908F0C041B1F1005FBF
:1062800011D1274A28F0C0418A420CDBB1F1805F6E
:10629000A4BF6FF07042511A4143224880FB0110A5
:1062A0004111A1EBE07861692A98401A8144A16903
:1062B0002998401A00EB080B9DF8370010F0010FE9
:1062C00008BF504635D02FE073B2000869B200080D
:1062D000ADAE00088FAE0008378D0208438D02086E
:1062E0003D8D0208318D020867726F775F76616CB1
:1062F00075655F73756D20213D20300041737365B6
:106300007274656420617420657870726573736956
:106310006F6E3A20257300003CB2040801000600AD
:10632000FEFFFF1F1F85EB510F9A0021204690476B
:10633000284400EB09089DF8370010F0010F05D143
:106340000F9A00212046904700EB050A0AEB0B0943
:1063500058EA090017D0204623F038FA6069404413
:106360006061E0694044E061A0694844A061206A3E
:1063700048442062204623F029FA00234A46414639
:10638000204623F0EBFA9DF8370038421CBF0598F1
:106390002D1A12D1089904F11400884717990F9A01
:1063A000084400EB06080021204690478044139AD9
:1063B000002120469047404405449DF83700C0F333
:1063C000800000280C9804D0401E0C907FF57FAE12
:1063D00011E0401C01460C9010988068028D91429B
:1063E00009DA01680C9851F8204024B118990C98EA
:1063F00088427FF45CAE279E1D9819F059FD00205D
:106400001D90239820B19DF8370010F0010F08D09F
:106410002098199900680144069801442098016069
:1064200020E5209801680698091A2098016019E56E
:1064300026996FF0404081421CBF2599814202D1CC
:10644000319823F0F9FE00223021319825F0AFF881
:1064500033B0BDE8F08F2DE9F84F044600200090DE
:10646000207F92468B4610F0010F7ED14FF001083D
:10647000E5680026C14675B9207FC0F3C000401E04
:1064800030427CD1B9F1000F79D02046D8474FF087
:1064900000080546C146002E08BFB5F100066ED0C3
:1064A000B8F1000F05D029462046D0470546B04236
:1064B00065D04FF00108002DDED0286822F036FCB0
:1064C00010F0800FD7D12F685FB10121384622F03C
:1064D00008FE48B32FB10121384622F002FE002801
:1064E000C9D1E068A8424AD040B3002738461BF023
:1064F000A9FD06000ED01BF0E2FD01280BD03046AE
:106500001BF09AFDA04208BF374630461BF09AFDAB
:106510000600F0D13E46E06832461121006825F0C1
:1065200046F801282BD105E0384621F053FE07003C
:10653000CBD1D6E7E068006823F048F90026304662
:10654000E5601BF07FFD05000ED01BF0B8FD0128B3
:106550000DD028461BF070FDA04208BF2E462846ED
:106560001BF070FD0500F0D100E008E03546E06862
:106570002A461021006825F01AF8012802D0009858
:10658000BDE8F88FE068006823F020F92169002950
:106590001CBF204688470120BDE8F88F70B5846C89
:1065A0000546002C08BF70BD206820B119F0A0FC82
:1065B000206819F07DFCE069002818BF0AF012FC81
:1065C000206A002818BF0AF00DFC606819F070FC02
:1065D000204619F06DFC0020A86470BD2DE9F34F32
:1065E0008BB00446694621F0C5FC204622F0DAFC57
:1065F0008246204621F056FD0990002112222046B5
:1066000022F0D4FB074600211322204622F0CEFBC5
:10661000834600211022204622F0C8FB05460021B7
:106620001122204622F0C2FB0646002114222046F9
:1066300022F0BCFB804600211522204622F0B6FB4A
:1066400008F0010108EBD87201EB620101F10108C9
:1066500000F0010100EBD07001EB600000F10109D6
:10666000B8F1090FA8BF4FF00908B9F1090FA8BF89
:106670004FF00909BBF1090FA8BF4FF0090BCDF886
:1066800028B0092DA8BF0925092EA8BF09260896FC
:10669000A06B002600285DD9AAEB0B00A0F1020B2D
:1066A000DDE90801081AA0F1020A206B00EB0610D0
:1066B000016804914168059181680691C06807905E
:1066C0000498874215DB0099092FB4BF384609208A
:1066D000081A049908440490059885420FDB019834
:1066E000092DB4BF29460921401A0599084405908F
:1066F0000AE001460098A0EB09000844EBE7019985
:10670000A1EB080108440590069800995845BCBFC4
:106710000844484405DB01440A980928A8BF092019
:1067200008440690079801995045BCBF084440446E
:1067300005DB014408980928A8BF092008440790F0
:10674000002204A80C9904F08DFC18B9A06B761CEB
:10675000B042AAD8A06BB04208BF4FF6FF763046D1
:106760000DB0BDE8F08F0000F0B583B00D46040019
:1067700035D0002D40D004F130001FF03FF878B143
:10678000006861680669304606F042FE07462269E5
:10679000294630469047002802BF384603B0F0BD76
:1067A000294604F1240026F0CDF8050004BF03B00B
:1067B000F0BD2969E06A084450F8046C04F1300027
:1067C0001FF01CF80246314604F130001FF0B4F807
:1067D0006168286903B0BDE8F04006F019BE14A056
:1067E00000900CA20FA1CDE901120022184B114616
:1067F00003201FF0FDF8FEE70DA0009005A215A1F3
:10680000CDE901120022124B114603201FF0F0F8CF
:10681000FEE700004E554C4C20706F696E74657237
:10682000000000006C727520213D204E554C4C003C
:106830004173736572746564206174206578707249
:10684000657373696F6E3A202573202825732900BC
:10685000B8B504086B657920213D204E554C4C009D
:106860002DE9F0474FF000081C4617000E4605467C
:10687000C3F8008015D0E86B031F17F0010F02D09A
:1068800053F8040F20605FEA570C0AD0206859685B
:10689000BCF1010C0844206053F8081F0844206034
:1068A000F4D128460021272222F080FAC0B2012824
:1068B000284640D021F05AFE21681222081A206092
:1068C0002846002122F072FA216808442060E96B12
:1068D00051F827100844401EC4F80800C4F804808A
:1068E0009EB1A86B021F16F0010F02D052F8040FE0
:1068F0006060730809D0606851685B1E084460607E
:1069000052F8081F08446060F5D128460021102283
:1069100022F04CFA616808446060284621F02CFEA1
:106920006168081A6060A96B51F826100844401E7F
:10693000E060BDE8F08721F019FE2168084420607E
:10694000284622F02FFB814628460021132222F000
:106950002DFA2168A9EB0101081AA060E96B51F832
:106960002710401A2060B9E72DE9F05F91468A466A
:1069700004460021122222F019FA06462046002180
:10698000132222F013FA804620460021102222F022
:106990000DFA054620460021112222F007FA07468B
:1069A000204622F0FFFA801BA0EB080B204621F0C6
:1069B00079FB401BC01B8345204605DA22F0F2FA22
:1069C000801BA0EB080003E021F06CFB401BC01B08
:1069D00000EBD0704010616982191144CAF80010B0
:1069E0004219A169B9F1000F1144CAF8041018BF87
:1069F000C9F80000BDE8F09F10B50446806C84B073
:106A000000281CBF04B010BD44201FF071F80028FE
:106A10001EBFA06404B010BD06A20EA0009009A184
:106A2000CDE901120022134B114603201EF0E0FFB6
:106A3000FEE700004F7574206F66206D656D6F7204
:106A4000790000006461746120213D204E554C4C5A
:106A500000000000417373657274656420617420E6
:106A600065787072657373696F6E3A20257320289C
:106A70002573290077B20408002904BF002070475D
:106A80002DE9F043866983B04FF0000C748AE0056D
:106A9000C00D1CBF0425B36812D000BF0CEB8C00E6
:106AA00053F8202005EB8000185A8A1A90420BD820
:106AB0000CF101001FFA80FCC4F308006045EDD81A
:106AC00003B00020BDE8F0830CEB8C04122000EB37
:106AD00084000025195C062702290CD04FF00C0811
:106AE00071B1DFF8A4C008204FF01009032910D0BD
:106AF000012927D044E007EB8400185A85183FE0AD
:106B000008EB840007EB84011858595A805C0D1873
:106B100036E0ADF8042009EB8401CDF800C000EBAD
:106B200084085A5A53F80810022301A82CF077FD64
:106B300030B3B16851F80820801A07EB8402401086
:106B4000895A1CE009EB8401ADF80420CDF800C09F
:106B500000EB84095A5A53F80910022301A82CF0BB
:106B60005EFD68B1B16807EB840351F80920801A13
:106B700008EB840240108A58C95A32F810000D18E8
:106B800003B02846BDE8F083F3D403082DE9F84F9D
:106B900090460F461E4604464FF40031502222F024
:106BA00005F900EBD0704510E16CE06AA8EB050830
:106BB00011F0060F08BF616B08D0C1F34101022933
:106BC00008BF216B02D001294BD000E00844B4F883
:106BD0005C1001EB000909F15A0000B22CF0D8FC5E
:106BE00000FB08F04FEAE03A0FFA89F02CF0D0FCF5
:106BF00000FB08F04FEAE03B20464FF44031122200
:106C000022F0D4F8009020464FF44031132222F0B5
:106C1000CDF8814620464FF44031102222F0C6F8CC
:106C2000804620464FF44031112222F0BFF83968E7
:106C3000284401EB0A020099511A491B3160396856
:106C400009EB050251441144B16079685944A1EB44
:106C50000801491B7160796859440844F060BDE837
:106C6000F88FD4E90EC26245B8BF02F5B472616B09
:106C7000D4F830900B464945B8BF03F5B47162446F
:106C800002EBD27252109145B8BF48449FDB8A4252
:106C9000B4BF184410449AE72DE9FF4F83B0059A1A
:106CA00092081E2A88BF1F22012301F47F0589B2A2
:106CB000019103FA02F4428DC9438EB20021C2F35E
:106CC0000519C2F3C00A4FF0FF3CB9F1000F88BFAD
:106CD000D0F80C8050D900BF08EBC102536813F004
:106CE000007F49D0BAF1000F43D1042303EBC10365
:106CF00058F80330C3F307431B04AB4239D1126881
:106D00005368234235D00092DDE905720292009A61
:106D1000137AFF2B07D0D2F800B000220BEB830BC5
:106D2000002B26D916E01368002293F800B0BBF1BF
:106D3000000F1ED013F832B0BB4504D103EBC201E3
:106D40000298496810E0521C13F832B0BBF1000FF2
:106D5000F0D10EE01BF802E0BE4507D100980068B4
:106D600000EB82010298096801605EE0521C9342C8
:106D7000F0D8491C8945AFD8894588BF4FF0040A2F
:106D80005BD9C26852F83180D8F80430234243D02E
:106D90000AEBC103D358C3F307421204AA4204BF4B
:106DA0001FFA83F919EA060F36D1E14534DDDDE932
:106DB0000572009298F80830FF2B07D0D8F800B081
:106DC00000220BEB8308002B26D917E0D8F80030FF
:106DD000002293F80080B8F1000F1DD013F8328024
:106DE000B84504D103EBC203009A5B680EE0521C65
:106DF00013F83280B8F1000FF0D10DE018F802E07E
:106E0000BE4516D10BEB8203009A1B681360019AF2
:106E1000914518BFCC4608D0428D491CC2F30512DB
:106E20008A42AED8BCF1000F07DB07B00120BDE8F5
:106E3000F08F521C9342E1D8EEE707B00020BDE886
:106E4000F08F0000F0B5468D044683B00D4616F471
:106E50007C70C6F305121CBF0020002A84BF4FF0CF
:106E6000040CE1680DD900BF0CEBC003CB5813F044
:106E7000007F03D023F07F43AB4202D0401C82420C
:106E8000F2D882421FBFE16801EBC00003B0F0BD41
:106E90004FF0806000EBB6204FEAB050608510F4F0
:106EA0007C7F38D0C0F30510C100E06825F0CCFF2E
:106EB000E060608DC0F30512511E012A13D000203E
:106EC0006FF00706B2F1010201EB000CE368401E0F
:106ED00003EBCC0706EBCC0C6344521ED3E900C392
:106EE000C7E900C3F0D108220021E0681EF0FCFFD2
:106EF0000C201EF0D7FDE168086028F0CAFCE168AC
:106F0000486840F000704860E16865F31700486029
:106F1000E06803B0F0BD0649002201F11400CDE99C
:106F20000001044B114603201EF062FDFEE7000045
:106F300064B80208A4E7030870B584B0050018D04F
:106F400005F130001EF075FC04000FD02068696860
:106F5000006906F05DFA064606F090FAB0B12146E7
:106F600005F130001EF062FC0400EFD104B00020F7
:106F700070BD0FA0009007A20AA1CDE90112002266
:106F8000134B114603201EF033FDFEE704B03046DC
:106F900070BD00004E554C4C20706F696E74657268
:106FA000000000006C727520213D204E554C4C00B5
:106FB00041737365727465642061742065787072C2
:106FC000657373696F6E3A20257320282573290035
:106FD00020B6040838B515480D461446D0F8B80157
:106FE0004FF0020190F8240010F0010F4FF0120052
:106FF0000DD025F0D3F92246294608F040FA00903A
:10700000BDF800009DF8021040EA014038BD25F0AF
:10701000E7F92246294608F032FA0090BDF8000050
:107020009DF8021040EA014038BD000070020020C7
:107030002DE9F04F0025DDE90948DDF82CC0AA460E
:107040006708A4F1010959BB052A1CBF062A042AB6
:1070500005D14FF00003012C08BF012200D0B4B1CC
:10706000A8F1040114F0010F02D051F8045F1D448F
:107070004FF0000B3E0009D0D1F804E01D447544E8
:1070800051F808EF9B44F344761EF5D15D44E91AAC
:10709000072A26D2DFE802F004070E251F1610008B
:1070A000CCF800A01DE0411A01EBD1714910CCF8D9
:1070B000001016E0411A0BE0411A91FBF9F3CCF8ED
:1070C00000A00EE0411A91FBF4F303EBD3714910D9
:1070D000CCF8001005E0411A621C91FBF2F3CCF8E9
:1070E0000030012C1FD0DCF80010A8F10405624626
:1070F00014F0010F07D155F8046F194431440CF115
:107100000402CCF804105FEA59060CD0D5F80490BC
:1071100019444944516055F8089F1944494442F8BC
:10712000081F761EF2D10CEB840108EB840251F8A3
:10713000041C52F8042CDCF8005011444B1B0C9931
:10714000002918BF002C24D0ACF10401A8F10402DE
:1071500014F0010F07D052F8044FA0EB050CACEB74
:10716000040C41F804CFA7B151F804CF5468A0EB48
:107170000C0CACEB040C41F804CB52F8084FD1F8DE
:1071800000C07F1EA0EB0C0CACEB040CC1F800C0DF
:10719000EAD11846BDE8F08F2DE9F04F9BB00546C7
:1071A00002A9FCF7C7FB1022002110A81EF09CFECC
:1071B000002421461222284621F0F8FD06463022FE
:1071C0002146284621F0F2FD074621463422284672
:1071D00021F0ECFD10F0040F14BF374437460026B1
:1071E00031461022284621F0E1FD04463146302286
:1071F000284621F0DBFD804631463422284621F026
:10720000D5FD10F0020F18BF4444284621F0AEF916
:1072100069693944081A1290284621F0ADF9A96924
:1072200000262144081A1390A868008D002840F217
:10723000E981A868FF49006850F82640204621F0FF
:1072400057FF002840F0D88120460021872221F0F6
:10725000ADFD8246204600218A2221F0A7FD5FEA8B
:10726000000918BFBAF1000F00F0C68120464FF0A8
:1072700000014FF0860221F099FD80462046002152
:10728000892221F093FD074620460021882221F023
:107290008DFD00F0FF0B204600218B2221F086FDA2
:1072A000C0B21590029808EB0A02034650F8281065
:1072B0006FF0030000EB8202DDF810C09B585CF811
:1072C00002201A44A2EB010A07EB090300EB83003A
:1072D000039A059B03991258185851F82710104427
:1072E000A0EB010920460021272221F05FFDC0B25A
:1072F00001280AD1BBF1000F08BF4FF0020B04D0E8
:10730000BBF1020F08BF4FF0000B04F1140003F0B3
:10731000CDFD0A9004F1140003F0B9FD0190BBF11A
:10732000010F31D0BBF1020F4FD0BBF1030F0ED0D4
:1073300000211A22204621F039FD029951F8281027
:1073400000EB0108608D20F40060608551E020466C
:1073500000211A2221F02AFD02991A2251F8281040
:1073600000EB01082046002121F020FD8346204645
:1073700000211B2221F01AFD5844AAEB00000A90BC
:10738000608D40F4006033E00A980021AAEB000A07
:1073900020461A2221F00AFD8346204600211B22A6
:1073A00021F004FD0299ABEB000000EBD07051F826
:1073B00028200AEBDA71491001EB600002EB0008AB
:1073C000608D20F40060608513E0204621F0EAFD26
:1073D00002991B2251F828105144A1EB00082046C5
:1073E000002121F0E3FCA8EB0008608D20F4006090
:1073F0006085159801282ED002284DD003282046FC
:107400004FF000014FF018020BD021F0CFFC039990
:1074100051F8271000EB010A608D20F48060608530
:107420004EE021F0C3FC0399182251F8271000EB1D
:10743000010A2046002121F0B9FC07462046002120
:10744000192221F0B3FC3844A9EB00000190608DB3
:1074500040F4806033E001980021A9EB000A204647
:10746000182221F0A3FC814620460021192221F098
:107470009DFCA9EB0001039801EBD17150F8272086
:107480000AEBDA70401000EB610002EB000A608D3D
:1074900020F48060608513E0204620F003FE014662
:1074A0000398192250F827004844471A2046002123
:1074B00021F07CFCA7EB000A608D20F480606085E1
:1074C000204621F06FFD0A99884205D1204620F020
:1074D000E9FD0199884223D060691690A069179050
:1074E000E0691890206A1990204622F06FF904F1A3
:1074F00014000A9903F0BDFE04F11400019903F091
:10750000B3FE204622F062F916AA2E21204624F06E
:107510004EF8204620F05EFE2246272124F047F850
:10752000204600216A2221F041FC07462046002126
:107530006B2221F03BFC8146204621F033FD83463F
:10754000204620F0AFFD024607F0C040B0F1005FDA
:1075500012D1394927F0C04081420DDBB0F1805F84
:10756000A4BF6FF07041081A00FB0BF1334880FB99
:1075700001104111A1EBE07709F0C040B0F1005FCC
:1075800012D12D4929F0C04081420DDBB0F1805F5E
:10759000A4BF6FF07041081A00FB02F1274880FB7E
:1075A00001104111A1EBE079129A08EB0701114497
:1075B00062690AEB0900A1EB020813990844A1696A
:1075C000471A58EA070017D0204622F0FFF86069F2
:1075D00040446061E0694044E061A0693844A061D2
:1075E000206A38442062204622F0F0F800233A4610
:1075F0004146204622F0B2F9A868761C008DB042C0
:107600003FF617AE029818F053FC039818F050FCA0
:10761000049818F04DFC059818F04AFC2846002103
:10762000012221F0C3FB044628460021022221F05A
:10763000BDFB05E001000600FEFFFF1F1F85EB51AB
:107640006FF040418C4218BF884202D1284622F098
:10765000F3FD00223021284623F0A9FF1BB0BDE82E
:10766000F08F00002DE9F0470446C06A4FF4404116
:1076700004F018FE94F93610A08E032934BF0122BD
:107680000022801A02EB420201EB8201891E2E4A7F
:10769000C1EB4111A2FB0121C908491C014401EBC6
:1076A00090022A49A1FB0031A2EB51114FF4C8729C
:1076B000B0FBF2F0264B08441A460021E0FB032100
:1076C0004908A1EBC1010844C6B2A06B10B3E06B3E
:1076D000002500281ED94FF002084FF00309B71DFE
:1076E000A06BA28E30F8251091420FD108EB8501D6
:1076F000415694F93620914208D109EB8501405654
:107700004FF40042C119E06A05F075FAE06B6D1C98
:10771000A842E5D8A08E218E884218BFBDE8F08728
:1077200094F9360094F93210884218BFBDE8F0870A
:1077300094F93300B11D0144E06ABDE8F0474FF40D
:10774000804205F058BA0000ABAAAAAA1F85EB51E7
:10775000499224492DE9F14F8AB001220A984068E4
:1077600001900A98806800900A9890F821A0046817
:10777000C06805900A98D0E9065004900A98D0E9AC
:10778000046006900A98406AC11700EB517121F01D
:107790000701401A02900A9890F8220000287ED033
:1077A0000020039000980028DCBF0BB0BDE8F08FEC
:1077B0004FF0000B0198D94600285EDD4FEAE970D2
:1077C00009EB507005EBE00120F007000978A9EB08
:1077D0000000C0F1070021FA00F000F00100C0EB4A
:1077E000002060F3174860F30F2860F30708002EAD
:1077F00008BF6AF31F6806D016F80B0000FB0AF0FA
:10780000000A60F31F680A9902980BEB000791F8D1
:1078100022C04046CDF820C007F016FC0246F817FB
:1078200007EB507004EBE00120F007030978A7EBA9
:10783000030CCCF1070C21FA0CF101F00101C1EBB2
:107840000121DDF820C0C9B28DF81C10BCF1010F78
:1078500000F08D81BCF1020F00F08E81BCF1030FAE
:1078600004BF4A434FEA122E00F08C81019809F1BF
:1078700001090BF1010B8145A0DB002E1CBF06980E
:107880000644059800990444049805440398401C54
:10789000039088428CDB0BB0BDE8F08FFFE7002E31
:1078A00061D0BAF1FD0FC0F0FD8000984FF0000EDE
:1078B0000028DCBF0BB0BDE8F08F00230198002842
:1078C00043DDDDE901C13246002003EB010800BFC2
:1078D000C71705EBE00300EB577727F007071B7886
:1078E000C71BC7F10707FB40177803F0010303FB31
:1078F00007F908EB0001CB1701EB537304EBE30A24
:1079000023F0070B9AF800A0A1EB0B01C1F10701CE
:107910002AFA01FA0AF0010AC7F1FF070AFB0797E2
:10792000FFB204EBE3037F2F93F800904FF00107C1
:1079300007FA01F18CBF49EA010129EA0101197036
:10794000401C521CBCF1010CC2D105980EF1010E75
:107950000444049805440698064400987045ACDC3D
:107960000BB0BDE8F08FBAF1FD0F45D300984FF092
:10797000000C0028DCBF0BB0BDE8F08F002101989F
:1079800000282DDDDDE9013600200E44C71705EB88
:10799000E00100EB577727F007070978C71BC7F10D
:1079A0000707F94011F0010F06EB00014FEAE177FC
:1079B00001EB577704EBE70827F00707A1EB070176
:1079C00098F80090C1F1070102FA01F114BF49EAE9
:1079D000010129EA010188F80010401C5B1ED5D185
:1079E00005980CF1010C0444049805440098604586
:1079F000C4DC0BB0BDE8F08F009800270028C7BF9B
:107A0000CAF1FF0B96460BB0BDE8F08F002101983C
:107A100000283CDDDDE90132002001EB020800BF57
:107A2000C21705EBE00100EB527222F00702097861
:107A3000821AC2F10702D14001F0010C08EB0001EB
:107A4000CA1701EB527204EBE2060CFB0AFC96F833
:107A5000009022F00706891BC1F1070129FA01F6FF
:107A600006F0010606FB0BCC0CF0FF0C04EBE20267
:107A7000BCF17F0F92F800C00EFA01F18CBF4CEA06
:107A800001012CEA01011170401C5B1EC8D1059850
:107A90007F1C0444049805440098B842B6DC0BB03F
:107AA000BDE8F08F0020039000980028DCBF0BB0E9
:107AB000BDE8F08F00210198002849DDDDE901C310
:107AC0003246002001EB030E1178E1B34FEAE07873
:107AD00005EBE00300EB587801FB0AF128F00708FA
:107AE0000F0A1B78A0EB0808C8F1070823FA08F36F
:107AF00003F0010303FB07F80EEB0001CB1701EBCA
:107B0000537304EBE30923F0070B99F80090A1EB02
:107B10000B01C1F1070129FA01F909F00109C7F1C7
:107B2000FF0709FB0787FFB204EBE3037F2F93F8FE
:107B300000804FF0010707FA01F194BF28EA010124
:107B400048EA01011970401C521CBCF1010CBBD168
:107B5000059800990444049805440698064403983F
:107B6000401C03908142A5DC0BB0BDE8F08F0A44B5
:107B7000FF2AA8BFFF2203E08A1A002AD8BF0022EA
:107B800002F0FF0E5FEA18620DD0FD2A28BF8DF8C3
:107B90001CE008D2C2F1FF0C0EFB02F201FB0C212B
:107BA000090A8DF81C109DF81C10A7EB03027F2911
:107BB00004EBE001C2F1070309784FF0010202FA79
:107BC00003F28CBF114321EA020204EBE0008CBFF8
:107BD000017002704AE610B502464B68127A097AC3
:107BE00040688A4216D1012A01D062B10FE01946DD
:107BF00027F0EAFD00280AD002DD4FF0010010BD99
:107C00004FF0FF3010BD984201D0F9D9F5E74FF0A1
:107C1000000010BDF4D9F0E770B5C5680446102126
:107C2000284609F0AFFA00281CBF284609F0DAF808
:107C3000207A012818BF70BD6068BDE8704018F058
:107C400037B900002DE9F0470D46804686B00C227A
:107C5000002128461EF048F998F81070D8F80C90CA
:107C6000002F01BFD9F81000002806B0BDE8F0874A
:107C700019F07EFD4F4E5FEA000A20D0012F31D16E
:107C80008DF80470CDF8009000226946D6F82001E6
:107C900005F0F2F9040014D005F09EFBD0E90212C1
:107CA0000369AB60C5E90012456900222146D6F898
:107CB000200105F0F7FC06B02846BDE8F087012F4B
:107CC00010D10222494608F1140018F055F948B1C4
:107CD00039A1CDE9001000223D4B114603201DF0D3
:107CE00087FE63E006F588701DF088FD04001AD059
:107CF000206800281CBF606800280DD04FF00002EB
:107D0000114608F1140018F00DFB23682A4641467D
:107D100020469847012809D0214606F588701DF0B5
:107D200081FD0400E4D1012F39D115E02889000438
:107D3000000CF8D12888C0F30720142808D007F0D9
:107D400026FBA98889B24843C01DC0082881EAE7FC
:107D5000A8880004C00BF9E708F1140018F0C8F86F
:107D6000BAF1000F18BF002C19D08DF804704846E6
:107D700027F040FD05940090D5E90001AA6804921F
:107D8000CDE9020100226946D6F8200105F0DEF9AE
:107D9000010008D00022D6F8200105F083FC06B0CF
:107DA0002046BDE8F087009818F082F806B0002061
:107DB000BDE8F0877002002046696C65206F706531
:107DC0006E206661696C65643A20257500000000CC
:107DD00066EA030810B502460B6812790979006853
:107DE0008A4216D1012A01D062B10FE0194627F06C
:107DF000EBFC00280AD002DD4FF0010010BD4FF06F
:107E0000FF3010BD984201D0F9D9F5E74FF00000DE
:107E100010BDF4D9F0E70179012918BF7047006857
:107E200018F046B82DE9FF4F97B0DFF8CC901898BE
:107E3000DDE92457B0F84810ADF8081090F84A0072
:107E40008DF80A00DDF89880106B0390506B049059
:107E5000D06A1C46164668B1002C1CBF20684845F5
:107E600008D1CDE90057DDE9170102ABC0471BB0CF
:107E7000BDE8F08F97E80F000DF1280A8AE80F009F
:107E800068684242286841420AA803F0DBF9002CE6
:107E900008BF0EACC4F80090C4F80490C4F8089071
:107EA000C4F80C900DF118090DF1480A22460AA9F0
:107EB000304619F08BF8834694E80F000DF1180C4A
:107EC0008CE80F00D5E9001206A803F0BBF9BBF15E
:107ED000010F1CBF1BB0BDE8F08F06AA394612A8DF
:107EE00002F0F6FF0028E1D0CDE9009ADDE91701A4
:107EF00002AB3246C047D9E7010000E02DE9FF4F51
:107F0000B9B03A98479FC06A58B93A98006BB0F533
:107F1000807F06D13A98406BB0F5807F08BF002083
:107F200000D0012026903A98806E002814BF0126C8
:107F30000026D56A2C22002128690990288980B260
:107F400008902888C0F307200F901AA81DF0CCFFD6
:107F50003A984FF000084FF0020490F84C008DF86A
:107F60007C003A984FF0120B90F84D0000F00F0093
:107F70008DF8900008981C902698304369D10F988E
:107F80000E2816D014283A9890F84B0038D00228C2
:107F90005FD846981E9009981B9046981A900F98A3
:107FA0008DF874001AA939980CF02AFB3DB0BDE891
:107FB000F08F399846998268684602F089FF002858
:107FC00004BF3DB0BDE8F08F0998209046982290FC
:107FD000089823903A98CDF86C80B0F84810ADF826
:107FE0007D1090F84A008DF87F0046981A908DF821
:107FF00084401AA939980CF003FB3DB0BDE8F08F1E
:10800000022826D8469802F042FF0646469802F01B
:108010004DFF46991E9109991B912091089948435B
:10802000A98889B2B0FBF1F0209900FB06102090DE
:1080300008988DF8844040082390469822901A9022
:108040008DF874B01AA939980CF0DAFA3DB0BDE891
:10805000F08F269836EA000053D03A9890F84B00FB
:1080600002284ED83A980022816E25A818F0EAFF1F
:108070000646012830D1309870B30088C0F307203D
:108080000E2818BF062827D1309D286920902889FE
:1080900080B223903A9800F1540002F007FF0028C4
:1080A000B2BF469F3A9800F1540768680022010C5D
:1080B000491E80B2431E0091114602A803F0CFF87A
:1080C0000023092202A93846CDF8008002F04EFDB7
:1080D00002A822908DF8844046981E9009981B9023
:1080E00046981A900F988DF874001AA939980CF0D8
:1080F00087FA012E04BF25A818F00CFF3DB0BDE89B
:10810000F08F97E80F000DF1480ACDF868A08AE8D3
:108110000F00469802F0CAFE1090469802F0B7FE93
:10812000119012A802F0C2FE064612A802F0AFFE9D
:1081300007460F982790062806D13A9890F84B00EA
:10814000022884BF10202790269840B127980F2836
:1081500018BF11280BD012280FD0062826D0279838
:1081600007F032F90790279814280BD023E010204D
:10817000279007F029F907901DE01420279007F0B9
:1081800023F9079006EB460924F0BCFE07F05CFCDF
:10819000850024F0B7FE07F039FC07F015F96843B5
:1081A000B0FBF9F5BD421CDD00F001BA15202790A7
:1081B00007F00AF90790279807F006F900FB06F97F
:1081C00024F0A0FE07F040FC850024F09BFE07F0A1
:1081D0001DFC07F0F9F86843B0FBF9F5BD4200F368
:1081E000E68109FB05F01DF05DFC1690002850D0DB
:1081F0001B9027988DF8740015981990681E139994
:108200002A90084415902798CDF878A014284DD0CE
:108210000E285AD007F0D8F870431C90139919987B
:10822000814200F3BE810898400825901199484387
:10823000099901EB40002D9070002C900798704335
:108240002B900798401E179012980A9013980B9045
:1082500014980C9015980D904698406842424698A4
:10826000006841420AA802F0EDFF2698E8B302AC8C
:108270003A98169B0F9A3C9984E80F000899119838
:10828000CDE900010AA9109B099A399815F0C2F8A6
:108290005BE0D0A00090C7A2CAA1CDE901120022E4
:1082A000D44B114603201DF0A3FBFEE770001C9089
:1082B0001698CDE922A606FB05F100EB41002090BF
:1082C0008DF884408DF874B0A8E71B9820908DF845
:1082D0008440CDE922A63A98B0F84810ADF87D1058
:1082E00090F84A008DF87F0000E002E0CDF86C8045
:1082F00094E73A9890F84B00022861D30AA802F05C
:10830000C6FD07460F9806286CD0279814287DD004
:108310000E281AD00B9908980A9A4143079800250D
:1083200002FB00110998169C01EB0008002F0CDDE0
:10833000414620462B9A1DF05FFC07986D1C06FBFA
:1083400000440898AF428044F2DC3A9890F84B40E1
:10835000022C35D9876C2798C4F1FF05142818BF63
:10836000122875D00E282BD012A802F095FDF9B274
:1083700001FB04FCC7F3072101FB04F3C7F307412A
:1083800001FB04F2079C1699444319D0179F079CE0
:1083900000FB0470B0FBF4F090B10C7804FB05C452
:1083A000240A0C704C7804FB0534240A4C708C7839
:1083B00004FB0524240A8C70079C401E2144ECD148
:1083C0001AA939980CF01CF915982A99401C139099
:1083D00008441999159081427DDA2798159114283F
:1083E00079D1D1E0DDE90A1208984FF0000A00FBCC
:1083F00002110998DDF858E008442990D146D0468A
:10840000002FC8BF4FF0FF0B9FDD00E021E0002EE2
:1084100016DD29980EEB890100EB0A058C1C01F191
:10842000010CCB1C4FEA060015F8012B04F8042BB5
:108430000CF8042B01F8042B03F804BB401EF3D105
:10844000089808F101088244B1444745DDDC7CE727
:108450002DE0259C0B98DDF8809000FB04F1099835
:10846000169D00EB41000A994FF0000800EB410B0C
:1084700008460B99002F04FB01012D9801EB000A1F
:108480007FF763AF594628462C9A1DF0B5FB32465C
:10849000514648461DF0B0FB08F101080BEB440BB8
:1084A000A24405EB4605B1444745EBDC4DE7C7F375
:1084B000C40000FB04F9C7F30720800800FB04F8A0
:1084C000C7F30740C00800FB04F712A8169C02F08F
:1084D000E3FC011E00E05FE07FF772AF11F00100E6
:1084E00018D022884FF4784CD30A03FB05730CEAAA
:1084F000C30CC2F3451303FB05834FF4FC6A02F07F
:108500001F020AEAD30302FB0592634403EB122223
:1085100024F8022B8842BCBF4FF478424FF4FC632E
:10852000BFF64EAFB4F800C0801C4FEADC2ACCF393
:10853000451B0AFB057A0BFB058B0CF01F0C02EAAE
:10854000CA0A03EADB0B0CFB059CDA440AEB1C2C81
:1085500024F802CB884234F802CB4FEADC2ACCF371
:10856000451B0AFB057A0BFB058B0CF01F0C02EA7E
:10857000CA0A03EADB0B0CFB059CDA440AEB1C2C51
:1085800024F802CCCEDB1BE712A802F080FC16997F
:10859000704301EB400020901399199881427FF7B6
:1085A00053AE169817F084FC3DB0BDE8F08F3D4601
:1085B00017E600004F7574206F66206D656D6F7251
:1085C00079000000746D705F62756620213D204E59
:1085D000554C4C004173736572746564206174205E
:1085E00065787072657373696F6E3A202573202801
:1085F00025732900E6EA03082DE9F041DFF83C8401
:108600000446806EC8F85400A17A11F0080F18BF14
:10861000BDE8F081D8F850100026CD6930B1216F47
:1086200031BB4FF4005120F05CFD08BB04F1300178
:1086300028462CF069FBC8F85400206FC0B1D4F86C
:10864000C00028B1FE49204601F010FBC4F8C0600C
:1086500020461AF0F9FCA07A10F0020F18BFC8F8F3
:108660005460A07AC0F34000002818BFBDE8F08134
:10867000D8F85400A16E884200F04481206BA063BA
:10868000606BE063A06F00281CBFD8F854108842CC
:1086900026D022464FF0160122F089FFA07A10F072
:1086A000020F18BFC8F85460A07AC0F34000002839
:1086B00018BFBDE8F08116212046A26F1AF072FEA5
:1086C000A07A10F0020F18BFC8F85460A07AC0F367
:1086D0004000002806BFD8F85400A067BDE8F0812C
:1086E000A06E88B10321D8F8502022F060FFA07A54
:1086F00010F0020F18BFC8F85460A07AC0F3400011
:10870000002818BFBDE8F081D8F85400A066D8F85A
:108710005400E066D8F85400002800F0F38029F0F7
:10872000F3FEE060A07A802120F00100A0722665AF
:10873000666594F89800266720F0FF0084F898009A
:1087400094F89900C4F88C6020F00300C4F890609D
:1087500084F89900A664E664D8F8540020F0CDFCB3
:1087600090F0010F16D0A06FD8F85410884208D0AE
:108770001520D8F8501030F07DFF002808BFBDE864
:10878000F0810120D8F8501030F074FF002808BFA5
:10879000BDE8F081D8F85050A87A10F0080F18BF43
:1087A000BDE8F0810421D8F8540020F09AFC00289C
:1087B0007ED0D8F854001FF070FC0746686F002880
:1087C00018BF1FF06AFC874236D17FB1D8F8540039
:1087D00017F0B2FFA87A10F0020F18BFC8F8546063
:1087E000A87AC0F3400000287FD17BE0686FD8F8FA
:1087F0005410884276D01121D8F8502022F0D7FEAC
:10880000A87A10F0020F18BFC8F85460A87AC0F315
:108810004000002869D1D8E91420102122F0C7FEB9
:10882000A87A10F0020F18BFC8F85460A87AC0F3F5
:108830004000002859D155E098B16B6F13B3D8F8B8
:10884000502000B31221184622F0B1FEA87A10F091
:10885000020F18BFC8F85460A87AC0F3400038BBB4
:108860001FE0686F70B11121D8F8502022F09FFEF0
:10887000A87A10F0020F18BFC8F85460A87AC0F3A5
:108880004000A8B90DE01121184622F090FEA87A08
:1088900010F0020F18BFC8F85460A87AC0F3400067
:1088A00030B987B1D8F8540017F046FFA87A00E035
:1088B0001BE010F0020F18BFC8F85460A87AC0F38C
:1088C000400090B90EE0D8E91420102122F06FFE8C
:1088D000A87A10F0020F18BFC8F85460A87AC0F345
:1088E000400010B9D8F854006867A07A10F0020F61
:1088F00018BFC8F85460A07AC0F34000002818BF21
:10890000BDE8F081A16B206B411AA164E26B606B42
:10891000801AE064A26D0A4402EBD2725210A26582
:10892000E36D034403EBD3735B10C4E91732636652
:108930000029D8BF494294F82420914204DC002841
:10894000D8BF4042904205DD94F8990040F0020003
:1089500084F89900D8F85400002808BFBDE8F081D9
:10896000802120F0CAFB90F0010708D00220D8F83F
:10897000501030F07FFE002808BFBDE8F081D8F825
:108980005000807A10F0080F18BFBDE8F081204633
:108990001AF0A4F9A07A10F0020F18BFC8F85460BA
:1089A000A07AC0F34000002818BFBDE8F081206F16
:1089B000002802BF94F8990010F0010FA56E6FD146
:1089C00003E028461FF006FC0546002D68D04FF452
:1089D0000041284620F085FB0028F2D1A16C002937
:1089E000CCBF08464842D8F8502092F82620824250
:1089F00009DDE06C0028D8BF40429042BCBFC4F8FB
:108A00008C60C4F89060D4F88C000144C4F88C10D9
:108A1000D4F89020E06C00291044C4F89000CCBF3A
:108A20000A464A42D8F8503093F827309A420ADC76
:108A30000028CCBF024642429A4203E07002002066
:108A4000058F000846DD94F89920002942F00103C3
:108A500084F89930CCBF0A464A420028CCBF03466E
:108A600043429A421DDD94F89800002920F0F0005E
:108A7000D4BF00F1100100F1200184F898100D21FD
:108A80002846D8F8502022F092FDA07A10F0020F6C
:108A900018BFC8F85460A07AC0F3400000B90BE0DA
:108AA00018E0002894F8980020F0F000CCBF00F106
:108AB000800100F14001E0E72A460D21D8F850007E
:108AC0001AF070FCD8F85000807A10F0020F18BF2E
:108AD000C8F85460A07A10F0020F18BFC8F85460AC
:108AE000A07AC0F34000002818BFBDE8F081607A8A
:108AF000022808D1206A30B129F0E6FD00281CBF09
:108B0000206A29F03BFF206F002818BFBDE8F081E4
:108B1000A07A10F0010F21D1E06829F0E1FCD8F82B
:108B200050100A8D90420ED937B1052030F0A2FDC9
:108B3000002808BFBDE8F081A07A40F00100A072D3
:108B400029F0E2FC2061206F002818BFBDE8F08109
:108B5000A07A10F0010F08BFBDE8F081206929F06C
:108B6000BFFCD8F850104A8D904298BFBDE8F08104
:108B700037B1062030F07EFD002808BFBDE8F08147
:108B800029F0C2FC2061BDE8F08100002DE9F04F22
:108B90000446807ADFF81CB39BB010F0080F4FF04A
:108BA000000807D1216BA06B884203D1616BE06B99
:108BB00088427BD004F1780506F034FF04F13001DF
:108BC0002CF0A2F806462868B0424CD02246152167
:108BD000304622F0ECFCA07A10F0020F18BFCBF860
:108BE0005480A07AC0F3400000281CBF1BB0BDE831
:108BF000F08F3246152120461AF0D4FBA07A10F0EF
:108C0000020F18BFCBF85480A07AC0F340000028B0
:108C10001CBF1BB0BDE8F08F22461621286822F049
:108C2000C6FCA07A10F0020F18BFCBF85480A07ACF
:108C3000C0F3400000281CBF1BB0BDE8F08F162118
:108C400020462A681AF0AEFBA07A10F0020F18BF77
:108C5000CBF85480A07AC0F3400000280EBF2E60ED
:108C60001BB0BDE8F08FA07A10F0080F1ED0DBF823
:108C700050200321A06E22F09AFCA07A10F0020F7F
:108C800018BFCBF85480A07AC0F3400100291CBF64
:108C90001BB0BDE8F08FC4F86880C4F86C80C4F8DD
:108CA0000C8020F00800C4F81080A072A06ECBF8F1
:108CB0005400607AD4F87090022808D1206A30B14C
:108CC00029F002FD002804BF206A29F0E3FDDBF84B
:108CD000540000287DD0802120F00FFA90F0010F81
:108CE00020D00820DBF8501030F0C4FC002804BF6E
:108CF0001BB0BDE8F08FB9F1000F6BD00A214846D8
:108D0000DBF8502022F053FCA07A10F0020F18BFBD
:108D1000CBF85480A07AC0F3400000281CBF1BB0E1
:108D2000BDE8F08FC4F86880C4F80C80C4F81080E7
:108D3000B9F1000F04BF1BB0BDE8F08F4FF0000A7F
:108D40004FF48077CDF808804D46CDF80C8028464A
:108D50006E22002120F02AF850440FFA80FA2846AB
:108D60006C22002120F022F80028D8BF01200646FE
:108D700028466D22002120F019F80028D8BF0120D4
:108D800007FB06F141F30F27784340F30F262846EF
:108D90001FF020FA0500DAD1BAF1000F04BFB6F5D2
:108DA000807FB7F5807F21D0CAF1000005B24FF473
:108DB000803090FBF7F190FBF6F00DF1080A0FB24E
:108DC00006B2CDE900A833463A46294604F15800D8
:108DD00001E00BE014E023F0C8FCCDE900A8334625
:108DE0003A46294604F1600023F0BFFCB9F1000FB8
:108DF00004BF1BB0BDE8F08FD4F8C000C8B141E09B
:108E0000A07A10F0010F09D10420DBF8501030F0E7
:108E100031FC002804BF1BB0BDE8F08F0720DBF851
:108E2000501030F027FC002804BF1BB0BDE8F08FC5
:108E300078E784B304A800F07BFF214604A801F082
:108E40003CF84FF4806104A801F018F84FF48062F8
:108E5000002104A801F02BF8174904A801F017F825
:108E6000164904A801F003F8144904A801F004F815
:108E70004FF0FF3104A801F012F804A801F044F803
:108E8000C4F8C000A07A10F0020F18BFCBF85480CD
:108E90001BB0BDE8F08FFFE711A0009008A20CA165
:108EA000CDE901120022164B114603201CF0A0FD53
:108EB000FEE7000070020020058F00089D8F00086B
:108EC0004E554C4C20706F696E7465720000000046
:108ED000696E64657620213D204E554C4C000000A3
:108EE0004173736572746564206174206578707273
:108EF000657373696F6E3A202573202825732900E6
:108F00000FB2040810B584B0C0B104461AF09CF842
:108F100094F8980010F00F0F1FBF206F002804B0C6
:108F200010BDD4F8C000002804BF04B010BD0A4929
:108F300004B02046BDE8104000F098BE0EA000909E
:108F400006A20AA1CDE901120022134B114603200B
:108F50001CF04EFDFEE70000058F00084E554C4CFE
:108F600020706F696E746572000000007661722077
:108F7000213D204E554C4C004173736572746564FD
:108F80002061742065787072657373696F6E3A2022
:108F90002573202825732900F4B1040800281ABF7E
:108FA0000068002870474FF000018165C165C0F876
:108FB000C01070472DE9F041044690F83C0000F0E5
:108FC0000300012818BFBDE8F081E16AA06BB1FB86
:108FD000F0F0216BB1FBF0F200FB1211A26B520812
:108FE00002FB0011B1FBF0F2216300FB1211A26B36
:108FF000520802FB00116163204600215A221FF033
:10900000D5FE0546204600215C221FF0CFFE064615
:10901000284616F043FF054620461EF03DFF074652
:10902000204600211EF044FE0246206BA91900FBD9
:1090300001F307EBD77105EBD570BDE8F04149109E
:10904000A1EB6000C11A104622F02DBE10B50446F7
:10905000006984B0D8B1A069002825D060680028D4
:109060002FD004F025FA021D04F12400216923F019
:10907000B5FC002804BF04B010BD042104F1300089
:109080001CF0DBFB1448E06304B0012010BD20A0FD
:10909000009012A215A1CDE901120022244B114625
:1090A00003201CF0A5FCFEE719A000900BA221A153
:1090B000CDE9011200221E4B114603201CF098FC42
:1090C000FEE724A12AA0CDE900010022184B114699
:1090D00003201CF08DFCFEE7E93D00084E554C4C8A
:1090E00020706F696E746572000000006C72752DDF
:1090F0003E63616368652E6F70732E636F6D706180
:1091000072655F636220213D204E554C4C0000008B
:109110004173736572746564206174206578707240
:10912000657373696F6E3A202573202825732900B3
:10913000E6B504086C72752D3E63616368652E6F39
:1091400070732E667265655F636220213D204E5507
:109150004C4C00006C72752D3E63616368652E6E29
:109160006F64655F73697A65203E203000000000FF
:1091700041737365727465642061742065787072E0
:10918000657373696F6E3A202573000010B504464D
:10919000006984B0D8B1A069002825D06068002893
:1091A0002FD004F085F9021D04F12400216923F079
:1091B00015FC002804BF04B010BD042104F13000E8
:1091C0001CF03BFB1448E06304B0012010BD20A05C
:1091D000009012A215A1CDE901120022244B1146E4
:1091E00003201CF005FCFEE719A000900BA221A1B2
:1091F000CDE9011200221E4B114603201CF0F8FBA2
:10920000FEE724A12AA0CDE900010022184B114657
:1092100003201CF0EDFBFEE7D19803084E554C4CA3
:1092200020706F696E746572000000006C72752D9D
:109230003E63616368652E6F70732E636F6D70613E
:1092400072655F636220213D204E554C4C0000004A
:1092500041737365727465642061742065787072FF
:10926000657373696F6E3A20257320282573290072
:10927000F2B504086C72752D3E63616368652E6FEC
:1092800070732E667265655F636220213D204E55C6
:109290004C4C00006C72752D3E63616368652E6EE8
:1092A0006F64655F73697A65203E203000000000BE
:1092B000417373657274656420617420657870729F
:1092C000657373696F6E3A202573000070B50E4C9C
:1092D000054600200E460A4620602121284622F03D
:1092E00066F9206870B10178002904BF002070BDC4
:1092F000314626F069FA28B12846216828F0AAF9F3
:10930000002070BD012070BD180100202DE9F04142
:109310008CB01E4615460F46044620F0EDFA002894
:1093200012BFAF420CB0BDE8F081B7F5B47FC8BF43
:10933000A7F5B477B5F5B47FC8BFA5F5B475E06AF5
:1093400007440544B7F5B47FC8BFA7F5B477B5F5B2
:10935000B47FC8BFA5F5B4750AAA04A92046FDF7D5
:1093600003FB2046314650221FF020FD8046204658
:10937000314651221FF01AFD06A9002818BF01200E
:10938000CDE90201CDE900580A983B4682B2DDE9F9
:10939000040107F005F806A9204620F050FA0CB0A9
:1093A000BDE8F08170B58AB0044603AA08A9FDF7AC
:1093B000DBFA04AB08A92046039AFDF7E7FB4FF45C
:1093C00040313C2220461FF0F1FC05464FF440316D
:1093D000422220461FF0EAFC05444FF4403140226F
:1093E00020461FF0E3FC002820464FF440314FF0A8
:1093F000400202DD1FF0DAFC02E01FF0D7FC404221
:10940000054420464FF4403141221FF0CFFC002894
:1094100020464FF440314FF0410202DD1FF0C6FC00
:1094200002E01FF0C3FC4042461920464FF4403191
:1094300038221FF0BBFC054620464FF440313B224A
:109440001FF0B4FC41198E42C8BF3146002903DD2C
:109450000A4604A801F02FFD04A9204620F0EFF9E8
:109460000AB070BDF0B50446A1F57F4089B00E4644
:10947000FF381CBFA06BB0429CBF09B0F0BD206B91
:1094800000EB06100168049141680591816806911E
:10949000C0680790694620461EF06CFD20460021FA
:1094A00014221FF083FC07462046002115221FF0DE
:1094B0007DFC054620461EF067FD06F0B9FA1A4904
:1094C00081FB00108110A1EBE070B842A8BF0746F5
:1094D000A842A8BF054600990498C91B08440490F7
:1094E00001990598491B084405900099069808447D
:1094F0003844069001990798084428440790206C46
:10950000B0420BD1606B30F8160010F4806F05D0BC
:1095100004A801F0BCFC0599081A059004A920468E
:1095200020F08DF909B0F0BD676666662DE9F0435D
:109530000446006F0D4685B0A8429CBF05B0BDE84B
:10954000F08320461EF0DFFC804620461EF0F0FE31
:10955000074694F8740010F0080F05D000F00700DB
:10956000012807D002286BD005B02046BDE8F043A3
:1095700020F02CB92046002130221FF017FC0646AF
:109580002046002112221FF011FC0146606931447F
:109590000844A0EB070920464FF4A02148221FF001
:1095A00005FC074620464FF4003101221FF0FEFB68
:1095B000064660690090A0690190E0690290206A07
:1095C00003900199B819091A01910399084403906D
:1095D000206F401EA84214D908FB05F1B1FBF0F141
:1095E0004944C91B891B0091691C08FB01F1B1FBAF
:1095F000F0F048443844304402906946204620F058
:109600001EF9002D04BF05B0BDE8F083681E08FBFD
:1096100000F1206F401EB1FBF0F14944C91B891BCA
:10962000009108FB05F1B1FBF0F0484438443044A8
:1096300002906946204620F002F905B0BDE8F083AB
:109640002046002115221FF0B1FB0646206F08EBD3
:109650000601B1FBF0F92046002130221FF0A6FBE5
:10966000804609FB05F52046002112221FF09EFBD3
:109670006169404429444518694620461EF07AFC39
:10968000E81B00904844029000986946801B0090B7
:10969000204620F0D4F805B0BDE8F0830A880368BE
:1096A00093421CBF981A704740684988401A704717
:1096B0000A78036893421CBF981A7047406849783B
:1096C000401A70472DE9F14F88B008984068029021
:1096D000089880680090089890F821A00468C068F5
:1096E00004900898D0E9065003900898D0E90470D7
:1096F00005900898406AC11700EB517121F00701ED
:10970000461A0898012190F8220000286CD0002009
:10971000019000980028DCBF09B0BDE8F08F00BFC1
:1097200002984FF0000B00284DDD00BF15F80B002C
:10973000002F60F3174960F30F2960F3070908BF92
:109740006AF31F6906D017F80B0000FB0AF0000A45
:1097500060F31F6908990BEB0608484691F822C090
:10976000CDF81CC005F070FC02464FEAE87008EB2B
:10977000507004EBE00120F007030978A8EB030C1C
:10978000CCF1070C21FA0CF101F00101C1EB012130
:10979000DDF81CC0C9B28DF81810BCF1010F00F043
:1097A000BA81BCF1020F00F0BB81BCF1030F04BF12
:1097B0004A434FEA122E00F0B98100BF02980BF124
:1097C000010B8345B2DB002F1CBF059807440498AA
:1097D00000990444039805440198401C0190884274
:1097E0009EDB09B0BDE8F08F002F71D0BAF1FD0FFC
:1097F000C0F0228100984FF0000E0028DCBF09B0B5
:10980000BDE8F08F0298002853DDDDF8088030466F
:10981000BC462A460023C11700EB517904EBE9014D
:1098200029F007090978A0EB0909C9F1070921FA0C
:1098300009F101F00101C1EB012101F0FF098DF8EF
:1098400004909CF8001071B1FD2928BF117808D24E
:1098500092F800A00AFB01FAC1F1FF0109FB01A186
:10986000090A8DF804109DF804107F2906EB030106
:109870004FEAE17901EB597B04EBEB092BF0070B85
:10988000A1EB0B01C1F1070B99F800A04FF001010A
:1098900001FA0BF18CBF4AEA01012AEA010189F8B9
:1098A0000010401C521C5B1CB8F101080CF1010CAB
:1098B000B1D104980EF1010E0444039805440598B3
:1098C0000744009870459DDC09B0BDE8F08FFFE7C4
:1098D000BAF1FD0F4AD300984FF0000C0028DCBF0E
:1098E00009B0BDE8F08F0298002833DD2B46002236
:1098F0004FEA000713F8010B7F2806EB02004FEA3E
:10990000E07812D900EB587804EBE80928F0070852
:10991000A0EB080099F800A0C0F1070001FA00F0E0
:109920004AEA000089F8000011E000EB587904EBE6
:10993000E90829F00709A0EB090098F800A0C0F198
:10994000070001FA00F02AEA000088F80000521C23
:109950007F1ECFD104980CF1010C044403980544F8
:1099600000986045BFDC09B0BDE8F08F0098002783
:109970000028CEBF8E4609B0BDE8F08F02980028BF
:109980004FDDDDF808C030462B460022C11700EB42
:10999000517104EBE10821F0070198F80080411AA9
:1099A000C1F1070128FA01F101F00101C1EB012128
:1099B00001F0FF088DF8048013F8011BBAF1000FC5
:1099C0000ED0BAF1FD0F28BF8DF8041008D2CAF1ED
:1099D000FF0901FB0AF108FB0911090A8DF80410BF
:1099E0009DF804107F2906EB02014FEAE17801EBB4
:1099F000587B04EBEB082BF0070BA1EB0B0198F85D
:109A00000090C1F107010EFA01F18CBF49EA010192
:109A100029EA010188F80010401C521CBCF1010C1D
:109A2000B4D104987F1C0444039805440098B842BC
:109A3000A4DC09B0BDE8F08F002001900098002858
:109A4000DCBF09B0BDE8F08F0298002854DDDDF8D6
:109A500008803046BC462A460023C11700EB5179E6
:109A600004EBE90129F007090978A0EB0909C9F11C
:109A7000070921FA09F101F00101C1EB012101F00F
:109A8000FF098DF818901CF8011B01FB0AF1090A67
:109A90000ED0FD2928BF117808D292F800B00BFB38
:109AA00001FBC1F1FF0109FB01B1090A8DF8181092
:109AB0009DF818107F2906EB03014FEAE17901EBCD
:109AC000597B04EBEB0E2BF0070BA1EB0B01C1F163
:109AD000070B9EF800904FF0010101FA0BF18CBFCB
:109AE00049EA010129EA01018EF80010401C521CCC
:109AF0005B1CB8F10108B0D10498009904440398A4
:109B00000544059807440198401C019081429BDC64
:109B100009B0BDE8F08F0A44FF2AA8BFFF2203E086
:109B20008A1A002AD8BF002202F0FF0E5FEA1962EB
:109B30000DD0FD2A28BF8DF818E008D2C2F1FF0C25
:109B40000EFB02F201FB0C21090A8DF818109DF89A
:109B50001810A8EB03027F2904EBE001C2F1070310
:109B600009784FF0010202FA03F28CBF114321EA97
:109B7000020204EBE0008CBF017002701EE670B5BB
:109B8000054615F087FC0446284615F0BFFC05463F
:109B90001EF020FB06462F2C1CBF2E2C70BD4FF054
:109BA000000128461BF032F930462BF0ADFB304661
:109BB000BDE870402FF0E8BE70B504461EF0C5F851
:109BC00006004FF0000508D0A068006850F8250096
:109BD000FFF7F2FF6D1CAE42F6D8608D10F0010F5A
:109BE0000DD020F001006085204620F025FB2046A6
:109BF00020F01AFA002E1CBF20461BF0FDF9608DE4
:109C000010F0020F08BF70BD20F0020060852046F2
:109C1000BDE87040002120F057B8000010B5114C8D
:109C2000582104F1AC001BF008FE00220A210E4866
:109C300028F0CEFCC4F8A800012084F8A40004F1A8
:109C4000AC001BF0DBFD0028D4F8A80007D028F0FA
:109C500095FE002084F8A40084F8A50010BD28F02B
:109C600019FEF6E770020020152B00082DE9F041DF
:109C7000204C06460F46002504F1AC001BF0BEFD4B
:109C8000010018BF4FF001080AD00868B04218BFA1
:109C9000002E08D004F1AC001BF0C4FD0100F4D18B
:109CA0002846BDE8F0814868B84218BF002FF1D1BE
:109CB0000D4604F1AC001BF069FE696900291CBF68
:109CC00028468847284616F0F3F884F8A48004F163
:109CD000AC001BF093FD0028D4F8A80007D028F0B2
:109CE0004DFE012504F1AC001BF088FDD6E728F0FD
:109CF000D1FDF6E77002002070B50C4E05460C460B
:109D000006F1AC001BF07AFD70B10168A94204D1E4
:109D10004168A14214BF002C70BD014606F1AC00A1
:109D20001BF080FD0028F0D1002070BD70020020E3
:109D300010B50446582200211CF0D6F84FF4FA70F2
:109D40002063002060626420E062012060640448B7
:109D5000206294F8540040F0080084F8540010BDCC
:109D6000E99D00082DE9F843044630F9487F0023B7
:109D7000B0F90260B0F90450B0F906804FF4806089
:109D80000090D4E90C2019461BF0C6FE2B46324643
:109D90003946CDF8008005F023FCE26A616A521A68
:109DA000504301EBA020BDE8F8832DE9F8430446B9
:109DB0004FF480654FF000080095D4E90C20474629
:109DC00040F25126434641461BF0A6FE33463A4632
:109DD0004146009505F004FCE26A616A521A50435C
:109DE00001EBA020BDE8F88338B504464FF480604D
:109DF0000090D4E90C20002319461BF08DFEE26A86
:109E0000616A521A504301EBA02038BD2DE9F84396
:109E100004464FF4806000900027D4E90C2040F203
:109E2000551840F2AB2640F214553B4639461BF01C
:109E300073FE33463A464146009505F0D1FBE26A8F
:109E4000616A521A504301EBA020BDE8F883D0E9C3
:109E50000C128A42ACBFC06A406A7047DDF800C08D
:109E600020F8481F83804280A0F806C07047016137
:109E700070474942416370474161704701637047D1
:109E800090F8542061F3C30280F854207047416079
:109E900070470162704781637047C16370474164D6
:109EA000704701647047C1607047C161704741628B
:109EB0004FF00041C0E90A1270470160704700008E
:109EC00042F21073984288BF42F2F670994288BFFE
:109ED00042F2F6719A4288BF42F2F672431D094877
:109EE000491DA0FB03C3A0FB01C1521DA0FB022022
:109EF000C908C008000500EB812000EBD30000F189
:109F000000407047CDCCCCCCF0B5534E054683B065
:109F100006F1AC001BF099FC04006AD058222946D7
:109F20001BF06AFE2868A84208BF246096F8A510B6
:109F300094F8540061F3410084F8540028F0E4FAE6
:109F4000206594F854004FF0010710F0080F71D00D
:109F5000A16939B120468847616A01446162E16ABA
:109F60000844E06220462CF0EBF96868002804BF42
:109F7000A868002854D06068002804BFA0680028A2
:109F800058D006F1AC001BF039FC050048D0A542C2
:109F90003FD0686B002804DA95F8540010F0080FE1
:109FA00037D029682068814233D16868002830D0D2
:109FB000616888422DD1294606F1AC001BF0E6FC11
:109FC000696900291CBF28468847284615F070FF9C
:109FD00086F8A47006F1AC001BF010FC0028D6F83F
:109FE000A80013D028F0CAFC06F1AC001BF006FC58
:109FF00014E023A0009019A21CA1CDE901120022B7
:10A00000274B114603201BF0F3FCFEE728F042FC2F
:10A01000EAE7294606F1AC001BF004FC0500B6D1C6
:10A02000626812B1616A20689047A26812B1204646
:10A03000616A904786F8A47006F1AC001BF0DEFB65
:10A040000028D6F8A80004D028F098FC03B02046D9
:10A05000F0BD28F01FFCF9E7700200204F75742056
:10A060006F66206D656D6F72790000006E65775FB9
:10A07000616E696D20213D204E554C4C0000000062
:10A0800041737365727465642061742065787072C1
:10A09000657373696F6E3A20257320282573290034
:10A0A00058B6040810B50C4687212D22C4E90E12BB
:10A0B0000020C4E90B0149006163E16C21F0060155
:10A0C000E16413492164E16C606441F0080164209B
:10A0D000C4E9120121F00100E0641001206528F0BC
:10A0E00013FA6065606BA065E06C022120F010003F
:10A0F000E06420461CF09CF94FF44471204620F0A7
:10A1000091FE2046BDE81040092121F070BA000000
:10A110000080FFFF2DE9F04FB5B00E46FE481DF060
:10A12000ADFD01281CBF35B0BDE8F08F304615F0FD
:10A13000B1F90546304615F0E9F9DFF8E083044649
:10A140004FF000094FF0010A4FF4B477022D6CD0A4
:10A15000082D18BF032D00F001820E2D00F01E8285
:10A160000F2D00F04D82132D00F06E82182D00F09F
:10A1700022831A2D1CBF35B0BDE8F08F304615F094
:10A18000C5F90446304615F031FA80462EAA2CA9AE
:10A190002046FCF7E9FB2E9800281ADD684606F0F9
:10A1A000E7F86A46002120461EF0E6FFDDE92C01B3
:10A1B000CDE90B01A16BE06A08440990E16BE06A0C
:10A1C00008440A902E98ADF834006946404606F0DF
:10A1D00093F820464FF4003112221EF0E7FD0746A7
:10A1E00020464FF4003113221EF0E0FD06462046C3
:10A1F0004FF4003110221EF0D9FD054620464FF4E1
:10A20000003111221EF0D2FDB742CCBF3946314693
:10A210008542CCBF2A460246914240F37783B7423B
:10A22000D4BF3046384600F074BB17F0F5FC05008B
:10A2300004BF35B0BDE8F08F17F041FF01281CBF07
:10A2400035B0BDE8F08F02A9284617F009FF01AA32
:10A2500004A92046FCF788FB04990298401A029052
:10A2600005990398401A039094F84C0010F0010FE0
:10A270002FD120464FF4003150221EF097FD0546A5
:10A2800001984FF48031401B019020461EF029FFB9
:10A29000002801981CBF401B01907AD00128C0F211
:10A2A0006E8302980399404301FB010001994943E1
:10A2B000884206DDE06C40F00101E16428F024F9F9
:10A2C000606594F84C0010F0010F04BF35B0BDE894
:10A2D000F08F0298002801BF0398002835B0BDE830
:10A2E000F08FD4E90E068642B8BF06F5B476DDE9F4
:10A2F000021001F09DF9E16A401AA16B451A02D5DE
:10A3000015F5B475FCD4B5F5B47F0BDB684290FB52
:10A31000F7F04042002805DDA0EB001000EB400004
:10A3200005EBC00501984FF41D714843A8FB0010D0
:10A330004FEA5018322005F097FF4FF4B4714843AC
:10A34000B0FBF8F294F84C00C0F3C0032046D0E90B
:10A350000EC1B1EB0C0102D511F5B471FCD4B1F50D
:10A36000B47F0EDBC1F1000C9CFBF7FCCCF1000CC0
:10A37000BCF1000F05DDACEB0C1C0CEB4C0C01EB45
:10A38000CC01A94219DB01EBD172B5EB620FC16CB4
:10A3900000E008E0B4BF41F0080121F00801C16409
:10A3A00041F0100124E0C11700EB9171B5EBA10F52
:10A3B000B8BF8D10401B019070E7C1F5B47C6245B9
:10A3C00003DBC16C41F0180112E0C5F5B47C6245B5
:10A3D000A4BFC16C41F0080108DA0A44AA42A7BF31
:10A3E000C16C21F0080135B0BDE8F08F21F01001FB
:10A3F000E164A06BA26D311AA2EB0008A5EB080086
:10A400000028CCBF02464242B2F58C7F07DD94F8AB
:10A410004C2012F0080F18BF00250AD108E0E26CAA
:10A4200012F0100F05D112F0080F18BF4D4200D1E5
:10A430000D468BB1E16C11F0080F08BF11F0100F41
:10A440001ED10028D8BF4042B0F58C7F18DD63F3E1
:10A45000C3010025E16413E093B9E26C12F0080F28
:10A460000ED012F0100F0BD10028D8BF4042C0F51B
:10A47000B470B0F58C7F03DD63F3C3020D46E26474
:10A48000A5EB0807606D28F02BF8216D48434FF4C9
:10A490007A71B0FBF1F5AF42C8BF2F4603DC6842CA
:10A4A000B842C8BF074608EB070CD4E91130A16BCE
:10A4B000C21A751AED0095FBF2F2121DD51702EBC8
:10A4C00015720CEB221201EB020C276C0090324645
:10A4D00060461BF021FB054694F84C00C0F3410098
:10A4E000022803D1A06C411B606C0D18206CA8429F
:10A4F00026D028F009F86065236C2846214683425F
:10A5000012D08A6C8242B8BF10464A6C8242C8BFE1
:10A510001046834208D003E024C004081F85EB5195
:10A520000864084633F055FBBD4209D000222021C3
:10A53000204621F03CF801281CBF35B0BDE8F08F63
:10A54000606CA8421FBFA06CA84235B0BDE8F08F78
:10A5500027F0DAFF606535B0BDE8F08FE06C20F0E1
:10A5600001012046E1641DF098FD054616F0E6F96C
:10A57000044617F051FB17F0A2FD04281CBF35B0AC
:10A58000BDE8F08F002C04BF35B0BDE8F08F00218E
:10A5900035B02846BDE8F04F16F02ABB304615F01E
:10A5A00019F8256C2146132818BF112804D0142847
:10A5B00018BF122817D010E0886C05F101032A4655
:10A5C0009842A8BF18464B6C8342C8BF18468242C7
:10A5D00003D00864084633F0FCFA206CA8422BD163
:10A5E00035B0BDE8F08F886C6A1E2B469042A8BF3C
:10A5F00010464A6C8242C8BF10468342EDD0E8E75D
:10A60000304615F005F8256C2146284485420DD0CA
:10A610008A6C8242B8BF10464A6C8242C8BF10465C
:10A62000854203D00864084633F0D3FA206CA84270
:10A6300004BF35B0BDE8F08F002235B02046BDE83C
:10A64000F04F202120F0B3BF304614F0DFFF054665
:10A6500001AA02A92046FCF787F9A0684FF0000A7A
:10A66000002818BFD0F820A02046002150221EF05C
:10A670009DFB064601995044081A03990190014434
:10A68000009102990B1803990A1A0299091A04A851
:10A6900000F0E5FD47F6FF7204A8296800F0E2FC2F
:10A6A000F0BB2868029A01684068891A039A801AE8
:10A6B00000F0BEFFE16A401AA16BB0EB010B02D5BE
:10A6C0001BF5B47BFCD4BBF5B47F0CDBCBF10000F5
:10A6D00090FBF7F04042002805DDA0EB001000EBF6
:10A6E00040000BEBC00B01984FF41D714843A8FBD1
:10A6F00000104FEA5018322005F0B6FD4FF4B47147
:10A700004843B0FBF8F1D4E90E20801A03D500BF0E
:10A7100010F5B470FCD4B0F5B47F0DDB424200E01C
:10A7200044E092FBF7F25242002A05DDA2EB02124E
:10A7300002EB420200EBC20058450DDB00EBD0708B
:10A74000BBEB600FE06CB4BF40F0080020F00800E5
:10A75000E06440F0100018E0C0F5B472914203DBF1
:10A76000E06C40F0180010E0CBF5B4729142A4BF49
:10A77000E06C40F0080006DA08445845A4BFE06CDD
:10A7800020F0080012DB20F0100006EB4A01E06424
:10A790000A4604A800F08FFB47F6FF7204A8296858
:10A7A00000F060FC287135B0BDE8F08F85F80490AA
:10A7B00035B0BDE8F08F002112221EF0F7FA804676
:10A7C0002046002113221EF0F1FA07462046002100
:10A7D00010221EF0EBFA05462046002111221EF041
:10A7E000E5FAB845CCBF414639468542CCBF2A463A
:10A7F000024691422DDDB845D4BFB946C146204638
:10A800004FF4403112221EF0D1FA804620464FF418
:10A81000403113221EF0CAFA054620464FF440315B
:10A8200010221EF0C3FA074620464FF44031112291
:10A830001EF0BCFAA845CCBF414629468742CCBF92
:10A840003A460246914209DDA845D4BF2846404613
:10A8500007E08542CCBFA9468146D0E7B842B8BFE1
:10A860003846801CA0EB09074FF440313C222046BB
:10A870001EF09CFA05464FF44031422220461EF05D
:10A8800095FA05444FF44031402220461EF08EFADE
:10A89000002820464FF440314FF0400202DD1EF008
:10A8A00085FA02E01EF082FA4042054420464FF449
:10A8B000403141221EF07AFA002820464FF4403100
:10A8C0004FF0410202DD1EF071FA02E01EF06EFA56
:10A8D0004042054420464FF4403138221EF066FACB
:10A8E000804620464FF440313B221EF05FFA404440
:10A8F0008542C8BF2846C419304614F087FE016857
:10A90000A142D8BF046035B0BDE8F08FA842B8BFFF
:10A9100028462E990D1A002D1ADD684605F028FDEF
:10A920006A464FF4003120461EF026FCDDE92C017A
:10A93000CDE90B01D4E90B0108440990616BE06A91
:10A94000ADF8345008440A906946404605F0D4FCFE
:10A9500030AB2CA920462E9AFCF718F910A808F065
:10A96000D9FE10AA4FF4403120461EF07BFD30AADC
:10A9700010A9404608F072FC35B0BDE8F08FCDF864
:10A9800004A08EE470B50E4604461546B2F5B47FB9
:10A99000C8BFA2F5B475D4E90E20811AA5EB020256
:10A9A00048BF01F5B471002AB8BF02F5B472531A5A
:10A9B000002BD8BF8B1AB42B03DD20461EF006FFF8
:10A9C00011E08A4207DA02464FF00003294620468A
:10A9D000FEF79CFC07E006DD01464FF000032A4627
:10A9E0002046FEF793FC2046E56333F0F2F8354647
:10A9F000B6F5B47FC8BFA6F5B475D4E90E02111A36
:10AA0000A2EB050248BF01F5B471002AB8BF02F5F8
:10AA1000B472531A002BD8BF8B1AB42B03DD204617
:10AA20001EF0D4FE11E08A4207DA01464FF000031F
:10AA30002A462046FEF76AFC07E006DD02464FF094
:10AA4000000329462046FEF761FC2046A563BDE8C9
:10AA5000704033F0BEB870B505460C46B1F5B47F12
:10AA6000C8BFA1F5B474D5E90C10421AA4EB0101DA
:10AA700048BF02F5B4720029B8BF01F5B4718B1A52
:10AA8000002BD8BF531AB42B03DD28461EF09EFEC0
:10AA900011E0914207DA02464FF40033214628467E
:10AAA000FEF734FC07E006DD01464FF40033224692
:10AAB0002846FEF72BFC2846FEF774FC28466C63FC
:10AAC000BDE87040FEF76EBC002902DA11F5B471E2
:10AAD000FCD4B1F5B47F0DDB4A424FF4B47392FB62
:10AAE000F3F25242002A05DDA2EB021202EB42020F
:10AAF00001EBC201C1621EF069BE70B505460C468D
:10AB0000B1F5B47FC8BFA1F5B474D5E90C010A1A38
:10AB1000A1EB040148BF02F5B4720029B8BF01F5EA
:10AB2000B4718B1A002BD8BF531AB42B03DD2846FF
:10AB30001EF04CFE11E0914207DA01464FF400335B
:10AB400022462846FEF7E2FB07E006DD02464FF408
:10AB5000003321462846FEF7D9FB2846FEF722FCA3
:10AB600028462C63BDE87040FEF71CBC2DE9F001BF
:10AB7000D1F800C08C68CF68A4EB0C06D0E9005473
:10AB8000D1F804C0DDF81480A7EB0C0C162A25D2EE
:10AB9000DFE802F0242426323840525E6C0B7E80BF
:10ABA0008E969BAAB3B5C3CBD0DF8268771C521BAD
:10ABB000521C02EBD272C068521007EBD777A2EB9F
:10ABC0006702001B471C0CF1010007EBD7777F10D1
:10ABD00000EBD070A7EB600000F0C4B80022A7E043
:10ABE0008068401B421C701C02EBD272521000EBBA
:10ABF000D070A2EB60029BE08068721C401B401C7E
:10AC0000821A95E0C0680022001B0CF10107401C6D
:10AC1000C01BA7E08268C068521B571C721C07EB60
:10AC2000D7777F1002EBD272A7EB6202001B0CF108
:10AC30000107401CC01B95E08268C068521B771C4E
:10AC4000521CD21B001B0CF10107401CC01B89E0E9
:10AC5000C0680022001B471C0CF1010007EBD777EE
:10AC60007F1000EBD070A7EB60007BE08268771C60
:10AC7000521B521CD21BC0680CF10107001B401C68
:10AC800000EBD070401007EBD777A0EB670069E0CE
:10AC900000220AE08068401B421C701C02EBD2724A
:10ACA000521000EBD070A2EB60026FEA0C0059E08A
:10ACB0008068721C401B401C821A6FEA0C0051E035
:10ACC000C0680022001B401C4CE08268C068521B18
:10ACD000571C721C07EBD7777F1002EBD272001B58
:10ACE000A7EB6202401C3DE08268C068521B771CE3
:10ACF000521CD21B001B401C34E0F24318E0C06819
:10AD0000F243001B401C0CF1010700EBD070401017
:10AD100007EBD777A0EB670024E0C068F243001B85
:10AD20000CF10107401CC01B1CE08068401B421C4A
:10AD3000002017E08268C068521B001B471C0CF102
:10AD4000010007EBD7777F1000EBD070A7EB600016
:10AD500007E08268C068521B001B0CF10107401C11
:10AD6000C01B521C2A4420441A444044C1E900201C
:10AD7000324460448A60C860BDE8F00170472DE944
:10AD8000F00304460D68906885427BDCD1F808C06A
:10AD9000D2F80090E14575DC4B68D668B34271DCAF
:10ADA000D1F80C80576847456CDCA945D8BF9F4255
:10ADB00006DC8445DFBFB0450020BDE8F0037047E6
:10ADC0000020FF1AACEB0506A8EB0308002F05DDF9
:10ADD000C4E900531F44C4E902C70120D368D1F875
:10ADE00004C0A3EB0C0CA8EB0C0CBCF1000FC4BF0F
:10ADF000CD689D420BDD04EB00189C440F688D6804
:10AE0000C8F80CC0C8F80070C8E90135401CD2F879
:10AE100004C04B689C45C8BF6346D568D1F80CC0D8
:10AE20006545B8BFAC46ACEB03051768D1F800C068
:10AE3000A7EB0C07002FC8BF002D0BDD04EB00199A
:10AE40000CEB07085F19C9F800C0C9F80C70C9E914
:10AE50000138401C92680968511A711A0029DCBF38
:10AE6000BDE8F0037047114404EB001403EB050C3C
:10AE7000C4F80CC02260C4E90131BDE8F003401CF5
:10AE80007047FFE7BDE8F0034FF0FF307047C1683F
:10AE90004068081A401C704702688168891AC268B5
:10AEA0004068101A401C491C48437047816800687C
:10AEB000081A401C704703685B1A036083681944D2
:10AEC00081604168891A4160C1681144C16070475E
:10AED00030B40B68D2F800C06345D8BF6346036046
:10AEE0004C68D2F804C06445C8BFA446C0F804C08A
:10AEF0008D689468A542B8BF2C468460C968D26842
:10AF00009142A8BF1146C1600120A34203DC614504
:10AF1000A4BF30BC7047002030BC704770B50D46F0
:10AF200004460168286882B01646814241DB6068A9
:10AF30006A6890423DDBA268AB68934239DBE26805
:10AF4000EB68934235DB8EB3CDE90010324669469B
:10AF5000284600F087F8002804BF02B070BDD4E98D
:10AF60000110CDE9000132466946284600F07AF822
:10AF7000002804BF02B070BD3246E1682068CDE908
:10AF800000016946284600F06DF8002804BF02B0B1
:10AF900070BDD4E90201CDE9000132466946284678
:10AFA00000F060F8002804BF02B070BD012002B0BC
:10AFB00070BD02B0002070BD02688B689A420DDC43
:10AFC00082680B68934209DC4268CB689A4205DCD0
:10AFD000C06849688842A4BF0120704700207047BC
:10AFE00070B50D4604468068096882B016468842EE
:10AFF00035DBE0686968884231DB2068A9688142F6
:10B000002DDB6168EA688A4229DB2EB3CDE90001B5
:10B0100032466946284600F025F8E8B9D4E901101F
:10B02000CDE9000132466946284600F01BF898B980
:10B03000E1682068CDE9000132466946284600F003
:10B0400011F848B9D4E90201CDE900013246694658
:10B05000284600F007F810B102B0002070BD02B021
:10B06000012070BD2DE9F04114460E460A680168C2
:10B0700084B005468A42A4BFA868904246DBD6F851
:10B0800004C06B689C45A4BFEA6862453EDB002CA7
:10B0900040F3B680401AD21A401C521C00EBD0700C
:10B0A00002EBD272401052108242D8BF1046844246
:10B0B00000F3AA800091286800222044029068686A
:10B0C000019068683146204403906846FFF7CAFF44
:10B0D00000274FF00108E8B102980099204402903F
:10B0E00003982044039002983368401A00EBD07014
:10B0F00040100A1801999A1A014473685243591A68
:10B1000001FB01214043814272D975E004B0002067
:10B11000BDE8F081E8680022001B0190E868039018
:10B1200031466846FFF79EFFC8B102980099204457
:10B1300002900198001B019002983368401A00EBBE
:10B14000D07040100A1801999A1A0144736852434A
:10B15000591A01FB01214043814249D94CE0A868BA
:10B160000022001B0090A868029031466846FFF755
:10B1700079FFC8B10098001B009001980099001B4E
:10B18000019002983368401A00EBD07040100A1802
:10B1900001999A1A014473685243591A01FB01211B
:10B1A0004043814224D927E0686801906868002202
:10B1B0002044039031466846FFF754FF00B30098DF
:10B1C000019A001B00900398009920440390029874
:10B1D000401A00EBD070401013180144326840430D
:10B1E000521A71685243C91A01FB0121814203D8E6
:10B1F00004B04046BDE8F08104B03846BDE8F081B7
:10B2000004B00120BDE8F081044653E7D1F800C046
:10B2100013689C45B8BF63460360D1F804C0536807
:10B220009C45B8BF63464360D1F808C093689C450D
:10B23000C8BF63468360C968D2689142D8BF1146CF
:10B24000C160704703680B440360836819448160E0
:10B25000416811444160C1681144C1607047DDF824
:10B2600000C080E80E1070474268491E1144C1605A
:10B2700070470268491E11448160704700B54268FA
:10B2800083B08A429EBF002003B000BD0268002A3E
:10B290001FBFC06801FB002003B000BD064A07497C
:10B2A000074B01F114000090CDE901120022114674
:10B2B00003201AF09DFBFEE738B5000874B30008C0
:10B2C000A7B6040870B504460068002510B114F054
:10B2D000EFFD25606560A56070BD000000B54168A8
:10B2E000002283B000299EBF002003B000BD01688A
:10B2F00000291FBFC06802FB001003B000BD074A51
:10B300000749084B01F114000090CDE90112002219
:10B31000114603201AF06CFBFEE7000038B5000868
:10B3200074B30008A7B6040810B5044684B0002022
:10B33000E260C4E9010101FB02F01AF0B3FB2060F6
:10B3400000281CBF04B010BD06A20FA0009009A1E8
:10B35000CDE901120022144B114603201AF048FBDC
:10B36000FEE700004F7574206F66206D656D6F728B
:10B370007900000061727261792D3E646174612010
:10B38000213D204E554C4C004173736572746564C9
:10B390002061742065787072657373696F6E3A20EE
:10B3A000257320282573290066B6040870B5044665
:10B3B000006884B00E46F8B1D4E901218A420DD16B
:10B3C0000D1DE168694321F03FFD002821D0A560F3
:10B3D00020606068A84298BF05466560D4E9000116
:10B3E000E26801FB020031461AF006FC6068401C6E
:10B3F000606004B0012070BD16A000900CA210A1E6
:10B40000CDE9011200221B4B114603201AF0F0FA7D
:10B41000FEE7194A1948009002F11001CDE9011226
:10B420000022174B114603201AF0E2FAFEE7000053
:10B430004E554C4C20706F696E74657200000000B0
:10B4400061727261792D3E6461746120213D204EEC
:10B45000554C4C00417373657274656420617420AF
:10B4600065787072657373696F6E3A202573202852
:10B470002573290094B6040838B5000888B300087D
:10B4800074B6040842688A429CBF0020704710B519
:10B490000446501E84B0884206D16060204600F009
:10B4A0005FF804B0012010BD206870B1E36801FBB3
:10B4B0000300511A491E03EB000C01FB03F2614625
:10B4C0001AF0D0FC6068401EE7E70849064A01F11F
:10B4D00014000090CDE901120022054B1146032013
:10B4E0001AF086FAFEE7000038B5000874B30008C9
:10B4F000A7B6040830B50446C0680D4600FB05F148
:10B5000083B0206821F0A0FC40B1A5602060606895
:10B51000A84298BF0546656003B030BD0E48009054
:10B5200005A209A1CDE9011200220C4B114603200E
:10B530001AF05EFAFEE700004E554C4C20706F6921
:10B540006E746572000000006461746120213D200A
:10B550004E554C4C0000000088B3000874B6040837
:10B5600030B5044683B0D4E90150B5EB500F84BF29
:10B5700003B030BDE06800FB05F1206821F064FCF9
:10B5800040B1A56020606068A84298BF054665602C
:10B5900003B030BD064A0748009002F11001CDE922
:10B5A00001120022044B114603201AF021FAFEE793
:10B5B00038B5000888B3000874B6040840687047BE
:10B5C0002DE9F04780468946002027F06FF80400F7
:10B5D0004FF0000718BFDFF838A016D0204627F03C
:10B5E00065F80546A06850450DD1E66830684045CD
:10B5F00004BF7068484506D1204627F03FF8304622
:10B6000014F056FC01272C00E8D13846BDE8F0873D
:10B6100015B6000870B5C568D5E9004627F02EF8C4
:10B62000284614F045FC3046A446BDE8704060470B
:10B6300000220028BCBF012240420029BCBF494271
:10B64000921C884207D9C1EB011101EB4101B1FB0A
:10B65000F0F3103205E0C0EB001000EB4000B0FB4F
:10B66000F1F30020D9B216291CD92C2998BF01204A
:10B67000292998BF401C252998BF401C202900D8A3
:10B68000401C184412F0100F18BFC0F15A0012F0FD
:10B69000020F02F0010111D000290CBFC0F1B4006B
:10B6A000B4300FE0022928BF0120062940F1000034
:10B6B0000A2940F100000F29E3D3E1E7002918BF70
:10B6C000C0F5B47080B27047C16000681EF07EB8EB
:10B6D00000684FF0FF320168C26001F150029042F1
:10B6E00004BF8268CA6205D001F16002904204BFC3
:10B6F00082688A6300681EF069B810B50C460020A5
:10B700006421C4E90C01A063E062E063606420642A
:10B71000A06494F8701021F03F0184F8701084F850
:10B720004C00C4E91440411EC4E91601C4E91840A4
:10B73000C4E91A01082120461FF074FB102120469D
:10B740001FF070FB20460022BDE81040114600F0BB
:10B7500055B910B50C46002104F15000FEF786FAE9
:10B7600004F16000BDE810400021FEF77FBA000040
:10B770002DE9F0410D4633481CF080FA012818BF2E
:10B78000BDE8F081284613F085FE0446284613F0F4
:10B79000BDFE0646182C0CD0012C18BF082C4BD02F
:10B7A0001A2C18BFBDE8F0812846BDE8F041F8F733
:10B7B000B5BF4FF400311BF076FB0446284613F06A
:10B7C00025FF80460068A042C8BF044630460021DD
:10B7D0001222C8F800401DF0E9FA07463046002161
:10B7E00013221DF0E3FA05463046002110221DF019
:10B7F000DDFA04463046002111221DF0D7FAAF428F
:10B80000B4BF394629468442B4BF2246024691421B
:10B8100004DAAF42ACBF2C463C4602E08442A8BFEB
:10B820000446002CA8BFBDE8F081D8F80000001B3A
:10B83000C8F80000BDE8F08106F13C01BDE8F04128
:10B840001DF0FDBF80C0040890F8700000F00700F4
:10B85000704790F8701001F0070102291CBF006BBF
:10B860007047C16EB1F1FF3F14BF806E806B7047AF
:10B87000C16DB1F1FF3F14BF806DC06A704790F891
:10B88000701001F0070101290AD1016B002907DAC4
:10B89000426B002A04DD806B884204BF01207047A0
:10B8A0000020704770B504469142CCBF01200020B3
:10B8B00084F84C00002812BF15460D461146206B37
:10B8C000A84202BF606B884270BDC4E90C5194F875
:10B8D000700000F00700022818BFA563E06A8842E4
:10B8E00004DD20460022E16200F088F8E06AA84208
:10B8F00005DA204600222946E56200F07FF820465E
:10B90000BDE870401DF062BF2DE9F0410B4690F894
:10B91000701096B001F00701054602291CBF16B051
:10B92000BDE8F081D5E90CC19942CCBF1C460C465C
:10B93000A445C8BF614602DC9942C8BF19460F46FC
:10B94000EB6ABB42B8BF1F46A96BB94204BF16B031
:10B95000BDE8F0812E4605F16004002A31D0E06890
:10B96000B0F1FF3F0EBFC4E90117A068C4E90107A9
:10B9700000212046B763FEF779F96846FEF7D8F94B
:10B9800021466846FEF799FA1A496846FEF77FFA9B
:10B990004FF4807200216846FEF789FA164968461E
:10B9A000FEF765FA3046002164221DF0FFF90146DA
:10B9B0006846FEF763FA6846FEF7A6FA16B0BDE8D9
:10B9C000F08100212046FEF751F94FF0FF38C4F80E
:10B9D0000C803046AF631DF0F9FE00212046FEF7D3
:10B9E00045F90020C4E90060C4E9020816B0BDE8CA
:10B9F000F0810000C9B60008D1B600082DE9F04179
:10BA0000D0F82CC00B4696B005469C4504BF16B036
:10BA1000BDE8F081D5E90C419942D4BF0E461E46DF
:10BA2000B442C8BF214602DC9942C8BF19460F463E
:10BA3000AB6BBB42C8BF1F46BC4504BF16B0BDE8D8
:10BA4000F0812E4605F15004002A31D0E068B0F1B3
:10BA5000FF3F0EBFC4E901C7A068C4E90107002188
:10BA60002046F762FEF702F96846FEF761F92146C3
:10BA70006846FEF722FA1A496846FEF708FA4FF4BC
:10BA8000807200216846FEF712FA16496846FEF7F2
:10BA9000EEF93046002164221DF088F9014668461F
:10BAA000FEF7ECF96846FEF72FFA16B0BDE8F08114
:10BAB00000212046FEF7DAF84FF0FF38C4F80C807A
:10BAC0003046EF621DF082FE00212046FEF7CEF8E0
:10BAD0000020C4E90060C4E9020816B0BDE8F081A6
:10BAE000C9B60008D1B6000870B58C6C0D46002CA4
:10BAF0001CBF206C002803D005F074F900202064DE
:10BB00002846BDE87040FAF749BD00002DE9FF4F17
:10BB1000088C85B0C0F3072AAAF107001F460C461F
:10BB20000290032812D9BAF1100F18BFBAF1110F01
:10BB30000CD0BAF10F0F18BFBAF1120F06D0BAF13C
:10BB4000130F18BFBAF1140F40F0C580A56C002D7B
:10BB50002ED05046D5F8009003F019FC8346079884
:10BB6000FFF7A4F90646207C01280CBF0C2000201A
:10BB7000039078686FF06042D04237D10298032872
:10BB800094BF1020504601900020009001233246BF
:10BB9000286C019905F086FC5FEA000811D007982F
:10BBA0000268416880683A60C7E90110F96024E0E2
:10BBB000B3A000220090BA4B1146032019F018FFE1
:10BBC00089E0286C18B105F00DF9002028640020E8
:10BBD000009001223146B348019B05F05DF85FEA11
:10BBE000000818BFC5F8408075D0D8E7401C7860C1
:10BBF000F868401CF860D5F8408007997868D8F854
:10BC00001050C968884266DC0299032900F2C4809A
:10BC10000821B1FBFBF23968B1FBF2F302FB13120E
:10BC2000029206FB0BF2D31D012202EBD30201921A
:10BC3000636B039A01FB0BF102EB8302238D9BB232
:10BC400000FB032000EBD107207C012819D0E0681D
:10BC500000693844CDF80000D4F830900020009AF4
:10BC60000299BAF1070F3AD0BAF1080F42D0BAF1EF
:10BC7000090F4BD0BAF10A0F04BF08230A444ED073
:10BC800082E0019819F00EFF009060B13946CDF8BE
:10BC90000C90834600273A46DDF80490039814F090
:10BCA00041FB68B114E087A000907FA282A1CDE99A
:10BCB000011200227A4B1146032019F099FEFEE78B
:10BCC0003B464A465946039814F004FA0028C3D06C
:10BCD000009814F0EDF809B00020BDE8F08F0123C2
:10BCE000C81701EB507002EBE00201F00700C0F151
:10BCF000070014E0C81701EB907002EBA0020223CA
:10BD000001F003000621A1EB400008E001EBD17037
:10BD100002EB6002042301F00100A3EB800001218B
:10BD20009940491E1FFA81FA002E2DDDA91CC3F18E
:10BD3000080B05F1010CEF1CCDF804B092F800B02F
:10BD40002BFA00FB0BEA0A0BC01A19F82BE009EBDF
:10BD50008B0B85F800E09BF801E08CF800E09BF885
:10BD600002E081F800E09BF803B040B287F800B031
:10BD70000028BCBF0198521C091D2D1D761E07F11D
:10BD800004070CF1040CD9D1207C012804BF0098D1
:10BD900014F08EF84FE000BFBAF1100F18BFBAF1DF
:10BDA000110F4ED0BAF10F0F1CBFBAF1120FBAF13A
:10BDB000130F46D0BAF1140F8DD1B8F808104FF018
:10BDC000000B1FFA81FA218D8AB2039900FB021041
:10BDD00039685A46090100EBD101484614F0A2FA2D
:10BDE00000287FF478AF5B4652462946484614F057
:10BDF00071F900287FF46FAF218D606A8AB2000C60
:10BE000050437A68C1F34E010C3002FB01003968DF
:10BE10000027014455443A46484614F083FA002866
:10BE20007FF459AF3B4632462946484614F052F952
:10BE300000287FF450AFC4F82C8009B00120BDE881
:10BE4000F08F06FB0BF1CE08218D8AB2039900FB1F
:10BE500002103968002701FB0BF100EBD1013A46D3
:10BE6000484614F05FFA00287FF435AF3B4632466F
:10BE70002946484614F02EF900287FF42CAFDAE763
:10BE8000556E6578706563746564206E756C6C20A2
:10BE90006465636F64657220646174610000000012
:10BEA0005FB20408680300204E554C4C20706F6947
:10BEB0006E7465720000000062756620213D204EA0
:10BEC000554C4C0041737365727465642061742035
:10BED00065787072657373696F6E3A2025732028D8
:10BEE0002573290038B50D46C968287C144620B151
:10BEF000012807D0022827D017E00C22204619F08D
:10BF00007BFE26E0084614F01BF816A123F05CFC2B
:10BF100058B96B460C22214605F1140014F0DAF8EA
:10BF2000002804BF00980C2802D04FF0000038BD54
:10BF30002078192802D060701920207020682021F4
:10BF400041EA1040608004E00120A080E0800E20E3
:10BF500060702068C1B2192902D0400C4000608096
:10BF6000012038BD62696E0010B584B014F0EEFF98
:10BF7000040012D00F4915F057F90F49204615F06B
:10BF800055F90E49204615F04DF90D49204615F09A
:10BF900047F90CA0206104B010BD13A000900AA2C4
:10BFA0000DA1CDE901120022174B1146032019F013
:10BFB0001FFDFEE7E5BE00080DC000080DBB000830
:10BFC000E9BA000842494E004F7574206F66206D33
:10BFD000656D6F72790000006465636F646572203F
:10BFE000213D204E554C4C0041737365727465645D
:10BFF0002061742065787072657373696F6E3A2082
:10C0000025732028257329004BB204082DE9F04739
:10C0100080460026087C8EB00C46B1463746012883
:10C0200001D080B365E0E06813F08AFF79A123F0C6
:10C03000CBFBB0B92046FAF7DFFC050011D00C208D
:10C04000A56419F02FFD5FEA000A00F0DC800222EF
:10C05000E16813F091FF40B1504613F029FF00F062
:10C06000D2B80EB00020BDE8F087C5F800A0216A64
:10C07000C1F3072011F4002F1CD1C11F032903D8DD
:10C08000E07970BB3CE007E00B38032849D968E051
:10C09000064601282DD164E0E5682869002804BF20
:10C0A0000EB0BDE8F0872888C0F3072A206A10F494
:10C0B000002F08D058A000220090624B11460320A8
:10C0C00019F096FC15E0AAF1070003281DD80846D0
:10C0D000FAF792FC002804BF0EB0BDE8F087E079C3
:10C0E00070B159A000220090604B1146032019F056
:10C0F0007FFC2046FAF752FA0EB03046BDE8F087D2
:10C1000021464046F8F7C8F8C2E7AAF10B00032819
:10C1100008460BD8FAF770FC002804BF0EB0BDE843
:10C12000F08721464046F8F705F8B1E7FAF764FCD6
:10C13000296811F4801F18BF2E4609D100F124068A
:10C14000A8680204120C1FD02946304604F05CFF98
:10C15000E66230890004000C04BF208D30814FF06E
:10C160000109E66AF6B33146204614F0C9FF05001E
:10C1700049D0B54221D02046FAF710FA2046FAF706
:10C180003BFCC561E5621CE0EB686A680B930891B3
:10C19000CDE90920D5E90401CDE90C01504603F0B1
:10C1A000F6F8099989B24843C01DC008ADF82800C7
:10C1B00008A9304604F028FFCAE7E062B9F1000F91
:10C1C0001DD1A07970B914F035FE58B1207C8DF8DE
:10C1D0001000E0680390E26A02A9D068029040462D
:10C1E000A36C00E00BE014F073FE60B160642046C5
:10C1F000FAF702FCC7610EB00120BDE8F0870EB06F
:10C200000120BDE8F0872046FAF7C8F90EB00020FB
:10C21000BDE8F08762696E004E656564204C565F2C
:10C2200042494E5F4445434F4445525F52414D5F42
:10C230004C4F414420746F20626520656E61626CD2
:10C2400065640000B6B204084C565F42494E5F4434
:10C2500045434F4445525F52414D5F4C4F4144204E
:10C2600069732064697361626C65640097B2040845
:10C2700010B50C46102120461EF0D4FD2046BDE826
:10C2800010404FF480611AF0D3B8000010B5014699
:10C2900003481AF0BDFE04461AF052FF204610BDB6
:10C2A000A4C004082DE9F04104460746806B002530
:10C2B0000E46002898BFBDE8F0812946A06B884251
:10C2C0000FD9606B30F8113023EA060220F81120F4
:10C2D0002046FDF7C7F816F4806F1CBF20461EF0FD
:10C2E000C9FB6D1CB86BA842E7D8BDE8F08100001F
:10C2F000084600214FF6FF728163C0E90F12016307
:10C300004163C1624164014900F018BDC8C004081E
:10C3100010B5014603481AF07BFE04461AF010FFE0
:10C32000204610BDE4C0040810B50C46086B13F09D
:10C33000BFFD606B13F0BCFD00202063606310BD87
:10C340002DE9F04FADF5017D8946FB481BF096FCC9
:10C3500001281CBF0DF5017DBDE8F08F484613F0A4
:10C3600099F80546484613F0D1F800260446182DE2
:10C370007ED02F2D18BF2E2D78D000BF4FF6FF771F
:10C38000012D74D0022D00F0F780082D00F00981F6
:10C39000062D00F04D81032D00F05D81102D00F081
:10C3A0006081112D18BF122D7DD00E2D00F0A581BA
:10C3B0001A2D78D1484613F0A9F80546806B00285D
:10C3C00071D0484613F012F97990688D40F0080159
:10C3D0006985284656A91BF0CDFDB5F828802E8525
:10C3E000688D002740F008013C4669853AA807F0AF
:10C3F00091F95AA805F00AFD3AAA4FF4A02128465F
:10C400001DF030F85AAA4FF4A02128461CF05EFF18
:10C41000688D102220F0080169852846A5F828803B
:10C4200031461CF0C3FC7F902846112231461CF097
:10C43000BDFC7E902846122231461CF0B7FC7D9050
:10C440002846132231461CF0B1FC7C90A86B0028D2
:10C4500040F28783E86AB94950F8240023F0B4F920
:10C46000002840F06B8200F060BA01E030E036E076
:10C470008246C06B00281CBFDAF82C8000272AD027
:10C4800058F82700002826D0AC4923F09DF9002851
:10C4900021D058F82700007800281CD0DAF83400A2
:10C4A00030F8170000E016E010F4806F08BF7F1C22
:10C4B000E6D0E06B002808BF002105D020461BF025
:10C4C000EBFCE16BB0FBF1F1484613F09FF955E747
:10C4D000E16A00F033FC0DF5017DBDE8F08F4846C0
:10C4E00013F050F805462046216CFCF7BBFF15F011
:10C4F00093FB15F0E4FD012818BF03281ED17AA98B
:10C50000284615F0ADFD7AA92046FAF767F80146EE
:10C510002764B84204BF0DF5017DBDE8F08F606B64
:10C5200030F81100C0F38012002A04BFC0F30010DD
:10C530000028D0D120462164FCF794FF216CB94239
:10C54000C9D0606B30F81100C0F34022002A04BF4C
:10C55000C0F38022002ABED1C0F38012002A04BF9B
:10C56000C0F300100028B6D100916A464FF02001B8
:10C5700020461FF01CF8AEE7206CB842ABD048460E
:10C5800013F000F87AA915F06BFD7AA92046FAF7A6
:10C5900025F8216C81429ED02046FCF763FF27647A
:10C5A00099E7236CBB423ED0626B32F81300C0F3B4
:10C5B000C011D1B1C0F38011B9B910F4807F07D098
:10C5C00094F8441011F0010F08BF20F4807001D0DE
:10C5D00040F4807022F8130094F8440010F0010F2A
:10C5E00003D02046216C27F08DFC626B216C32F861
:10C5F0001100C0F34022002A04BFC0F38022002AA9
:10C6000011D0C0F38012002A04BFC0F3001000282C
:10C6100009D1039103AA4FF0200120461EF0C7FF65
:10C6200001287FF458AF2046216CFCF71BFF52E72E
:10C63000216CB9423FF44FAF606B30F81100C0F38A
:10C640004012002A01BFC0F38012002AC0F300107C
:10C65000002889D03FE72046216CFCF703FF2764C0
:10C6600039E7A06B00283FF436AF484612F08AFF46
:10C67000054615F024FD06462DB9002015F0E2FC14
:10C6800015F01DFD064620461BF007FD14F056F977
:10C69000216CB9427FF41FAF022E02D0042E2AD1A2
:10C6A00048B394F844100020A26B11F0010F01D19F
:10C6B00011E0401C82421CD9616B31F81010C1F3AB
:10C6C0000013002B04BFC1F38013002BF1D1C1F381
:10C6D000002171B9EDE782420BD9616B31F810107E
:10C6E000C1F30013002B06BFC1F380110029401CC9
:10C6F000F1D12064EFE62764EDE62046216CFCF7DB
:10C70000B1FE484612F066FF132819D014283BD01A
:10C7100004254FF0080812285ED0112883D1204646
:10C72000002115221CF042FB216C8146B94204BF56
:10C730002664626B70D1AFE0E4C00408E0CF00086B
:10C74000206CB84219BF411C21642664216CA26B85
:10C75000914228BF2664D4F834C0216C236C3CF885
:10C760001300C0F30015002D04BFC0F38010002893
:10C770003FF459AF03F101002064904228BF2664C2
:10C78000206C8842EAD185E0206CB84208BF26645C
:10C7900007D000281CBF411E216402D08C46626B6A
:10C7A0000EE0A06B411E2164F8E700291CBF481E63
:10C7B000206403D1A06B411E08462164604569D006
:10C7C000216C32F81100C0F30013002B04BFC0F33A
:10C7D00080100028E9D126E720464FF000014FF0F5
:10C7E00015021CF0E3FA8146206CB84204BF2664AF
:10C7F000626B12D104E0481C2064A16B884249D2CC
:10C80000216C32F81100C0F30013002B04BFC0F3F9
:10C8100080100028EFD106E74AE0216B01EB001001
:10C82000FEF744FB0146226B206C02EB00131B68F1
:10C8300003EB6103A16B814284BF05EB001C52F83E
:10C840000CC01ED905EB00169659664515DD02EBA6
:10C85000001636689E4210DC08EB001696594E44CE
:10C86000B3420ADC666B36F81060C6F38017002FFF
:10C8700004BFC6F30016002E03D000F10100814270
:10C88000E0D88842BFF4CFAE4DE0581C2064A16BC5
:10C89000884201D32764C6E6236C32F81300C0F344
:10C8A0000011002904BFC0F380100028EDD1BAE6C2
:10C8B000206B00EB0110FEF7F9FA236C226B02EB00
:10C8C0000311096801EB600118B20028A4BF05EB51
:10C8D000031352F803C0FFF6A6AE00BF05EB00132A
:10C8E000D358634516DA02EB00131B68A3EB090368
:10C8F00099420FDB08EB0013D3588B420ADB636BC2
:10C9000033F81030C3F38016002E04BFC3F30013B6
:10C91000002B05D0A0F1010000B20028DEDA82E68B
:10C920000028FFF680AE20647DE6E86A641C954925
:10C9300050F8240022F048FF0028F6D0686B30F849
:10C94000170010F0100F7DD1002610F4807F18BF63
:10C95000012610F0400F0ABF286C46F08006B8424E
:10C9600013D118F0200F18BF46F0200618F0020F60
:10C9700018BF46F0020618F0040F18BF46F0040670
:10C9800018F0080F18BF46F00806286B002E00EBC1
:10C990000710016804914168059181680691C0689B
:10C9A00007900499569808440490579905980844AC
:10C9B0000590569906980844069007995798084498
:10C9C00007907DD02E85688D40F00800688508A806
:10C9D00006F0A0FE24A805F019FA08AA4FF4A02139
:10C9E00028461CF03FFD24AA4FF4A02128461CF045
:10C9F0006DFCA5F82880688D20F0080068859DF8FA
:10CA000069000A9710F0100F37D020F01F0000F1D6
:10CA10000F018DF8691068697D9A049B1044834268
:10CA200004BF21F004008DF86900069AE8697C993A
:10CA3000401A824205D19DF8690020F008008DF867
:10CA4000690000E087E0A9697F9A0598114488424F
:10CA500005D19DF8690020F002008DF869002A6A6E
:10CA60007E990798511A884207D19DF869004108BC
:10CA7000490061F304008DF8690004A8FEF707FA85
:10CA800016F0200F739009D0686B30F8170010F47F
:10CA9000806F03D005997398081A059004AA08A915
:10CAA000799806F0DBFBDDE932AB2C987590E86AEB
:10CAB00050F8249056A8FEF7F9F99DF8DB1000E035
:10CAC00054E0CDF800A0CDE901015B46494670A8CD
:10CAD000759A24F011FA04A8FEF7E8F97099401A43
:10CAE000049900EBD07001EB6000049004A8FEF7FD
:10CAF000CEF97199401A059900EBD07001EB6000F6
:10CB000005907099049816F0200F084406907199CA
:10CB100005980844079010D0686B30F8170010F49F
:10CB2000806F0AD07399059801EBD171A0EB610079
:10CB300005900798A0EB610007909DF8DC00CDF808
:10CB4000AC9040F040008DF8DC0004AA24A92697A0
:10CB5000799805F028F9A86B641C7F1CB8423FF651
:10CB600079AC688D20F008006885B4E470223AA999
:10CB700008A819F041F854225AA924A819F03CF841
:10CB80003DE70000E0CF00082DE9F0410F46A1F598
:10CB90007F41FF391BD00546806B874217D80024A0
:10CBA000264667B1E86A641C0AA150F82400761C86
:10CBB00022F00AFE002808BF641CBE42F2D1A86B16
:10CBC000B0421EBFE86A50F82400BDE8F0810020A2
:10CBD000BDE8F0810A000000006C7047836B8B4257
:10CBE00007D9406B30F8110032EA000004BF012081
:10CBF0007047002070472DE9F04704460646806BD9
:10CC00008A469146504598BFBDE8F08796F8441093
:10CC100011F0010F18BF19F4807F1DD000254FF4CB
:10CC20008078002818D9A06B2946274688420FD95A
:10CC3000786B30F8113023EA080220F811203846CA
:10CC4000FCF710FC002000281CBF38461DF012FF26
:10CC50006D1CA06BA842E6D8706B30F81A1041EA40
:10CC6000090120F81A1051462046FCF7FBFB19F485
:10CC7000806F08BFBDE8F0872046BDE8F0471DF093
:10CC8000F9BE2DE9F05F06468346806B89464FF07A
:10CC90000008002898BFBDE8F09F3446B06B4045BF
:10CCA00036D996F8441011F0010F18BF19F4807F9F
:10CCB0001DD000274FF4807A002818D9A06B394680
:10CCC000254688420FD9686B30F8112022EA0A0203
:10CCD00020F811202846FCF7C5FB002000281CBFC7
:10CCE00028461DF0C7FE7F1CA06BB842E6D8706BCB
:10CCF000414630F8182042EA090220F81820204660
:10CD0000FCF7B0FB19F4806F1CBF20461DF0B2FE8B
:10CD100008F10108DBF838004045BED8BDE8F09FB7
:10CD200010B50446806B4200606B18F065FF20462A
:10CD3000E16ABDE8104000F001B800002DE9F34FB2
:10CD400097B05FEA010804BF19B0BDE8F08F012079
:10CD5000179C00252E46E0630AE0A1A122F034FDD5
:10CD6000002818BF6D1C02D1E06B411CE163761CEA
:10CD700058F8260000281CBF01780029EDD1A06BCF
:10CD8000A8421FD0206B002610B113F091F8266343
:10CD9000606B10B113F08CF86663280118F082FE06
:10CDA000206300287ED0680018F07CFE60630028B5
:10CDB00079D0216B002908BF00256A00002119F0F5
:10CDC00093F8A563C4F82C800021272217981BF044
:10CDD000EDFFC0B21290179D002728463946122257
:10CDE0001BF0E4FF06462846394630221BF0DEFFE2
:10CDF00081462846394634221BF0D8FF10F0040F34
:10CE000018BF4E444FF0000A179D51462846102285
:10CE10001BF0CCFF07462846514630221BF0C6FFC8
:10CE200081465146342228461BF0C0FF10F0020F05
:10CE300018BF4F4410970021142217981BF0B6FF1B
:10CE40000C900021152217981BF0B0FF0746179889
:10CE50001BF059F80B9017981BF01EF8E26B0C9919
:10CE6000C2F1010301FB03004FF00009CDF810905F
:10CE7000CDF818800F90002A40F2A6804FF0000AEB
:10CE80005546069850F82500002833D054A122F0CA
:10CE90009BFC00282ED0069850F82500007800282A
:10CEA00028D001E00CE018E0606B09EB050110F8F8
:10CEB000110010F00F0008BF012082446D1CE0E754
:10CEC00053A0009047A24BA1CDE901120022584B7C
:10CED0001146032018F08CFDFEE74DA0009041A202
:10CEE00054A1CDE901120022514B1146032018F044
:10CEF0007FFDFEE7F5B304990F984143E06BB1FB6A
:10CF0000F0F2109953180C9A049901FB0231089120
:10CF1000049A0F99521C5143B1FBF0F0431E0C9A36
:10CF20000499109801FB0200184414900B98C5F165
:10CF3000010107FB010BBBF1000F4EDB002188460E
:10CF4000002D35D9606B10F8190010F00F0008BFE4
:10CF500001200BFB01F20844159000FB0BF0B0FB25
:10CF6000FAF0B2FBFAF2401E08FB072208FB0700AA
:10CF7000129900E002E0012909D103E00698001DA2
:10CF800006901AE011460B9A121A0B98401A831950
:10CF900014980090206B911900EB0910089AFEF785
:10CFA0005EF908F10108159909F10109A845C9D3ED
:10CFB000069800EB8500001D06900498401C049024
:10CFC000E16B81423FF65AAF17981DF053FD179859
:10CFD00019B0BDE8F04F1CF0F9BB4FF0000BADE706
:10CFE0000A0000004F7574206F66206D656D6F72CA
:10CFF0007900000062746E6D2D3E627574746F6E00
:10D000005F617265617320213D204E554C4C0000DC
:10D010004173736572746564206174206578707201
:10D02000657373696F6E3A20257320282573290074
:10D0300008C1040862746E6D2D3E6374726C5F6289
:10D0400069747320213D204E554C4C0070B5044648
:10D05000806B0D46A84204D8A5F57F40FF3818BF65
:10D0600070BD2046216CFCF7FDF920462946256459
:10D07000BDE87040FCF7F6B970B584B016460D46B1
:10D08000040019D0002D24D004F11C0019F0BBF9C4
:10D09000E06800282AD0206832462946C368204626
:10D0A0009847050018BF00F023F904F11C0019F09F
:10D0B000ACF904B0284670BD18A000900FA213A1CF
:10D0C000CDE9011200221D4B1146032018F090FCFF
:10D0D000FEE712A0009009A219A1CDE901120022D9
:10D0E000164B1146032018F083FCFEE704F11C00E8
:10D0F00019F08BF904B0002070BD00004E554C4C67
:10D1000020706F696E74657200000000636163686F
:10D110006520213D204E554C4C0000004173736545
:10D1200072746564206174206578707265737369C8
:10D130006F6E3A20257320282573290013B3040845
:10D140006B657920213D204E554C4C0070B584B064
:10D1500016460D46040018D0002D23D004F11C0003
:10D1600019F051F9A068002829D0324629462046F6
:10D17000F6F770FB050018BF00F0BAF804F11C00C8
:10D1800019F043F904B0284670BD18A000900FA212
:10D1900012A1CDE9011200221C4B1146032018F008
:10D1A00027FCFEE711A0009008A219A1CDE9011209
:10D1B0000022164B1146032018F01AFCFEE704F17A
:10D1C0001C0019F022F904B0002070BD4E554C4CE3
:10D1D00020706F696E74657200000000636163689F
:10D1E0006520213D204E554C4C0000004173736575
:10D1F00072746564206174206578707265737369F8
:10D200006F6E3A20257320282573290035B3040852
:10D210006B657920213D204E554C4C002DE9F0479F
:10D2200084B00546DDE90C9A00681E46174688461C
:10D230008047040013D004F10C010020A76081E8AE
:10D240004106C4E90058696820468847A0B104F146
:10D250001C0019F0D6F804B02046BDE8F08716A0EF
:10D2600000900DA210A1CDE9011200221A4B114627
:10D27000032018F0BDFBFEE718A000220090164B1B
:10D280001146032018F0B4FB204612F011FE04B042
:10D290000020BDE8F08700004F7574206F66206D98
:10D2A000656D6F7279000000636163686520213DE0
:10D2B000204E554C4C0000004173736572746564D8
:10D2C0002061742065787072657373696F6E3A209F
:10D2D0002573202825732900F2B20408436163688E
:10D2E0006520696E6974206661696C656400000080
:10D2F00000B583B030B14168491C4160816803B01A
:10D30000401A00BD0EA0009005A209A1CDE90112AE
:10D310000022134B1146032018F06AFBFEE70000C1
:10D320004E554C4C20706F696E74657200000000A1
:10D33000656E74727920213D204E554C4C000000E2
:10D3400041737365727465642061742065787072CE
:10D35000657373696F6E3A20257320282573290041
:10D36000A5B4040800B583B030B1816803B0401A99
:10D370005DF804EB12F09CBD0EA0009005A209A17F
:10D38000CDE901120022134B1146032018F030FBA7
:10D39000FEE700004E554C4C20706F696E7465724C
:10D3A00000000000656E74727920213D204E554CBE
:10D3B0004C000000417373657274656420617420D1
:10D3C00065787072657373696F6E3A2025732028D3
:10D3D0002573290051B5040800B583B000281FBF8C
:10D3E0008168401A03B000BD074A084B02F11001E2
:10D3F00001F110000090CDE9011200221146032036
:10D4000018F0F6FAFEE70000E0D400088DB4040836
:10D4100000B583B000281EBF084403B000BD06A2BB
:10D420000DA0009008A1CDE901120022124B114677
:10D43000032018F0DDFAFEE74E554C4C20706F6962
:10D440006E746572000000006461746120213D20EB
:10D450004E554C4C00000000417373657274656456
:10D460002061742065787072657373696F6E3A20FD
:10D470002573202825732900DDB4040800B583B086
:10D4800000281EBF406803B000BD074A074B02F1E9
:10D49000100101F110000090CDE9011200221146A7
:10D4A000032018F0A5FAFEE7E0D4000824B404082D
:10D4B0001030704700B583B020B14168491C41600D
:10D4C00003B000BD0EA0009005A209A1CDE9011294
:10D4D0000022134B1146032018F08AFAFEE70000E1
:10D4E0004E554C4C20706F696E74657200000000E0
:10D4F000656E74727920213D204E554C4C00000021
:10D50000417373657274656420617420657870720C
:10D51000657373696F6E3A2025732028257329007F
:10D52000F6B3040800B583B038B1A9B10160002199
:10D53000C0E90112017303B000BD0E4A0E4B02F1A7
:10D54000100101F110000090CDE9011200221146F6
:10D55000032018F04DFAFEE7064A08A102F1200068
:10D560000090CDE901120022034B1146032018F070
:10D570003FFAFEE7E0D400083DB504086361636844
:10D580006520213D204E554C4C00000000B583B075
:10D5900000281EBF007B03B000BD06A20DA00090B6
:10D5A00008A1CDE901120022124B1146032018F008
:10D5B0001FFAFEE74E554C4C20706F696E74657211
:10D5C00000000000656E74727920213D204E554C9C
:10D5D0004C000000417373657274656420617420AF
:10D5E00065787072657373696F6E3A2025732028B1
:10D5F0002573290073B4040800B583B040B14168B5
:10D6000099B1491E416044BF0021416003B000BD93
:10D6100013A000900AA20EA1CDE901120022184B1E
:10D620001146032018F0E4F9FEE716A0CDE9000149
:10D630000022134B1146032018F0DAF903B000BDA5
:10D640004E554C4C20706F696E746572000000007E
:10D65000656E74727920213D204E554C4C000000BF
:10D6600041737365727465642061742065787072AB
:10D67000657373696F6E3A2025732028257329001E
:10D68000C1B404087265665F636E7428257529202D
:10D690003D3D2030000000008068002818BF0120B8
:10D6A0007047000070B584B016460D0004460CD0DB
:10D6B00004F11C0018F0A7FE31462846FFF79CFF36
:10D6C0002846FFF7DBFE68B119E018A000900FA212
:10D6D00012A1CDE9011200221C4B1146032018F0C3
:10D6E00087F9FEE72846FFF751FF40B12846FFF7CC
:10D6F00073FEA369314698472846FFF733FE04B00E
:10D7000004F11C00BDE8704018F07FBE4E554C4C33
:10D7100020706F696E74657200000000656E74722F
:10D720007920213D204E554C4C000000417373651B
:10D7300072746564206174206578707265737369B2
:10D740006F6E3A20257320282573290024B304081E
:10D75000F0B583B0040015460F462DD0206813465F
:10D760000A46D0F824C000212046E04702281CBF0A
:10D7700003B0F0BD20682946026A204690470600A3
:10D7800027D020682A4631464369204698473046CC
:10D79000FFF722FEA269294690473046FFF7E2FDD7
:10D7A00020682B463A46D0F824C000212046E047A6
:10D7B0000228DFD003B0F0BD12A0009009A20DA195
:10D7C000CDE901120022174B1146032018F010F981
:10D7D000FEE715A000220090174B1146032018F019
:10D7E00007F9DDE74E554C4C20706F696E74657219
:10D7F00000000000636163686520213D204E554CA8
:10D800004C0000004173736572746564206174207C
:10D8100065787072657373696F6E3A20257320287E
:10D82000257329005DB304084E6F2076696374691F
:10D830006D20666F756E6400A1B30408002818BFE0
:10D840000162704770B50C464FF4FD6121860120DE
:10D8500084F8320084F83300A18684F8360084F816
:10D8600037000020A0630146E0634FF4527204F2D7
:10D87000211018F039FB002138220846374D782353
:10D8800007E030B100F1010C1CF0070F08D00728A9
:10D890000CDA04EB800C55F82060CCF8406013E003
:10D8A00004EB800C2EA6CCF840600DE001EB810665
:10D8B00004EB860C04EB80068CF821310CF2211C61
:10D8C000491CC9B2C6F840C0401C521E12F0FF02EB
:10D8D000D7D124A12046C4F81C11FEF719FD04F18C
:10D8E0004001E062FFF72AFA4FF40871E06AFFF79F
:10D8F000C8F900231F221C49E06A18F088FD642043
:10D900001EF0A6FDE26A014610461EF09EF94FF495
:10D910000421E06A18F08CFD012120461DF087FEED
:10D920000121E06A1DF08FFE0022022120461EF038
:10D9300068F9204694F93620A18E00F019F8238E5C
:10D9400094F8322094F83310238684F8322020464D
:10D9500084F83310BDE87040F9F784BE74000020ED
:10D960000A00000000000000235100083430704716
:10D970002DE9F05F8FB287864FFA82F9044680F86E
:10D980003690012084F837004021E06AFEF78AFCD7
:10D99000002540222946E06AFFF72DF96D1C072D6E
:10D9A000F7D33846B9F1010144BF781E0C310C2978
:10D9B000A4BF401C0C390022864B4FF4C87C0129BF
:10D9C00000F0D880844D08461646C5FB01608510DE
:10D9D000A5EBE070A0EBC000084400EBD07121F093
:10D9E0000101401AC0F11F0000F0FF0AB9F1030F56
:10D9F00034BF01210021781A01EB410509EB8501B3
:10DA0000891E764DC1EB4111A5FB0151C908491C86
:10DA1000014401EB90056F490126A1FB0031A5EB04
:10DA200051134FF4C871B0FBF1F019186C4B002082
:10DA30001A46E1FB03204008A0EBC0000844C5B231
:10DA40000AEB0500A846A84288BF0AEB080B0FD9CD
:10DA500005EB850104EB8100334662A2142100F23C
:10DA6000211021F039F8701C6D1CC6B2AB45EFD8FF
:10DA7000B9F1020044BF0C307F1E0C28A4BF0C3843
:10DA80007F1C012874D0544A01460023C2FB003198
:10DA90008A10A2EBE171A1EBC101084400EBD07147
:10DAA00021F00101401AC0F11F00A0EB0800401C4A
:10DAB0000025C6B2B8F1000F15D900BF05EB8501EE
:10DAC00004EB8100334647A2142100F2211021F01B
:10DAD00003F84022E91DE06AFFF78DF8701C6D1C09
:10DAE000C6B2A845EAD808EB0A0501262A2D14D2A9
:10DAF00005EB850104EB810033463AA2142100F2C4
:10DB0000211020F0E9FF4022E91DE06AFFF773F8D9
:10DB1000701C6D1CC6B22A2DEAD32046F9F7A2FD6F
:10DB2000E06AFFF759F8A0F57F41FF3904D008F10A
:10DB30000701E06AFFF78AFA20461BF047FE2046FD
:10DB40001AF003F906004FF0000508BFBDE8F09F8A
:10DB5000294620461AF0ACF8E16A814203D02246F9
:10DB600020211DF024FD6D1CB542F1D3BDE8F09FCE
:10DB700016E000BF10F0030F0DD1A3FB00514909BF
:10DB80006FF01805694310EB810107D1B0FBFCF180
:10DB90000CFB110010B100201C3025E70120FBE731
:10DBA00017F0030F10D10B48A0FB071040096FF0CE
:10DBB0001801484317EB800009D14FF4C870B7FB38
:10DBC000F0F100FB117010B100201C306DE7012056
:10DBD000FBE700001F85EB5193244992ABAAAAAA48
:10DBE000499224492564000010B50C46142104F123
:10DBF0002C0017F022FE182104F1380017F01DFE4A
:10DC0000002060646065A064A0656420E064E06555
:10DC1000206520660320A0660520E0660A202067B4
:10DC20006FF00040606694F8740020F00700401C1C
:10DC300020F0080084F8740010BD000070B5086B77
:10DC40000C46F0B104F12C0017F0D8FD050015D0FA
:10DC5000287C10F0040F04BF686812F029F9287CB2
:10DC600010F0020F04BF286812F022F9294604F1CF
:10DC70002C0017F08BFE284612F01AF9206B0028B2
:10DC8000E0D104F12C0017F0A5FDE06B80B100BFDE
:10DC900004F1380017F0B2FD0546014604F13800E2
:10DCA00017F074FE284612F003F9E06B0028EFD15C
:10DCB00004F13800BDE8704017F08CBD2DE9F04F3D
:10DCC000EFB00D46FE4819F0D9FF01281CBF6FB018
:10DCD000BDE8F08F284611F0DDFB0446284611F020
:10DCE00015FC06460C90012C00F00081082C00F079
:10DCF0004A811A2C1CBF6FB0BDE8F08F284611F086
:10DD000075FC48900C9C074600F1180204F11401C0
:10DD10001EA8FDF7DDF8002800F0E08018371EADE2
:10DD200097E80F000A9324920891229095E80F003B
:10DD300087E80F00204600213022183F1BF036F8FC
:10DD400005462046002112221BF030F82844099095
:10DD50002046002110221BF029F8054420461AF025
:10DD6000D2F8824620461AF097F881460EA804F0B1
:10DD7000BBFC0EAA002120461BF00BFB2046002115
:10DD800032221BF013F8C0B223902046002130222B
:10DD90001BF00CF825902046002134221BF006F8D9
:10DDA000C0B20D9020461AF0C3FA269020461AF011
:10DDB000D7FBA16E002941D0A1692944A1EB000B3A
:10DDC00060691590E0691790B4F8680000250FFAB3
:10DDD00080F8239802281DD9259800281ADD0D986F
:10DDE00010F0020F07D02046002110221AF0DEFFAB
:10DDF000002808BF01250D9810F0010F0AD0204619
:10DE0000002111221AF0D2FF002804BFA8F101005E
:10DE10000FFA80F8454511DAA06E09FB05F1401EA6
:10DE2000B1FBF0F05844169018900EA910953846A2
:10DE300004F019FC681C05B24545EDDBE06E0028D6
:10DE400044D061690998002501442698A1EB000996
:10DE5000A0691690206A1890B4F86C000FFA80F848
:10DE6000239802281DD9259800281ADD0D9810F056
:10DE7000040F07D02046002112221AF097FF002835
:10DE800008BF01250D9810F0080F0AD02046002188
:10DE900013221AF08BFF002804BFA8F101000FFA2B
:10DEA00080F8454512DA00BFE06E0AFB05F1401E1E
:10DEB000B1FBF0F04844159017900EA91095384624
:10DEC00004F0D1FB681C05B24545EDDB18372298FC
:10DED0000A9B249A089987E80F0000BF06F12C00DE
:10DEE00017F01FFD002857D000F0B1BC13F094FECE
:10DEF00002A914F0B5F80C9802994069081A02902A
:10DF00000C9D28461AF014FA02994718284619F071
:10DF1000FAFF04462846002112221AF047FF381A59
:10DF20000FD4A042C4BF286F441E0BDC95F87410B8
:10DF300001F0070101291CD0022904BF296F4843C1
:10DF40001ED00024706EA04204BF6FB0BDE8F08FF9
:10DF500021460C98FBF7EAFA716E0C98FBF7E6FA8B
:10DF60007466002220210C981DF021FB6FB0BDE8E3
:10DF7000F08F296F491E484304EBD47100EB610018
:10DF8000B0FBF4F4DEE7716EFBF7D0FA6FF00040FF
:10DF900070666FB0BDE8F08F96F8740000F007006F
:10DFA000012807D0022800F0DE81032800F0D58286
:10DFB00000F04DBC48980C9C00F118020E9004F142
:10DFC000140114A8FCF784FF002800F040840E9888
:10DFD00014AD18300FC8129308901A92109195E85A
:10DFE0000E100E98183080E80E10206F0228C0F036
:10DFF0002E842046002130221AF0D8FE0546204605
:10E00000002112221AF0D2FE4619204600211022C9
:10E010001AF0CCFE0544204619F075FF18902046F2
:10E0200019F03AFF824620461AF082F961693144BC
:10E03000081A119020461AF093FAA1692944081A87
:10E0400013900E9804F1140100F118024EA8FCF789
:10E050003FFF002800F0FB831CA804F045FB1CAA2E
:10E060004FF4A02120461BF094F92CA805F052FB98
:10E070002CAA4FF4003120461BF0F4F920464FF44F
:10E08000003101221AF092FE00EBD0704010079090
:10E0900020464FF4003102221AF088FE00EBD070C7
:10E0A00042100798289901929042A8BF104601EBB0
:10E0B000D171B0EB610F09DD9DF8AD0002E0000009
:10E0C000E4C1040840F010008DF8AD002898012844
:10E0D00005D19DF8AD0040F010008DF8AD00216F26
:10E0E00018988142ACBF012000201B9004F12C0045
:10E0F00017F088FB401E1E902E9004F12C0017F0A4
:10E1000098FB050000F0248107981A99401C01EB48
:10E11000000BDDE90701081A401E0B90287C10F067
:10E12000010F07D01E98401E1E902E98401E2E9064
:10E1300000F006B92889ADF89C00A87A8DF89E00F9
:10E140002889ADF8D100A87A8DF8D30000201F905F
:10E150002F9094F8740010F0080F14BF0027EF6898
:10E16000B946119823902590297C6868C1F3001165
:10E1700004EB810150F827004A6CC96C801A00FB3F
:10E180000AF0891A90FBF1F0AAEB000113984FF006
:10E1900000080844269003900090206F002868D95A
:10E1A00025982390269824902398584561DC189848
:10E1B00000FB08F1206F401EB1FBF0F111980844FC
:10E1C0002590206F09EB0801B1FBF0F200FB12165D
:10E1D000297C6868C1F3001104EB810250F8260025
:10E1E000516CD26C401A00FB0AF0511A90FBF1F00E
:10E1F000AAEB000113980844269025990B988842B1
:10E200006EDCB8F1000F6BD01B9888B368686FF0B4
:10E21000004150F827208A421CBF50F8260088424F
:10E220005ED0269900988142A8BF084600900398C6
:10E230008142D8BF084603902599239888424FD041
:10E24000481E2590239003982490269F009826909E
:10E2500026992498884204BF481C26901CA90E9831
:10E2600004F001FA25980397401C0097259037E0A9
:10E2700000E03CE023990798081A4A900798084460
:10E280004C9024990198081A4B90019808444D909D
:10E2900068686FF0004150F827208A420BD050F890
:10E2A00026106FF00040814205D01CA9CDF87C807B
:10E2B0000E9804F0D8F9079800281CBF0198002890
:10E2C0000ED0686850F827106FF00040814207D0E8
:10E2D000A8F101002F904AAA2CA90E9804F0BEFFC5
:10E2E000206F08F10108374640453FF659AF1B98AB
:10E2F000002804BF206F40451CD1686850F82710E3
:10E300006FF00040814215D0259907984AAA081A53
:10E310004A90079808444C9026990198081A4B9007
:10E32000019808444D90A8F101002F902CA90E9857
:10E3300004F094FF2E98401E2E901E98401E1E90B2
:10E34000294604F12C0017F071FA05007FF4E6AEBF
:10E350000E9808991830DDF848C01A9B109A80E88A
:10E360000E1000F074BA48980C9C00F1180200904E
:10E3700004F114010EA8FCF7ABFD002800F0678241
:10E38000009B0EAD18330FCB0A900493309202918C
:10E3900095E80E100098183080E80E100021122227
:10E3A00020461AF003FD83460021102220461AF071
:10E3B000FDFC8246204619F0A6FD0390204619F088
:10E3C0006BFD804604F12C0017F01CFA0646002174
:10E3D000152220461AF0EAFC0146206F039AC0F18C
:10E3E000010303FB0121B1FBF0F94FF4A021152239
:10E3F00020461AF0DBFC0546C6F1010000FB059043
:10E40000B0FBF6F7012FC0F21C832046002130221A
:10E410001AF0CCFC0646204619F08AFFABEB000050
:10E420003044339020461AF09BF8AAEB000000EB32
:10E43000060B12A805F06EF912AA4FF4A02120468F
:10E440001BF010F89DF87700199920F007008DF85F
:10E450007700FF208DF86800206A002608440990A4
:10E46000206F00286ED90398A7F1010AA0EB0900DC
:10E4700007EB05090390039800FB06F1206F401E8F
:10E48000B1FBF0F133980844616947180020CDE9E9
:10E49000140604F12C0017F0B1F905004ED0287CC9
:10E4A00010F0010F43D194F8740010F0080F14BF5E
:10E4B0000020E86807EB0A010E9A069708914F447E
:10E4C000914231DB069A1099914237DB2989ADF8E8
:10E4D0006910A97A8DF86B108119206FB1FBF0F2E9
:10E4E00000FB1211686850F82120287CC0F300134B
:10E4F00004EB8303586CDB6C121A02FB08F2181A47
:10E5000092FBF0F0A8EB0000A26958441044079079
:10E51000686850F821106FF00040814204D006AACC
:10E5200012A9009804F09AFE1498401C14902946F1
:10E5300004F12C0017F076F90500B0D1206F761C9D
:10E54000B04298D800980A991830DDF810C0309B76
:10E55000029A80E80E1000F07AB948980C9C00F1FD
:10E560001802069004F114013AA8FCF7B1FC002847
:10E5700000F06D8106983AAD18300FC840900A93AC
:10E580003E92089195E80E100698183080E80E101B
:10E590000021302220461AF009FC064620460021C0
:10E5A00012221AF003FC07460021102220461AF01E
:10E5B000FDFB0546204619F0A6FC4290204619F0C6
:10E5C0006BFC8346204619F0B3FE01466069BA1918
:10E5D0001044401A4390204619F0C2FFA169AA19BD
:10E5E0001144081A49902AA804F07EF82AAA4FF488
:10E5F000A02120461AF0CDFE0EA805F08BF80EAA39
:10E600004FF4003120461AF02DFF4FF40031012263
:10E6100020461AF0CBFB00EBD070411001914FF473
:10E620000031022220461AF0C1FB00EBD0704210EC
:10E630000199369802929142A8BF114600EBD07022
:10E64000B1EB600F05DD9DF8E50040F010008DF89E
:10E65000E5003698012805D19DF8E50040F010004E
:10E660008DF8E50004F12C0017F0E3F8050018BF61
:10E670006FF0004A7ED0287C10F0010F7BD12889F2
:10E68000ADF8D400A87A8DF8D6002889ADF85900E5
:10E69000A87A8DF85B0094F8740010F0080F14BF8E
:10E6A0000027EF68B946439831903390686850F876
:10E6B00027000A2804BFE448339026D042980090EF
:10E6C000287C2968C0F3C00004EB800051F827C003
:10E6D000C26D416D0023604617F01EFA4399CDF8D4
:10E6E00000B008443390287C6968C0F3001004EB44
:10E6F000800051F827C0C26C416C0023604617F0BF
:10E700000BFA4999ABEB000008443490206F0026C7
:10E7100000287CD93398319034983290226F09EBDD
:10E720000600B0FBF2F102FB1108686850F82800FF
:10E73000504508BF47466ED0CDF800B0297C002375
:10E74000C1F3001104EB8101CA6C496C17F0E4F9C4
:10E750004999ABEB00000844349042980090297C22
:10E760002868C1F3C00104EB810150F82800CA6D8C
:10E77000496D01E06BE062E0002317F0CDF94399A9
:10E780000844339046B331990198081A449001988F
:10E790000844469032990298081A45900298084415
:10E7A0004790686850F8271051451CBF50F8280062
:10E7B000504510D02AA92D96069803F054FF0198D1
:10E7C00000281CBF0298002805D044AA0EA9119663
:10E7D000069804F043FD4746206FB0421BD168689D
:10E7E00050F82800504516D03399019844AA081AC9
:10E7F000449001980844469034990298081A45902C
:10E8000002981196084447900EA9069801E007E087
:10E8100001E004F023FD206F761CB0423FF67AAF92
:10E820002C98DDF828C0401C2C9010984099401C72
:10E83000109006983E9B1830089A80E80E102946E2
:10E8400004F12C0016F0F2FF05007FF414AFDDF8A0
:10E850003080DDF820A108F1380017F062F80028B8
:10E860001CBF6FB0BDE8F08F08F114020AF1180167
:10E8700068A8FCF72DFB002804BF6FB0BDE8F08F3F
:10E880000AF1180A68AC9AE80F00CDE96603CDE9F1
:10E89000602194E80F008AE80F0050A8AAF1180A36
:10E8A00003F022FF50AA4FF4C02140461AF071FD38
:10E8B00018A804F02FFF18AA4FF4C02140461AF000
:10E8C000D1FD40464FF4C02101221AF06FFA00EB4F
:10E8D000D0704FEA600940464FF4C02101221AF07F
:10E8E00065FA00EBD070471008F1380016F0A1FF70
:10E8F00004007DD0402250A906A817F07DF97022AF
:10E9000018A934A817F078F9A089ADF84400A07BC5
:10E910008DF84600A089ADF8F100A07B8DF8F300DA
:10E92000A08A10F4807F18BFD4E900100BD1A26830
:10E930006FF00040824271D06CAB4046216900F01C
:10E9400085F8DDE96C10D8F814205618D8F818109E
:10E950000D18B9F1000F16BF002F4FF0000B4FF04C
:10E96000010BA6EB0900629006EB09006490A5EB91
:10E970000700639005EB07006590207D10F0030F02
:10E9800020D010F0010F0CBF3046D8F81400CDE9AC
:10E990000D05207D10F0020F14BFD8F81C00304682
:10E9A000CDE90F054FF000000990379006A95046B9
:10E9B00003F059FEBBF1000F04D062AA34A95046FF
:10E9C00004F04CFC207D10F00C0F21D00D96207D22
:10E9D00010F0040F0CBF2846D8F81800CDE90E0639
:10E9E000207D10F0080F18BFD8F82050012000E05B
:10E9F0001CE00990379006A91095504603F033FEAD
:10EA0000BBF1000F04D062AA34A9504604F026FCE2
:10EA10005298401C52901A98401C1A90214608F1B6
:10EA2000380016F003FF04007FF464AFDDE96603ED
:10EA3000DDE960210AF1180A8AE80F006FB0BDE82D
:10EA4000F08F0127E1E40000010000E02DE9F04F24
:10EA500083B017460E4604001D4609D0AEB1206FA4
:10EA6000B8421FD800202860586003B0BDE8F08F7E
:10EA700073A000906BA26FA1CDE901120022784B28
:10EA80001146032016F0B4FFFEE76DA0009065A2CA
:10EA900074A1CDE901120022714B1146032016F03A
:10EAA000A7FFFEE7204619F02EFA8046204619F00F
:10EAB000F3F9019094F8740000F00700012804D0E5
:10EAC00003280AD0022818D064E0206F08FB07F161
:10EAD000401EB1FBF0F028605CE0CDF80080317C96
:10EAE0003068C1F3C00204EB820150F82700CA6D00
:10EAF000496D002317F010F84BE004F12C0016F0DC
:10EB000081FE009020464FF4A02115221AF04EF904
:10EB100002902046002115221AF048F98146206F04
:10EB20004FF0000AC0F1010101FB0981B1FBF0FBCC
:10EB3000A8EB0B017943401EB1FBF0F0286004F113
:10EB40002C0016F076FE010009D0B14207D004F186
:10EB50002C000AF1010A16F069FE0100F5D108EB5C
:10EB6000090000FB07F1206F0BFB0AF2B1FBF0F08C
:10EB70000099B2FBF1F101440098C0F10102029842
:10EB800000FB02B20098B2FBF0F000EBD07001EB9A
:10EB9000600028602046002130221AF007F98046E4
:10EBA0002046002112221AF001F929684044084445
:10EBB0002860204619F0BCFB2968081A286094F8E0
:10EBC000740010F0080F0CBFF0680020C119206F0E
:10EBD000B1FBF0F200FB1210716851F82030307C6C
:10EBE000C0F3001104EB810101984A6CC96C9B1AB7
:10EBF0005843891A90FBF1F001991022081A6860B5
:10EC0000204600211AF0D2F8696840440844686040
:10EC1000204619F0A5FC6968081A686003B0BDE8D1
:10EC2000F08F00004E554C4C20706F696E74657209
:10EC3000000000006F626A20213D204E554C4C00C0
:10EC400041737365727465642061742065787072B5
:10EC5000657373696F6E3A20257320282573290028
:10EC600035C2040873657220213D204E554C4C007E
:10EC700010B50CA0C86201200C4608630221204692
:10EC800017F0D6FB0821204617F0D2FB4FF4806125
:10EC9000204617F0CDFB2046BDE8104010211CF0A7
:10ECA000C1B80000436865636B20626F78000000A4
:10ECB00010B591F830000C4610F0010F18BF10BDD0
:10ECC000E06A11F0F5F80020E06210BD2DE9F04F88
:10ECD000CFB00E46B84818F0D1FF01281CBF4FB086
:10ECE000BDE8F08F304610F0D5FB0546304610F0F9
:10ECF0000DFC0446312D3BD0182D7CD01A2D1CBFA5
:10ED00004FB0BDE8F08F304610F000FC04463046AE
:10ED100010F06CFC3C9000215A2220461AF046F874
:10ED20003B9011F0BBF806460021272220461AF03E
:10ED30003DF8C0B2012814BF4FF0000A4FF0010A9D
:10ED40002046002130221AF031F8054620460021E5
:10ED500010221AF02BF800EB050BBAF1000F204639
:10ED60004FF0000171D013221AF020F8054670E030
:10ED7000304610F04BFC074600215A2220461AF07C
:10ED800015F8064611F08AF8804600215C222046DC
:10ED90001AF00CF8054600215B2220461AF006F80E
:10EDA00003466FF06040CDE900504FF00009CDF808
:10EDB0000890324604A8E16A22F09EF82046152207
:10EDC000494619F0F3FF814620464FF400311222E4
:10EDD00019F0ECFF064620464FF40031132219F0DB
:10EDE000E5FF054620464FF40031102219F0DEFF02
:10EDF0008246204600E016E04FF40031112219F05F
:10EE0000D5FF08EB0A02104408EB0601049A2944D6
:10EE100011444944396005998842D8BF0846786052
:10EE20004FB0BDE8F08F304610F0F0FB05464FF4D0
:10EE30000031204618F037F829688142C8BF0846DB
:10EE400028604FB0BDE8F08FFFE7122219F0AEFF47
:10EE5000054420460021152219F0A8FF81462046CE
:10EE60004FF40031122219F0A1FF804620464FF4E2
:10EE70000031132219F09AFF074620464FF4003163
:10EE8000102219F093FF029020464FF40031112216
:10EE900019F08CFF459020464FF40031682219F09C
:10EEA00085FF4E9020464FF40031692219F07EFF15
:10EEB00044901EA804F02EFC1EAA4FF400312046F8
:10EEC0001AF0D0FABAF1000F09D0E069401B0690A1
:10EED000801BA0EB0800C01B401C049008E0606988
:10EEE00008EB07012844049030440844401E069073
:10EEF000A069459958448219059002980844104425
:10EF0000401E079004984A9005984B9006984C90A4
:10EF100007984D904AA8449A4E99FBF7CCFF4AAA0D
:10EF20001EA93C9804F09AF9204600215C2219F0B1
:10EF30003DFF0546204600215B2219F037FF0346BE
:10EF400000206FF060410095CDE90110E16A48A80A
:10EF50003B9A21F0D1FF09A802F058FF09AA00212D
:10EF600020461AF0B3F9E06A109004A8FBF78FFF6F
:10EF7000801B00EBD0704010BAF1000F07D004994D
:10EF8000489AA1EB09014291891A409105E006993E
:10EF9000489A4944409111444291A1695844084417
:10EFA000499941900844439040AA09A93C9802F02D
:10EFB000FAFE4FB0BDE8F08F2CC4040880B2C10A3D
:10EFC000C0F34512C1EBC11101EB810140F2652391
:10EFD00000F01F0002FB031100EB4010C0EBC0006B
:10EFE0000844C0F307207047FF2908BF704799B154
:10EFF0000288D30A4B431B0A63F3CF22C2F34513A3
:10F000004B431B0A63F34A1202F01F035943090AD8
:10F0100061F30402028070470222002116F064BFEF
:10F0200081784D22514342789723007802FB0311E7
:10F03000C0EBC00001EB8000C0F30720704788429E
:10F040000CBF012000207047C0F307414D225143FF
:10F05000C0F30722972302FB0311C0B2C0EBC0002C
:10F0600001EB8000C0F3072070470000FF2A08BFB3
:10F070007047002A0ABF08468842704702F104021E
:10F080004FEAD20341EA0142094940EA004002EA5C
:10F09000010200EA0100A0EB020000FB03F002EB1A
:10F0A000501000EA010040EA104080B270470000B2
:10F0B0001FF8E00717B583B09DF80D00BDF80CC030
:10F0C000FD2802D24B78022B03D8A1F800C006B06D
:10F0D00010BD02289CBF06B010BDFF2B4ED0D478C7
:10F0E000A34204BF5478A04210D0C0F1FF04C3F182
:10F0F000FF0304FB03F34FF0FF04B4EB13239371FE
:10F1000053D0C0EB0020B0FBF3F0D0710888ADF80D
:10F1100000005088ADF80400BDF80000BDF80430D0
:10F12000984207D1039813880004ADF80030B0EB83
:10F13000034F1FD0A2F800C008885080D0798DF806
:10F140000D000B880398ADF80030C3B2C0F3072060
:10F1500043439DF800C0C0F1FF000CFB0030000AE3
:10F160008DF80000BDF800000090BDF80000908010
:10F17000907950719088088006B010BD0A88039875
:10F18000ADF80020C2B2C0F3072042439DF8003022
:10F19000C0F1FF0003FB0020000A8DF80000BDF85D
:10F1A00000000090BDF80000E5E705A10BA0CDE947
:10F1B00000010022104B1146032016F019FCFEE757
:10F1C00063616368652D3E7265735F616C70686131
:10F1D0005F736176656420213D2030004173736563
:10F1E00072746564206174206578707265737369E8
:10F1F0006F6E3A20257300007DEA030870B505465E
:10F20000000E82B01446FD2802D20A0E022A02D84D
:10F2100002B0284670BD0E4602289EBF084602B0C6
:10F2200070BDFF2A21D0E1798A4204BFE17888428B
:10F2300010D0C0F1FF01C2F1FF0201FB02F14FF05B
:10F24000FF02B2EB1121217315D0C0EB0020B0FBFF
:10F25000F1F0607361683046FFF7F1FEB0B12168EC
:10F260002846FFF7ECFE88B11CE002B02846BDE856
:10F27000704000F035B90DA113A0CDE900010022C6
:10F28000184B1146032016F0B3FBFEE725606660BD
:10F29000617B284661F31F60314600F021F9A060D0
:10F2A000207BE072A06802B070BD000063616368FB
:10F2B000652D3E7265735F616C7068615F73617626
:10F2C000656420213D20300041737365727465646C
:10F2D0002061742065787072657373696F6E3A206F
:10F2E0002573000092EA030881B000218DF8011017
:10F2F0008DF80010BDF800000090BDF800009DF8EA
:10F30000021001B040EA01407047C0F30741C2B2A9
:10F3100001EB410101EB8201C0F307200844C0F377
:10F32000C700704708B50A4600218DF80110034652
:10F330008DF80010BDF800000090BDF800009DF8A9
:10F34000021040EA0140194600F099F80090BDF81B
:10F3500000009DF8021040EA014008BDC0F30722FA
:10F36000C0F30743120202EB0342C0B21044C1F3E0
:10F370000722C1F30743120202EB0342C9B2114450
:10F3800088420CBF01200020704701607047801F39
:10F39000102817D2DFE800F00E080A0C0E080A0C3D
:10F3A0000E12141410121010012070470220704722
:10F3B00004207047082070471020704718207047BD
:10F3C0002020704700207047801F102817D2DFE8E8
:10F3D00000F00E080A0C0E080A0C0E12141410127B
:10F3E000101001200CE002200AE0042008E00820B0
:10F3F00006E0102004E0182002E0202000E00020B9
:10F40000C01DC0087047C01F0F280BD2DFE800F0F6
:10F4100008080808080808080A080A0A080808006E
:10F42000012070470020704781B0020A8DF801204A
:10F43000C0F307418DF80000BDF8000001B040EABC
:10F4400001407047C0F307414D225143C0F30722EA
:10F45000972302FB0311C0B2C0EBC00001EB800098
:10F46000C0F30720704781B003468DF801108DF876
:10F470000020BDF8000001B040EA0340704738B4F6
:10F48000C1F3074CC2F1FF03C0F307440CFB03FCBC
:10F4900004FB02CC0CEBCC1404EBCC3CC1F30724F2
:10F4A000C0F307255C4305FB0244C9B25943C0B20F
:10F4B00004EBC41500FB021005EBC434E40D00EBB3
:10F4C000C01101EBC0308DF80140C00D8DF8000077
:10F4D000BDF8000038BCCCF3C75C40EA0C40704774
:10F4E00010B4030E0246FD2B21BF090E61F31F600D
:10F4F00010BC7047022B9EBF084610BC7047C2F379
:10F5000007405843C1F30744C3F1FF0C04FB0C0050
:10F51000040A084664F31740C2F307215943C0F3B5
:10F52000072404FB0C11090A61F30F20D1B25943DF
:10F53000C2B202FB0C11090A10BC61F3070070474C
:10F54000C178FF2908BF704761B182784A43120A27
:10F55000827042784A43120A427002785143090A83
:10F56000017070470422002116F0BEBC030C63F347
:10F570001742030A63F30F2260F30702104661F398
:10F580001F607047010C01F0F8010902020A02F045
:10F59000FC0201EBC201C0B201EBD00080B27047A7
:10F5A000C1B2C0F3074201EB0241C0F307204FF0A4
:10F5B0007F4202EB00200844704781B0FF218DF8A4
:10F5C00001108DF80010BDF8000040F47F0000909D
:10F5D000BDF800009DF8021001B040EA01407047FC
:10F5E0002DE9F84F05000A9812BFB5F5806F28463F
:10F5F000BDE8F88F01EB4107A0EB0200A3EB01018E
:10F6000002EB420900EB400001EB4101A0EB090ACB
:10F61000A1EB0708C9F58060C7F58061A0EB0A007F
:10F62000A1EB08062C464FF0000B009006FB04F1FE
:10F6300008EBA12000FB04F007EBA02000FB04F086
:10F64000C5EBA0200028CCBF02464242012A45DD7E
:10F6500001EB4101891201EB4801614307EBA12253
:10F66000002AD4BF5142114601290EDDC11789027B
:10F6700041EA90518002D317F0F7A7FD28B1241A70
:10F680000BF1010BBBF1080FD0DB00204FF48061C0
:10F690002C0048BF044621D4B4F5806FC8BF0C4687
:10F6A0001CDC00BF06FB04F208EBA222624307EB5E
:10F6B000A22262439212531B002BD8BFAB1A012B1C
:10F6C0000CDD9542D4BF214620460A1A02EBD272C5
:10F6D00000EB6204844218BF8842E3DB0098604379
:10F6E0000AEBA020604309EBA02060438012BDE834
:10F6F000F88F000000B583B030B103B000F538706A
:10F700005DF804EB0FF07ABE0EA0009005A209A1EF
:10F71000CDE901120022134B1146032016F068F9BF
:10F72000FEE700004E554C4C20706F696E74657298
:10F73000000000006469737020213D204E554C4C40
:10F740000000000041737365727465642061742069
:10F7500065787072657373696F6E3A20257320281F
:10F760002573290035E803082DE9F041784D8046DE
:10F7700084B00F46281D16F068F804007ED04FF4C0
:10F780006472002116F0B0FB4FF0FF30C4F8008027
:10F79000C4E901700026C4E903066661A06B40F469
:10F7A0008030A0636320A061122084F83B004C20CD
:10F7B00016F09EF9C4F8A802011E7BD0D4F8AC2242
:10F7C000002A1CBF20469047D4F8A8024660D4F80F
:10F7D000A8028660D4F8A812A8F10100C860D4F885
:10F7E000A812781E0861D4F8A81294F83B00087596
:10F7F0000120C4F8600222F087FEC4F8FC02102148
:10F8000004F5197016F019F86E6922460A2151485C
:10F810006C6122F0DDFEC4F8F80200287AD022F0F4
:10F820003DFE002800F0838022F0A4FDC4F8F4021D
:10F83000002017F027FDC4F8C402002017F022FDB5
:10F84000C4F8C002002017F01DFDC4F8BC0200205F
:10F8500017F018FDC4F8B802D4F8C4021BF054FC29
:10F86000D4F8BC021BF050FCD4F8B8021BF04CFCDE
:10F870000221D4F8BC021BF0D5FA00E02FE00221EF
:10F88000D4F8B8021BF0CEFA0021D4F8C4021CF060
:10F89000EDF80021D4F8BC021CF0E8F80021D4F8FF
:10F8A000B8021CF0E3F8D4F8C00219F08FFF6E61C3
:10F8B000002E00E020E008BF6C61274935220023BC
:10F8C00004F538700FF09AFDD4F8F80223F01AF816
:10F8D000204620F0C7FD04B02046BDE8F08127A0F7
:10F8E00000901EA221A1CDE9011200222B4B11464E
:10F8F000032016F07DF8FEE720A0009017A228A1B3
:10F90000CDE901120022254B1146032016F070F8B4
:10F91000FEE7FFE719A0009010A228A1CDE901128F
:10F9200000221E4B1146032016F062F8FEE700206D
:10F930001CF076FD074605201CF072FD264A009259
:10F94000014600233A46204622F020FD6EE70000E3
:10F950007002002079FB0008554400084F757420A0
:10F960006F66206D656D6F72790000006469737059
:10F9700020213D204E554C4C000000004173736522
:10F980007274656420617420657870726573736940
:10F990006F6E3A2025732028257329000CE8030890
:10F9A000646973702D3E6C617965725F686561642E
:10F9B00020213D204E554C4C0000000064697370BE
:10F9C0002D3E726566725F74696D657220213D20FF
:10F9D0004E554C4C00000000C44D040820B90848A6
:10F9E0004069002808BF7047D0F86022002914BF82
:10F9F00001214FF0FF311144C0F860127047000040
:10FA000070020020002101637047000020B9044803
:10FA10004069002808BF704790F83B00704700001D
:10FA20007002002001484069704700007002002009
:10FA300028B904484069002804BF632070478069E2
:10FA4000704700007002002020B907484069002874
:10FA500008BF704790F8F01201F00701012916BFA6
:10FA600003294068006870477002002020B90448EC
:10FA70004069002808BF7047D0F8C40270470000F2
:10FA80007002002020B904484069002808BF704770
:10FA9000D0F8B802704700007002002020B9044876
:10FAA0004069002808BF7047D0F8BC0270470000CA
:10FAB00070020020044A18B10146101D15F0B2BEB4
:10FAC000101D15F09BBE00007002002020B90448F4
:10FAD0004069002808BF7047D0F8F802704700005E
:10FAE0007002002020B904484069002808BF704710
:10FAF000D0F8C002704700007002002020B904480E
:10FB00004069002808BF7047D0F8C802704700005D
:10FB100070020020002804BF02484069D0F8F402B7
:10FB2000704700007002002020B907484069002893
:10FB300008BF704790F8F01201F00701012916BFC5
:10FB4000032900684068704770020020006A00289E
:10FB500018BF01207047000020B9064840690028FE
:10FB600008BF7047D0F860020028CCBF01200020F9
:10FB700070470000700200202DE9F04FD74C9FB075
:10FB8000002814BFC068FFF74DFF2061002819BF8F
:10FB9000416A00291FB0BDE8F08F0A69002A19BF29
:10FBA000C96800291FB0BDE8F08F4FF000024FF088
:10FBB000360100F095F92069D0F8C0021CF036FB40
:10FBC0002069D0F8C802002818BF1CF02FFB264679
:10FBD0002069D0F8C4021CF029FB2069D0F8BC02CF
:10FBE0001CF024FB2069D0F8B8021CF01FFB206930
:10FBF000D0F8C012002904BF0021C0F85C1200F048
:10FC00006281D0F85C020025002851D9306905F5E1
:10FC10000F71415C002945D1D0F85C020024002816
:10FC200084BF3C2000EB05173CD900BF306904F5C8
:10FC30000F7910F8091079BBA5422DD03C2101EBBA
:10FC4000041800EB08013844FBF7B6F920B330691B
:10FC500000EB0802C11904A8FBF7D8FA04A8FBF7C7
:10FC60001BF9824630693844FBF716F98346306940
:10FC70004044FBF711F9584482450DD2306904998C
:10FC80003844016005994160069981600799C16017
:10FC90003169012001F809003069641CD0F85C0268
:10FCA000A042C3D830696D1CD0F85C02A842ADD820
:10FCB000306990F83910012940F0C180FFF746FF04
:10FCC00000287DD0306900F5197015F02AFE002853
:10FCD00076D1346900223C21204600F001F9E16A26
:10FCE00039B1206B00281CBF2046884700202063C4
:10FCF00002E0206B0028FCD1002565632A463D21E7
:10FD0000204600F0EDF83069426A0392C1698A42E8
:10FD100008BF016A0191FFF797FE17903069FFF75E
:10FD200003FF16900020049005900690079008901D
:10FD300009900A900B900C900D900E900F901090DF
:10FD400011901290804613903069D0F85C02002820
:10FD500088BF0DF1100A4BD9306908F50F71415C6D
:10FD600079BB00F5197015F049FD07001CBF3C2058
:10FD700000EB081B33D03069394600F5197015F0D7
:10FD800051FD81463069394600EB0B0204A8FAF7B1
:10FD9000F6FF0546B0F1FF3F1ED00024002D12DD16
:10FDA0003069394600F5197015F069FD0AEB041148
:10FDB00091E80E1080E80E10601C44B2A54201E0EC
:10FDC0003DE00CE0ECDC3069394600F5197015F0C7
:10FDD000DDFD384610F06CF85FEA0907CBD108F179
:10FDE00001001FFA80F83069D0F85C024045B3D8B2
:10FDF0000020189019901798401E1A901698401ECF
:10FE00001B90306900F5197015F0F8FC040011D052
:10FE100018AA0146FBF75CF823461946019A039895
:10FE200000F034FE3069214600F5197015F0FAFC37
:10FE30000400EDD1306900F5197015F0CBFC25F008
:10FE400051FB3069D0F85C12E9B30022392100F08F
:10FE500047F83069FFF77AFE18B3306990F8391027
:10FE600001291ED1D0F85C020024002888BF3C255F
:10FE700017D900BF306904F50F71415C59B900F51D
:10FE8000197015F033FD316905EB0412114491E846
:10FE90000E1080E80E103069641CD0F85C02A0429D
:10FEA000E8D830694FF4007200213C3016F01CF89D
:10FEB00030692022002100F50F7016F015F8316925
:10FEC0000020C1F85C020CF06FFE30691FB0002208
:10FED000BDE8F04F372100F003B8000070020020A9
:10FEE00070B588B015460E4604461C2200216846AF
:10FEF00015F0FAFFADF8086000940122694604F598
:10FF00003870049501940FF047FC01281CBF08B01D
:10FF100070BD0022694604F538700FF03DFC08B052
:10FF200070BD00002DE9F04F85B098460E9F154634
:10FF30000E00044644D00100674840690CBF5FEAE8
:10FF4000000191F83B100391210004BF5FEA00011A
:10FF50004FF000090AD091F8F02202F00702012ABE
:10FF600016BF032AD1F80490D1F80090210004BFF5
:10FF70005FEA00014FF0000A0AD091F8F00200F0A9
:10FF80000700012816BF0328D1F800A0D1F804A06B
:10FF9000B9F1000F18BFBAF1000F1ED03046039917
:10FFA00000F0DCFCB04225D04CA055A1CDE90010FA
:10FFB0000022604B02961146032015F019FDFEE762
:10FFC00064A000905CA25FA1CDE901120022594B10
:10FFD0001146032015F00CFDFEE75EA0009065A21F
:10FFE0006AA1CDE901120022524B1146032015F0FF
:10FFF000FFFCFEE78DB12846039900F0AFFCA84254
:020000040801F1
:100000000BD067A073A1CDE900100022494B0295E7
:100010001146032015F0ECFCFEE74846039901F079
:1000200095FA83469FB10BFB0AF0404514D9022F85
:100030000CBF75A076A078A17D4ACDE90021029081
:1000400000223C4B1146032015F0D2FCFEE7B8FB22
:10005000FBFABAF1000F1FD0CDF800B0CDE901686E
:100060005246494604F51C70039B01F091F8CDF807
:1000700000B0CDE901585246494604F52370039B70
:1000800001F086F8204604F51C71002D14BF04F51C
:100090002372002280B90CE02EA0009065A26BA113
:1000A000CDE901120022234B1146032015F0A0FCDC
:1000B000FEE70948406910B1C0E90712416234B94E
:1000C00005484469002C04BF05B0BDE8F08F84F8F2
:1000D000397005B0BDE8F08F70020020627566319E
:1000E000203D3D206C765F647261775F6275665F6C
:1000F000616C69676E28627566312C206366290021
:1001000041737365727465642061742065787072E0
:10011000657373696F6E3A202573206275663120AE
:100120006973206E6F7420616C69676E65643A2034
:10013000257000001EE803084E756C6C2062756621
:10014000666572006275663120213D204E554C4C2B
:10015000000000004173736572746564206174204F
:1001600065787072657373696F6E3A202573202805
:1001700025732900646973706C6179207265736FEF
:100180006C7574696F6E2069732030007720213D93
:100190002030202626206820213D2030000000004D
:1001A00062756632203D3D204E554C4C207C7C20B3
:1001B00062756632203D3D206C765F647261775FC8
:1001C0006275665F616C69676E28627566322C20A5
:1001D00063662900417373657274656420617420DD
:1001E00065787072657373696F6E3A20257320624B
:1001F000756632206973206E6F7420616C69676E5A
:1002000065643A202570000046554C4C0000000003
:100210004449524543540000737472696465202A4E
:100220002068203C3D206275665F73697A65000036
:1002300020D104087468652062756666657220695D
:100240007320746F6F20736D616C6C006820213DAA
:100250002030000020B903484069002808BF7047DB
:100260008162704770020020002808BF70470D4966
:10027000496900290CBF63228A6942435032B2F5B2
:10028000A07FBCBF0120704700290CBF6321896992
:1002900048430549503081FB00108111A1EBE0700B
:1002A00070470000700200206766666670B50546FC
:1002B0000C46542015F01CFC94E80E100830A0E801
:1002C0000E1094E80E1080E80E1005F11801203091
:1002D00091E80E10A0E80E10012140F84819A96B12
:1002E000002904BFA86370BD0A681AB111461268DC
:1002F000002AFBD1086070BD70B5064691F83C003D
:1003000084B00C4602289CBF04B070BD206A00284F
:1003100019BFD4E90901884204B070BDA08EE16A1A
:10032000A1EB00010091216BA1EB00000190A18ED7
:10033000E06A0844A0F101000290A18E206B0844FD
:10034000A0F10100039069463046FFF7AFFF054674
:10035000402015F0A7FB40222146E86415F04CFC34
:10036000082028712946304601F08CFA04B070BD8F
:1003700038B504464022002115F0B6FD0120206268
:10038000FF2084F83C00FEF7AFFF0090BDF80000AE
:10039000A0839DF80200A0774020606138BD000076
:1003A0002DE9F04F824685B08946DDE90F010AEB61
:1003B000020503F5B47CDDF8388001951E46119CDA
:1003C00009EB02051746AAEB0203A9EB020B029503
:1003D000E04500F04681B6F5B47FC8BFA6F5B47617
:1003E000B8F5B47FC8BFA8F5B4783A1A00920029CE
:1003F00008BF002503D000EBD0704010451CCE4A4A
:10040000002130468C46C2FB06C04FEAA01CACEB74
:10041000E070C446C2FB081C4FEAAC11C0B2A1EBAD
:10042000EC71C9B2042808BF0320042908BF0321C6
:1004300088427DD146457BDC68B3012855D002282F
:1004400077D003281CBF05B0BDE8F08F06F15A0035
:1004500000B223F09DF8009948430AEBE030401BBE
:10046000206030B223F094F8784309EBE030401B71
:10047000606008F15A0000B223F08AF878430AEB72
:10048000E0302844A0600FFA88F023F081F800994A
:10049000484300F020B930B223F07AF8009948437D
:1004A00009EBE030401B606006F15A0000B223F017
:1004B0006FF878430AEBE0302844A0600FFA88F028
:1004C00023F066F8784309EBE0302844E06008F157
:1004D0005A0000B223F05CF8009948430AEBE03080
:1004E000401B206005B0BDE8F08F30B223F050F81B
:1004F000784309EBE0302844E06006F15A0000B28E
:1005000023F046F8009948430AEBE0302844A06005
:100510000FFA88F023F03CF80099484309EBE030EB
:10052000401B606008F15A0000B223F031F801E08E
:1005300032E007E078430AEBE030401B206005B072
:10054000BDE8F08F06F15A0000B223F021F878439D
:100550000AEBE030401B206030B223F019F800991C
:10056000484309EBE0302844E0600FFA88F023F0BC
:100570000FF8784309EBE030401B606008F15A0047
:1005800000B223F005F8009948430AEBE030284414
:10059000A06005B0BDE8F08F40B1012834D002283A
:1005A0005DD0032808BF00297ED05AE0012958D128
:1005B00008F15A0000B222F0EBFF78430AEBE0307A
:1005C000401B20600FFA88F0019022F0E1FF834683
:1005D00030B2804622F0DCFF8345B4BF019840462C
:1005E00022F0D6FF0099484309EBE030401B6060E1
:1005F00006F15A0000B222F0CBFF78430AEBE0305C
:100600002844A060029868E002292AD1581B206083
:100610000FFA88F022F0BCFF784309EBE030401B72
:10062000606006F15A0000B2019022F0B1FF8346EB
:1006300008F15A0000B2804622F0AAFF8345CCBFE1
:100640000198404622F0A4FF009948430AEBE030AD
:100650002844A06030B222F09BFF78433BE003299E
:1006600005D0C4E9003B0198A060029836E006F18D
:100670005A0000B222F08CFF78430AEBE030401BB6
:100680002060ABEB0500606008F15A0000B222F078
:100690007FFF78430AEBE0302844A0600FFA88F02F
:1006A000074622F075FF00E01CE0009900FB01F80E
:1006B00030B2064622F06CFF00994843804505DDC4
:1006C000384622F065FF0099484304E0304622F0A6
:1006D0005FFF0099484309EBE0302844E06005B033
:1006E000BDE8F08F08F15A0000B2039022F050FFED
:1006F000834606F15A0000B2029022F049FF83457A
:10070000B4BF0398029822F043FF009948430AEBD4
:10071000E030401B206030B222F03AFF784309EB12
:10072000E030401B606001982844A0600FFA88F018
:1007300022F02EFF7843CEE7B7600BB610B5044623
:100740002C22002115F0D0FBFF2084F828000F2078
:1007500084F829002C20606110BD00002DE9F047CD
:1007600084B00C46060011D03069E0B17068316881
:100770001FFA80F8070C11F4001004BF04B0BDE8A4
:10078000F087DFF880A1002C1AD024E065A000904B
:100790005DA261A1CDE9011200226A4B114603203E
:1007A00015F026F9FEE75FA0009057A266A1CDE9FB
:1007B00001120022634B1146032015F019F9FEE7E0
:1007C000DAF8DC204046C1F30721002A08BF0024E4
:1007D00001D090470446308980B2A04202BF012078
:1007E00004B0BDE8F0873088C0F30720FEF7CFFDE6
:1007F00008FB00F0C01D4FEAD0094C4525D33088D6
:10080000C0F30725200024D000FB07F1142D04BFFE
:10081000420802FB071115D0E81F032812D8072D44
:1008200008BF02200CD0082D08BF042008D0092DD5
:1008300008BF102004D00A2D0CBF4FF48070002098
:1008400001EB8001F06888420CD204B00020BDE8C2
:10085000F087DAF8DC2040462946002A0CBF002049
:100860009047D1E73088C0F30720072808BF02204F
:100870000CD0082808BF042008D0092808BF102081
:1008800004D00A280CBF4FF480700020800031890A
:100890008BB29C421BD9791E3269002503FB0123D0
:1008A00004FB012103EB000A01EB0008002F23D910
:1008B0004A465146404615F0D5FA30896D1C80B243
:1008C000AAEB000AA8EB0408AF42F1D814E03169A2
:1008D0004FF0000A01EB00084546002F0CD94A46AC
:1008E0004146284615F0BEFA30890AF1010A80B265
:1008F000804425445745F2D8348104B00120BDE836
:10090000F0870000700200204E554C4C20706F693B
:100910006E7465720000000073726320213D204EEA
:10092000554C4C004173736572746564206174208A
:1009300065787072657373696F6E3A20257320282D
:100940002573290091E903087372632D3E64617475
:100950006120213D204E554C4C000000034AD2F846
:10096000D020002A04BF00207047104770020020EA
:10097000F0B58DB004004AD02089002986B253D04A
:10098000002008900990A0884FF0FF3280B2401EEE
:100990000A90606802EB10400B9008AA04A8FAF7CE
:1009A00097FA002804BF0DB0F0BD04A8FAF77EFA4C
:1009B0000028DCBF0DB0F0BD04A8FAF768FA0028E3
:1009C000DCBF0DB0F0BD2046DDE9041200F07CFB79
:1009D00005462088C0F30720FEF7D9FC044604A88A
:1009E000FAF764FA6043C01DC710059C079884425B
:1009F000C4BF0DB0F0BD3A460021284615F074FA88
:100A00000798641C3544A042F5DA0DB0F0BD16A07D
:100A100000900CA20FA1CDE9011200221A4B114641
:100A2000032014F0E5FFFEE700221146204600F007
:100A30004BFB6168090C01FB06F2002115F054FA2A
:100A40000DB0F0BD4E554C4C20706F696E746572E0
:100A500000000000647261775F62756620213D20AE
:100A60004E554C4C00000000417373657274656410
:100A70002061742065787072657373696F6E3A20B7
:100A800025732028257329001FE903082DE9F04F5D
:100A90000E46044600881188C0F30720C1F30721E1
:100AA00085B01D46174688420CD046A24EA3CDE91C
:100AB0000032CDE9020100225A4B1146032014F006
:100AC00097FFFEE7002E04BFA0881FFA80F804D02D
:100AD0003046FAF7EBF98046E5B92088C0F30720E5
:100AE000C11F032915D8072808BF02200CD00828E9
:100AF00008BF042008D0092808BF102004D00A2805
:100B00000CBF4FF48070002082003969206915F015
:100B100073F88DB12846FAF7C9F9404517D050A0AF
:100B2000009041A24DA1CDE9011200223D4B11469A
:100B3000032014F05DFFFEE7B88880B24045EED197
:100B400000221146384600F0BFFA814605E0D5E99B
:100B50000012384600F0B8FA814646B1D6E90012D4
:100B6000204600F0B1FA75688246F6680AE0002275
:100B70001146204600F0A8FA824600256068691EEA
:100B800001EB104620891FFA80FB388987B2208844
:100B9000C0F30720FEF7FBFB00FB08F0C01DC410EC
:100BA000B542C4BF05B0BDE8F08F22464946504665
:100BB00015F022F86D1CDA44B944B542F5DD05B0F4
:100BC000BDE8F08F646573742D3E6865616465727D
:100BD0002E6366203D3D207372632D3E686561641F
:100BE00065722E63660000004173736572746564FC
:100BF0002061742065787072657373696F6E3A2036
:100C0000257320436F6C6F7220666F726D61742064
:100C10006D69736D617463683A20256420213D20FD
:100C20002564000031E90308536F75726365206124
:100C30006E642064657374696E6174696F6E20619F
:100C400072656173206861766520646966666572A5
:100C5000656E7420776964746800000030000000DD
:100C60004173736572746564206174206578707275
:100C7000657373696F6E3A202573202825732900E8
:100C800008B5009313460A460146024800F004F8EE
:100C900008BD0000380300202DE9F04F83B08146E5
:100CA0001C4690460F461C200C9D14F021FF0600A8
:100CB00048D0002D53D0384629005BD001FB08F006
:100CC000142C04BF4A0802FB080015D0E11F0329B9
:100CD00012D8072C08BF02210CD0082C08BF042111
:100CE00008D0092C08BF102104D00A2C0CBF4FF4E7
:100CF0008071002100EB8100D9F800208346214655
:100D0000002A41D090475FEA000A3DD0B780A6F89C
:100D100006807470302070801F4A35811920307031
:100D2000D2F8D02050462146002A0CBF0020904720
:100D3000C6F80CB0C6F81890C6E9040A03B03046ED
:100D4000BDE8F08F1EA0009014A218A1CDE90112F9
:100D50000022234B1146032014F04AFEFEE70E4A00
:100D600038462146D2F8DC20002A0CBF00209047EC
:100D70000546A0E7084A2146D2F8DC20002A0CBF2D
:100D800000209047014699E730460FF091F803B0F4
:100D90000020BDE8F08F0000700200204F75742025
:100DA0006F66206D656D6F72790000006472617707
:100DB0005F62756620213D204E554C4C00000000BE
:100DC0004173736572746564206174206578707214
:100DD000657373696F6E3A20257320282573290087
:100DE00053E9030810B584B0040012D0206810F451
:100DF000801F28D0A069002818D042686169002AA5
:100E00001CBF08469047204604B0BDE810400FF0D4
:100E10004FB81BA0009011A214A1CDE9011200222D
:100E20001F4B1146032014F0E3FDFEE714A00090D1
:100E30000AA21CA1CDE901120022194B1146032080
:100E400014F0D6FDFEE71EA000220090144B1146C0
:100E5000032014F0CDFD04B010BD00004E554C4CE5
:100E600020706F696E7465720000000064726177B3
:100E70005F62756620213D204E554C4C00000000FD
:100E80004173736572746564206174206578707253
:100E9000657373696F6E3A202573202825732900C6
:100EA00069E90308647261775F6275662D3E686167
:100EB0006E646C65727320213D204E554C4C0000D1
:100EC0006472617720627566666572206973206E50
:100ED0006F7420616C6C6F63617465642C2069674A
:100EE0006E6F72656400000038B50C46098989B2DE
:100EF00000912188C1F3072361680A0C89B2FFF7CA
:100F0000CBFE050008BF38BD20683021000C68808A
:100F1000286841EA10406880E068EA68904238BF7B
:100F200002462169286914F067FE284638BD000092
:100F300030B589B0040009D0A569A5B12869002899
:100F400004BF09B030BD00291AD025E01EA00090D2
:100F500014A218A1CDE901120022234B114603204F
:100F600014F046FDFEE718A000900EA21FA1CDE9E7
:100F7000011200221C4B1146032014F039FDFEE73C
:100F8000616804A80A0C521E89B200924B1E00220E
:100F90001146FAF764F904A92A692046904709B076
:100FA00030BD00004E554C4C20706F696E746572F8
:100FB00000000000647261775F62756620213D2049
:100FC0004E554C4C000000004173736572746564AB
:100FD0002061742065787072657373696F6E3A2052
:100FE000257320282573290007E9030864726177B7
:100FF0005F6275662D3E68616E646C657273202158
:101000003D204E554C4C00002DE9F04F040048683F
:1010100088461FFA80F94FEA104B0888D8E903A7E1
:10102000C0F30725088983B086B22AD01C2200218C
:10103000204614F059FF002E32D000BF06FB0BF003
:10104000504517D8A4F80490A4F806B0657026811E
:1010500000216180192121701749C4F80CA0276173
:10106000C4E90571154A38462946D2F8D020002A2D
:1010700018BF9047D8F80000000C608003B0BDE8AE
:10108000F08F0F4A0F4B02F1100101F11400009094
:10109000CDE9011200221146032014F0A9FCFEE75D
:1010A000064A48462946D2F8DC20002A0CBF002018
:1010B00090470646C2E70000380300207002002077
:1010C0003412010842E9030830B583B00C46002809
:1010D0002BD003880169C3F30723072B08BF4FF008
:1010E000020C0FD0082B08BF4FF0040C0AD0092BBC
:1010F00008BF4FF0100C05D00A2B0CBF4FF4807CBA
:101100004FF0000C01EB8C010089002C80B200FB39
:10111000021502BF284603B030BD1846FEF737F966
:10112000604303B005EBD00030BD0DA0009005A2D8
:1011300008A1CDE901120022114B1146032014F041
:1011400057FCFEE74E554C4C20706F696E7465720B
:101150000000000062756620213D204E554C4C0079
:101160004173736572746564206174206578707270
:10117000657373696F6E3A202573202825732900E3
:101180007DE90308006811EA104018BF012070478C
:101190002DE9F04F83B01D46DDE90C67DDF838A07E
:1011A0009146884604002AD01C22002114F09CFE9F
:1011B000DFF878B0002E2FD006FB09F0504582BF33
:1011C000002003B0BDE8F08FA4F80480A4F80690D6
:1011D0006570268100206080192020701448C4F8B2
:1011E0000CA02761C4E90570DBF8D02038462946F9
:1011F000002A18BF9047012003B0BDE8F08F16A069
:1012000000900CA20FA1CDE9011200221A4B114649
:10121000032014F0EDFBFEE7DBF8DC204046294616
:10122000002A0CBF002090470646C5E77002002048
:10123000380300204E554C4C20706F696E746572F7
:1012400000000000647261775F62756620213D20B6
:101250004E554C4C00000000417373657274656418
:101260002061742065787072657373696F6E3A20BF
:10127000257320282573290042E903082DE9F05F32
:10128000154C4FF0000904F1C8000546134E144FE9
:10129000DFF85080CA46DFF850B01822494614F0F3
:1012A00023FE85E8C00F04F1E000054618224946F8
:1012B00014F01AFE85E8C00F35463E464746C8463C
:1012C000F834C146DA4618224146204614F00CFE96
:1012D00084E8E007BDE8F09F700200204D38000868
:1012E000493800083D380008A7DC03082DE9F04F15
:1012F00083B0060004D0306810F4803F0DD031E098
:101300005FA0009055A259A1CDE901120022644BC3
:101310001146032014F06CFBFEE710F4001F21D0EF
:10132000C0F30720C11F032920D8072808BF0225C2
:101330000CD0082808BF042508D0092808BF1025AC
:1013400004D00A280CBF4FF48075002500243769AB
:10135000002D79DD07EB8400FEF7F2F8641CA5424E
:10136000F8DC71E003B00020BDE8F08F102804D055
:10137000142820D0132849D066E07068D6F8109061
:101380005FEA104A1FFA80F830894FF000071FFA11
:1013900080FB59D000254C46B8F1000F06D92046F5
:1013A000FEF7CEF8241D6D1CA845F8D87F1CD94443
:1013B0005745EFD348E071684FF00009080C0090E2
:1013C00030891FFA81FA1FFA80FB4FEA5B00019017
:1013D0000098376900280BFB007835D900253C467A
:1013E000BAF1000F09D900BF18F805102046FDF723
:1013F000FBFDA41C6D1CAA45F6D8019809F1010952
:10140000804400985F448145E8D31DE070683769E7
:101410005FEA104A1FFA80F930894FF000081FFA7E
:1014200080FB11D000253C46B9F1000F07D9A17807
:101430002046FDF7D9FDE41C6D1CA945F7D808F13D
:1014400001085F44D045EDD33068012141EA1040E6
:10145000708003B00846BDE8F08F00004E554C4C3C
:1014600020706F696E7465720000000064726177AD
:101470005F62756620213D204E554C4C00000000F7
:10148000417373657274656420617420657870724D
:10149000657373696F6E3A202573202825732900C0
:1014A000ABE903082DE9F0479846089E14460D461F
:1014B00007002AD0002D04BF3888C0F30725DFF8C5
:1014C00088902EB330002DD000FB08F1142D04BFFE
:1014D000420802FB081115D0E81F032812D8072D77
:1014E00008BF02200CD0082D08BF042008D0092D09
:1014F00008BF102004D00A2D0CBF4FF480700020CC
:1015000001EB8001F868884215D20020BDE8F08721
:101510001046D9F8DC202946002A0CBF002090474D
:101520000646CFE7D9F8DC2020462946002A0CBF22
:1015300000209047C8E77D70BC80A7F806803E81F8
:101540003846BDE8F087000070020020034AD2F858
:10155000DC20002A04BF00207047104770020020E2
:101560002DE9F041064691F848008CB01C4617461C
:101570000D4602289CBF0CB0BDE8F081286A002807
:1015800004BF0CB0BDE8F081202C3CBF0CB0BDE81E
:10159000F081A4F5C0621C3A19BFA4F58852B2F1DB
:1015A0005F020CB0BDE8F081B4F58B5F1EBFA4F5FF
:1015B000C0510B3903299CBF0CB0BDE8F081A4F5E4
:1015C00000510B39042981BFA4F50051283907299E
:1015D000A4F5005187BF5F3910290CB0BDE8F08138
:1015E0002146A4F57E42FF3A19BFA4F57842B2F134
:1015F000FF020CB0BDE8F0814FF000080A464346F8
:1016000004A90EF0A5FA3868009078680190BDF83A
:1016100014100098084402900498002808BF286A13
:101620000EF03CFC019908441F49039020460968CC
:101630008847CDE90A080AA8E86195F84C00694690
:1016400040F0400085F84C0095F8480002289CBF07
:101650000CB0BDE8F0819DF82800002819BF286A69
:1016600000280CB0BDE8F0813046FEF71FFE0446AE
:10167000542014F017FA54222946E06414F0BCFAFE
:101680000420207195F84C0010F0400F04D0E76C56
:10169000E8691EF0AFF8F8612146304600F0F2F834
:1016A0000CB0BDE8F081000010BD040810B514F0C6
:1016B0001FFA0649D1F824210260C1F82401D1F8AB
:1016C0002821521CC1F8282110BD00007002002002
:1016D0002DE9F84F00200090FEF7ECF95FEA0009D1
:1016E0001ABF4FF0000ADFF858B1BDE8F88F00BF0D
:1016F000D9F8A862002E2BD0B46B4FF000083CB193
:101700002768A06C032818BFA0462FD03C00F7D153
:10171000F06B002500281CBF96F84410002902D069
:10172000B16B002975D0DBF8244174B1E268314611
:1017300020469047B0F1FF3F18BF01252468002CD8
:10174000F4D1002D1CBF01200090366C002ED3D1A7
:101750000098002804BF0120CBF830014846FEF76E
:10176000A9F95FEA0009C3D1BDE8F88FB8F1000F0D
:101770001ABF3846C8F80070B7632079062831D1FF
:10178000E06CC5692868A8B1281DF9F780FB2968B5
:10179000098989B24843B0F5806F2CBF800A0120C7
:1017A000DBF82C11081ACBF82C012868FFF71AFB7C
:1017B000C5F800A0B9F1000F14D0D9F8A80238B1CB
:1017C000016CA94202D1296C016401E00800F7D143
:1017D000D9F8B0224846002A1CBF2946904728461F
:1017E0000EF066FB20460CF03DFF05001CBF95F88F
:1017F0004C0010F0400F04D0E8690EF059FBC5F81A
:101800001CA0E06C0EF054FB20460EF051FB7DE76F
:10181000FFE7806B002898D00179062904BF816C0E
:10182000002908D1C16CCA69B24204D10121816486
:10183000CBF8301189E700680028EDD185E700007A
:101840007002002002490120C1F8300170470000F9
:10185000700200200449D1F830010028FDD000209A
:10186000C1F83001704700007002002010B5044636
:101870003022002114F038FBFF2084F820003020B3
:10188000606110BD2DE9F041CE6C1E4C0D463061FB
:10189000207D4FF06408002790B185F8518085F8CD
:1018A00050702468002C08BFBDE8F081226912B195
:1018B0002946204690472468002CF7D1BDE8F081E6
:1018C000306860B14FF4002117F00BFC38B10120F3
:1018D00020752A461F21306819F069FE277585F8A2
:1018E000518085F8507024683CB1226912B12946B4
:1018F000204690472468002CF7D1BDE8F041FFF75F
:10190000E7BE000094030020F0B5064634480C46BC
:1019100085B0D0F82811B06B174601291BD80028D4
:1019200012BF032205B0F0BD816C01290BD190F8E4
:101930005010002918BFB94205D082640068002801
:10194000F2D105B0F0BD816C012904BF05B0F0BD36
:10195000002005B0F0BDD8B11BF0D4FAFEF774F842
:1019600005461BF0CFFAFEF7DFF80246B06B816C3C
:1019700001290DD0816800290ADC01696B1E8B42A8
:10198000DCBFC168002903DC4069511E8142DFDDF4
:10199000002C14BF2568B56B002DD9D0A86C012888
:1019A00012D195F85000002814BFB842B46B0BD187
:1019B0000FE0A06C03280BD005F1180204F1180108
:1019C0006846F9F785FA18B12D68002DE6D1BFE712
:1019D0002468002C18BFAC42EBD105B02846F0BDFE
:1019E000700200202DE9F0418046C86984B0164697
:1019F0000C4600281CBF94F84C0002289CBF04B081
:101A0000BDE8F081206B0028C7BF606B002804B0E0
:101A1000BDE8F0816C2014F045F807466C222146A1
:101A200014F0EAF807F12001F8690FF0E0FA012854
:101A300005D004B03846BDE8F0410EF039BA314661
:101A40004046FEF733FC0546C76405202871304642
:101A5000F9F71DFA07463046F9F728FAA18E228ECB
:101A600089B292B2CDE9002104F14003029301460C
:101A70003A4605F11800E36A0FF00AF9D6E90012B8
:101A800005F11800F9F7DEFB04B029464046BDE831
:101A9000F041FFF7F7BE000038B504466C22002184
:101AA00014F022FAFDF720FC0090BDF80000A4F825
:101AB00048009DF8020084F84A00FF2084F84C009A
:101AC000401C20636063B4F84C0040F48050A4F8DC
:101AD0004C000248E0656C20606138BD010000E008
:101AE000002B08BF70472DE9F041A0B007461068F1
:101AF00004905068059090680690D0680790C86A76
:101B00001E460D461446002801BF286BB0F5807FA5
:101B1000686BB0F5807F25D01046F9F7C7F980468D
:101B20002046F9F7B4F9A98E2A8E89B292B2CDE98E
:101B3000002105F1400302930246414604A8EB6AE6
:101B40000FF0A6F80498216808440490059861688D
:101B50000844059006982168084406900798616833
:101B60000844079004A91CA8BA68F9F7B1F900283D
:101B700004BF20B0BDE8F081002208A8E9690FF099
:101B800061FA01280AD00DA000220090114B1146E5
:101B9000032013F02DFF20B0BDE8F0811CA8CDE993
:101BA0000040002308AA294602963846F6F73AF97B
:101BB00008A80FF0AFF920B0BDE8F0814661696C6C
:101BC000656420746F206F70656E20696D61676554
:101BD00000000000DCE90308002B08BF70472DE976
:101BE000FF4FBBB017460E461C46C96900221EA80F
:101BF0000FF028FA01280AD061A000220090664B5D
:101C00001146032013F0F4FE3FB0BDE8F08F706A78
:101C10001FFA80F8000C0B9006F15400F9F746F912
:101C2000002806DB06F1540002AD0FC885E80F005E
:101C300004E097E80F0002AD85E80F00414602A8D6
:101C4000F9F717FB02A80B99F9F70EFB534B029813
:101C500014900FCB0CAD85E80F000398F96888420B
:101C600078DC14980DF140094044401E0DF1C80A7B
:101C700031900298B96888425CDC3A4602A916A8FD
:101C8000F9F726F900284BD03B9808901EA806903B
:101C90000CA83990B6F84810ADF8D81096F84A104C
:101CA0008DF8DA102A9937912B993891299902A841
:101CB0000DF1580B69B10C9A6FF06041CA4208D11E
:101CC000CDE9000B36AB3146A446069A0898E047AA
:101CD00026E016AD95E80F001AAD85E80F000398D1
:101CE0004242029841421AA8F9F7ACFA2C480C90EB
:101CF0000D900E900F901AA9399A06980FF066F978
:101D00000DF1300C05469CE80F000DF1400C8CE8FD
:101D10000F00DDE9021210A8F9F794FA012D1FD087
:101D20000298404402900498404404900298B96894
:101D30008842A2DD03990B980844039005990B98FB
:101D40000844059014980290319804900398F9681B
:101D500088428EDD1EA80FF0DDF83FB0BDE8F08FA1
:101D600010AA594632A8F9F7B3F80028C3D0CDE934
:101D7000009A36AB3146A446069A0898E047BAE77F
:101D80004661696C656420746F206F70656E2069B0
:101D90006D61676500000000F8E9030814EA0308B4
:101DA000010000E070472DE9F041074691F8480036
:101DB0000C46022898BFBDE8F081E06900281FBFEB
:101DC00000780028206A002808BFBDE8F08111468D
:101DD0003846FEF76BFA0546542013F063FE542292
:101DE0002146E86413F008FF0420287194F84C00A1
:101DF00010F0400F04D0EE6CE0691DF0FBFCF061C8
:101E000029463846BDE8F041FFF73CBD38B50446E9
:101E10005422002114F068F8FF2084F84800FDF7F0
:101E200063FA0090BDF80000A0859DF8020084F8D8
:101E30002E00114820624FF6FF706062A062FDF72D
:101E400053FA0090BDF80000A4F82F009DF802009E
:101E500084F8310005201AF0E3FA0090BDF8000084
:101E600060869DF8020084F83400002084F8490060
:101E70005420606138BD0000C44D04082DE9FF4FB7
:101E8000C1B00C4641980E6A984682683AA84399B8
:101E9000F9F71EF8002804BF45B0BDE8F08F94F8AC
:101EA0004AA00120E169BAF1000F08BF824694F808
:101EB0004B0010F0010F24D0A26B6FF06043009232
:101EC000CDE901300AA8E36B226A1FF015F80A98E1
:101ED000139030460DF0E2FF0746A06B38440A909D
:101EE0004398D0E9001204A81AF02CFC206C07904B
:101EF000606C0599002501440591236D1BB320B149
:101F000021E04398F8F7D2FFE2E7439841680029BF
:101F100019DA9A68501A0028D8BF881A0A994FF41B
:101F20008062494202EB41018842C4BF4FF0FF305A
:101F30001860216D086831B1002804DB054605985A
:101F400049680844059094F84B004FF00009CDE92A
:101F50000090E069E26B28443146139B1EF062FE5C
:101F6000284406900598C1194198806840688142CC
:101F700035DA00BF94F84B00069DCDE90090E0698A
:101F8000E26B28443146139B1EF04CFE069D0599DA
:101F9000284406900A9808440590206D88B1059958
:101FA00011F5806F0DDB016800290ADA056043989E
:101FB00005994068081A216D48604398216D406872
:101FC0008860E069405D002804BF45B0BDE8F08F3F
:101FD0000598C1194198806840688142CADBCDF8F4
:101FE00040A0BAF1020F03D0BAF1030F13D022E0E0
:101FF0000698E36B411BE069324628441FF016F84F
:1020000007464398F8F752FFC01B049900EBD070C5
:1020100001EB60000EE00698E36B411BE06932467D
:1020200028441FF003F807464398F8F73FFF049948
:10203000C01B08440490D4E909700B90874202D970
:1020400038460B9F0B901CA81C22002113F04CFF5C
:1020500094F848008DF8870030A81F90A08DADF847
:10206000840094F82E008DF8860024A8FFF7FEFB6C
:1020700094F848008DF8B00096F91600002808BFC3
:102080000120E169495D002900F0D1810A99491ECA
:10209000401E1191099007990498084404903590C6
:1020A00000200F90E06928443E900698B0EB050BA5
:1020B00000F0628100204FF6FF7A009057451CBF68
:1020C0000B98504507D0DE4A0F9805EB00011268C7
:1020D000E069904700900FAB0CAA0DA93E981EF046
:1020E00089FDDDE90C2130460DF06CFE8146049837
:1020F000309005983190A9F10100049901900844AD
:10210000329005991198084433900F9883454FD821
:1021100094F84C0010F0010F1DD0359816900499DA
:10212000019816AB084418900598F16824AA084451
:102130003169411A96F91500081A0999179008444F
:102140001990A08DADF8B10094F82E008DF8B30071
:1021500000214198C04794F84C0010F0020F27D09E
:10216000359816900499019816AB08441890D6E952
:102170000312891A4A00B34996F9160081FB02211D
:10218000A1EBE17100EBD07001EB6000059924AA8E
:10219000084401461790099808441990A08DADF89D
:1021A000B10094F82E008DF8B30000214198C0478B
:1021B00057451CBF0B9850451AD00098B84224BF11
:1021C0000B99814214D9B4F82F00ADF8840094F82B
:1021D00031008DF88600608EADF8B10094F83400BF
:1021E0008DF8B30030AB24AA00214198C04706E027
:1021F000A08DADF8840094F82E008DF886000D9A1D
:102200001CA8DDF804A11490202A7DD3A2F5C0609B
:102210001C381FBF1046A2F58851B1F15F0110466E
:1022200018BFB2F58B5F6FD0A2F5C050A0F10B00C4
:10223000032869D9A0F50060042865D91D3807284E
:1022400062D9373810285FD9A2F57E40FF381EBF0B
:102250001046A2F57841B1F1FF0155D0002316A92F
:1022600030460DF075FCBDF8600000281CBFBDF8BD
:102270005E10002973D0BDF96230049A1A441144EB
:10228000A1F1010136923891D6E90321A2EB0101B7
:10229000059A1144BDF96420A1EB0001A1EB0201F4
:1022A0000844A0F10100399037914FF0000236A8A0
:1022B000DAF80810F8F794FE30B1DAF808100022C6
:1022C0001F98F8F78DFEF8B9169800284FF0000017
:1022D00008BF8DF8740035D09DF86610491E082996
:1022E00025D200200090BDF86030BDF85E200021AE
:1022F0002298FFF7D7F8D0B92298002818BFFEF728
:1023000071FDBDF8602000E029E0BDF85E1001FB22
:1023100002F0402838BF5200002000900E234A48A7
:10232000FEF7BAFCF0B3BDF86010C1802290014600
:1023300016A80DF0D5FB1C90002818BF9DF866006C
:102340008DF8740036A81E9016A8002320901A4617
:102350005046C4461499E04716A80DF0A1FDB9F106
:10236000000F04DD0499E06B0844484404900F9882
:1023700083453FF69FAE00BF94F84B100020069DAA
:10238000CDE90001E069E26B28443146139B1EF061
:1023900049FC069D284406904398006804901098D4
:1023A000022800E003E00FD0032821D031E030A064
:1023B000009026A229A1CDE901120022344B11463A
:1023C000032013F015FBFEE70698E36B411BE06961
:1023D000324628441EF02AFE81464398F8F766FDEF
:1023E000A0EB0900049900EBD07001EB60000FE056
:1023F0000698E36B411BE069324628441EF016FE46
:1024000081464398F8F752FD0499A0EB090008446F
:10241000049005990A980844059041998968C9680B
:10242000884204DCE069405D00287FF434AE2298E5
:10243000002818BFFEF7D6FC45B0BDE8F08F0000BD
:1024400018BD040856555555500300204F7574208B
:102450006F66206D656D6F72790000006472617740
:102460005F62756620213D204E554C4C00000000F7
:10247000417373657274656420617420657870724D
:10248000657373696F6E3A202573202825732900C0
:1024900024EA03082DE9F0410746086B84B00C4696
:1024A00016460028C7BF606B002804B0BDE8F08165
:1024B00011463846FDF7FAFE05466C2013F0F2FA95
:1024C0006C222146E86413F097FB06202871002057
:1024D000A8643046F8F7DBFC80463046F8F7E6FCA7
:1024E000A18E228E89B292B2CDE9002104F140037F
:1024F00002930146424605F11800E36A0EF0C8FB5C
:10250000D6E9001205F11800F8F79CFEE0690121F8
:1025100080F8441004B029463846BDE8F041FFF782
:10252000B1B900002DE9F0410446006800281CBF45
:102530000069BDE8F081201DF8F7B8FC0746201DB2
:10254000F8F7A5FC0646217D3846FEF7FFFF00FBA5
:1025500006F5227D002331463846FEF791FB2060C8
:10256000002808BFBDE8F081B5F5806F2CBFA80A30
:1025700001200949D1F82C211044C1F82C01207DFB
:10258000FCF741FF18B100212068FEF7F1F920683F
:102590000069BDE8F081000070020020F0B583B052
:1025A00015460E4607461AF0ADFC04464C2013F0C3
:1025B0009FFA20B3C76395E80E1000F1180E8EE85D
:1025C0000E1095E80E1000F1040E8EE80E1095E83E
:1025D0000E1000F1280E8EE80E100675D4F8A81221
:1025E000002902BFC4F8A80203B0F0BD0A6C1AB1FA
:1025F0001146126C002AFBD1086403B0F0BD0FA095
:10260000009005A208A1CDE901120022134B11464A
:10261000032013F0EDF9FEE74F7574206F66206D0F
:10262000656D6F72790000006E65775F6C6179652A
:102630007220213D204E554C4C00000041737365C3
:102640007274656420617420657870726573736953
:102650006F6E3A202573202825732900D5E80308DA
:102660000068FEF731BD0B6B002B08BF704770B5DB
:10267000054691F83C0084B00C4602289CBF04B08B
:1026800070BDE269616A8A42B4BF10460846A0EB99
:1026900003000090CCBF1046084618440290A16A7F
:1026A000206A8842A8BF0846216B401A0190216A1F
:1026B000A06A8142C8BF0846216B0844039069465E
:1026C0002846FDF7F3FD0646402013F0EBF94022C3
:1026D0002146F06413F090FA072030713146284605
:1026E000FFF7D0F804B070BD38B504464022002191
:1026F00013F0FAFB01202063FF2084F83C00FCF774
:10270000F3FD0090BDF80000A0859DF8020084F85C
:102710002E004020606138BD2DE9FF4F81B0894611
:102720000E9C1D461646A068E168A9EB00032069CF
:10273000A2EB010C04F1180804F15007B42818BFEB
:10274000626972DAB42A80F2E38000281CBF002A92
:10275000904240F3DD80B14200F34F81616F01FB95
:102760000CF14FEAA12AE16B0CF1010C01FB0CF119
:102770008912A0F20F1CBCF1580F01D800290BDB05
:10278000A0F1010CBCF1590F01D8002904DB5B3822
:10279000B32802D2002900DD0021A2F20F10582830
:1027A00001D800290ADB501E592801D8002905DB71
:1027B000A2F15B00B32802D2002900DD0021AAEBC0
:1027C000010001EB6000C41A4FF0010AAC4200F3B3
:1027D0001881002C0FDD234632464946CDF8008093
:1027E000019800F01BF95FEA000A04D1224600219B
:1027F000019813F079FBAC427EDC002C7DDB019864
:102800002B1B09EB040120441D4600970446324669
:1028100000F004F9060004D12A462046002113F0F6
:1028200063FBB24570D0E0E0FFE718BFB42AC8BF31
:1028300090426DDD8E4275DC616F01FB0CF14FEA59
:10284000A12AE16B0CF1010C01FB0CF18912A0F241
:102850000F1CBCF1580F01D800290BDBA0F1010CB3
:10286000BCF1590F01D8002904DB5B38B32802D230
:10287000002900DD0021A2F20F10582801D80029FC
:102880000ADB501E592801D8002905DBA2F15B00A4
:10289000B32802D2002900DD0021AAEB010001EBE0
:1028A0006000C41A4FF0010AAC4272DC002C0EDD4D
:1028B0002346324649460097019800F0AFF85FEA98
:1028C000000A04D122460021019813F00DFBAC420E
:1028D00077DC002C76DB01982B1B09EB04012044EC
:1028E0001D46CDF800800446324600F097F80600F9
:1028F00008D12A46204602E085E086E004E0002177
:1029000013F0F2FAB24570D105B05046BDE8F08F31
:102910004FF0010AD346B42805D038B109DA8E4207
:102920000CDA08E069E0B14211DC04E0B1420EDDEE
:1029300001E0B14202DC4FF0030A08E02B463246C8
:102940004946CDF80080019800F068F88246606939
:10295000B4280AD0B0B1E06822DA864233DA4FF008
:10296000030BBAF1000F44D021E0E068B04205DD6E
:102970004FF0030BBAF1000F3BD018E0BAF1000F93
:1029800015D136E0E068B04204DDBAF1000F30D076
:102990000DE03CE04FF0030BBAF1000F07D128E047
:1029A000B04210DC4FF0030BBAF1000F21D0BAF1A6
:1029B000030F17D0BAF1010F08BFBBF1010F1CD0F4
:1029C00013E026E027E02B4632464946009701985F
:1029D00000F024F88346BAF1000F18BFBBF1000FD6
:1029E00007D0E4E7BBF1030F03D005B00220BDE838
:1029F000F08F05B00020BDE8F08F05B00120BDE8E4
:102A0000F08F2C46E5E62C46F7E60024F7E62C4648
:102A10004CE72C465DE700245DE700002DE9F05F00
:102A2000DDF828C0DCF82040DCF82C50121BDCF864
:102A30001C40091B9CF83440002D04F0010516D001
:102A400000274FF001084FF0FF0E002D00F020810D
:102A5000DCF8285005FB01F6B612002D51DD964238
:102A600056DD14F0020F00F0358200F01FB9032488
:102A700095B19CF8180010F0030F1CBF00F0030183
:102A8000012929D0022901D1002A25DB34EA0000DE
:102A90001DD1002A1BDD1FE09CF8182002F0030C5A
:102AA000BCF1020F18BF34EA020415D0BCF1010FCB
:102AB00001D1002910DC12F0030F01EB030209D051
:102AC000002A04DB4A4200F109829A4211DB00200D
:102AD000BDE8F09F002A02DA0120BDE8F09F4942DC
:102AE000F5D499420ADA5A1A0844002113F0FCF985
:102AF00004E09342C4BF002113F0F6F90220BDE8C0
:102B0000F09FB24204DD14F0020F00F0E381CDE04B
:102B1000CE186E43B612002D06DDB2420BDD14F066
:102B2000020F40F0D781C1E096420ADD14F0020F97
:102B300040F0D081BAE0DCF824506A4342F39502B9
:102B400005E0DCF82450521C6A4342F395024FEA38
:102B5000222812F0FF0204BFFF25A8EB010227D0B4
:102B6000C2F1FF06DCF830207243AEEB2225B8EB51
:102B700001021CD49A421ADAC5F1FF0906FB09F6D4
:102B8000AEEB6626F6B214F0020F18BFC6F1FF06D0
:102B9000845CFD2E0AD2022E98BF002406D974430D
:102BA00004EBC41606EBC434C4F3C7548454521C5B
:102BB000DCF83040AC4226DA002AA8BF93421ADD86
:102BC000BCF830409CF83460A5EB6404E4B216F025
:102BD000020F18BFC4F1FF04865CFD2C0AD2022C40
:102BE00098BF002606D9744304EBC41606EBC43420
:102BF000C4F3C7568654DCF83040521C2D1B9A4251
:102C0000B8BFAC42D8DB9A4224DA002A22DBDCF8D7
:102C100024406C43A4126C43DCF82850C4F34724CE
:102C2000002DB8BFC4F1FF049CF8345015F0020F1A
:102C300018BFC4F1FF04855CFD2C0AD2022C98BF9A
:102C4000002506D96C4304EBC41505EBC434C4F36A
:102C5000C75585549CF834C01CF0020F0CD0A8EB6B
:102C600001029342C0F23681002AC0F23181002174
:102C700013F03AF900F02CB9511C00F12B81994264
:102C800000F326815A1A0844002113F02DF91FE1A0
:102C9000DCF8249009FB02F6B512B9F1000FC8BFA9
:102CA0006D1C8D4204DA14F0020F7DD0474611E10D
:102CB000B51201EB030A554503DD14F0020F73D181
:102CC000F4E7521C09FB02F246F3950642F3950223
:102CD00035124FEA222A02F0FF0B6A1AF6B2554566
:102CE00018BFB9F1000F03DA16B9FF265546521E78
:102CF00055452BD1002AA8BF934215DD5E447608C6
:102D000014F0020F18BFC6F1FF06845CFD2E0AD234
:102D1000022E98BF002406D9744304EBC41606EBB8
:102D2000C434C4F3C7548454541C9CF8342012F0A7
:102D3000020F05D06A1A9A4236DA002A97DAC7E0FB
:102D40009C427CDC002C2FD064DD5EE0B9F1000FEA
:102D500061DADCF828707F427743BF12002AA8BFEF
:102D6000934216DD7E43C6F3472614F0020F18BFC8
:102D7000C6F1FF06845CFD2E0AD2022E98BF002405
:102D800006D9744304EBC41606EBC434C4F3C75429
:102D90008454541EDCF82420A7F1FF0602FB06F23F
:102DA0004FEAA2221FD400E094E09C421BDAC7F154
:102DB000FF0672439CF83460AEEB6222D2B216F08A
:102DC000020F18BFC2F1FF02065DFD2A0AD2022AD5
:102DD00098BF002606D9724302EBC21606EBC23238
:102DE000C2F3C75606559CF83420A41C12F0020FFB
:102DF00006D0691A4A1E9342A8BF002A68DD36E74A
:102E0000A342FFF653AF002C62DB1A1B20440021C3
:102E100013F06AF85CE0DCF82880C6F1FF0606FBD8
:102E200008F84FEAA828002AA8BF93421ADD06FB3B
:102E300008F6AEEB6626F6B214F0020F00E053E09F
:102E400018BFC6F1FF06845CFD2E0AD2022E98BF81
:102E5000002406D9744304EBC41606EBC434C4F34F
:102E6000C7548454541CDCF82420C8F1FF0606FB28
:102E700002F24FEAA2221AD49C4218DA72439CF85A
:102E80003460C2F3472216F0020F18BFC2F1FF02EE
:102E9000065DFD2A0AD2022A98BF002606D972438F
:102EA00002EBC21606EBC232C2F3C75606559CF8B7
:102EB0003420641C12F0020F05D06A1A934209DB19
:102EC000002A05DBD3E69C4210DC002C02D09CDCFF
:102ED0004FF002073846BDE8F09F00BF4FF00002F8
:102EE000002B7FF7F4AD04E61C462BE71C46ECE70D
:102EF0002DE9F04F85B00646DDF838B01C46154682
:102F00009BF81C00DBF8187010F00108DBF80800D3
:102F10000090DBF80C000190DBF810000290DBF869
:102F2000140003900198894633D0A842DCBF03986F
:102F3000854254DC00983844484505DC029909EB89
:102F40000400C91B884207DD01983844A8424BDCC5
:102F50000398C01B854247DC0098B8F1000F1ED0D3
:102F6000B0EB090000F13B81A0420EDC0299A1EB1D
:102F70000901091A4A1C81188C42B8BF1A1A002A82
:102F800003DB3044002112F0AFFF05B00220BDE8A2
:102F9000F08FA842DCBF0398854211DCCAE7A0EBA2
:102FA0000905AC420CDB002D04DB2A46002130462B
:102FB00012F09AFF0298A0EB0900471C002F03DCD7
:102FC00005B00020BDE8F08FBC4204DDE21BF01923
:102FD000002112F089FF002D08BFA742D5D105B00E
:102FE0004FF00100BDE8F08F0098A0EB090968469A
:102FF000F7F75CFF82466846F7F749FF01460198FC
:10300000281AB842B9BF381A401EC91B401ADBF84B
:103010002020022303EB4003D16831F803C031F8CC
:1030200010309168ACEB030531F81010506809EBD3
:10303000070203EB000C09EB0A00C01B0844511AFD
:103040004F1EB8F1000F5AD00022002D39DDA91A09
:103050006144831811F8011CC1F1FF0118D4A34287
:1030600016DA16F80380B8F1FD0F28BF88460DD296
:10307000B8F1020F98BF4FF0000807D901EBC11952
:1030800009EBC13908FB09F8C8F3C75806F80380F3
:10309000B7EB020812D4A04510DA16F80830FD2B61
:1030A0000AD2022B98BF002106D901EBC11909EB06
:1030B000C1315943C1F3C75106F80810521CAA4246
:1030C000C5DB791CA142B4BF0A462246002AB8BF1C
:1030D000002102DBA142A8BF2146421A631A9A428C
:1030E000B4BF104618460028B8BF002202DB9A423F
:1030F000A8BF1A467018002112F0F6FE45E700211D
:10310000002D4ADD0CEB05010246A1F1010906EB99
:10311000000CF3194FF000084FEA050A19F80119DD
:10312000002AA8BF944216DD9CF800B0BBF1FD0F49
:1031300028BF8B460DD2BBF1020F98BF4FF0000B9A
:1031400007D901EBC11E0EEBC13E0BFB0EFBCBF30F
:10315000C75B8CF800B0B7EB080B14D4A34512DAA8
:1031600093F800B0BBF1FD0F0CD2BBF1020F98BF7A
:10317000002107D901EBC11E0EEBC1310BFB01F1A0
:10318000C1F3C7511970521C5B1E08F10108BAF156
:10319000010A0CF1010CC1D1294608448442CCBF7C
:1031A000014621460029B8BF002002DBA042A8BF8B
:1031B0002046221A3044002112F096FE791B481C4A
:1031C000A042B4BF02462246002AB8BF002402DB58
:1031D000A042B8BF04462246002130468CE70020BA
:1031E000C2E62DE9F04106460F46007DFCF70BF9DB
:1031F000002808BFBDE8F081311D3046FDF756F8C4
:103200000446302012F04EFC30223946E06412F0C1
:10321000F3FC0A202071E56C2E61286898B14FF408
:10322000002115F05EFF70B14FF40021286817F0FF
:10323000F9FD22461F21386818F0B9F94FF4002132
:10324000286813F0F5F821463046BDE8F041FEF756
:1032500019BB3022002112F047BE00002DE9F74FC4
:10326000C86D90B00C4600281CBF94F86C10022961
:103270002AD9012808D1A06E0028DCBF206E0028C2
:1032800004BF606E00281FD04FF0010394F82000A7
:10329000022894BF4FF0000B4FF0010B94F83B1045
:1032A000022913D9216B002918BF4FF0010A0DD054
:1032B00094F84810022935D9616C91B394F84910FB
:1032C00011F0200F05D02DE00023DFE74FF0000ABA
:1032D000EEE711F01F0F18BF4FF0010922D000BF19
:1032E00094F85810022920D9216D002918BF4FF0F9
:1032F00001081AD00127FF2811D394F82F0010F0ED
:10330000070F18D094F82E200020002A13D900BFF0
:1033100000EB8001214491F82710FF2908D00027F5
:1033200009E0FFE74FF00009DAE74FF00008E1E7B6
:10333000401C8242ECD8EBB312991098FCF7B6FF10
:103340000646382012F0AEFBF064A16E05460A4630
:1033500006F11800F7F7AFFDE16D06F118000A4617
:10336000F7F7A9FDD4E9181206F11800F7F76AFF7C
:1033700094E80F0085E80F00A169206928613820D2
:10338000C5E90501E069E861B4F85900288494F8BA
:103390005B0085F82200E06D6862A06EA86294F878
:1033A0006C0085F83400206EE862606E286385F852
:1033B000357000E005E00320307131461098FEF7CB
:1033C00061FABBF1000F5FD01298D0E90012D0E98A
:1033D0000230CDE90430CDE90212606C01281DDD18
:1033E00094F84800FD2819D3E069B8B194F8490071
:1033F000C0F38002114402910399C0F340000844D5
:10340000039094F84910C1F3C001581A049094F83D
:103410004910059801F00101401A059002A9109881
:10342000FCF744FF0646302012F03CFB05463022F4
:10343000002112F059FDFF2085F82000302169613C
:10344000F56494E80D1085E80D10A2692069AA6161
:10345000C5E90401E069E861B4F82100A5F821009C
:1034600094F8230085F82300D4E90901E26AEA62AE
:10347000C5E9090194F8200085F820000120307189
:1034800031461098FEF7FEF9BAF1000F50D0206BCC
:103490000EF0B2FB05004FF0000618BF012D7CD0E6
:1034A000032845D00C22002103A812F01DFD00BF07
:1034B0006FF06040CDE900600296D4E90C12002361
:1034C0000EA81DF019FD09960E980896401E0A9048
:1034D0000F980023401E0B90092208A9009612980D
:1034E000F7F744FB08A91098FCF7E0FE06465420C5
:1034F00012F0D8FA0546FEF789FCF56494E80F004F
:1035000085E80F00A169206928615420C5E90501FB
:10351000208FA88594F83A0085F82E00606B286209
:10352000206BE8610420307131461098FEF7AAF94B
:103530002C274FF0020AB9F1000F2BD012991098E6
:10354000FCF7B4FE05462C2012F0ACFAE86494E8CF
:103550000E1080E80E10A26921698261C0E904178B
:10356000E169C161E18F018494F8401080F8221074
:1035700094F8481080F82810616C416294F8491062
:1035800001F01F0180F8291085F804A02946109841
:10359000FEF778F9B8F1000F00E054E004BF13B073
:1035A000BDE8F08F129802AD0FC885E80F00D4E98E
:1035B000140101440A4602A8F7F77DFC02A91098FD
:1035C000FCF774FE06462C2012F06CFAF064216DB4
:1035D00005460A4606F11800F7F76DFC616D06F125
:1035E00018000A46F7F767FC94E80F0085E80F001B
:1035F000A1692069A961C5E90407E069A0F5FE4158
:10360000FF3908BF47F6FF7003D0216D0844616D94
:103610000844E861B4F84A00288494F84C0085F81E
:10362000220094F8580085F82800206D68620F2069
:1036300085F8290086F804A031461098FEF722F993
:1036400013B0BDE8F08F03A9206B0DF0D0FC01286A
:103650007FF46EAF002D18BF012D7FF429AF94F8D1
:103660003D0028B112991098FCF720FE064617E09D
:10367000099604984FF0FF3180B2401E0A900498DA
:10368000089601EB10400B900023092208A9009630
:103690001298F7F76BFA08A91098FCF707FE064690
:1036A0006C2012F0FFF90546FEF7F6F9F56494E890
:1036B0000F0085E80F00A169206928616C20C5E929
:1036C0000501206BE86194F83B0085F84C00208FE1
:1036D000A5F8480094F83A0085F84A0094F83C00B0
:1036E00085F84B0094F83D10B5F84C0061F34D306F
:1036F000A5F84C00DDE90301059AAA62C5E90801B5
:10370000E06968660520307131461098FEF7BAF816
:103710000EE7000038B504467022002112F0E4FBE9
:10372000FBF74BFF0090BDF80000A4F821009DF8C6
:10373000020084F82300FBF740FF0090BDF8000072
:10374000A0849DF8020084F82600FBF7CDFD0090D0
:10375000BDF80000A4F829009DF8020084F82B00B1
:10376000FF2584F82D50022084F82E00FBF7BCFDC5
:103770000090BDF80000E0879DF8020084F840004A
:10378000FBF7B2FD0090BDF80000A4F859009DF8C9
:10379000020084F85B000A48606384F8205084F8D3
:1037A0003B5084F8585084F8485084F86C5094F892
:1037B000490020F01F000F3084F8490038BD000098
:1037C000C44D04082DE9F34FD1B0054604A914F007
:1037D000F1FA05F13C00389512F010F8002804BF0A
:1037E00053B0BDE8F08F529804A900F1180242A826
:1037F000F7F76EFB002804BF53B0BDE8F08F529876
:1038000042AC18300FC83E924090CDE93C1394E88A
:103810000E105298183080E80E1000204190284673
:1038200000215C2215F0C2FA3F9004A8F7F73EFB96
:103830000290296B024601F0C040B0F1005F19D13F
:10384000FF4B21F0C040984214DC95F8481001F07D
:103850000301012908BF00210CD0B0F1805FA4BF93
:103860006FF07041081A5043F64981FB0010411176
:10387000A1EBE071571A34910021284615F064FA43
:103880000C90059839903499049808440E90389813
:103890003C3011F0B3FF3A9000680A9048B9EA480A
:1038A0000A90001D00220090E84B1146032012F000
:1038B0009FF800261C22314646A812F015FB0FA8DF
:1038C000FEF7A4FA012036903A98002800F06D83A4
:1038D0000020DF494E904F9035904D90D1F8E42173
:1038E0008B46C2F800070A98805D08B1C6B13EE079
:1038F00038983A993C3011F095FF3A90002800F042
:10390000318100680A9048B9CF480A90001D002212
:103910000090CE4B1146032012F06AF80026E2E731
:103920003A98469003AA5A2108301BF084FF0128D8
:1039300008BF039804D0284600215A2215F036FA11
:1039400048903A9803AA5B2108301BF074FF0128C5
:1039500008BF039804D0284600215B2215F026FA00
:103960004C9048980CF09AFA3F9908444B900A986A
:103970004FF0000884194C9A48994198C246CDF8F6
:103980002480A1460DF1240C1ABF2378002B504649
:1039900000F0B580CDE900C03B4648461DF042F935
:1039A000215C804661B9099ABA4209DA00287CD0C4
:1039B00004EB080010F8010C0A2818BF0D2874D178
:1039C0004FF0010AB8F1000F6FD0DBF8E401D0F836
:1039D0000007002869D03898099C3C303A9911F0CA
:1039E00021FF002804BF4C98241AA7427EDB994A85
:1039F000CDF83480484612680DA990470446964A8F
:103A00000A9806EB08010844126800219047002C30
:103A10001CBF0A2C0D2C72D0904A4FF0000192F876
:103A200000C0BCF1000F08D08C4A535CA34266D0A2
:103A3000491CC9B2525C002AF6D11CB3A4F59C41C2
:103A4000B1F5A44F5BD36FF47F4121445D2984BF5E
:103A5000A4F540513F2952D9A4F53A517F2984BF9A
:103A6000A4F547512F294AD9A4F54151BF2981BF57
:103A7000A4F57E4110390F29A4F57E4184BF303969
:103A80001F293CD988B1A0F59C41B1F5A44F36D38C
:103A90006FF47F4101445D2984BFA0F540513F2967
:103AA0002DD9A0F53A517F2900E028E084BFA0F588
:103AB00047512F2923D9A0F54151BF2981BFA0F536
:103AC0007E4110390F29A0F57E4184BF30391F296E
:103AD00015D90A2818BF0D2811D04FF00001BCF1EC
:103AE000000F3FD05D4A525C824200E03AE006D0CF
:103AF000491C5A4AC9B2525C002AF3D132E00998F3
:103B0000CDF824814A904B993598CDF81C914644C4
:103B1000814203DD4898359100694D90DBF8E4411E
:103B200046A9D4F8000740280CD2C0EBC00004EB33
:103B300080001C2212F060F8D4F80007401CC4F882
:103B4000000707E0464800220090464B114603203C
:103B500011F04EFF09983F1ABAF1000F02D1002F61
:103B60003FF7C1AEDBF8E4115C46D1F800070D90D9
:103B7000002800F01A82401EC0EBC00701EB870846
:103B8000D8F80C10D8F80400D8F81490405CD8B9D4
:103B900038984FF00009D8F800103C3011F042FE80
:103BA00090B103AA5A2108301BF045FE012808BF36
:103BB000039804D0284600215A2215F0F7F80CF09B
:103BC0006DF93F9900EB0109359839994844014452
:103BD0003F98091A0798401C81421ADDD8F80C104A
:103BE000D8F80400415C61B11BF01AFEC8F80C0063
:103BF0000146D8E90102D8F818301DF017FAC8F8C4
:103C00001000389890F84800C0F380004E900120D2
:103C10004F9035993998084443993B90814200F37D
:103C2000B281284600215E2215F0C0F800F0FF0C9A
:103C3000BCF1020F18BFBCF1030F7BD014E00000F1
:103C4000FEFFFF1F1F85EB51BCF002085ACE04088F
:103C50007002002014BD0408F0BC0408F4F002084F
:103C600010DA04084ACE04080D984FF00007002827
:103C700040F28981D248D0F8E411C7EBC70001EBCC
:103C800080040E98D4F804B03690359939980844D9
:103C90006169401AA1680A694D99891A401A3790DA
:103CA000206825AA582108301BF0C5FD01280DD039
:103CB00028460021582215F079F80390BDF80C0031
:103CC000ADF894009DF80E008DF8960025980390AD
:103CD000BDF80C00ADF868009DF80E008DF86A0084
:103CE000206825AA592108301BF0A5FD012808BF2E
:103CF000259804D028460021592215F057F8C0B263
:103D00008DF88400206825AA5A2108301BF093FD05
:103D1000012808BF259804D0284600215A2215F012
:103D200045F81790206825AA672108301BF083FD0D
:103D3000012800E056E008BF259804D0284600215D
:103D4000672215F033F89DF88810C0B260F3C50102
:103D50000C988DF88810FD2805D29DF884104843F2
:103D6000000A8DF884004FF00009D4F80CA04E9999
:103D7000484639B12E221146A0680CF023F881463E
:103D800000EB4900049A02991144081A039000209C
:103D90000090BAF1000F7ED94499369888427ADCB7
:103DA000DFF8208269465846D8F8002090472690D0
:103DB0000098D8F80020584400219047A368024694
:103DC000184626990BF0FEFF80463699A0690144FB
:103DD00001EB0800429981422DDDB8F1000FC8BF08
:103DE000369055E03698002814BF34990021002001
:103DF0000D9A002A88BFD4F8E43109D9C0EBC0027B
:103E000003EB8202401C126911440D9A8242F5D8DC
:103E1000D4F8E40100EB87008069081A0299814216
:103E2000CCBF081A0020BCF1020F08BF40100E9949
:103E300008440E9002E74E9900291CBF039988425E
:103E400018DD4FF000082E2336AA0FA95298FDF76F
:103E500087FB3699A06908F1010808444844369068
:103E6000B8F1030FEFDB014603988842A4BF401C62
:103E7000369010E036AA0FA9269B5298FDF770FBEA
:103E8000B8F1000F04DD3699A0690844404436902B
:103E90000098504580D3206824AA5D2108301BF08B
:103EA000CAFC012808BF249805D0284600215D22BD
:103EB00014F07CFFC0B210F0FF085DD024A8FEF71C
:103EC00013FCBDF86800ADF8BC009DF86A008DF8E1
:103ED000BE001798807D00280EBF0120A06890F9D1
:103EE000160030909DF884008DF8CC009DF8880075
:103EF000C1089DF8CD0018F0020F61F301008DF8A4
:103F0000CD001AD060693F990DF1900A401A411016
:103F1000309801EB6000379900EB01094A462BA865
:103F20000E9918F00CFC4A460AF12400369918F054
:103F300006FC24A95298FEF796FB18F0010F1BD03F
:103F40003798616901443F980A1AA06824AC016956
:103F500090F91500511AA1EB000842462BA80E99C2
:103F600018F0EDFB424604F12400369918F0E7FB07
:103F700024A95298FEF777FB36980E900D987F1C77
:103F80008742FFF477AE0020369004980E903B985D
:103F900039904F9848B945993998491C884204DCB2
:103FA0003A98029F00287FF493AC5298DDE93C2CAC
:103FB000183040993E9B80E80E1053B0BDE8F08F5A
:103FC00070020020F0BC04082DE9F74F91F83C0086
:103FD000ADF5127D0C4602289CBF0DF5157DBDE8A0
:103FE000F08F256A002D1CBFD4E9090188427DD0DD
:103FF000A08EA842C0F202830FCA6CAE86E80F0002
:1040000092986CA982684AA8F6F762FF00286DD0E2
:10401000A06B002800F0CD806C9844906D9845907E
:104020006E9846906F9847904499206A0144449155
:104030004599084445904698216A401A4690479809
:10404000216A401A4790606A0190D4F828904FF492
:10405000B471B0F5B47F0DDB404290FBF1F040420B
:10406000002807DDA0EB001000EB4002019800EBF8
:10407000C2000190B9F5B47F0CDBC9F1000090FBE0
:10408000F1F04042002805DDA0EB001000EB4000FD
:1040900009EBC009002769976A976897CDF80090E7
:1040A0006B97D4E90B121BA8019B08F055FC1BA8C9
:1040B0006890002347F6FF726CA974A808F054FEBC
:1040C00074A869900020499044A8F6F7EFFE0028F4
:1040D00011DD44A8F6F7DBFE00280CDD012347F6CE
:1040E000FF7244A97DA808F03FFE00E085E07DA8AE
:1040F0006A90012049904AA8F6F7C9FE83464AA86B
:10410000F6F7D4FE804611F0CDFC4AAE429096E818
:104110000F00129713971497159702AE11971797E0
:10412000189719971A9786E80F004298169094F8F6
:104130003C008DF8540002A810901890A16B4FF02D
:10414000000A00295DD000224EA80CF07BFF002859
:104150001CBF5998002854D06297639780884FF00D
:10416000FF3180B2A0F1010064905998406801EBE2
:10417000104065905998216B8088C0F34E00A1EBE8
:104180000002E16AA1EB000162A8F7F75BF862A800
:1041900014905998006911905998008980B2129032
:1041A00059980088C0F307208DF84C0014282FD0B0
:1041B00038E0616AA06A01F5B47282421CBF00F562
:1041C000B47081427FF428AF86A8FCF7B7FA94F860
:1041D0003C008DF84002A08BADF83802A07F8DF82E
:1041E0003A0247F6FF708D900F208DF841028F95AF
:1041F0006CAA86A9929806F079FD0DF5157DBDE8AB
:10420000F08FA08BADF85500A07F8DF8570009E026
:1042100012208DF84C001498F6F739FEDDE91112E2
:1042200002FB001A0020669094F83D0010F0010F88
:104230007ED005FB05F6304611F034FC3246FF21F6
:10424000669011F051FE681E7097CDE97170739001
:1042500005EBD5704210002370A988A808F084FDF2
:1042600088A8CDE986070027669E002D10DD3B4615
:104270000022314686A8009508F06CFC20B92A4639
:104280000021304611F030FE7F1C2E44AF42EEDBA1
:104290000198012100B26790A08E0090E8B2460814
:1042A00021EA000767981FF02BF901460098801B50
:1042B00000904843C1113E9167981FF069F901468B
:1042C000009848433E99C011002906DD8039091243
:1042D0008B1BDA193144089205E0803109128A1BE0
:1042E00008928A19D11B0A91002806DD8038001235
:1042F000821BD1193044099105E080300012811BE6
:1043000009918119C81B0B90D4E90B1208A8F6F784
:1043100099FF0FFA89F00790B4F834901FF0F0F885
:104320000146A9EB06003F9048434FEAE01900E040
:104330002EE007981FF02CF901463F984843C01122
:10434000B9F1000F07DDA9F1800109128A1B3A4477
:1043500031440C9206E009F1800109128A1B3144B4
:10436000C91B0C920E91002806DD80380012811BBB
:10437000394430440D9105E080300012811B3044F7
:10438000C01B0D910F90D4E90B120CA8F6F75AFF41
:10439000039800260590BBF1000FC8BF022740F329
:1043A0000F814246FF21429811F09EFDDDE9022374
:1043B000CDF8008068A8429908F0CCFB8DF85C002D
:1043C00094F83D1011F0010F7ED0099A03998A42AA
:1043D000DCBF0B9A91424BDC30B942460021429837
:1043E00011F082FD8DF85C70DDF898914298709024
:1043F00002AA08A93EA8F6F76BFDC8B309993F9831
:10440000089A411A05FB01903E99891A08440190C7
:104410003E99709808440299A0EB01093EA8F6F76E
:1044200045FD020024D00199A9F10100491E12F0B6
:10443000010F08D0437811F801CF6344FF2B88BFE8
:10444000FF2300F8013F520812D0437891F801C0D1
:104450006344FF2B88BFFF234370837811F802CF9A
:104460006344FF2B88BFFF2300F8023F521EECD1AC
:104470000D9903988842A4BF0F9981424FDB9DF8A4
:104480005C0030B942460021429811F02DFD8DF8B4
:104490005C704298019002AA0CA9DDF898913EA8A0
:1044A000F6F716FD80B10D993F980C9A411A05FB5D
:1044B00001903E99891A084467903E9901980844F2
:1044C0000299A0EB010900E029E03EA8F6F7EEFC16
:1044D000020024D06799A9F10100491E12F0010FD2
:1044E00008D0437811F801CF6344FF2B88BFFF2326
:1044F00000F8013F520812D0437891F801C063449C
:10450000FF2B88BFFF234370837811F802CF6344E9
:10451000FF2B88BFFF2300F8023F521EECD1BAF1F7
:10452000000F1CBF9DF85C0000283BD01499039835
:10453000149A4968B8F1000FA0EB010012991268B3
:104540004FEA510101FB00A00299A1EB02010144D5
:1045500022DD4298401E491E18F0010F06D010F8C7
:10456000012F11F8013F5A43120A02705FEA6802F4
:1045700012D000BF10F8013F91F801C003FB0CF30B
:104580001B0A00F8013B11F802CF037803FB0CF380
:104590001B0A0370521EEDD19DF85C00012808BF74
:1045A0008DF85C7010A9929800F02AF80398761C98
:1045B000401C03900598401C05905E45FFF6F1AE47
:1045C0001BA808F00DFB74A808F00AFB4998002806
:1045D0001CBF7DA808F004FB42980BF069FCA06B9F
:1045E00000281CBF4EA80CF095FC6698002818BF48
:1045F0000BF05EFC0DF5157DBDE8F08F85B2FBE498
:10460000F0B50546087D95B00C4602289CBF15B054
:10461000F0BDA06920B1207F002804BF15B0F0BD17
:10462000AA6868462168F6F753FC002804BF15B055
:10463000F0BD6D6800262868008987B26068002890
:104640007ED0694608462269F6F742FC002804BF7E
:1046500015B0F0BD226A3AB169460846F6F738FC53
:10466000002804BF15B0F0BD6846F6F71FFC0590A2
:104670006846F6F70CFCCDE90607207D8DF8310081
:1046800094F828008DF83200A0680B90207B8DF8FC
:104690003000207B6768FAF77AFE2169019A4B683F
:1046A0000968D21A0B9B03FB0272009B591A4843FC
:1046B00002EBD0000A90A06900281ABF217F0129CF
:1046C000089616D00890A0690890606A002804BF78
:1046D000206AF6F7EBFB0990206A009902684068AF
:1046E000891A019A101ADDE9082303FB0020084407
:1046F00008909DE80F000DAE86E80F00A86804AE94
:104700004242686841420DA8F6F79CFD216911AF4D
:104710000FC987E80F00A86842426868414206F165
:104720003400F6F78FFD0198A968421A009869686D
:10473000411A2846FDF794FF0490287D801F00E071
:104740000DE0102824BF15B0F0BDDFE800F09DA7F4
:1047500060606060606060918C97876087A2684647
:10476000F6F7A4FB05906846F6F791FBCDE906073E
:10477000207D8DF82B00B4F81500ADF82800E07D01
:104780008DF82A00A06900281DBF217F012908900B
:1047900008969DE80F000BAE86E80F00A868C0F1F0
:1047A00000026868C0F100010BA8F6F74BFD019804
:1047B000A968421A00986968411A2846FDF750FF17
:1047C0000490089898B1606A002804BF206AF6F740
:1047D0006DFB0990206A009902684068891A019A65
:1047E000101ADDE9082303FB002008440890287D07
:1047F00010281ED00DDC062826D0072829D00F2827
:104800001CBF15B0F0BD032104A800F0FFFD15B0DA
:10481000F0BD112812D0122806D0152804BF04A814
:1048200000F042F815B0F0BD04A800F0A9FC15B0E6
:10483000F0BD04A800F028F915B0F0BD042104A8CB
:1048400000F0E4FD15B0F0BD04A800F0ABFB15B01E
:10485000F0BD04A800F002FA15B0F0BD04A803F002
:104860000DFF15B0F0BD04A801F0ECFD15B0F0BDD2
:10487000032104A805F0B6F915B0F0BD042104A881
:1048800005F0B0F915B0F0BD04A802F0CBFF15B0EB
:10489000F0BD04A800F04CFF15B0F0BD04A802F074
:1048A0009DFF15B0F0BD00002DE9F04F804690F857
:1048B0001BA0D8E90159D8E9046085B06C46029084
:1048C000022200212046D8F80C7011F00DFB0222C4
:1048D0000021A01C11F008FB02220021201D11F074
:1048E00003FBFF248DF806408DF8074076B3D8F817
:1048F0001800BAF1FD0F72D3FAF7A4FDD8F800A0A2
:1049000060F307044FF0000BB9F1000FDCBF05B0F6
:10491000BDE8F08F4FF00008002D0DDD16F80800FF
:104920000AEB480160F30F246A462046FAF7C2FBFF
:1049300008F101084545F1DC02980BF1010BBA447E
:104940000644CB45E6DB05B0BDE8F08FD8F818008B
:10495000BAF1FD0F44D3FAF775FDD8F800604FF0B7
:104960000008B9F1000FDCBF05B0BDE8F08F691E8B
:10497000CA1701EB127109114FEA011C0021BCF1A9
:10498000000F0CDDB21E711E4FEA6C0390708C702C
:1049900002F8040F01F8044F5B1EF7D161466B1A51
:1049A000002B14DD06EB41018A1E491E13F0010F96
:1049B00003D002F8020F01F8024F5B1007D090708D
:1049C0008C7002F8040F01F8044F5B1EF7D108F158
:1049D00001083E44C145D1DC05B0BDE8F08F24E0BC
:1049E000FAF730FD60F3070BD8F800406AF30F2B9D
:1049F0004FF00008B9F1000FDCBF05B0BDE8F08F43
:104A00000026002D09DD00BF04EB46016A4658462A
:104A1000FAF750FB761CB542F6DC08F101083C447D
:104A2000C845EDDB05B0BDE8F08FFAF70BFD60F38C
:104A300007040020D8F800B00390B9F1000FDCBFE4
:104A400005B0BDE8F08F00BF4FF00008002D10DD6D
:104A500016F808000BEB480100FB0AF0000A60F3AF
:104A60000F246A462046FAF725FB08F10108454560
:104A7000EEDC0298BB4406440398401C0390484572
:104A8000E2DB05B0BDE8F08F2DE9F04F064690F867
:104A90001B90D6E90147D6E904508FB00DF12008EC
:104AA0000690F0680D9004220021404611F01CFA97
:104AB0000422002108F1040011F016FA042200215A
:104AC00008F1080011F010FAFF208DF82C008DF885
:104AD0002D0075B3B9F1FD0F7ED3FF21B069FAF750
:104AE00045FDD6F8008081464FF0000B002FDCBF5B
:104AF0000FB0BDE8F08F0026002C0FDDA85D08EB9D
:104B0000860A60F31F69DAF8001008AA4846FAF727
:104B100075FB761CCAF80000B442EFDC0D980BF16F
:104B2000010B80440698BB450544E4DB0FB0BDE8AB
:104B3000F08FFFE7B9F1FD0F37D3B069FAF730FD19
:104B40000025D6F800C0002FDCBF0FB0BDE8F08F05
:104B5000611ECA1701EB127109110B010022002B13
:104B6000C4BFACF104015A1005DD486041F8080FDC
:104B7000521EFAD11A46A61A002E0EDD0CEB820147
:104B8000091F16F0010F18BF41F8040F721004D06E
:104B9000486041F8080F521EFAD10D996D1C8C44E3
:104BA000AF42DBDC0FB0BDE8F08F4946B069FAF7E1
:104BB000DDFC356881464FF0000A002FDCBF0FB0E6
:104BC000BDE8F08F0026002C0FDD00BF05EB860846
:104BD00008AAD8F8001000E010E04846FAF70EFBEB
:104BE000761CC8F80000B442F0DC0D980AF1010A06
:104BF0000544BA45E6DB0FB0BDE8F08F4946B06921
:104C0000FAF7B4FC82460020D6F800800290002F0C
:104C1000DCBF0FB0BDE8F08F0026002C12DDA85DD0
:104C200008EB860B00FB09F0000A60F31F6ADBF853
:104C3000001008AA5046FAF7E1FA761CCBF80000FB
:104C4000B442ECDC0D988044069805440298401C60
:104C50000290B842E0DB0FB0BDE8F08F2DE9F04FD5
:104C6000074685B0D7E90145C07E0090D7E90460CA
:104C70000390F8680190B869FAF7E4FB4FEAD01C9A
:104C8000F8690123C21700EB527222F00702801A62
:104C90003968002E52D0009FFD2FC0F00D814FF0DB
:104CA000000A002DDCBF05B0BDE8F08F002C40F3FA
:104CB000F98033460022A04613F8017B002F71D003
:104CC000FF2F70D002EB00094FEAE97B09EB5B7E16
:104CD00001EBEE0B2EF0070E9BF800B0A9EB0E09CE
:104CE000C9F107092BFA09F909F00109C7F1FF0B0E
:104CF00009FB0BF907FB0C99A94FA7FB0997FF09C3
:104D000017F0FF0F00EB02074FEAE77907EB597E38
:104D100001EBEE092EF0070EA7EB0E07C7F1070E09
:104D200099F800B04FF0010707FA0EF70CBF2BEA15
:104D300007074BEA070789F80070AEE0009E4FF0C6
:104D40000007FD2E30D3002DDCBF05B0BDE8F08F8D
:104D5000002CC4BF024626461CDD00BF4FEAE278A5
:104D600002EB587A01EBEA082AF0070AA2EB0A0ADA
:104D7000BCF1000F98F80090CAF1070A03FA0AFA8A
:104D800014BF49EA0A0929EA0A0988F80090521C66
:104D9000761EE3D1019A7F1C1144BD42D8DC05B0D8
:104DA000BDE8F08F79E04AE0002DC4BF06FB0CF9A6
:104DB000C6F1FF08F3DD002CC4BF0022A44638DD95
:104DC00016184FEAE67A06EB5A7B01EBEB0A2BF05A
:104DD000070B9AF800A0A6EB0B06C6F107062AFA05
:104DE00006F606F0010608FB0696DFF8B4A1AAFB5A
:104DF00006A6F60916F0FF0F00EB02064FEAE67A68
:104E000006EB5A7E01EBEE0A2EF0070EA6EB0E061D
:104E10009AF800B0C6F1070603FA06F614BF4BEA8B
:104E200006062BEA06068AF80060521CBCF1010C4B
:104E3000C6D1019A7F1C1144BD42BCDCAFE700EB38
:104E40000209BCF1000F4FEAE97712D009EB577B5A
:104E500001EBEB072BF0070BA9EB0B09C9F1070BD3
:104E600097F800E04FF0010909FA0BF94EEA090939
:104E700011E009EB577E01EBEE072EF0070EA9EBD0
:104E80000E09C9F1070E97F800B04FF0010909FAB1
:104E90000EF92BEA090987F80090521CB8F10108B5
:104EA0007FF40AAF019A0AF1010A1144039A5545A9
:104EB00016443FF7FBAE72E700270297002D7FF7FD
:104EC0006EAF002C61DD37460023A04617F8019B2A
:104ED000B9F1000F55D01A184FEAE27A02EB5A7B6B
:104EE00001EBEB0ADDF800E02BF0070B09FB0EF9F4
:104EF0009AF800A0A2EB0B0209EBC91EC2F107024F
:104F00000EEBC9392AFA02F2C9F3C75902F0010AB5
:104F1000C9F1FF020AFB02F209FB0C29204AA2FB9D
:104F20000992D20912F0FF0F00EB03024FEAE27977
:104F300014D002EB597901EBE90A29F00709A2EB39
:104F400009029AF800B0C2F107024FF0010909FA0C
:104F500002F24BEA02028AF8002012E002EB597AD0
:104F600001EBEA092AF0070AA2EB0A02C2F1070ADA
:104F700099F800B0012202FA0AF22BEA020289F83B
:104F800000205B1CB8F10108A0D1019A1144039ADA
:104F90001644029A521C0292954292DCFFE60000EF
:104FA000818080802DE9F84F8046C57ED8E9014791
:104FB000D8E904900090D8F80C60D8F81800B9F13E
:104FC000000F2FD0FD2D7DD3FAF73CFAD8F8005012
:104FD00084464FF00008002FD8BFBDE8F88F002CA2
:104FE00017DD49462846234611F8012B72B1FD2AE8
:104FF00028BF80F800C009D290F800B0C2F1FF0AC3
:105000000BFB0AFA0CFB02A2120A0270401C5B1E88
:10501000EAD1009808F10108354481444745DEDCB7
:10502000BDE8F88FFD2D34D3FAF70CFA0025D8F837
:105030000030002FD8BFBDE8F88F611ECA1701EB02
:10504000127109114FEA011C0021BCF1000FC4BF0D
:10505000591E4FEA6C0205DD487001F8020F521E1E
:10506000FAD16146621A002A0DDD1944491E12F078
:10507000010F18BF01F8010F521004D0487001F859
:10508000020F521EFAD16D1C3344AF42DCDCBDE886
:10509000F88FFAF7D7F9D8F800804FF00009002F01
:1050A000CCBF00FB05F3BDE8F88F002C30DD7DB3ED
:1050B000A8F1010114F0010F0ED0FD2D28BF48709A
:1050C00009D200E02BE091F801C0C5F1FF020CFB12
:1050D0000232120A4A70491C621019D0FD2D24BFF9
:1050E0004870887011D291F801A0C5F1FF0C0AFB3D
:1050F0000C3A4FEA1A2A81F801A091F802A00AFBA3
:105100000C3C4FEA1C2C81F802C0891C521EE5D1D0
:1051100009F10109B044B945C7DBBDE8F88FFAF7DA
:1051200091F9D8F800C003464FF0000A002FD8BF0D
:10513000BDE8F88F002C19DDC84660464FEA04022E
:1051400018F8011B6943090A0DD0FD2928BF037017
:1051500009D290F800B0C1F1FF0E0BFB0EFB03FB70
:1051600001B1090A0170401C521EE9D100980AF1F0
:10517000010AB44481445745DCDCBDE8F88F0000E7
:105180002DE9F04F054685B0D5E901700090A8697A
:10519000FAF7F8F98046D5E9046095F81B9001907C
:1051A0002C68E8680290002E56D00098B9F1FD0FE7
:1051B0004FF0000AC0F008810028CEBFA7F1020915
:1051C00005B0BDE8F08F002516F0010F06D032784B
:1051D00021884046F9F74AFF208001254D451BDC18
:1051E000705BA0F57F41FF392FD090B1725D34F82C
:1051F00015104046F9F73AFF24F81500701904EB32
:10520000450B4278BBF802104046F9F72FFFABF888
:105210000200AD1C4D45E3DDAF420ADD725D34F89E
:1052200015104046F9F722FF24F815006D1CAF4217
:10523000F4DC02980AF1010A04440198064400983B
:105240008245C0DB05B0BDE8F08F04EB450024F8D3
:105250001580A0F80280DCE7B9F1FD0F58D3009863
:1052600000230028DCBF05B0BDE8F08F781E20F0D9
:105270000F0C08EB084500BF04EB470604EB4C009D
:1052800014F0030F18BF24F8028B2A46001B1C30B1
:105290008010C11700EB51704FEAE009B9F1000F1F
:1052A000C4BF2146484613DD41F8042B401E41F897
:1052B000042B41F8082B41F8042C41F8102B41F83D
:1052C0000C2C41F8082C41F8042CEDD104EB4914C6
:1052D000311B002911DDA01E11F0020F18BF20F8AC
:1052E000028F8A1006D000BFA0F8028020F8048F39
:1052F000521EF9D121F00100044402985B1C2044A5
:10530000A0EB470400989842B6DC05B0BDE8F08FEA
:10531000208800F1010B00200390019000980028E4
:10532000CEBFA7F1020A05B0BDE8F08F002514F04A
:10533000030F06D021884A464046F9F797FE2080A1
:105340000125554528DA00BF04EB450634F8151051
:10535000708881420CD04A464046F9F787FE24F80F
:10536000150071884A464046F9F780FE708010E0CB
:105370003068584504BF039830600AD0D6F800B0B2
:105380004A464046F9F772FE24F8150070803068EE
:105390000390AD1C5545D7DBAF420ADD34F815103C
:1053A0004A464046F9F762FE24F815006D1CAF42EC
:1053B000F4DC0298009904440198401C0190884252
:1053C000B4DB05B0BDE8F08F0028DCBF05B0BDE858
:1053D000F08F0025002F0DDD705D34F8151000FBF7
:1053E00009F0020A4046F9F741FE24F815006D1C49
:1053F000AF42F1DC02980AF1010A04440198064424
:1054000000988245E5DB05B0BDE8F08F2DE9F04F4F
:105410008246C67EDAE90195DAE9048085B00C4659
:105420000290DAF80C70B8F1000F30D0DAF81800FA
:10543000FD2EC0F02181FAF7B3F8DAF8001000224F
:10544000009109FB04F10192002DDCBF05B0BDE81D
:10545000F08F00F0FF0AC0F30729C0F307460819D0
:10546000401E0390B0FBF4F2002A1CBF4346009894
:1054700000F0F48013F8011B002900F0EB80FD29F7
:1054800078D380F800A080F801908670E2E0FD2ECD
:1054900072D3032C3DD004291CBF05B0BDE8F08FAA
:1054A000DAF81800FAF77CF80024DAF800C0002DCA
:1054B000DCBF05B0BDE8F08F4FEAE97109EB11716F
:1054C00009110B010021002BC4BFACF104015A10DB
:1054D00005DD486041F8080F521EFAD11946A9EBC4
:1054E0000102002A0EDD0CEB8101091F12F0010FF1
:1054F00018BF41F8040F521004D0486041F8080F5B
:10550000521EFAD1641CBC44A542DBDC05B0BDE8E8
:10551000F08F09EB4909854909F1020081FB001070
:10552000A0EBE070DAF800B00028C8BF5C460DDDE3
:105530009AF8181004F8011B9AF8191004F8011BC6
:105540009AF81A1004F8011B401EF1D101260BEB4A
:105550000708012DDCBF05B0BDE8F08F4A4659466B
:10556000404610F049FB761CB844B542F6DC05B065
:10557000BDE8F08F51E0FFE7DAF81800FAF710F80D
:10558000DAF800100022009109FB04F10192002DCD
:10559000EDDD00F0FF08C0F3072CC0F30743081946
:1055A000401E08FB06FB0CFB06FA03FB06F9029003
:1055B000B0FBF4F1002E1CBF0029009822D0FD2E74
:1055C00005D380F8008080F801C0837017E090F860
:1055D00000E0C6F1FF020EFB02BE4FEA1E2E80F86D
:1055E00000E090F801E00EFB02AE4FEA1E2E80F8BC
:1055F00001E090F802E00EFB0292120A8270204451
:10560000491EDCD10098384400900198401C01905C
:10561000A842B8BF0298CBDBA9E790F800E0C1F13F
:10562000FF0C0AFB01FB0EFB0CBB4FEA1B2B80F8A7
:1056300000B090F801E009FB01FB0EFB0CBB4FEA48
:105640001B2B80F801B090F802B071430BFB0C11DA
:10565000090A81702044521E7FF40CAF0098384430
:105660000090029880440198401C0190A842B8BF65
:105670000398FFF6F7AE7AE7F9F792FFDAF8001031
:105680000022009109FB04F10192002D7FF76FAF1A
:105690002144491E0491C1B2C0F3072AC0F307494F
:1056A00003910498B0FBF4F2002A1CBF4346009813
:1056B00031D000BF13F8011B7143090A28D0FD291E
:1056C00006D30399017080F801A080F802901FE0D2
:1056D000DDF80CB090F800E0C1F1FF0C0BFB01FB12
:1056E0000EFB0CBB4FEA1B2B80F800B090F801E0DA
:1056F0000AFB01FB0EFB0CBB4FEA1B2B80F801B031
:1057000090F802B009FB01F10BFB0C11090A817042
:105710002044521ECED10098384400900298804414
:105720000198401C0190A842BBDB20E75655555517
:105730002DE9F04F814690F8200093B0102800F03A
:10574000E38111DC062800F04983072800F070850A
:105750000F281CBF13B0BDE8F08F032113B04846DB
:10576000BDE8F04F21F0F6B8112800F0C6811228EC
:1057700063D015281CBF13B0BDE8F08FD9E90170C4
:10578000049099F821B0D9F80050D9F80C00109085
:10579000D9E906400D90D9E904600DF1380A0C9062
:1057A00002220021504610F09FFB022200210AF144
:1057B000020010F099FB022200210AF1040010F00F
:1057C00093FBFF208DF83E008DF83F0099F82200F2
:1057D000002800F043840020039004980028DCBFD8
:1057E00013B0BDE8F08F00BF4FF0000A002F40F368
:1057F0000E8500BF04EB4A00002E0088ADF80400BF
:1058000000F0D6849DF8051016F80A00484300FB06
:105810000BF0000C8DF8050099F82230019805EB8B
:105820004A010EAA012B00F0CB84022B00F0D08499
:10583000032B00F0D88400F0E5BCD9E90170069094
:1058400099F821B0D9F80040D9F80C000F90D9E9A7
:1058500006500E90D9E904600DF1300A0290022240
:105860000021504610F040FB022200210AF1020004
:1058700010F03AFB022200210AF1040010F034FB80
:105880004FF0FF0A8DF836A08DF837A099F8220066
:1058900090B30020059006980028DCBF13B0BDE847
:1058A000F08F00BF4FF0000A002F40F3148100BFBB
:1058B00005EB4A010988ADF828100A98F9F77EFB34
:1058C0000146204661F30700002E08BF6BF30F204E
:1058D00006D016F80A1001FB0BF1090A61F30F203C
:1058E00099F8223004EB4A010CAA012B7DD0022B3F
:1058F0007CD0032B7BD0E9E0FFE7AEB30698BBF189
:10590000FD0F4FF0000A73D30028DCBF13B0BDE8D1
:10591000F08F00BF4FF00008002F17DD05EB4800A7
:105920000088ADF824000998F9F748FB60F30709EF
:1059300016F80810484661F30F2004EB48010CAA42
:10594000F9F7B8FB08F101084745E7DC0F980AF1C1
:10595000010A04440E9805440298064406988245BC
:10596000D8DB13B0BDE8F08FFFE7BBF1FD0F28D304
:1059700006984FF000080028DCBF13B0BDE8F08F98
:105980000026002F11DD00BF05EB46000088ADF8B2
:1059900008000298F9F712FB04F8160004EB460021
:1059A000761C80F801A0B742EEDC0F9808F10108E0
:1059B00004440E98054406988045E1DB13B0BDE829
:1059C000F08F06984FF000090028DCBF13B0BDE847
:1059D000F08F0026002F19DD05EB46000088ADF89A
:1059E00010000498F9F7EAFA03E04EE055E05FE0B2
:1059F00018E060F3070840466BF30F2004EB460104
:105A00000CAAF9F757FB761CB742E5DC0F9809F1B1
:105A1000010904440E98054406988145D9DB13B06A
:105A2000BDE8F08F0028DCBF13B0BDE8F08F00BFE9
:105A30004FF00008002F1ADD05EB48000088ADF894
:105A400028000A98F9F7BAFA16F8081060F307095F
:105A500001FB0BF14846090A61F30F2004EB4801F2
:105A60000CAAF9F727FB08F101084745E4DC0F9879
:105A70000AF1010A04440E98054402980644069867
:105A80008245D5DB13B0BDE8F08F0B7800F0FF0C3A
:105A90006344FF2B28BFFF2307E00B7800F0FF0CC7
:105AA000A3EB0C03002BD8BF002363F3070807E028
:105AB0000B7800F0FF0C03FB0CF31B0A63F30708E1
:105AC000000A60F30F284046F9F7F4FA0AF1010AD8
:105AD000BA45FFF6EDAE002E1CBF029806440F98A3
:105AE000069904440E9805440598401C0590884288
:105AF000FFF6D8AE13B0BDE8F08F13B04846BDE84E
:105B0000F04F042120F026BFD9E90170069099F8E2
:105B100021A0D9F80050D9F80C000F90D9E906401F
:105B20000E90D9E904600DF130080890022200219E
:105B3000404610F0D9F90222002108F1020010F0CD
:105B4000D3F90222002108F1040010F0CDF9FF2062
:105B50008DF836008DF8370099F82200A0B30020A8
:105B6000099006980028DCBF13B0BDE8F08F00BF95
:105B70004FF00008002F7DDD04EB880BDBF8000000
:105B8000F9F762FA0146284661F307009BF8031013
:105B9000002E61F30F2004BF01FB0AF1090A05D0B2
:105BA00016F80820514301FB0AF1090C99F822303C
:105BB00061F30F2005EB48010CAA012B71D0022BD9
:105BC00070D0032B6FD0F3E0FFE7BEB3BAF1FD0F47
:105BD0006AD306984FF0000A0028DCBF13B0BDE876
:105BE000F08F00BF4FF00008002F19DD04EB88098B
:105BF000D9F80000F9F728FA99F8032016F80810E8
:105C000060F3070B51435846090A61F30F2005EB77
:105C100048010CAAF9F74EFA08F101084745E5DCFE
:105C20000F980AF1010A05440E98044408980644A6
:105C300006988245D6DB13B0BDE8F08FFFE70698E3
:105C4000BAF1FD0F4FF000092FD30028DCBF13B0CD
:105C5000BDE8F08F0026002F17DD00BF04EB860A99
:105C6000DAF80000F9F7F0F960F3070840469AF80F
:105C7000031000E0A1E061F30F2005EB46010CAA40
:105C8000F9F718FA761CB742E8DC0F9809F1010918
:105C900005440E98044406988145DBDB13B0BDE84B
:105CA000F08F5CE065E072E026E00028F6DD00267B
:105CB000002F17DD04EB8608D8F80000F9F7C4F9C7
:105CC00098F8031060F3070B01FB0AF15846090A24
:105CD00061F30F2005EB46010CAAF9F7EBF9761CEE
:105CE000B742E7DC0F9809F1010905440E98044416
:105CF00006988145DBDBD1E706984FF0000B0028C2
:105D0000CCDD00BF4FF00008002F1CDD04EB88093C
:105D1000D9F80000F9F798F9294660F30701084619
:105D200099F8031016F80820514301FB0AF1090CF9
:105D300061F30F2005EB48010CAAF9F7BBF908F154
:105D400001084745E2DC0F980BF1010B05440E9862
:105D500004440898064406988345D3DB9EE70B78F5
:105D600000F0FF0C9C44BCF1FF0F28BF4FF0FF0C6C
:105D700009E00B7800F0FF0CA3EB0C0CBCF1000F5A
:105D8000D8BF4FF0000C0B9B6CF3070309E00B78B6
:105D900000F0FF0C03FB0CF34FEA132C0B9B6CF38E
:105DA0000703000A60F30F2318460B93F9F782F9F3
:105DB00008F10108B845FFF6DFAE002E1CBF0898B9
:105DC00006440F98069905440E9804440998401C0F
:105DD00009908842FFF6CCAE60E700BFD9E90170B8
:105DE000079099F821B0D9F80040D9F80C000F902D
:105DF000D9E906500E90D9E904600DF1300A0890F7
:105E000002220021504610F06FF8022200210AF110
:105E1000020010F069F8022200210AF1040010F0DB
:105E200063F8FF208DF836008DF8370099F82210BE
:105E300031B300200690079800287FF72FAF00BFEE
:105E40004FF0000A002F7DDD15F80A10002E61F3D7
:105E5000070008BF6BF30F2006D016F80A1001FBED
:105E60000BF1090A61F30F2099F8223004EB4A0183
:105E70000CAA012B67D0022B66D0032B7DD0D8E073
:105E80004EB30798BBF1FD0F4FF0000976D3002801
:105E90007FF704AF4FF00008002F10DD15F8081051
:105EA0000CAA61F3070016F8081061F30F2004EB49
:105EB0004801F9F7FFF808F101084745EEDC0F98B3
:105EC00009F1010904440E9805440898064407980E
:105ED0008145DFDBE2E6BBF1FD0F3FD307990026EA
:105EE0000029C8BFA7F101097FF7D8AEB9F1000FAB
:105EF0001EDD6A1EA31E611E17F0010F05D112F8E8
:105F000001CF03F802CF01F8020F92F801805FEA97
:105F1000690C0DD012F802AF83F80280887092F8F5
:105F2000018003F804AF01F8040FBCF1010CF1D1BA
:105F30005FEA090105D46A5C04F8112004EB490109
:105F4000487002E07AE053E05AE00F99761C0C4466
:105F50000E990D4407998E42C8DB9FE607984FF0D3
:105F6000000800287FF79AAE0026002F0FDDA95DFC
:105F700061F307006BF30F2001E04CE011E004EB4C
:105F800046010CAAF9F796F8761CB742EFDC0F9899
:105F900008F1010804440E98054407988045E3DBA6
:105FA0007CE600287FF77AAE4FF00008002F13DD63
:105FB00015F808100CAA61F3070016F8081001FB89
:105FC0000BF1090A61F30F2004EB4801F9F772F8AD
:105FD00008F101084745EBDC0F9809F10109044479
:105FE0000E9805440898064407988145DCDB55E681
:105FF00091F800C0C3B26344FF2B28BFFF2307E022
:106000000B7800F0FF0CA3EB0C03002BD8BF002390
:1060100063F3070807E00B7800F0FF0C03FB0CF3B9
:106020001B0A63F30708000A60F30F284046F9F7DC
:1060300041F80AF1010ABA45FFF606AF002E1CBF6F
:10604000089806440F98079904440E98054406984A
:10605000401C06908842FFF6F3AE1FE67EB304981C
:10606000BBF1FD0F4FF0000974D300287FF716AE87
:106070004FF00008002F16DD04EB48000EAA008840
:10608000ADF804009DF8050016F808104843000A12
:106090008DF8050005EB48010198F9F70BF808F1B8
:1060A00001084745E8DC109809F1010905440D98FD
:1060B00004440C98064404988145D9DBEEE5FFE7DB
:1060C0000498BBF1FD0F4FF000081DD300287FF7A7
:1060D000E5AD0026002F0DDD04EB460005EB460183
:1060E0000088ADF804000EAA0198F8F7E3FF761CCB
:1060F000B742F1DC109808F1010805440D980444FA
:1061000004988045E5DBC9E500287FF7C7AD002688
:10611000002F14DD04EB460005EB46010088ADF8C6
:1061200004009DF805000EAA00FB0BF0000A8DF894
:1061300005000198F8F7BEFF761CB742EADC10981C
:1061400008F1010805440D98044404988045DEDBFD
:10615000A4E5FFE700287FF7A1AD00BF4FF00008DE
:10616000002F18DD04EB48000EAA0088ADF80400EB
:106170009DF8051016F80800484300FB0BF0000CD2
:106180008DF8050005EB48010198F8F793FF08F139
:1061900001084745E6DC109809F1010905440D980E
:1061A00004440C98064404988145D7DB76E500BF8B
:1061B0009DF8050000FB0BF0000AFFF72BBB00BFAA
:1061C00091F800C0C3B26344FF2B28BFFF2307E050
:1061D0000B7800F0FF0CA3EB0C03002BD8BF0023BF
:1061E00063F3070807E00B7800F0FF0C03FB0CF3E8
:1061F0001B0A63F30708000A60F30F284046F8F70C
:1062000059FF00BF0AF1010ABA45FFF6F3AA002EB2
:106210001CBF0C9806441098049905440D9804443A
:106220000398401C03908842FFF6DEAA36E500BFC3
:10623000D9E9016899F821A0D9F80040D9F80C00F3
:106240000D90D9E90505D9F810B0D9F81C7009905E
:106250000AA80222002100900FF046FE00980222B8
:106260000021801C0FF040FE009802220021001D3A
:106270000FF03AFEFF208DF82E008DF82F0099F8D0
:10628000221000297FF40AADBBF1000F38D0BAF11B
:10629000FD0F7DD34FF0000AB8F1000F7FF7FEAC81
:1062A0004FF00009002E21DD4FEAE97109EB517131
:1062B00005EBE10221F007011278A9EB0101C1F120
:1062C000070122FA01F101F00101C1EB012161F3A3
:1062D00007001BF809100AAA61F30F2004EB49011B
:1062E000F8F7E8FE09F101094E45DDDC0D980AF1E9
:1062F000010A044409983D448344C245D0DBCDE4FF
:10630000BAF1FD0F4FF0000B2FD3B8F1000FC8BF4B
:1063100082467FF7C3AC002E1FDD621C21460020A1
:106320004FEA06034FEAE07905EBE00C00EB597900
:1063300029F007099CF800C0A0EB0909C9F1070979
:106340002CFA09FC0CF0010CCCEB0C2C01F802CB64
:10635000401C02F802AB5B1EE4D10D980BF1010B5F
:1063600004443D44D845D6DC98E4B8F1000F7FF7EB
:1063700095AC00BF4FF00009002E21DD4FEAE97116
:1063800009EB517105EBE10221F00701127800E001
:106390001EE0A9EB0101C1F1070122FA01F101F0B0
:1063A0000101C1EB012161F307006AF30F2004EB47
:1063B00049010AAAF8F77EFE09F101094E45DDDC24
:1063C0000D980BF1010B04443D44C345D2DB65E459
:1063D00000200190B8F1000F7FF760AC4FF000098A
:1063E000002E24DD4FEAE97109EB517105EBE10262
:1063F00021F007011278A9EB0101C1F1070122FA8E
:1064000001F101F00101C1EB012161F307001BF86B
:1064100009100AAA01FB0AF1090A61F30F2004EB33
:106420004901F8F747FE09F101094E45DADC0D98FC
:106430003D440444099883440198401C0190404520
:10644000CCDB2BE42DE9F04F804690F8200097B08C
:10645000102800F0478211DC062800F0CF830728BF
:1064600000F08E870F281CBF17B0BDE8F08F032106
:1064700017B04046BDE8F04F20F0E6BB112800F011
:106480002A82122869D015281CBF17B0BDE8F08FEA
:10649000D8E90170079098F821001590D8F80050BD
:1064A000D8F80C001490D8E906401390D8E904609D
:1064B000019098F82200002800F09B850DF13C091E
:1064C0000422002148460FF00FFD0422002109F1AB
:1064D00004000FF009FD0422002109F108000FF06B
:1064E00003FDFF208DF848008DF84900002008903A
:1064F00007980028DCBF17B0BDE8F08F4FF0000B05
:10650000DA46002F40F3298714F81A100998002E54
:1065100061F3174061F30F2061F3070004EB4A01B8
:1065200000F0A486497816F80B205143159A514380
:10653000090C61F31F600990014698F8220005EBF1
:106540008B090FAA012800F09B86022800F0B8866C
:10655000032800F0D58600F0F9BED8E901A0099023
:1065600098F821000590D8F80060D8F80C00139036
:10657000D8E906501290D8E904700DF138090C9052
:106580000422002148460FF0AFFC0422002109F14B
:1065900004000FF0A9FC0422002109F108000FF00B
:1065A000A3FCFF208DF844008DF8450098F82200E8
:1065B000E8B300200D9009980028DCBF17B0BDE8B3
:1065C000F08F00BF4FF0000BBAF1000F40F3718164
:1065D00035F81B0040F63A02C10A5143090A61F33B
:1065E0001744C0F3451240F20D415143090A61F3CB
:1065F0000F2400F01F0140F63A004843000A60F300
:106600000704002F08BF059804D017F80B10059851
:106610004843000A60F31F6498F8220006EB8B09D8
:106620000EAA01287ED002287DD0032800E003E0D6
:1066300000F0188100F038B90598EFB3FD280998EB
:106640004FF0000970D30028DCBF17B0BDE8F08F11
:106650004FF00008BAF1000F2BDD00BF17F808005B
:1066600040F63A0160F31F6435F8180006EB880B1A
:10667000C20A5143090A61F31744C0F3451140F2BD
:106680000D425143090A61F30F2400F01F0140F647
:106690003A004843000A60F30704DBF800100EAA32
:1066A0002046F8F7ABFD08F10108CBF80000C24521
:1066B000D4DC1398064400E00BE0129809F10109BC
:1066C00005440C98074409988145C1DB17B0BDE823
:1066D000F08F60F31F6409984FF000080028DCBFBA
:1066E00017B0BDE8F08F0027BAF1000F2ADD00BF18
:1066F00035F8171040F63A00CA0A5043000A60F312
:106700001744C1F3451040F20D425043000A60F3B4
:106710000F2401F01F0040F63A014843000A60F3DD
:10672000070402E062E080E018E006EB87090EAAA9
:10673000D9F800102046F8F761FD7F1CC9F8000069
:10674000BA45D5DC139808F10108064412980544AF
:1067500009988045C7DB17B0BDE8F08F0028DCBF83
:1067600017B0BDE8F08F00BF4FF00008BAF1000F7E
:106770002EDD00BF17F80810059806EB880B48437C
:10678000000A60F31F6435F8180040F63A01C20AA7
:106790005143090A61F31744C0F3451240F20D4119
:1067A0005143090A61F30F2400F01F0040F63A013B
:1067B0004843000A60F30704DBF800100EAA2046E5
:1067C000F8F71CFD08F10108CBF80000C245D1DC48
:1067D000139809F101090644129805440C980744DE
:1067E00009988145C0DB17B0BDE8F08F99F8021019
:1067F000C4F307400144FF2928BFFF21049899F8FA
:10680000013061F31740C4F307211944FF2928BF61
:10681000FF2161F30F2099F80030E1B21944FF29FC
:1068200028BFFF2161F3070034E099F80210C4F398
:106830000740091A0029D8BF0021049899F80130AF
:1068400061F31740C4F30721591A0029D8BF00216A
:1068500061F30F2099F80030E1B2591A0029D8BF2E
:106860000021DFE799F80210C4F307404843010A0A
:10687000049899F8013061F31740C4F30721594394
:10688000090A61F30F2099F80030E1B25943090A6F
:1068900061F30700210E61F31F600490D9F8001026
:1068A000F8F7ACFCC9F800000BF1010BD345FFF67B
:1068B0008FAE002F1CBF0C9807441398099906440B
:1068C000129805440D98401C0D908842FFF67AAE50
:1068D00017B0BDE8F08F17B04046BDE8F04F042177
:1068E00020F0B2B9D8E901900B9098F821B0D8F80F
:1068F0000050D8F80C001390D8E906401290D8E95F
:1069000004600EAF0D900422002138460FF0ECFA1F
:1069100004220021381D0FF0E7FA0422002107F1BC
:1069200008000FF0E1FAFF208DF844008DF84500D3
:1069300098F8220040B3002007900B980028DCBF95
:1069400017B0BDE8F08F00BF4FF0000AB9F1000F9B
:1069500040F3418104EB8A00002E016871D016F8E3
:106960000A000A0E504300FB0BF0000C60F31F619D
:1069700098F8220005EB8A070EAA01287DD002288C
:106980007CD003287BD021E18EB3BBF1FD0F77D300
:106990000B984FF000080028DCBF17B0BDE8F08F5F
:1069A0000027B9F1000F14DD04EB8700F25D0068E9
:1069B00005EB870A010E5143090A61F31F60DAF8FB
:1069C00000100EAAF8F71AFC7F1CCAF80000B9459F
:1069D000EADC139808F101080544129804440D9864
:1069E00006440B988045DBDB17B0BDE8F08FFFE76E
:1069F000BBF1FD0F26D30B984FF000080028DCBF39
:106A000017B0BDE8F08F0026B9F1000F0DDD00BF13
:106A100005EB860704EB8600396800680EAAF8F7D4
:106A2000EDFB761C3860B145F2DC139808F10108E3
:106A30000544129804440B988045E4DB17B0BDE888
:106A4000F08F62E00B9800270028DCBF17B0BDE88C
:106A5000F08F0026B9F1000F1ADD00BF04EB8600AD
:106A600005EB860800680EAA010E01FB0BF1090A6E
:106A700061F31F60D8F8001003E04BE068E085E0A8
:106A800011E0F8F7BBFB761CC8F80000B145E5DC67
:106A900013987F1C0544129804440B988742D8DB56
:106AA00017B0BDE8F08F0B984FF0000A0028DCBF4C
:106AB00017B0BDE8F08F0027B9F1000F17DD00BF58
:106AC00004EB8700F25D006805EB8708010E514377
:106AD00001FB0BF1090C61F31F60D8F800100EAA3E
:106AE000F8F78CFB7F1CC8F80000B945E8DC139868
:106AF0000AF1010A0544129804440D9806440B98C3
:106B00008245D8DB17B0BDE8F08F080E00FB0BF014
:106B1000000A2BE7B878C1F307430344FF2B28BFD3
:106B2000FF230A9897F801C063F31740C1F30723C6
:106B30006344FF2B28BFFF2363F30F2097F800C0A7
:106B4000CBB26344FF2B28BFFF2363F3070035E07C
:106B5000BB78C1F307401B1A002BD8BF00230A984B
:106B600097F801C063F31740C1F30723ACEB0303AD
:106B7000002BD8BF002363F30F2097F800C0CBB2DF
:106B8000ACEB0303002BD8BF0023DEE7B878C1F3DA
:106B900007435843030A0A98C1F3072C63F31740CD
:106BA0007B7803FB0CF31B0A63F30F203B7801F0A7
:106BB000FF0C03FB0CF31B0A63F30700090E61F3E0
:106BC0001F600A903968F8F719FB38600AF1010A6A
:106BD000CA45FFF6BFAE002E1CBF0D9806441398A1
:106BE0000B990544129804440798401C079088426A
:106BF000FFF6AAAE17B0BDE8F08F00BFD8E901607C
:106C0000069098F821000C90D8F80040D8F80C00B5
:106C10000F90D8E906501090D8E90470079098F8C2
:106C20002200E8B30DF144090422002148460FF088
:106C30005BF90422002109F104000FF055F9042248
:106C4000002109F108000FF04FF9FF208DF85000E6
:106C50008DF851000020039006980028DCBF17B083
:106C6000BDE8F08F4FF0000BDA46002E40F3AF8105
:106C700015F80A100598002F61F3174061F30F20F3
:106C800061F307007ED017F80B200C995143090AD5
:106C900061F31F60CDF8140004EB8B09014600E09E
:106CA0000AE098F8220011AA01286CD002286BD0C3
:106CB00003286AD000F084B90C9827B3FD28069801
:106CC0004FF000037ED30028CEBF4FF0FF0917B06E
:106CD000BDE8F08F00221146002E74DD17F8018008
:106CE00015F801A004EB8200B8F1000F6CD080F819
:106CF0000390B8F1FD0F79D380F802A080F801A0CD
:106D000080F800A08EE0FD2828D3069800220028F5
:106D1000DCBF17B0BDE8F08F002E14DD2B46E71C5A
:106D200004F1020904F1010C2046B04613F8011BDE
:106D300007F8041B09F8041B0CF8041B00F8041BDB
:106D4000B8F10108F2D10F98521C04441098054480
:106D500006989042E0DC17B0BDE8F08F0698002757
:106D60000028CEBF4FF0FF0917B0BDE8F08F00BF7D
:106D70004FF0000C6246002E2DDDAB5C04EB8C0066
:106D80000C9903E0B2E0B6E0D5E0F4E0C9B180F8D8
:106D90000390FD2903D383704370037011E0C1F1A8
:106DA000FF085943837803FB08131B0A8370437859
:106DB00003FB08131B0A4370037803FB0811090A3D
:106DC000017003E041E032E02CE00FE0521C0CF1D6
:106DD000010CB242D1DB0F987F1C0444109805448B
:106DE00006988742C4DB17B0BDE8F08FC8F1FF0CEE
:106DF0000AFB08F890F802A00AFB0C8A4FEA1A2A4C
:106E000080F802A090F801A00AFB0C8A4FEA1A2A27
:106E100080F801A090F800A00AFB0C8C4FEA1C2C13
:106E200080F800C0491C521CB142FFF657AF0F98C2
:106E30005B1C044410980544079807440698834255
:106E4000FFF648AF17B0BDE8F08F0028CEBF4FF077
:106E5000FF0917B0BDE8F08F00221146002E38DD83
:106E600017F801C0DDF8308015F801A00CFB08FC14
:106E700004EB82005FEA1C2827D080F80390B8F169
:106E8000FD0F06D380F802A080F801A080F800A0D2
:106E90001BE0C8F1FF0C0AFB08F890F802A00AFBFF
:106EA0000C8A4FEA1A2A80F802A090F801A00AFB87
:106EB0000C8A4FEA1A2A80F801A090F800A00AFB79
:106EC0000C8C4FEA1C2C80F800C0491C521CB142AB
:106ED000C6DB0F985B1C04441098054407980744D0
:106EE00006988342B8DB17B0BDE8F08F0C9961F3C8
:106EF0001F600590D0E699F80200C1F307430344F0
:106F0000FF2B28BFFF23029899F801C063F31740B5
:106F1000C1F307236344FF2B28BFFF2363F30F2034
:106F200099F8003001F0FF0C6344FF2B28BFFF23CA
:106F300063F307003AE099F80200C1F30743C31A6C
:106F4000002BD8BF0023029899F801C063F31740C3
:106F5000C1F30723ACEB0303002BD8BF002363F37B
:106F60000F2099F8003001F0FF0CA3EB0C03002B6D
:106F7000D8BF0023DCE799F80200C1F30743584368
:106F8000030A0298C1F3072C63F3174099F8013004
:106F900003FB0CF31B0A63F30F2099F8003001F098
:106FA000FF0C03FB0CF31B0A63F30700090E61F3EC
:106FB0001F600290D9F80010F8F720F9C9F8000016
:106FC0000AF1010A0BF1010BB245FFF651AE002F99
:106FD0001CBF079807440F9806990444109805446D
:106FE0000398401C03908842FFF63CAE17B0BDE802
:106FF000F08F15983EB3FD287ED307984FF0000818
:107000000028CEBF4FF0FF0A17B0BDE8F08F00BFD9
:107010004FF0000C6146002F6FDD00BF04EB410212
:1070200016F80190527814F8113002FB09F205EBC2
:107030008C00120A7ED080F803A0FD2A7BD38370D7
:1070400043700370A4E0FD2807984FF000083CD37C
:107050000028CEBF4FF0FF0917B0BDE8F08F002623
:107060003146002F25DD00BF04EB410314F8112049
:107070005B7805EB8600C3B180F80390FD2B24BF3D
:107080008270427010D2C3F1FF0C5A43837803FB25
:107090000C231B0A8370437803FB0C231B0A4370E9
:1070A000037803FB0C22120A0270491C761CB942B9
:1070B000DADB149808F10108054413980444079892
:1070C0008045CCDB17B0BDE8F08F0028CEBF4FF075
:1070D000FF0917B0BDE8F08F00231946002F39DDF6
:1070E00004EB4102159E527814F811C0724305EB6F
:1070F0008300120A2AD001E05FE04FE080F803909D
:10710000FD2A06D380F802C080F801C080F800C0D4
:107110001CE0C2F1FF060CFB02F290F802C00CFB6F
:10712000062C4FEA1C2C80F802C090F801C00CFB22
:10713000062C01E02CE019E04FEA1C2C80F801C07D
:1071400090F800C00CFB0622120A0270491C5B1C5E
:10715000B942C5DB149808F10108054413980444AA
:1071600007988045B8DB17B0BDE8F08FC2F1FF0982
:107170005A43837803FB09231B0A8370437803FB7C
:1071800009231B0A4370037803FB0922120A0270C9
:10719000491C0CF1010CB942FFF640AF149808F1FC
:1071A0000108054413980444019806440798804553
:1071B000FFF62EAF17B0BDE8F08F07980023002828
:1071C000CEBF4FF0FF0917B0BDE8F08F0022114687
:1071D000002F3EDD04EB410C16F801809CF801C045
:1071E00014F811A00CFB08FCDDF8548005EB8200BC
:1071F0000CFB08FC5FEA1C4827D080F80390B8F12C
:10720000FD0F06D380F802A080F801A080F800A04E
:107210001BE0C8F1FF0C0AFB08F890F802A00AFB7B
:107220000C8A4FEA1A2A80F802A090F801A00AFB03
:107230000C8A4FEA1A2A80F801A090F800A00AFBF5
:107240000C8C4FEA1C2C80F800C0491C521CB9421F
:10725000C0DB14985B1C0544139804440198064451
:1072600007988342B2DB17B0BDE8F08F4A781599D2
:107270005143090A61F31F600990FFF75DB900BF30
:1072800099F80200C1F307430344FF2B28BFFF23F3
:107290000498C1F3072C63F3174099F80130634455
:1072A000FF2B28BFFF2363F30F2099F800C0CBB258
:1072B0006344FF2B28BFFF2363F307003BE000BFBD
:1072C00099F80200C1F30743C31A002BD8BF00236B
:1072D0000498C1F3072C63F3174099F80130A3EB2E
:1072E0000C03002BD8BF002363F30F2099F800C0D4
:1072F000CBB2ACEB0303002BD8BF0023DCE700BF0D
:1073000099F80200C1F307435843030A0498C1F3F4
:10731000072C63F3174099F8013003FB0CF31B0AA9
:1073200063F30F2099F8003001F0FF0C03FB0CF31E
:107330001B0A63F30700090E61F31F600490D9F87C
:107340000010F7F75BFFC9F8000000BF0AF1010A5F
:107350000BF1010BBA45FFF6D7A8002E1CBF019810
:107360000644149807990544139804440898401C4F
:1073700008908842FFF6C2A817B0BDE8F08F00BFA2
:10738000D8E901600D9098F821000E90D8F80040DF
:10739000D8F80C001590D8E906501490D8E904707C
:1073A0000F9098F82200E0B30DF14009042200216B
:1073B00048460EF099FD0422002109F104000EF068
:1073C00093FD0422002109F108000EF08DFDFF203D
:1073D0008DF84C008DF84D0000200A900D98002883
:1073E000DCBF17B0BDE8F08F4FF0000BDA46002E7F
:1073F00040F3E1814FEAEA700AEB507005EBE001DF
:1074000020F007000978AAEB0000C0F1070021FA7C
:1074100000F000F00100C0EB0021019861F317407B
:1074200000E01AE061F30F2061F30700002F7DD028
:1074300017F80B200E995143090A61F31F60019060
:10744000014698F8220004EB8B0910AA01286ED09F
:1074500002286DD003286CD0A6E10E98EFB3FD286A
:107460000D984FF000087DD30028CEBF4FF0FF0AE3
:1074700017B0BDE8F08F00BF4FF0000C6046002E43
:1074800035DDC11700EB517105EBE10221F0070179
:107490001278411AC1F1070122FA01F101F001014C
:1074A000C1EB0121CAB23B5C04EB8C01D3B181F882
:1074B00003A0FD2B24BF8A704A7012D2C3F1FF09CA
:1074C0005A438B7803FB09231B0A8B704B7803FB11
:1074D00009231B0A4B700B7800E016E003FB09221E
:1074E000120A0A70401C0CF1010CB042C9DB15985D
:1074F00008F101080444149805440F9807440D98B6
:107500008045B9DB17B0BDE8F08FFD280D984FF02E
:1075100000073FD30028DCBF17B0BDE8F08F002E76
:107520002DDD04F1030904F1020803E0D2E0D6E006
:10753000F5E014E1631C21460020B4464FEAE07AEE
:1075400005EBE00200EB5A7A2AF0070A1278A0EB6A
:107550000A0ACAF1070A22FA0AF202F00102C2EB91
:10756000022200E062E009F8042B08F8042B03F87B
:10757000042B401C01F8042BBCF1010CDED1159842
:107580007F1C0444149805440D98B842C7DC17B01A
:10759000BDE8F08F0028CEBF4FF0FF0817B0BDE860
:1075A000F08F00BF4FF0000C6046002E33DDC11796
:1075B00000EB517105EBE10221F007011278411A4D
:1075C000C1F1070122FA01F101F00101C1EB012132
:1075D000CAB20E9B04EB8C01C3B181F80380FD2B72
:1075E00024BF8A704A7010D2C3F1FF095A438B78C6
:1075F00003FB09231B0A8B704B7803FB09231B0A2F
:107600004B700B7803FB0922120A0A70401C0CF124
:10761000010CB042CBDB15987F1C04441498054440
:107620000D988742BEDB17B0BDE8F08F0028CEBFB3
:107630004FF0FF0A17B0BDE8F08F00BF4FF0000C0D
:107640006046002E38DDC11700EB517105EBE102F9
:1076500021F007011278411AC1F1070122FA01F164
:1076600001F0010117F800900E9BC1EB0121CAB295
:1076700009FB03F304EB8C011B0A18D081F803A06B
:10768000FD2B24BF8A704A7010D2C3F1FF095A4300
:107690008B7803FB09231B0A8B704B7803FB0923B0
:1076A0001B0A4B700B7803FB0922120A0A70401C5C
:1076B0000CF1010CB042C6DB159808F10108044436
:1076C000149805440F9807440D988045B6DB17B011
:1076D000BDE8F08F0E9961F31F600190B0E699F854
:1076E0000200C1F307430344FF2B28BFFF2309987F
:1076F000C1F3072C63F3174099F801306344FF2B63
:1077000028BFFF2363F30F2099F8003001F0FF0C2E
:107710006344FF2B28BFFF2363F307003AE099F887
:107720000200C1F30743C31A002BD8BF00230998F6
:10773000C1F3072C63F3174099F80130A3EB0C0356
:10774000002BD8BF002363F30F2099F8003001F01D
:10775000FF0CA3EB0C03002BD8BF0023DCE799F848
:107760000200C1F307435843030A0998C1F3072CE9
:1077700063F3174099F8013003FB0CF31B0A63F322
:107780000F2099F8003001F0FF0C03FB0CF31B0AEB
:1077900063F30700090E61F31F600990D9F8001028
:1077A000F7F72CFDC9F800000AF1010A0BF1010BF3
:1077B000B245FFF61FAE002F1CBF0F980744159867
:1077C0000444149805440A98401C01460A900D98F8
:1077D0008142FFF609AE17B0BDE8F08F90F8201097
:1077E000102918D009DC062917D0072917D00F292E
:1077F00018BF704703211FF027BC112908D0122998
:1078000004D0152918BF7047EAF7E0BE1EF05EBE2F
:1078100004211FF019BCEBF7DBBAF1F753BFEFF708
:1078200099BF00002DE9F04F054690F8200091B077
:10783000102800F0DB8111DC062800F01A830728ED
:1078400000F062850F281CBF11B0BDE8F08F032146
:1078500011B02846BDE8F04F1FF086BD112800F09A
:10786000BE8112284ED015281CBF11B0BDE8F08F84
:1078700068680A90A868099095F821A02C68E868C3
:107880000E90D5E906600D90D5E90470059095F845
:107890002200002800F0218400200190099800288F
:1078A000DCBF11B0BDE8F08F4FF000090A98CB465D
:1078B000002840F3178500BF16F81B00002F60F367
:1078C000174860F30F2860F3070808BF6AF31F68C2
:1078D00006D017F8090000FB0AF0000A60F31F68E1
:1078E00095F8221040460F91F7F7AEFB0F9901294A
:1078F00000F0CA84022900F0CF84032900F0D48468
:1079000000F0E8BCD5E901900A9095F821802C6838
:10791000E8680390D5E906600E90D5E904700B90F5
:1079200095F82200F0B3002009900A980028DCBFE7
:1079300011B0BDE8F08F00BF4FF0000BDA46B9F18F
:10794000000F40F33C8100BF36F81B1040F63A02AE
:10795000C80A5043020A089840F20D4362F31740E8
:10796000C1F345125A43120A62F30F2001F01F01BE
:1079700040F63A025143090A61F30700002F08BF9D
:1079800068F31F6006D017F80B1001FB08F1090A15
:1079900061F31F6008900D9095F822100F91F7F792
:1079A00053FB00E008E00F9901296ED002296DD049
:1079B00003296CD000F0FCB8E7B3B8F1FD0F67D332
:1079C0000A984FF0000A0028DCBF11B0BDE8F08F24
:1079D0000025A846B9F1000F1EDD00BF06EB4500EB
:1079E0000088ADF810000498F7F7E8FA795D71B1F6
:1079F000FD2928BF04F8080009D2C1F1FF02414364
:107A000014F8080000FB0210000A04F808006D1CBE
:107A100008F101084D45E1DB03980AF1010A04442D
:107A20000E9806440B9807440A988245D0DB11B0A3
:107A3000BDE8F08FFFE7B8F1FD0F2AD30A984FF0A9
:107A400000080028DCBF11B0BDE8F08F00273D46DC
:107A5000B9F1000F0DDD00BF06EB47000088ADF85F
:107A600010000498F7F7AAFA60556D1C7F1CB94501
:107A7000F2DC039808F1010804440E9806440A98C1
:107A80008045E3DB11B0BDE8F08F6CE072E079E097
:107A900031E00A9800250028F4DD00BF4FF0000A0D
:107AA0005746B9F1000F1DDD06EB4A000088ADF81E
:107AB00010000498F7F782FAB8F1000F0DD0B8F172
:107AC000FD0F28BFE05508D2E25DC8F1FF0100FBC1
:107AD00008F002FB0100000AE0557F1C0AF1010AD0
:107AE000CA45E1DB03986D1C04440E9806440A98CD
:107AF0008542D3DBC6E70A984FF0000B0028C1DDB2
:107B00000025AA46B9F1000F21DD00BF06EB4500B4
:107B10000088ADF810000498F7F750FA795D01FB82
:107B200008F1090A0ED0FD2928BF04F80A0009D27D
:107B3000C1F1FF02484314F80A1001FB0200000AD9
:107B400004F80A006D1C0AF1010A4D45DEDB0398BA
:107B50000BF1010B04440E9806440B9807440A9855
:107B60008345CDDB8EE714F80A100844FF28A8BF30
:107B7000FF2005E014F80A10081A0028D8BF0020DA
:107B8000C0B203E014F80A104843000A0D99090E28
:107B90000ED0FD2928BF04F80A0009D2C1F1FF0266
:107BA000484314F80A1001FB0200000A04F80A0016
:107BB0000BF1010B0AF1010ACB45FFF6C5AE002F10
:107BC0001CBF0B98074403980A9904440E98064476
:107BD0000998401C09908842FFF6AEAE52E711B0FA
:107BE0002846BDE8F04F04211FF0BEBBD5E9019047
:107BF000089095F821A02C68E8680B90D5E90660FC
:107C00000A90D5E90470099095F8220070B300201D
:107C10000790089800287FF735AF00BF4FF00008A5
:107C2000B9F1000F7EDD00BF06EB8800002F006871
:107C30004FEA106104BF01FB0AF1090A05D017F8E9
:107C40000820514301FB0AF1090C61F31F60049005
:107C500095F822B0F7F7F8F9BBF1010F7DD0BBF131
:107C6000020F7BD0BBF1030F79D0EDE09FB30898F2
:107C7000BAF1FD0F4FF0000872D300287FF702AF72
:107C80000025B9F1000F1ADD06EB850ADAF80000CD
:107C9000F7F7DAF99AF803107A5D5143090A0BD025
:107CA000FD2928BF605507D2C1F1FF024843615D3D
:107CB00001FB0200000A60556D1C4D45E4DB0B988A
:107CC00008F1010804440A980644099807440898F2
:107CD0008045D5DBD6E6FFE7BAF1FD0F2CD3089837
:107CE0004FF0000800287FF7CDAE0025B9F1000F56
:107CF00016DD00BF06EB85073868F7F7A5F9F978B8
:107D000059B1FD2928BF605507D2C1F1FF02484390
:107D1000615D01FB0200000A60556D1C4D45E9DB09
:107D20000B9800E095E004440A9808F10108064425
:107D300008988045D9DBA5E60898002700287FF73A
:107D4000A1AE0025B9F1000F20DD00BF06EB8508CC
:107D5000D8F80000F7F778F903E050E056E05DE06E
:107D60001DE098F8031001FB0AF1090A0BD0FD2968
:107D700028BF605507D2C1F1FF024843615D01FB96
:107D80000200000A60556D1C4D45DFDB0B987F1C1F
:107D900004440A98064408988742D2DB72E6002819
:107DA0007FF770AE0025B9F1000F1CDD06EB850BE7
:107DB000DBF80000F7F748F99BF80320795D5143A1
:107DC00001FB0AF1090C0BD0FD2928BF605507D231
:107DD000C1F1FF024143605D00FB0210000A6055E3
:107DE0006D1C4D45E2DB0B9808F1010804440A982C
:107DF00006440998074408988045D3DB42E614F806
:107E000008100844FF28A8BFFF2005E014F8081058
:107E1000081A0028D8BF0020C0B203E014F80810E8
:107E20004843000A0499090E0ED0FD2928BF04F822
:107E3000080009D2C1F1FF02484314F8081001FB01
:107E40000200000A04F8080008F10108C845FFF61E
:107E5000EBAE002F1CBF099807440B980899044407
:107E60000A9806440798401C07908842FFF6D6AE51
:107E700008E668680190A8680A9095F821A02C6827
:107E8000E8680E90D5E906600D90D5E904700B9076
:107E900095F8220070B3002008900A9800287FF718
:107EA000F1AD00BF01984FF00009CB4600286FDD0F
:107EB00016F80B00002F60F3174860F30F2860F3EB
:107EC000070808BF6AF31F6806D017F8090000FB0F
:107ED0000AF0000A60F31F6895F8221040460F91DF
:107EE000F7F7B2F80F9901297ED002297DD0032936
:107EF0007CD0DAE0AFB30A98BAF1FD0F4FF000087A
:107F00007FD300287FF7BEAD019800281DDDDDF886
:107F1000045030463A46214612F801CB10F8013B96
:107F2000BCF1000F0ED0BCF1FD0F28BF0B7009D2C1
:107F300091F80090CCF1FF0A09FB0AF903FB0C93BE
:107F40001B0A0B70491C6D1EE6D10E9808F1010842
:107F500004440D9806440B9807440A984045D3DC26
:107F600090E5FFE7BAF1FD0F13D30A98002500282A
:107F70007FF788AD31462046019A0DF03DFE0E9800
:107F80006D1C04440D9806440A98A842F2DC79E579
:107F900093E00A98002300287FF774AD019800252C
:107FA0000028C4BF314600221DDD00BF11F801CBFF
:107FB000BAF1000F13D0BAF1FD0F24BFAF1804F8C7
:107FC00007C00CD20CFB0AF805EB020CCAF1FF0744
:107FD00014F80C9009FB07873F0A04F80C70401E48
:107FE00002F10102E2D103E03AE040E047E008E0BC
:107FF0000E985B1C04440D9806440A989842CDDC08
:1080000040E500287FF73EAD019800281CDDB4460E
:108010003B46214613F8015B1CF8012B05FB0AF5D2
:108020002D0A0DD0FD2D28BF0A7009D291F80090BD
:10803000C5F1FF0B09FB0BF902FB0592120A0A704E
:10804000401E01F10101E5D10E9808F10108044438
:108050000D9806440B9807440A984045D4DC11E576
:1080600014F809100844FF28A8BFFF2005E014F801
:108070000910081A0028D8BF0020C0B203E014F885
:1080800009104843000A5FEA18610ED0FD2928BF95
:1080900004F8090009D2C1F1FF02484314F809109D
:1080A00001FB0200000A04F8090001980BF1010B22
:1080B00009F101098345FFF6FBAE002F1CBF0B98A9
:1080C00007440E980A9904440D9806440898401CE9
:1080D00008908842FFF6E6AED4E4E7B30998BAF117
:1080E000FD0F4FF000097DD300287FF7CBAC0A9835
:1080F000002824DD3A462146334606F1010C0546A8
:108100009CF8000012F801AB93F8008000FB0AF025
:10811000000A0ED0FD2828BF81F8008009D291F80E
:1081200000A0C0F1FF0B0AFB0BFA08FB00A0000A3D
:108130000870491C9B1C6D1E0CF1020CE0D10E98BE
:1081400009F1010904440D9806440598074409986B
:108150004845CCDC96E4FFE70998BAF1FD0F4FF0F3
:10816000000729D300287FF78DAC0A9800281ADD74
:1081700021463246751C844610782B786BB1FD2B56
:1081800028BF087009D291F80080C3F1FF0908FBED
:1081900009F800FB0380000A0870491C921CAD1C02
:1081A000BCF1010CE8D10E987F1C04440D980644E4
:1081B0000998B842D9DC65E400287FF763AC0A98D7
:1081C000002820DDDDF828C021463246701C1578D5
:1081D000037803FB0AF31B0A0FD0FD2B28BF0D7099
:1081E0000BD200E018E091F80080C3F1FF0908FB12
:1081F00009F805FB03831B0A0B70801C491C921CA9
:10820000BCF1010CE3D10E987F1C04440D98064488
:108210000998B842D3DC35E400287FF733AC0A98DC
:10822000002824DDDDF82850BC4621463346701C6A
:108230001CF801BB027893F8008002FB0BF202FBF2
:108240000AF2120C0ED0FD2A28BF81F8008009D254
:1082500091F800B0C2F1FF0E0BFB0EFB08FB02B25F
:10826000120A0A70801C491C9B1C6D1EE0D10E98DE
:1082700009F1010904440D9806440598074409983A
:108280004845CCDCFFF7FEBB14F809100844FF2872
:10829000A8BFFF2006E000BF14F80910081A002844
:1082A000D8BF0020C0B203E014F809104843000A08
:1082B0005FEA18610ED0FD2928BF04F8090009D231
:1082C000C1F1FF02484314F8091001FB0200000A43
:1082D00004F809000A980BF1010B09F10109834523
:1082E000FFF6EAAA002F1CBF059807440E98044425
:1082F0000D9806440198401C01460190099881425E
:10830000FFF6D2AAFFF7BEBB68680B90A8680A9078
:1083100095F821902C68E8680E90D5E906600D90DC
:10832000D5E90470099095F82200E8B30020059083
:108330000A9800287FF7A6AB0B984FF0000BDA469F
:10834000002874DD4FEAEA700AEB507006EBE0019A
:1083500020F007000978AAEB0000C0F1070021FA1D
:1083600000F000F00100C0EB002060F3174860F35C
:108370000F2860F30708002F08BF69F31F6806D0B5
:1083800017F80B0000FB09F0000A60F31F6895F86E
:10839000221040460F91F6F757FE0F9901297DD024
:1083A00002297CD0032900E001E079D04CE1EFB351
:1083B000B9F1FD0F75D30A98002100287FF762AB51
:1083C0000B98002838DDDDF82C503B462246002073
:1083D00006EBE00C9CF800804FEAE07C00EB5C7C54
:1083E0002CF0070CA0EB0C0CCCF1070C28FA0CFCC1
:1083F0000CF0010CCCEB0C2C0CF0FF0813F801CBAB
:10840000BCF1000F11D0BCF1FD0F28BF82F8008035
:108410000BD292F80090CCF1FF0A09FB0AF908FB95
:108420000C9C4FEA1C2C82F800C001E010E013E124
:10843000401C521C6D1ECBD10E98491C04440D9853
:108440000644099807440A988842B9DCFFF71ABB2A
:10845000B9F1FD0F46D30A98002300287FF712AB2D
:108460000B984FF0000C0028C4BF00200B992FDDA3
:1084700006EBE0021578C21700EB527222F00702F9
:10848000821AC2F1070225FA02F202F00102C2EBDF
:108490000222D2B2B9F1000F17D003E0AFE0B5E08D
:1084A000BCE061E0B9F1FD0F24BF0CEB00056255A3
:1084B0000BD202FB09F70CEB0002C9F1FF0514F81F
:1084C000028008FB05752D0AA554401C491ECFD11A
:1084D0000E985B1C04440D9806440A989842BFDC31
:1084E000FFF7D0BA0A984FF0000C00287FF7CAAA0D
:1084F0000B9800220028C4BF00200B9929DD00BF83
:1085000006EBE0031D78C31700EB537323F007035A
:10851000C31AC3F1070325FA03F303F00103C3EB06
:108520000323DBB2B9F1000F10D0B9F1FD0F24BF66
:10853000151863550AD203FB09F71318C9F1FF0593
:1085400014F8038008FB05752D0AE554401C491EEC
:10855000D6D10E980CF1010C04440D9806440A98EB
:108560006045C5DCFFF78EBA0A98002200287FF725
:1085700089AA0B98002836DD0B9D3B46214600203A
:108580004FEAE07806EBE00C00EB587828F007089B
:108590009CF800C0A0EB0808C8F107082CFA08FCFA
:1085A0000CF0010CCCEB0C2C0CF0FF0813F801CBF9
:1085B0000CFB09FC5FEA1C2C11D0BCF1FD0F28BF9D
:1085C00081F800800BD291F800A0CCF1FF0B0AFBE0
:1085D0000BFA08FB0CAC4FEA1C2C81F800C0401CC5
:1085E000491C6D1ECCD10E98521C04440D980644B3
:1085F000099807440A989042BBDCFFF743BA14F885
:108600000B100844FF28A8BFFF2005E014F80B104A
:10861000081A0028D8BF0020C0B203E014F80B10DD
:108620004843000A5FEA18610ED0FD2928BF04F80C
:108630000B0009D2C1F1FF02484314F80B1001FBF3
:108640000200000A04F80B000B980AF1010A0BF172
:10865000010B8245FFF676AE002F1CBF0998074438
:108660000E9804440D9806440598401C05900A99FC
:108670008842FFF661AEFFF705BA00002DE9F04F22
:1086800090F8201095B004464FF4784E4FF4FC69F2
:10869000102900F0DB8110DC062900F04F84072947
:1086A00001F052800F291CBF15B0BDE8F08F0321E7
:1086B00015B0BDE8F04F1EF0BFBF112900F0C0811A
:1086C000122962D015291CBF15B0BDE8F08F616872
:1086D0000591A1680A9194F821702568E1680F91CD
:1086E000D4E906610E91D4E904810C9194F822102A
:1086F000002900F039860A994FF0000A0029DCBFF2
:1087000015B0BDE8F08F00BF05984FF00009CB46CB
:10871000002841F3078000BF16F81B1094F82220B0
:10872000C8088908012A00F09587022A00F0B0875E
:10873000032A1CBF15B0BDE8F08F35F81930DA0AEE
:1087400042434FEA521C4FF6FF7202EACC22C3F3B7
:10875000451C0CFB01F1890902EB411103F01F02DA
:10876000504301EB501080B2B8F1000F00F0AE871B
:10877000FD2FC0F0C18718F8092035F81910F6F759
:1087800075FC25F8190000F0C5BFD4E9019A94F8EA
:1087900021B02568E1681091D4E906610F91D4E910
:1087A00004810D9194F82210F1B300210291BAF1E5
:1087B000000FDCBF15B0BDE8F08F0027B9F1000F46
:1087C00040F32E8194F8220001287DD002287CD02D
:1087D00003281CBF15B0BDE8F08F36F81710A1F5BF
:1087E0007F40FF3800F0188135F8171036F8170071
:1087F000CA0AC30A5A4352094FEAC22CC1F34512AE
:10880000C0F345135A43920901F01F0100F01F0005
:108810000CEB4212484302EB501080B2B8F1000F4B
:1088200074D0BBF1FD0F00E009E070D318F8072009
:1088300035F81710F6F71AFC25F81700ECE0B8F138
:10884000000F28D0BBF1FD0F4FF0000760D3BAF145
:10885000000FDCBF15B0BDE8F08F0024B9F1000FA8
:108860000DDD00BF18F8042035F8141036F8140098
:10887000F6F7FCFB25F81400641CA145F2DC109807
:108880007F1C05440F98574506440D988044E4DB4F
:1088900015B0BDE8F08FBBF1FD0F1AD300244FEAED
:1088A0004907BAF1000FDCBF15B0BDE8F08F3A46BA
:1088B000314628460DF0A0F91098641C05440F9825
:1088C000A2450644F3DC01E044E06AE015B0BDE8EF
:1088D000F08F0027BAF1000FF5DD0024B9F1000F89
:1088E0000CDD00BF35F8141036F814005A46F6F7C0
:1088F000BDFB25F81400641CA145F3DC10987F1C17
:1089000005440F9857450644E7DBDCE771E078E063
:10891000BAF1000FD7DD0024B9F1000F10DD00BF60
:1089200018F8040035F8141000FB0BF0020A36F8B2
:108930001400F6F79BFB25F81400641CA145EFDC3E
:1089400010987F1C05440F98574506440D988044A5
:10895000E1DBB8E736F81700E8B335F8171036F85A
:108960001700CA0A02EBD0231F2B28BF1F234FF684
:10897000FF7202EAC32CC1F34512C0F345131A4437
:108980003F2A28BF3F220CEB421201F01F0100F0EA
:108990001F00084492B21F2828BF1F20104480B235
:1089A0003CE736F81700B0B135F8171036F8170065
:1089B000CA0AA2EBD022002AD8BF00224FF6FF73CA
:1089C00003EAC22CC1F34512C0F34513D21A002AA0
:1089D000D8BF002200E01FE001F01F0100F01F00DF
:1089E0000CEB4212081A92B20028D8BF00201044A3
:1089F00013E735F817105A46F6F738FB25F8170035
:108A00000AE018F8071001FB0BF10A0A35F81710F5
:108A1000F6F72CFB25F817007F1C4F45FFF6D2AE6A
:108A20001098B8F1000F05440F9806441CBF0D982C
:108A300080440298401C02905045FFF6BEAE42E7CB
:108A400015B00421BDE8F04F1EF0F6BDD4E9017168
:108A50000B9194F821A02568E1680F91D4E9066193
:108A60000391D4E904810A9194F82210E9B300211A
:108A70000C910B9900297FF726AF00BF4FF000093A
:108A8000CB46002F40F3488294F82200012800F0E2
:108A9000C981022800F0EC8103287FF414AF06EBB3
:108AA0000B0235F819109378C80ADB08584352783E
:108AB000C1F34513920840095A43C002920900EBE2
:108AC000421016F80B2001F01F01D208514300EBB1
:108AD000511080B2B8F1000F00F0F081BAF1FD0F33
:108AE000C0F0048218F8092000E007E035F81910FA
:108AF000F6F7BCFA25F8190000F007BAB8F1000F34
:108B00005AD04FF000000C900B98BAF1FD0F7CD3B7
:108B100000287FF7D8AE002F41DDF01C43462946E0
:108B2000BC46027813F8014B6243120A08BF0A8858
:108B30002FD0FF2A6AD010F8019CC2F1FF044FEA3F
:108B4000D90909FB02FAB1F800904FEAD92B0BFBC7
:108B500004AB4FF4784A0AEACB0A10F802BCC9F316
:108B6000451E4FEA9B0B0BFB02FB0EFB04BE4FF4B2
:108B7000FC6B0BEADE0BDA4410F803BC09F01F09AA
:108B80004FEADB0B0BFB02F209FB04220AEB122279
:108B900092B2001D21F8022BBCF1010CC1D10F983B
:108BA0000B990544039806440A9880440C98401C8D
:108BB0000C908142AFDC86E64FF000000C900B98E1
:108BC000BAF1FD0F58D300287FF77DAE002F38DDB6
:108BD0002B46F01CBC461988027862B3FF2A3BD0B2
:108BE00010F8018CC2F1FF044FEAD80808FB02F824
:108BF0004FEAD12A0AFB048810F802AC0EEAC80832
:108C00004FEA9A0A0AFB02FA01E0A0E08FE0C1F302
:108C1000451B0BFB04AA09EADA0AD04410F803AC9E
:108C200001F01F014FEADA0A0AFB02F201FB0421FC
:108C300008EB112189B2001D23F8021BBCF1010CC5
:108C4000C9D10F980B990544039806440C98401C11
:108C50000C908142BADC36E610F8011C10F8022CA8
:108C600001F0F801090202F0FC0201EBC20110F868
:108C7000032C01EBD201DDE700287FF724AE002FA3
:108C80003ADDF01C29463B46027802FB0AF2120A42
:108C900008BF0A882BD0FF2A39D010F8014CC2F146
:108CA000FF0CE40804FB02F80C884FEAD42B0BFB02
:108CB0000C8B4FF4784808EACB0810F802BCC4F3D8
:108CC000451E4FEA9B0B0BFB02FB0EFB0CBB09EA9C
:108CD000DB0BD84410F803BC04F01F044FEADB0B95
:108CE0000BFB02F204FB0C2208EB122292B2001DD5
:108CF00021F8022B5B1EC7D10F980B9905440398EE
:108D000006440C98401C0C908142B8DCDBE510F85E
:108D1000012C10F802CC02F0F80212020CF0FC0C4C
:108D200002EBCC0C10F8032C0CEBD202DEE710F8AF
:108D3000012C10F8024C02F0F802120204F0FC04BC
:108D400002EBC40210F8034C02EBD40220E7002827
:108D50007FF7B9AD002F47DDF01C43462946BC46DE
:108D6000047813F8012B624302FB0AF2120C08BFCD
:108D70000A8833D0FF2A44D010F8019CB1F800E0F3
:108D80004FEAD909C2F1FF0409FB02F94FEADE2BD1
:108D90000BFB049B4FF4784909EACB09CDF840E07E
:108DA00010F802BCCEF3451E4FEA9B0B0BFB02FBF7
:108DB0000EFB04BE4FF4FC6B0BEADE0BD94410F83B
:108DC00003BCDDF840E04FEADB0B0BFB02F20EF0D8
:108DD0001F0B0BFB042209EB122292B2001D21F89B
:108DE000022BBCF1010CBBD10F980B9905440398E1
:108DF00006440A9880440C98401C0C908142A9DCDF
:108E000061E510F8012C10F8024C02F0F802120291
:108E100004F0FC0402EBC40410F8032C04EBD202AF
:108E2000DBE700BF06EB0B0235F819009378C10AA7
:108E300001EBD3011F2928BF1F214FF6FF7303EA5F
:108E4000C1235278C0F3451101EB92013F2928BF9D
:108E50003F2103EB411100F01F0216F80B0089B20D
:108E600002EBD0001F2828BF1F20084480B231E643
:108E700006EB0B0335F819009A78C10AA1EBD20171
:108E80000029D8BF00214FF6FF7202EAC1215B78AA
:108E9000C0F34512A2EB9302002AD8BF002201EBD7
:108EA000421116F80B2000F01F00A0EBD20089B28F
:108EB0000028D8BF002008440BE600BFBAF1FD0F20
:108EC00006EB0B0107D3CA7835F81910F6F7CEF880
:108ED00025F8190019E0C97801FB0AF10A0A35F8EA
:108EE0001910F6F7C3F825F819000EE006EB0B028F
:108EF00018F80910D278514301FB0AF10A0C35F831
:108F00001910F6F7B3F825F8190009F101090BF16A
:108F1000040BB945FFF6B8AD0F98B8F1000F054442
:108F2000039806441CBF0A9880440C980B99401C77
:108F30000C908842FFF6A2ADC5E400BFD4E90171F0
:108F40000B9194F821A02568E1680F91D4E906619E
:108F50000E91D4E90481039194F82210E9B3002121
:108F600009910B9900297FF7AEAC00BF4FF00009C3
:108F7000CB46002F40F3E48116F80B1094F8222022
:108F8000C8088908012A7DD0022A7CD0032A7FF4F0
:108F90009AAC35F81930DA0A42434FEA521C4FF6C0
:108FA000FF7202EACC22C3F3451C0CFB01F18909D4
:108FB00002EB411103F01F02504301EB501080B24D
:108FC000B8F1000F00F09C81BAF1FD0FC0F0A6814E
:108FD00018F8092035F8191000E005E0F6F746F812
:108FE00025F8190000F0A5B9B8F1000F57D04FF0DF
:108FF000000009900B98BAF1FD0F79D300287FF794
:1090000062AC002F3BDD424628463146BC46137811
:10901000002B08BF03882BD0FF2B6AD091F800E00B
:10902000CDF844E04FEADE0909FB03FAB0F80090FE
:10903000C3F1FF044FEAD92B0BFB04AE4FF4784B7E
:109040000BEACE0BDDF844E04FEA9E0E0EFB03F375
:10905000C9F3451E0EFB043E4FF4FC6309F01F09E3
:1090600003EADE0309FB04A45B4403EB14239BB275
:10907000491C521C20F8023BBCF1010CC7D10F98CF
:10908000054401E001E11DE10E980B9906440398A7
:1090900080440998401C09908142B2DC13E4BAF183
:1090A000FD0F27D30B984FF0000C00287FF70BAC77
:1090B000002F12DD304629464FEA070210F8013B27
:1090C00003F0F804240203F0FC0804EBC80404EBEA
:1090D000D30321F8023B521EF0D10F980CF1010C82
:1090E00005440E9806440B986045E1DCFFF7EBBBA6
:1090F00067E05BE0002009900B9800287FF7E3AB66
:1091000000200A90002F37DD284600214FEA070291
:10911000BAF1000F08BF038829D0BAF1FF0F37D08A
:10912000DDF828C0CAF1FF038C4416F80CB04FEAF2
:10913000DB0C0CFB0AF4B0F800C04FEA9B0B4FEAC3
:10914000DC2808FB034E4FF4784808EACE08CCF33D
:10915000451E0BFB0AFB0EFB03BB0CF01F0C09EAC0
:10916000DB0B0CFB0343D84408EB13239BB2491CD5
:1091700020F8023B521ECBD10F980B9905440E9854
:1091800006440998401C09908142B9DCFFF79BBB5B
:109190000A9B0B44F35C03F0F80C4FEA0C2403F039
:1091A000FC0C04EBCC0C0CEBD303DFE70B7803F0E7
:1091B000F804240203F0FC0904EBC90404EBD30314
:1091C00055E700287FF77FAB002F44DD4246284655
:1091D00031463B4612F801CB0CFB0AFC5FEA1C2B24
:1091E00008BFB0F800C031D0BBF1FF0F41D091F8FB
:1091F00000E0CDF848E04FEADE0404FB0BF9CDF8BF
:1092000020900488CBF1FF0C4FEAD42E0EFB0C9E6D
:109210004FF4784909EACE09DDF848E04FEA9E0E9E
:109220000EFB0BFBC4F3451E0EFB0CBE4FF4FC6B98
:109230000BEADE0BCB44DDF8209004F01F0404FBA6
:109240000C9C0BEB1C2C00BF1FFA8CFC491C20F85B
:1092500002CB5B1EBED10F980B9905440E980644B5
:10926000039880440998401C09908142ACDCFFF7C8
:109270002ABB91F800C00CF0F80424020CF0FC09A1
:1092800004EBC90404EBDC0CDEE735F8192000EB35
:10929000D2231F2B28BF1F234FF6FF7C0CEAC323CA
:1092A000C2F3451C61443F2928BF3F2103EB411114
:1092B0008BB202F01F0108441F2828BF1F2018444A
:1092C00080B27DE635F81920C0EBD223002BD8BF41
:1092D00000234FF6FF7C0CEAC323C2F3451CACEB22
:1092E00001010029D8BF002103EB411102F01F0248
:1092F000101A89B20028D8BF002008445FE600BFDA
:10930000BAF1FD0F28BF25F8190012D235F819104F
:109310005246F5F7ABFE25F819000AE018F80910D7
:1093200001FB0AF10A0A35F81910F5F79FFE25F836
:10933000190009F101090BF1040BB945FFF61CAE48
:109340000F98B8F1000F05440E9806441CBF03980F
:1093500080440998401C014609900B988142FFF611
:1093600005AEFFF7B0BA00BFB8F1000F56D04FF00E
:1093700000000B900A98FD2F7DD300287FF7A3AA49
:10938000059800283BDD059FC44629463046741CDD
:109390001CF8019B2278037802FB09F2120A08BF2D
:1093A0000A8826D0FF2A67D04FEAD30AB1F800B066
:1093B000C2F1FF090AFB02FACDF810B09B085A432C
:1093C000049B4FEADB2BC3F3451303FB09230BFB81
:1093D00009AB4FF4FC620EEACB0B02EAD3025A440B
:1093E000DDF810B00BF01F0303FB09A302EB1322FF
:1093F00092B2801CA41C21F8022B7F1EC8D10F98AA
:1094000005440E9806440C9880440B98401C014675
:109410000B900A988842B3DCFFF755BA4FF0000072
:109420000B900A98FD2F51D300287FF74CAA05987E
:10943000002835DD059C2946304606F1010C0378ED
:109440009CF80020002A08BF0A8822D0FF2A33D0C7
:109450004FEAD30808FB02FAB1F80080C2F1FF0717
:109460004FEAD82B0BFB07AB9B085A430EEACB0BFA
:10947000C8F3451301E085E07AE003FB072208F01A
:109480001F0309EAD20203FB07A35A4402EB13228B
:1094900092B2801C21F8022B641E0CF1020CCED17A
:1094A0000F980A9905440E9806440B98401C0B909F
:1094B0008142BCDCFFF707BA03F0F802120203F0A6
:1094C000FC0702EBC70202EBD302E1E700287FF7BB
:1094D000FAA90598002835DD059C2946304606F195
:1094E000010C03789CF800207A43120A08BF0A880E
:1094F00021D0FF2A32D04FEAD30909FB02FAB1F892
:109500000090C2F1FF089B085A43C9F3451303FBBF
:1095100008234FF4FC624FEAD92B02EAD3020BFB7B
:1095200008AB09F01F030EEACB0B03FB08A35A4458
:1095300002EB132292B2801C21F8022B641E0CF164
:10954000020CCED10F980A9905440E9806440B9848
:10955000401C0B908142BCDCFFF7B5B903F0F80268
:10956000120203F0FC0802EBC80202EBD302E1E7AF
:1095700003F0F802120203F0FC0902EBC90202EB4D
:10958000D30235E700287FF79EA90598002849DD1A
:10959000DDF81490C44629463046741C1CF801AB13
:1095A0002278037802FB0AF27A43120C08BF0A8879
:1095B00031D0FF2A44D0C2F1FF0ACDF84CA04FEAC7
:1095C000D30A0AFB02FBB1F800A0CDF810A04FEAC5
:1095D000DA2EDDF84CA09B080EFB0ABE4FF4784A49
:1095E0000AEACE0EDDF810A05A43CAF34513DDF89F
:1095F0004CA003FB0A234FF4FC6202EAD302DDF81D
:1096000010A072440AF01F03DDF84CA003FB0AB35C
:1096100002EB132292B2801CA41C21F8022BB9F198
:109620000109BBD10F980A9905440E9806440C987D
:1096300080440B98401C0B908142A6DCFFF743B995
:1096400003F0F802120203F0FC0A02EBCA0202EB7A
:10965000D302DFE735F8192000EBD2231F2B28BFF8
:109660001F234FF6FF7C0CEAC323C2F3451C614461
:109670003F2928BF3F2103EB411102F01F02104494
:1096800089B21F2828BF1F20084480B2FFF76CB89A
:1096900035F81920C0EBD223002BD8BF00234FF69A
:1096A000FF7C0CEAC323C2F3451CACEB010100298B
:1096B000D8BF002103EB411102F01F02101A89B23A
:1096C0000028D8BF00200844FFF74DB8FD2F06EB57
:1096D0004B0107D34A7835F81910F5F7C7FC25F880
:1096E000190017E0497879430A0A35F81910F5F797
:1096F000BDFC25F819000DE006EB4B0218F8091027
:109700005278514379430A0C35F81910F5F7AEFC3D
:1097100025F81900059809F101090BF1040B8145A1
:10972000FEF6FAAF0F98B8F1000F05440E98064404
:109730001CBF0C9880440AF1010A0A988245FEF683
:10974000E3AFFFF7C0B800BFD4E90171049194F80A
:1097500021A02568E1680F91D4E906610E91D4E952
:109760000481089194F82210E9B30021039104992F
:1097700000297FF7A8A800BF4FF00009CB46002FB3
:109780007EDD00BF4FEAEB700BEB507006EBE001A3
:1097900020F007000978ABEB0000C0F1070021FAC8
:1097A00000F000F0010094F82210C0EB0020C0B2DD
:1097B000012966D0022965D003297FF484A80021FD
:1097C000090200F0FC0201EBC20101EBD00035F808
:1097D0001910C208CB0A5A43D206120CC0F3850CEA
:1097E000C1F3451300E01AE00CFB03F39B0900F002
:1097F0001F0001F01F0142EA4312484342EA5010A1
:10980000B8F1000F7AD0BAF1FD0F78D318F809201B
:1098100035F81910F5F72AFC25F81900C8E1B8F158
:10982000000F6FD04FF0000003900498BAF1FD0FC5
:1098300067D300287FF747A80020002F50DD43465C
:1098400029463C46C21700EB527206EBE20C22F0AE
:1098500007029CF800C0821AC2F107022CFA02F239
:1098600002F0010293F800C0C2EB0222D2B2BCF1B6
:10987000000F08BF0A882DD0BCF1FF0F7CD002E09A
:109880009DE156E169E14FEAD20A0AFB0CFBCDF8F3
:109890001CB0B1F800A0CCF1FF09920802FB0CF259
:1098A0004FEADA2ECAF3451C0EFB09BE0CFB092257
:1098B0004FF4784B4FF4FC6C0BEACE0B0CEAD2025F
:1098C0005A44DDF81CB00AF01F0C0CFB09BC02EB7B
:1098D0001C2292B2401C5B1C21F8022B641EB1D1E9
:1098E0000F98049905440E980644089880440398FC
:1098F000401C039081429FDCFEF7E5BF3FE14CE155
:1099000000E0AAE0BAF1FD0F37D304984FF0000C45
:1099100000287EF7D8AF0020002FC4BF29463A4662
:109920001FDDC31700EB537306EBE30423F00703BB
:109930002478C31AC3F1070324FA03F303F00103E5
:10994000C3EB0323DBB203F0F804240203F0FC08AA
:1099500004EBC80404EBD303401C21F8023B521E65
:10996000DFD10F980CF1010C05440E9806440498C1
:109970006045D0DCFEF7A7BF64E0002003900498A8
:1099800000287EF7A0AF0020002FC4BF29463A462A
:1099900042DDC31700EB537306EBE30C23F0070320
:1099A0009CF800C0C31AC3F107032CFA03F303F0B9
:1099B0000103C3EB032303F0FF09BAF1000F08BF53
:1099C0000B8824D0BAF1FF0F32D04FEAD90C0CFB30
:1099D0000AF4B1F800C0CAF1FF034FEA9909CCF3C9
:1099E000451B4FEADC2809FB0AF90BFB039B08FB2C
:1099F00003484FF4FC690CF01F0C0EEAC80809EA92
:109A0000DB090CFB0343C84408EB13239BB2401C47
:109A100021F8023B521EBCD10F98049905440E98C0
:109A200006440398401C03908142ACDCFEF74BBF18
:109A300009F0F8031B0209F0FC0C03EBCC0303EB69
:109A4000D903E3E702F0F80C4FEA0C2C02F0FC0912
:109A50000CEBC90C0CEBD2023BE700287EF733AFCE
:109A60000020002F4DDDC44629463C46C21700EBBE
:109A7000527206EBE20322F007021B78821AC2F14F
:109A8000070223FA02F202F00102C2EB0222D3B271
:109A90001CF8012B02FB0AF2120A08BF0A882BD01D
:109AA000FF2A3CD04FEAD30B0BFB02FBCDF81CB0D6
:109AB000B1F800E0CDF804E0C2F1FF094FEADE2E74
:109AC0000EFB09BE4FF4784B0BEACE0B9B08DDF87A
:109AD00004E05A43CEF3451303FB09234FF4FC6221
:109AE00002EAD3025A44DDF81CB00EF01F0303FB58
:109AF00009B302EB132292B2401C21F8022B641E20
:109B0000B4D10F98049905440E98064408988044EF
:109B10000398401C03908142A2DCFEF7D4BE03F000
:109B2000F802120203F0FC0902EBC90202EBD302B5
:109B3000E1E700F0F801090200F0FC0201EBC201CC
:109B400001EBD00081B235F8190008444FF6FF71DF
:109B5000884228BF4FF6FF700FE000F0F8010A02BC
:109B600000F0FC0102EBC10101EBD00035F8191047
:109B700080B2081A0028D8BF002080B240E6BAF1AF
:109B8000FD0F28BF25F8190012D235F819105246DA
:109B9000F5F76CFA25F819000AE018F8091001FB2E
:109BA0000AF10A0A35F81910F5F760FA25F81900D4
:109BB00009F101090BF1040BB945FFF6E3AD0F986C
:109BC000B8F1000F05440E9806441CBF0898804465
:109BD00003980499401C03908842FFF6CDADFEF730
:109BE00072BE00002DE9F04F814690F8200093B03E
:109BF0000E46102800F05C8212DC062800F02C844F
:109C0000072800F0B9860F281CBF13B0BDE8F08FFD
:109C1000C9B213B04846BDE8F04F03221DF05ABF49
:109C2000112800F03D82122860D015281CBF13B007
:109C3000BDE8F08FD9F804000490D9F8080003902B
:109C400099F82180D9F80040D9F80C000590D9E99D
:109C500006500E90D9E904700B9099F82200002864
:109C600000F054850020099003980028DCBF13B051
:109C7000BDE8F08F4FF0000B0498DA46002824DD91
:109C800015F81A00002F60F3070160F30F2160F34D
:109C9000174105EB4A00407804BF00FB08F0000ABA
:109CA00005D017F80B20504300FB08F0000C60F3C0
:109CB0001F6199F8222004EB0B00E9F7BDFA049824
:109CC0000AF1010AB3448245DADB002F1CBF0B986E
:109CD00007440598039904440E9805440998401CCC
:109CE00009908842C6DB13B0BDE8F08FD9E9018046
:109CF000099099F821000B90D9F80050D9F80C0080
:109D00000790D9E906401190D9E904700C9099F8B0
:109D10002200002852D000200D9009980028DCBFB6
:109D200013B0BDE8F08F00BF4FF0000AD346B8F182
:109D3000000F31DD34F81A1040F63A02C80A5043D9
:109D4000020A019840F20D4362F31740C1F3451235
:109D50005A43120A62F30F2001F01F0140F63A0243
:109D60005143090A61F30700002F00F0948117F8AE
:109D70000A200B995143090A61F31F60CDF80400D2
:109D800099F8222005EB0B000199E9F755FA0AF141
:109D9000010AB344C245CDDB002F1CBF0C98074419
:109DA00007980544119804440D98401C01460D90F5
:109DB00009988142B8DB13B0BDE8F08F0B9897B3D8
:109DC000FD284FF000000D9009987CD30028DCBFDF
:109DD00013B0BDE8F08F00229146B8F1000F73DD9B
:109DE00034F8120040F63A03C10A5943C1F3072A76
:109DF000C0F3451140F20D435943C1F3072300F06E
:109E00001F0140F63A004843B95CC0F3072B05EB4D
:109E1000090000297CD0FD297BD380F800B0437075
:109E200080F802A0BDE0FFE7FD283CD3099800229E
:109E30000028DCBF13B0BDE8F08F00200146B8F168
:109E4000000F25DD34F8103040F63A0CDB0A03FB36
:109E50000CF34FEA132C6B1840F20D4783F802C045
:109E600034F810C0CCF3451C0CFB07FC4FEA1C2C4B
:109E700083F801C014F8103040F63A0C03F01F03C9
:109E800003FB0CF31B0A6B54401C31448045D9DCA6
:109E90000798521C05441198044409988242CCDB6F
:109EA00013B0BDE8F08F099800270028DCBF13B07D
:109EB000BDE8F08F00221346B8F1000F4CDD00BF63
:109EC00034F8120001E081E070E04FEAD02C40F657
:109ED0003A010CFB01F1C1F3072AC0F3451C40F223
:109EE0000D410CFB01F1C1F3072900F01F0140F601
:109EF0003A004843C0F3072B0B99E81841B3FD29FA
:109F000008D380F800B080F8019080F802A01FE02C
:109F100047E02CE090F800E0C1F1FF0C0BFB01FBE7
:109F20000EFB0CBB4FEA1B2B80F800B090F801B081
:109F300009FB01F90BFB0C994FEA192980F80190F4
:109F400090F802900AFB01F109FB0C11090A8170DB
:109F5000521C33444245B3DB07987F1C05441198DB
:109F6000044409988742A5DB13B0BDE8F08F90F850
:109F700000E0C1F1FF0C0BFB01FB0EFB0CBB4FEA39
:109F80001B2B80F800B090F801B04B430BFB0C3357
:109F90001B0A437083780AFB01F103FB0C11090AC9
:109FA0008170521CB1444245FFF61AAF07980999D7
:109FB0000544119804440C9807440D98401C0D90DA
:109FC0008842FFF608AF13B0BDE8F08F0028DCBF71
:109FD00013B0BDE8F08F00221346B8F1000F4BDD3F
:109FE00034F8120040F63A014FEAD02C0CFB01F194
:109FF000C1F3072AC0F3451C40F20D410CFB01F1EF
:10A00000C1F3072900F01F0040F63A01484317F852
:10A0100002C00B99C0F3072BE8180CFB01F1090AE9
:10A0200026D0FD2906D380F800B080F8019080F892
:10A0300002A01DE090F800E0C1F1FF0C0BFB01FB5A
:10A040000EFB0CBB4FEA1B2B80F800B090F801B060
:10A0500009FB01F90BFB0C994FEA192980F80190D3
:10A0600090F802900AFB01F109FB0C11090A8170BA
:10A07000521C33444245B3DB0798099905441198B3
:10A0800004440C9807440D98401C0D908842A2DBB4
:10A0900013B0BDE8F08F0B9961F31F6001906FE67C
:10A0A00013B04846BDE8F04FC9B204221DF012BDFE
:10A0B000D9F804000690D9F808000A9099F8218090
:10A0C000D9F80040D9F80C000890D9E906500E9054
:10A0D000D9E904700B9099F82200D0B300200490C5
:10A0E0000A980028DCBF13B0BDE8F08F4FF0000BDA
:10A0F0000698DA4600281BDD05EB8A00002F016870
:10A1000000F0A58117F80B000A0E504300FB08F081
:10A110005FEA104060F31F6199F8222004EB0B0006
:10A12000E9F78AF806980AF1010AB3448245E3DBAD
:10A13000002F1CBF0B98074408980A9904440E98F6
:10A1400005440498401C04908842CFDB13B0BDE85E
:10A15000F08FFFE75FB34FF0000004900A98B8F16A
:10A16000FD0F7DD30028DCBF13B0BDE8F08F06984B
:10A17000002876DDDDF818C03946204605F10308D1
:10A18000002300BF98F8009011F8012B09FB02F2A0
:10A19000120A67D0FD2A7CD315F82320027005EB44
:10A1A000830292F8019080F801909278D6E0B8F19D
:10A1B000FD0F58D30A984FF000080028DCBF13B0F9
:10A1C000BDE8F08F069800283EDD069F204605F189
:10A1D000030C00229CF8001081B3FD2908D315F868
:10A1E0002210017005EB82014B784370897824E0DE
:10A1F00015F8229090F800A0C1F1FF0309FB01F9C6
:10A200000AFB03994FEA192905EB820A80F80090AE
:10A210009AF8019090F801B009FB01F90BFB039942
:10A220004FEA192980F801909AF8029009FB01F190
:10A2300090F8029009FB0311090A8170521C304406
:10A240007F1E0CF1040CC5D1089808F101080444E4
:10A250000E9805440A984045B4DC13B0BDE8F08F71
:10A2600093E084E07BE00A984FF000090028F4DDD9
:10A270000698002843DD069F204605F1030C0022C6
:10A280009CF8001001FB08F1090A32D0FD290AD31D
:10A2900000E03EE015F82210017005EB82014B78DA
:10A2A0004370897824E015F822A090F800B0C1F13D
:10A2B000FF030AFB01FA0BFB03AA4FEA1A2A80F8F4
:10A2C00000A005EB820A90F801E09AF801B00BFBC0
:10A2D00001FB0EFB03BB4FEA1B2B80F801B09AF881
:10A2E00002A00AFB01F190F802A00AFB0311090A7F
:10A2F0008170521C30447F1E0CF1040CC0D10898B0
:10A3000009F1010904440E9805440A984845AFDC58
:10A31000A3E715F823A090F800B0C2F1FF090AFBEB
:10A3200002FA0BFB09AA4FEA1A2A80F800A005EBF3
:10A33000830A90F801E09AF801B00BFB02FB0EFBD8
:10A3400009BB4FEA1B2B80F801B09AF802A00AFB68
:10A3500002F290F802A00AFB0922120A82705B1C2A
:10A36000304408F10408BCF1010C7FF40BAF0898ED
:10A370000A9904440E9805440B9807440498401C1D
:10A38000049081423FF7F3AE67E700287FF765AF9F
:10A39000069800284EDDDDF818903B46204605F172
:10A3A000030C00229CF8001013F801AB01FB0AF12A
:10A3B00001FB08F1090C36D0FD290AD315F822104B
:10A3C000017005EB820191F801A080F801A0897865
:10A3D00028E015F822B090F800E0C1F1FF0A0BFB6D
:10A3E00001FB0EFB0ABB4FEA1B2B80F800B005EB0C
:10A3F000820BCDF848B09BF801B090F801E00BFB60
:10A4000001FB0EFB0ABB4FEA1B2B80F801B0DDF805
:10A4100048B09BF802B00BFB01F190F802B00BFBC7
:10A420000A11090A8170521C3044B9F101090CF17A
:10A43000040CB7D108980A9904440E9805440B9867
:10A4400007440498401C04908142A1DC05E7080EF3
:10A4500000FB08F0000A5DE6D9F804000890D9F87E
:10A460000800079099F82170D9F80040D9F80C003D
:10A470000A90D9E906500F90D9E904800D9099F817
:10A480002200E8B300200690079800287FF7E5AE89
:10A4900008984FF0000BDA46002822DD15F80A1064
:10A4A0000198B8F1000F61F3174061F30F2061F3D9
:10A4B000070008BF67F31F6005D018F80B10794339
:10A4C000090A61F31F60019099F8222004EB0B0048
:10A4D0000199E8F7B1FE08980AF1010AB3448245F0
:10A4E000DCDBB8F1000F1CBF0D9880440A98079977
:10A4F00004440F9805440698401C0690884200E0EA
:10A5000001E0C5DBA9E6B8F1000F1DD0FD2F7DD31A
:10A5100007984FF0000A00287FF79FAE08980028A0
:10A5200075DDDDF820902B464146204611F801CB21
:10A5300013F8017BBCF1000F6AD0BCF1FD0F74D39E
:10A5400007704770877083E00798FD2F4FF0000376
:10A5500020D300287FF781AE0898002811DD089AE3
:10A560002846A11C90F800C081F800C090F800C0F7
:10A5700001F801CC10F801CB01F802CC3144521E95
:10A58000F0D10A985B1C04440F9805440798984240
:10A59000E2DC62E600287FF760AE00BF08984FF06B
:10A5A0000008002838DD089A2846002110F8019B91
:10A5B00057B3FD2F09D308EB010C04F80C90A44409
:10A5C0008CF801908CF802901EE009FB07FA08EB6A
:10A5D0000109C7F1FF0C14F809B00BFB0CAB4FEAF3
:10A5E0001B2B04F809B0A14499F801B00BFB0CAB8C
:10A5F0004FEA1B2B89F801B099F802B00BFB0CACA9
:10A600004FEA1C2C89F802C0314403E032E024E018
:10A610001EE00AE0521EC9D10A985B1C04440F9840
:10A62000054407989842B9DC17E6CCF1FF0207FB16
:10A630000CFC077807FB02C73F0A0770477807FB47
:10A6400002C73F0A4770877807FB02C2120A82706E
:10A650003044B9F101097FF469AF0A980AF1010A9F
:10A6600004440F9805440D988044079850453FF7DF
:10A6700055AFF2E507984FF0000C00287FF7EDADDD
:10A680000898002836DDDDF820302A46414620466D
:10A6900011F8019B12F801AB09FB07F95FEA192BCE
:10A6A00025D0BBF1FD0F06D380F800A080F801A0F3
:10A6B00080F802A01BE0CBF1FF090AFB0BFA90F82F
:10A6C00000B00BFB09AB4FEA1B2B80F800B090F8F1
:10A6D00001B00BFB09AB4FEA1B2B80F801B090F8DF
:10A6E00002B00BFB09A94FEA192980F80290304407
:10A6F0005B1ECDD10A980CF1010C04440F9805445F
:10A700000D98804407986045BADCA6E53FB3B8F1E0
:10A71000FD0F7DD303984FF0000800287FF79DAD13
:10A720000498002875DDDDF810C03A462046294619
:10A730006B1C00BF93F8009012F801AB91F800B0C9
:10A7400009FB0AF95FEA192A7ED0BAF1FD0F7CD322
:10A7500080F800B080F801B080F802B0A3E0B8F152
:10A76000FD0F41D303984FF0000900287FF775AD26
:10A77000049800282EDD049F20462A46691C137881
:10A7800091F800C0BCF1000F1FD0BCF1FD0F24BF39
:10A790000370437018D2CCF1FF0803FB0CF390F860
:10A7A00000C00CFB083C4FEA1C2C80F800C090F85D
:10A7B00001C00CFB083C4FEA1C2C80F801C090F84B
:10A7C00002C00CFB08331B0A8370891C921C3044A6
:10A7D0007F1ED4D1059809F1010904440E9805445F
:10A7E00003984845C4DC38E503984FF0000A002878
:10A7F0007FF733AD049800282FDD049F20462946BB
:10A8000005F1010C0B789CF8002002FB08F201E036
:10A810005DE04FE0120A1AD0FD2A03D303704370A3
:10A82000837014E0C2F1FF095A43037803FB092344
:10A830001B0A0370437803FB09231B0A43708378C8
:10A8400003FB0922120A01E02DE010E08270891C4E
:10A8500030447F1E0CF1020CD4D105980AF1010A94
:10A8600004440E98054403985045C3DCF5E4CAF14E
:10A87000FF090BFB0AFA90F800B00BFB09AB4FEA9B
:10A880001B2B80F800B090F801B00BFB09AB4FEA2E
:10A890001B2B80F801B090F802B00BFB09A94FEA1E
:10A8A000192980F80290891C9B1C3044BCF1010CD2
:10A8B0007FF440AF059808F1010804440E98054460
:10A8C0000B980744039840453FF72AAFC5E4039827
:10A8D0004FF0000E00287FF7C0AC049800283EDD42
:10A8E000DDF810C03A46204629466B1C12F801AB31
:10A8F00093F8009091F800B009FB0AF909FB08F9F8
:10A900005FEA194A25D0BAF1FD0F06D380F800B0EE
:10A9100080F801B080F802B01BE0CAF1FF090BFB20
:10A920000AFA90F800B00BFB09AB4FEA1B2B80F83A
:10A9300000B090F801B00BFB09AB4FEA1B2B80F87D
:10A9400001B090F802B00BFB09A94FEA192980F871
:10A950000290891C9B1C3044BCF1010CC6D10598A7
:10A960000EF1010E04440E9805440B980744039819
:10A970007045B2DC71E400BFD9F804000A90D9F840
:10A980000800089099F82180D9F80040D9F80C0007
:10A990001090D9E906500F90D9E904700B9099F8FE
:10A9A0002200E8B300200790089800287FF755ACF4
:10A9B0000A984FF0000BDA46002830DD4FEAEA70C3
:10A9C0000AEB507005EBE00220F007001278AAEBCA
:10A9D0000000C0F1070022FA00F000F00100C0EB17
:10A9E000002060F3174160F30F2160F30701002F8F
:10A9F00008BF68F31F6106D017F80A0000FB08F0D3
:10AA0000000A60F31F6199F8222004EB0B00E8F7BD
:10AA100013FC0A980AF1010AB3448245CEDB00E038
:10AA20000FE0002F1CBF0B980744109804440F98A8
:10AA300005440798401C0146079008988142B7DBFF
:10AA40000BE4EFB3B8F1FD0F7ED308984FF0000A86
:10AA500000287FF702AC0A98002845DDDDF8289031
:10AA60003B462046002100BF4FEAE17C05EBE102B6
:10AA700001EB5C7C2CF0070C1278A1EB0C0CCCF1F8
:10AA8000070C22FA0CF202F0010213F801CBC2EB20
:10AA90000222D2B2BCF1000F21D0BCF1FD0F24BFC5
:10AAA000027042701AD2CCF1FF0802FB0CF290F84F
:10AAB00000C00CFB082C4FEA1C2C80F800C000E002
:10AAC0001FE090F801C00CFB082C4FEA1C2C80F80A
:10AAD00001C090F802C00CFB0822120A8270491CC7
:10AAE0003044B9F10109BFD110980AF1010A0444B8
:10AAF0000F9805440B98074408985045ABDCFFF7C6
:10AB0000ACBBB8F1FD0F31D308984FF0000C002812
:10AB10007FF7A3AB0A9800281DDDA11C0A9A00202C
:10AB2000C71705EBE00300EB577727F007071B7803
:10AB3000C71BC7F10707FB4003F00103C3EB032367
:10AB40000B7001F8013C00E06FE001F8023C401C92
:10AB50003144521EE4D110980CF1010C04440F98BA
:10AB6000054408986045D5DCFFF777BB08980023BB
:10AB700000287FF772AB0A98002700284BDD0020E1
:10AB80000A9A01464FEAE07905EBE00C00EB5979AF
:10AB900029F007099CF800C0A0EB0909C9F10709D1
:10ABA0002CFA09FC0CF0010CCCEB0C2C0CF0FF097E
:10ABB000B8F1000F2BD0B8F1FD0F09D307EB010C52
:10ABC00004F80C90A4448CF801908CF802901EE0DC
:10ABD00009FB08FA07EB0109C8F1FF0C14F809B0EA
:10ABE0000BFB0CAB4FEA1B2B04F809B0A14499F8FE
:10ABF00001B00BFB0CAB4FEA1B2B89F801B099F8A5
:10AC000002B00BFB0CAC4FEA1C2C89F802C0401CB4
:10AC10003144521EB6D110985B1C04440F98054471
:10AC200008989842A7DCFFF718BB08984FF0000C73
:10AC300000287FF712AB0A9800284ADD0A9B3A46A3
:10AC4000204600214FEAE17A05EBE10901EB5A7A4F
:10AC50002AF0070A99F80090A1EB0A0ACAF1070A3C
:10AC600029FA0AF909F00109C9EB092909F0FF0BD2
:10AC700012F8019B09FB08F95FEA192A25D0BAF1FD
:10AC8000FD0F06D380F800B080F801B080F802B064
:10AC90001BE0CAF1FF090BFB0AFA90F800B00BFBAE
:10ACA00009AB4FEA1B2B80F800B090F801B00BFB0A
:10ACB00009AB4FEA1B2B80F801B090F802B00BFBF8
:10ACC00009A94FEA192980F80290491C30445B1EFB
:10ACD000B8D110980CF1010C04440F9805440B985E
:10ACE000074408986045A6DCFFF7B7BA2DE9F04F96
:10ACF000804691F82800BDB00C46154602289CBF3E
:10AD00003DB0BDE8F08F606A002819BF94F82900B3
:10AD100010F01F0F3DB0BDE8F08F1046F0F7C6F8F9
:10AD200007462846F0F7B3F8E6698742B8BF3846C9
:10AD3000B6EB600F00F37F8228681890686819905E
:10AD4000A8681A90E8681B9094F82900189A616A1C
:10AD500010F0040F04BF314449421144189110F01F
:10AD6000080F1A99606A04BF30444042081A1A90CA
:10AD700094F82900199910F0020F606A04BF30445A
:10AD800040420844199094F829001B9910F0010FD3
:10AD9000606A04BF30444042081A1B90606A371A48
:10ADA00000F14B8256EA070000F0C580CDF8E08044
:10ADB000206A01900DF1600994F82840294608A8FE
:10ADC000D8F80820F0F784F8002804BF3DB0BDE8AB
:10ADD000F08F08A8F0F76AF882462C2200210DA80F
:10ADE0000BF082F850460AF05DFE069013900020AA
:10ADF0003A903B903C9001233A46494626A801F000
:10AE0000B3FF26A83A90002E07DD002332462946DC
:10AE10002FA801F0A9FF2FA83B901CA80D9015901A
:10AE2000BDF80400ADF849009DF806008DF84B0010
:10AE30008DF848402868189930448842D8BF0846A1
:10AE40002290A8681A99801B8842A8BF08462490BF
:10AE50006868199930448842D8BF08462390E8684A
:10AE60001B99801B8842A8BF0846259022A8F0F7AE
:10AE70001DF86A6819998A42D4BF4FF001094FF052
:10AE80000009E9681B9A9142ACBF4FF001084FF0EE
:10AE900000082A6818998A42D4BF4FF0010B4FF07E
:10AEA000000BA9681A9A9142ACBF01270027012420
:10AEB0000BEA070101EA090111EA080F02D0322862
:10AEC000B8BF002401208DF8500019EA040F0CD0FF
:10AED00022981C9024981E9068681D9019980DA9BE
:10AEE000401E1F903898F9F78BFB18EA040F0CD01E
:10AEF00022981C9024981E901B980DA9401C1D9010
:10AF0000E8681F903898F9F77BFB1A9918988842DF
:10AF10007EDBBBF1000F7CD0002F7FD028681C9017
:10AF2000A8681E9023981D9025981F900DA9389809
:10AF3000F9F766FB8DE0206A109094F828402C22E7
:10AF4000002168460AF0D0FF0CA80090BDF8400030
:10AF5000ADF815009DF842008DF817008DF81440EB
:10AF6000686819998842D4BF01260026E8681B99B1
:10AF70008842ACBF01240024286818998842D4BFB5
:10AF80004FF001094FF00009A9681A9A9142ACBF2D
:10AF9000012700270C90A8680E9068680D901998FA
:10AFA000401E0F901EB169464046F9F729FB1B98D9
:10AFB000401C0D90E8680F901CB169464046F9F7B7
:10AFC0001FFB28680C901898401E0E90002E14BF8E
:10AFD000199868680D90002C14BF1B98E8680F90B2
:10AFE000B9F1000F03D069464046F9F709FB1A98FA
:10AFF000401C0C90A8680E90002F04BF3DB0BDE827
:10B00000F08F69464046F9F7FBFA3DB0BDE8F08F96
:10B0100001E010E002E0BBF1000F0CD028681C90AA
:10B0200018980DA9401E1E9023981D9025981F90DA
:10B030003898F9F7E5FA67B11A980DA9401C1C90E9
:10B04000A8681E9023981D9025981F903898F9F7AE
:10B05000D7FA08981C900A98002C7DD02299491E96
:10B060008842A4BF2298401E1E901CA8EFF71EFF26
:10B07000051E3EDD5BEA09001BD0099C2398A04217
:10B0800017DD1F941D942A46FF2106980AF02CFF15
:10B09000009523463AA81C9A069901F05BFD8DF8AD
:10B0A00050000DA93898F9F7ABFA2398641CA04218
:10B0B000E7DC5BEA08001CD02598441C0B9884420E
:10B0C00017DC1F941D942A46FF2106980AF00CFFF6
:10B0D000009523463AA81C9A069901F03BFD8DF88D
:10B0E00050000DA93898F9F78BFA0B98641C84422C
:10B0F000E7DD1E990898491C8842DCBF1E98401C59
:10B100001C9024990898491C8842DCBF2498401C54
:10B110001C900A981E901CA8EFF7C8FE051E40DD83
:10B1200057EA09001DD0099C2398A04219DD1F94FD
:10B130001D942A46FF2106980AF0D6FE0095234664
:10B140003AA81C9A069901F005FD8DF850000DA94A
:10B150003898F9F755FA00E02FE02398641CA042D4
:10B16000E5DC57EA08001CD02598441C0B98844263
:10B1700017DC1F941D942A46FF2106980AF0B4FE9E
:10B18000009523463AA81C9A069901F0E3FC8DF835
:10B1900050000DA93898F9F733FA0B98641C8442D3
:10B1A000E7DD26A801F01CFD002EC4BF2FA801F08A
:10B1B00017FD069804F07CFE27E71E901998696831
:10B1C000A0EB0108B045B8BFB0460024B8F1000FAD
:10B1D000E7DD68680719E868A0EB04090998B84238
:10B1E000C4BF0B98814522DC5246FF2106980AF025
:10B1F0007BFECDF800A03B463AA81C9A069901F0C8
:10B20000A9FC8DF850000998B84205DC1F971D97DE
:10B210000DA93898F9F7F4F90B98484507DBCDF8F4
:10B220007C90CDF874900DA93898F9F7E9F9641C71
:10B230004445CEDBB5E746107EE50027B2E50000C9
:10B240002DE9F74F0D461168E86A14460A18A96AF5
:10B25000CCB0521A1492A2684FF0010A104408446C
:10B2600016906068296B0844A96A401A1590E06836
:10B27000296B0844A96A08441790686A149900EB7E
:10B28000D070A1EB6001491E049116990AEB600091
:10B2900008440690686A159900EBD070A1EB600035
:10B2A000401E0590686A179900EBD0700AEB6000A9
:10B2B0000844079095F834001E90FD2884BFFF20B5
:10B2C0001E904C9804A9826848A8EFF701FE002858
:10B2D00004BF4FB0BDE8F08F2068189060681990E7
:10B2E000A0681A90E0684FF0FF321B90114618A832
:10B2F000EFF7E1FDE869139018A8EFF7D7FD0446D2
:10B3000018A8EFF7C4FD844218A802DAEFF7CEFDC3
:10B3100001E0EFF7BCFD1399B1EB600F00F37D8501
:10B3200014A8D5F81C90EFF7C1FD044614A8EFF758
:10B33000AEFD844214A802DAEFF7B8FD01E0EFF7A2
:10B34000A6FDB9EB600F00F36D85686A00EB090498
:10B3500004FB04F040000AF0A5FB22906E6A074649
:10B360001498449010961798479006EBD67009EB06
:10B3700060012AEA0602891A0AEB6000491E0DF1F3
:10B38000500BCDE9450106EB09085846EFF78EFD55
:10B390004699081A44905846EFF779FD45990023DD
:10B3A000084447904A4644A932A801F0DDFC109EAB
:10B3B000012E18BF761040460AF074FB8346B9464A
:10B3C0004FF0000AB8F1000F3DDD4FEA4800219030
:10B3D000A8F1010020904246FF2158460AF084FD62
:10B3E00032A80090DDF8C8C04346524600215846B6
:10B3F000E047E8B19BF80000800190FBF6F0A9F867
:10B4000000002098002818DD0BF101014846A8F142
:10B4100001030A7811F801CC62450EBF028892013F
:10B4200092FBF6F220F8022F491C5B1EF1D104E0DA
:10B4300000214846219A0AF057FD0AF1010A09EB5A
:10B440004809D045C7DC584604F032FD32A801F067
:10B45000C7FB012E4BD03A46314640461EF05AF902
:10B46000109800F001008319012B1FDD4FF47F506D
:10B4700090FBF3F208FB08F000281CBF39461FFAC6
:10B4800082FC0ED00A8842B1FF2A08BFA1F800C092
:10B4900003D0920192FBF3F20A80401E01F10201F7
:10B4A000F0D13A46194640461EF034F908FB08F13F
:10B4B000002912DDB81E7A1E18F0010F03D010F813
:10B4C000023F02F8013F491007D08378537010F80B
:10B4D000043F02F8023F491EF7D195F8350010F0FD
:10B4E00001064FF000003090319023D11AE008FBA4
:10B4F00008F2002AF1DDB81E791E18F0010F04D001
:10B5000030F8023F9B0901F8013F5210E5D0438813
:10B510009B094B7030F8043F9B0901F8023F521E13
:10B52000F5D1DAE7012318A93BA8139A01F01CFC16
:10B530003BA8309004A8EFF7B9FC0AF0B3FA8146B3
:10B540002C22002124A80AF0CFFC0CA82490CDF8CE
:10B55000A8902C90288CADF8A50095F822008DF8C5
:10B56000A70095F834008DF8A40004A8EFF79EFC1E
:10B57000049900EBD07001EB6000039004A8EFF792
:10B5800086FC059900EBD07001EB600706980E90E1
:10B59000001B401CCDE90C01601E239008440F9055
:10B5A0000C9903988142D8BF0C900F98B842A8BF5D
:10B5B0000F974C980CA9826808A8EFF789FCD0B3C4
:10B5C00018A908A8139AEFF7A9FCA0BB08A8EFF7E1
:10B5D0006DFC1090059A09992298891A01FB0400C4
:10B5E000069A0899121B891A0844A0F1010A4EB163
:10B5F00018A908A8139AEFF7F3FC002818BF4FF01A
:10B60000010B00D1B3461098002823DDCDF8A89097
:10B6100008980C900A980E900220DDF824800B996F
:10B620008DF8AC00884515DCCDF83480CDF83C8031
:10B63000BBF1000F00E00DE018BFCDF8A8A02FD09F
:10B6400024A94C98F8F7DCFF0B9808F10108A244F4
:10B650004045E9DA06980E90001B401C0C900798B4
:10B660000C99001B401C0D9007980F90039888427E
:10B67000A8BF0C9007F101080D984045D8BFCDF840
:10B6800034804C980CA9826808A8EFF721FC0028A8
:10B690005ED018A908A8139AEFF740FCA8B157E0AC
:10B6A0002246514648460AF0A7FA109800904346B1
:10B6B000494630A8089A01F04DFA8DF8AC000128EF
:10B6C00004BF02208DF8AC00BAE708A8EFF7EEFB44
:10B6D0000B9A0F991290891A2298069A01FB04007E
:10B6E0000899121B891A0844A0F1010B4EB118A940
:10B6F00008A8139AEFF774FC00281CBF01202190C2
:10B7000000D121961298002822DDCDF8A890089843
:10B710000C900A980E900220DDF82CA009998DF863
:10B72000AC00514514DC00BFCDF834A02198CDF811
:10B730003CA0002818BFCDF8A8B027D024A94C9869
:10B74000F8F75EFF0998AAF1010AA3445045EBDD22
:10B75000049820440C900698001B0E9005980D90BC
:10B760000146239808440F908742D8BF0F974C9802
:10B770000CA9826808A8EFF7ABFB002875D018A9C0
:10B7800008A8139AEFF7CAFBA8B16EE02246594603
:10B7900048460AF031FA129800905346494630A8BC
:10B7A000089A01F0D7F98DF8AC00012804BF0220F7
:10B7B0008DF8AC00C2E708A8EFF778FB37900D9A38
:10B7C00009992298891A01FB040B4EB118A908A8FF
:10B7D000139AEFF705FC00281CBF0120219000D12F
:10B7E00021963798002840DD219800280EBFCDF81B
:10B7F000A89000202A9008980C900A980E90DDF8E6
:10B8000024A00B98504530DBCDF834A02198CDF81A
:10B810003CA058B11E98FF289BF8000003D095F873
:10B8200034104843000A8DF8A40014E09BF800107F
:10B830004846379A0AF058FB3798009053464946D5
:10B8400030A8089A01F086F98DF8AC00012804BFF1
:10B8500002208DF8AC0024A94C98F8F7D1FE0B9883
:10B860000AF1010AA3445045CEDA95F834008DF868
:10B87000A400049820440C900698001B0E90079892
:10B88000001B401C0D9007980F900D988045A8BF95
:10B89000CDF834804C980CA9826808A8EFF718FB03
:10B8A000F0B318A908A8139AEFF738FBC0BB08A893
:10B8B000EFF7FCFA10900B9A0F992298891A01FB66
:10B8C000040B109800284BDD002E08BFCDF8A8907F
:10B8D00006D018A908A8139AEFF782FB00202A9037
:10B8E00008980C900A980E90DDF82CA00998504505
:10B8F00036DC00BFCDF834A0CDF83CA08EB118A93D
:10B9000008A8139AEFF76CFB1E98FF289BF800001D
:10B9100003D095F834104843000A8DF8A40015E0D0
:10B920001EE09BF800104846109A0AF0DDFA1098C5
:10B9300000905346494630A8089A01F00BF98DF85B
:10B94000AC00012804BF02208DF8AC0024A94C985B
:10B95000F8F756FE0998AAF1010AA3445045C9DD3B
:10B9600095F834008DF8A4000698001B401C0C903C
:10B9700006980E90059820440D900798001B0F9094
:10B980000D988045D8BFCDF834800F98B842D8BF05
:10B990000F970C9903988142D8BF0C904C980CA932
:10B9A000826808A8EFF794FAF0B318A908A8139AC8
:10B9B000EFF7B4FAC0BB08A8EFF778FA8246DDE9E2
:10B9C000220101FB0400069A0899121B891A0844F7
:10B9D000401E0290002E04BFB34648460AD018A964
:10B9E00008A8139AEFF7FCFA002814BF4FF0010BD8
:10B9F000B34602982A90BAF1000F2DDD08980C90FA
:10BA00000A980E900220099D0B998DF8AC008D428A
:10BA100022DC0D950F95BBF1000F15D1524648461B
:10BA200002990AF0E9F800E016E0CDF800A02B46F4
:10BA3000494630A8089A01F08DF88DF8AC0001282D
:10BA400004BF02208DF8AC0024A94C98F8F7D8FD6B
:10BA50000B986D1CA842DCDA04EBD4704FF0000C9C
:10BA6000DDF888B04FEA600A6546002C17DD00BF9C
:10BA7000BAF1000F0FDD0CEB040058440BEB0C0186
:10BA80005246401E0B7890F800E001F801EB00F8F8
:10BA90000139521EF6D16D1CA444AC42E8DC049876
:10BAA0000C900146239808440E90059820440D9070
:10BAB0000798001B0F900D984045A8BFCDF8348023
:10BAC0000F98B842D8BF0F9703980E99401E039065
:10BAD0008142A8BF0E904C980CA9826808A8EFF785
:10BAE000F7F9E0B318A908A8139AEFF717FAB0BB53
:10BAF00008A8EFF7DBF98346DDE9220101FB04002A
:10BB00000C9A0899891A08440290002E04BFB24684
:10BB100048460AD018A908A8139AEFF761FA002836
:10BB200014BF4FF0010AB24602982A90BBF1000FF1
:10BB30002DDD08980C900A980E900220099D0B9913
:10BB40008DF8AC008D4222DC0D950F95BAF1000FF7
:10BB500015D15A46484602990AF04EF800E016E020
:10BB6000CDF800B02B46494630A8089A00F0F2FF05
:10BB70008DF8AC00012804BF02208DF8AC0024A988
:10BB80004C98F8F73DFD0B986D1CA842DCDA049840
:10BB90000C900146239808440E9005980D9001469C
:10BBA000239808440F900E9903988142A8BF0E90E5
:10BBB0000F98B842A8BF0F974C980CA9826808A8A4
:10BBC000EFF786F9F0B318A908A8139AEFF7A6F9CA
:10BBD000C0BB08A8EFF76AF912900D9A099922984C
:10BBE000891A01FB04000C9A0899891A01EB000AD2
:10BBF0004EB118A908A8139AEFF7F2F9002818BF58
:10BC00004FF0010B00D1B3461298CDF8A890002850
:10BC10001DDD08980C900A980E900220099D0B9942
:10BC20008DF8AC008D4212DC0D950F95BBF1000F25
:10BC300018BFCDF8A8A02ED024A94C98F8F7E0FCA6
:10BC4000A24400E003E00B986D1CA842ECDA0498D3
:10BC50000C900146239808440E900798001B401C46
:10BC60000D9007980F900D988045A8BFCDF83480AF
:10BC70000E9903988142A8BF0E904C980CA9826837
:10BC800008A8EFF725F9E8B318A908A8139AEFF761
:10BC900045F9A8B152E022465146484609F0ACFFAA
:10BCA000129800902B46494630A8089A00F052FF9F
:10BCB0008DF8AC00012804BF02208DF8AC00BBE772
:10BCC00008A8EFF7F3F810900B9A0F992298891AA9
:10BCD00001FB04000C9A0899891A01EB000A4EB185
:10BCE00018A908A8139AEFF77BF9002818BF4FF09E
:10BCF000010B00D1B3461098CDF8A89000281DDDA7
:10BD0000089800E01AE00C900A980E9002200B9D13
:10BD100009998DF8AC00A94210DC0D950F95BBF187
:10BD2000000F18BFCDF8A8A02DD024A94C98F8F783
:10BD300067FC09986D1EA244A842EEDD04982044D9
:10BD40000C900698001B0E90059820440D900798C3
:10BD5000001B0F900D988045D8BFCDF834800F9808
:10BD6000B842D8BF0F97CDF8A8904C980CA982681C
:10BD700008A8EFF7ADF8E8B318A908A8139AEFF7E9
:10BD8000CDF8A8B13BE022465146484609F034FFC1
:10BD9000109800902B46494630A8089A00F0DAFE29
:10BDA0008DF8AC00012804BF02208DF8AC00BCE780
:10BDB00008A8EFF77BF8051E21DD08980C900A987B
:10BDC0000E90099C0B98844219DC0D942A46FF21A1
:10BDD00048460F940AF088F800952346494630A853
:10BDE000089A00F0B7FE8DF8AC0024A94C98F8F73B
:10BDF00007FC00E003E00B98641C8442E5DD002EA4
:10BE000004BF3BA800F0ECFE229804F051F848462D
:10BE100004F04EF84FB0BDE8F08F40101390FFF7DC
:10BE20007FBA00BF4FEA6009FFF78FBA2DE9F74FDD
:10BE300091F82000B4B0884602289CBF37B0BDE816
:10BE4000F08F106820905068219090682290D06800
:10BE50002390349820A9826824A8EFF739F80028A5
:10BE600004BF37B0BDE8F08F98F82F0010F0070737
:10BE700001BFB8F82100ADF8000098F823008DF854
:10BE800002001CBFD8F8240000904FF00009CDF844
:10BE90004490CDF85090CDF84890CDF84C90CDF826
:10BEA0005490CDF85890CDF86490CDF85C90CDF8D2
:10BEB0006090CDF86890CDF86C90BDF80000ADF8BA
:10BEC00059009DF802008DF85B00D8F81C0038433B
:10BED00066D098F820A0BAF1FD0F28BF4FF0FF0AF6
:10BEE00020A8EEF7E3FF834620A8EEF7D0FF054633
:10BEF000AB45B8BF5846D8F81C60B6EB600FA8BF7A
:10BF0000461024A8EEF7D2FF0446002008900E90B9
:10BF10000F90002E0BDD204609F0C4FD0890002391
:10BF2000324620A928A800F01FFF28A80E902498C8
:10BF30001C9026981E9008980DF170091790CDF866
:10BF40004490FF208DF85800CDF864902A46594659
:10BF500008F1240004F0F0FA05004FF00000029010
:10BF60000B903AD0022F38D3CDF8549024982099D2
:10BF700000EB4000A1EB81010844296808441290BD
:10BF800098F82E10002918BF002019D900EB800264
:10BF9000424492F82720FF2A0FD001200B900FE097
:10BFA00020A8119098F820008DF8580011A9349815
:10BFB000F8F726FB37B0BDE8F08F401C8142E5D88A
:10BFC000022F07D10B9828B168682499084420995A
:10BFD000401A02900F208DF850004FF00009002EFB
:10BFE0007EDD219800EB09082398A0EB090B25982A
:10BFF0004045C4BF2798834573DC00200D9022463E
:10C000005146089809F070FF009443460EA81C9A08
:10C01000089900F09FFD8DF86000012804BF022000
:10C020008DF86000002000902598404539DCCDF85F
:10C030007480CDF87C80012F02D0022F12D02CE02A
:10C0400021982968A8EB000000EB400211440A88FF
:10C05000ADF8592089788DF85B106968085C8DF817
:10C0600058001AE0012000900298B0B101200D9014
:10C07000002C0FDD0299089822460B78FD2B05D283
:10C0800090F800C00CFB03F31B0A0370401C491C12
:10C09000521EF2D102208DF8600011A93498F8F7F1
:10C0A000AFFA279883454CDCCDF874B0CDF87CB05E
:10C0B000012F02D0022F53D010E021982968ABEB5A
:10C0C000000000EB400211440A88ADF8592089783D
:10C0D0008DF85B106968085C8DF858000D9801E0D8
:10C0E00034E02EE048B3032F12D32246514608987D
:10C0F00009F0FAFE009443460EA81C9A089900F035
:10C1000029FD8DF86000012804BF02208DF8600031
:10C11000002C0FDD0299089822460B78FD2B05D2E2
:10C1200090F800C00CFB03F31B0A0370401C491C71
:10C13000521EF2D102208DF8600011A93498F8F750
:10C140005FFA09F10109B145FFF64BAF7FB18DF8F8
:10C1500058A0062F24D2DFE807F023191D4B4B4BC4
:10C1600000980028E9D102980028BCD1E5E7219881
:10C170008DF858A030441D90239811A9801B1F9062
:10C18000002017903498F8F73BFA22E001208DF850
:10C19000600005E05FF002008DF8600002981790E3
:10C1A0002198841925988442D8BF04462398861B79
:10C1B00027988642A8BF0646B4420ADC1D941F9405
:10C1C000012F1BD011A93498F8F71AFA641CB44255
:10C1D000F4DD089820B103F06BFE28A800F000FD04
:10C1E000002D1CBF284604F0E5F837B0BDE8F08FFD
:10C1F0000B98002808BF0120CED0CBE721982968F2
:10C20000201A00EB40021144BAF1FD0F0A88ADF884
:10C21000592089788DF85B106968085C3CBF00FB89
:10C220000AF0000A8DF85800CCE70000B1F84C3055
:10C2300013F4005F024B01D0F5F7CEBCF5F750BC0C
:10C24000FD7E000810B500F0EDFC00242420F5F779
:10C250002DFA0449C1600449046201610021816131
:10C2600010BD0000B14400088555000891F8483021
:10C27000022B98BF7047014BF5F700BEDD4B00085D
:10C2800070B50546C8699CB014460668002E04BF08
:10C290001CB070BD6C226846E3F7D8FFBDF84C3087
:10C2A000284613F4005F064B69462246079603D0E2
:10C2B000F5F792FC1CB070BDF5F712FC1CB070BD18
:10C2C000FD7E00080A6B002A08BF70472DE9F34F76
:10C2D00091F83C00DFB00C4602289CBF61B0BDE87D
:10C2E000F08F616AE069884207D1D4F828C0236AD8
:10C2F000634504BF61B0BDE8F08F8842B4BF034618
:10C300000B4602EBD272A3EB62030C93D8BF084634
:10C3100000EB62000E90A16A206A226B8842A8BFDF
:10C32000084602EBD271A0EB61000D90216AA06A71
:10C33000226B8142C8BF084602EBD27100EB61005C
:10C340000F905F980CA982680846EEF7C1FD00289F
:10C3500004BF61B0BDE8F08FA26A206A90427DD12F
:10C360005F980790206BE269401E411000F00100C9
:10C3700000EB010C606A8242B4BF13460346089387
:10C38000C8BF1046A0F101000A90206AA0EB0C0083
:10C390000990206A08440B90079808A9826808460B
:10C3A000EEF796FD002800F08182A06B00281BBFED
:10C3B000606B0028002501254FF02C024FF0000192
:10C3C00010A809F091FD08AF1097A08DADF85500A9
:10C3D00094F82E008DF8570094F83C008DF8540026
:10C3E000002D04BF10A9079800F0DC8008A8EEF724
:10C3F0005DFD0546DDF82C9009980B90D4E90D10F1
:10C400000844089991FBF0F200FB1216284609F047
:10C4100049FB1897099F4FF0020A804616908DF845
:10C420005CA04F45D8BF4FF0000B24DC2A46FF210B
:10C43000404609F059FD00213046002D0CDD626BAD
:10C4400082421ADB121A12B211441044401C491CD9
:10C450008DF85CA0A942F2DB10A900E015E0079876
:10C46000F8F7CEF809987F1C401C09900B98401CE7
:10C470000B904F45DADD404690E0A36B1A448242B0
:10C48000ACBF08F801B00020E0E7636AE1699942B7
:10C490007ED1206BDDF87C81421E501002F001023B
:10C4A00002448A1A084402920490A16A206A8842CF
:10C4B000A8BF08460390A16A206A8842D8BF0846F0
:10C4C000401E059002A90846D8F80820EEF700FDA6
:10C4D000002800F0EB81A06B00281BBF606B0028D8
:10C4E000002601264FF02C024FF0000110A809F0A1
:10C4F000FBFC02AD1095A08DADF8550094F82E0010
:10C500008DF8570094F83C008DF85400002E04BFBD
:10C5100010A9404646D002A8EEF7C8FC0890059F37
:10C5200003980590089809F0BDFA814616900220FC
:10C5300018958DF85C00D4E90D100844039991FB1F
:10C54000F0F200FB12150E46B942DCBF4FF0000AB4
:10C550004FF0010B21DCFF214846089A09F0C4FC8A
:10C56000606BA842B4BF8DF85CA08DF85CB0D4E9D4
:10C570000D100844A842D8BF002510A940466D1CE4
:10C58000F8F73EF80398401C03900598401C00E023
:10C590000CE0761C0590BE42DDDD484603F088FCC9
:10C5A00000F084B9F8F72CF800F080B95F995D913C
:10C5B00090420EDA04F11C01684610F0BBF8DDE988
:10C5C000006804F12401684610F0B4F8DDE9005772
:10C5D0000DE004F12401684610F0ACF8DDE90068D4
:10C5E00004F11C01684610F0A5F8DDE90057A5EB41
:10C5F0000609A7EB080AB9F1000FCCBF4846C9F1FC
:10C600000000BAF1000FCCBF5146CAF100018842C8
:10C61000CCBF012000200190216B002860D0BAF12E
:10C62000000FD4BFCAF1000050464201B9F1000F1B
:10C63000CCBF4846C9F1000092FBF0F0C54A105C3F
:10C6400048433F30C0114FEA600B00F001015944EC
:10C650000791AE42B4BF31462946A1EB00012A91B1
:10C66000CCBF3146294601442C91B845B4BF414660
:10C670003946A1EB00012B91CCBF41463946084415
:10C680002D905D982AA982680846EEF721FC0028C3
:10C6900000F00C811CA9002058913CA95B90599195
:10C6A00001995A905C90E1B3B9F1000F26DDA7EB38
:10C6B0000B01CDE90010A8EB0B0231462B461CA85C
:10C6C00000F0B6FA079801213844CDE90001079837
:10C6D0002B4608EB000231463CA800F0A9FA3CE0EA
:10C6E000B9F1000FCCBF4846C9F100004201BAF1D0
:10C6F000000FCCBF5046CAF100009DE707992B46BA
:10C700003944CDE900100798314608EB00021CA817
:10C7100000F08EFA0121A7EB0B002B46A8EB0B02D1
:10C7200000E006E0CDE9000131463CA800F080FAC7
:10C7300013E0CDE90070079842462B1831181CA869
:10C7400000F076FA0120CDE90070A5EB0B0342461C
:10C75000A6EB0B013CA800F06BFA94F83D0010F03A
:10C76000100F1BD1032108EB0900CDE90001A6EB56
:10C770000A03424631464AA800F05AFA022107EB62
:10C780000900CDE90001A5EB0A033A4629462EA887
:10C7900000F04EFA4AA85A902EA85B902AA8EEF70D
:10C7A00085FB054610F0AEFBF3F74EF907462AA8C5
:10C7B000EEF772FBB84203D22AA8EEF76DFB0746EC
:10C7C000384609F06FF98246DDF8B4B02B982D9009
:10C7D00000263A46FF21504609F086FB2C22002114
:10C7E00010A809F081FB2AA91091A28DADF855205F
:10C7F00094F82E008DF8570094F83C00DDF8AC80DA
:10C800008DF85400CDF858A01891D8452DDC0AEBCE
:10C81000060100958946434658A82A9A00F09AF9DD
:10C820008DF85C0020B92A464846002109F05CFBDF
:10C830002E447019B84203D22D98401C2D9010E060
:10C8400002208DF85C0010A95D98F7F7D9FE2D98AD
:10C850000026401C2B902D903A46FF21504609F0AF
:10C8600043FB08F10108D845D1DD2D992B9888426A
:10C8700008D0481E2D9002208DF85C0010A95D980C
:10C88000F7F7BEFE504603F013FB1CA800F0A8F912
:10C890003CA800F0A5F994F83D0010F0100F05D168
:10C8A0004AA800F09DF92EA800F09AF994F83D00EE
:10C8B00010F00C0F04BF61B0BDE8F08F6846F4F7CC
:10C8C000D5FFA08DADF8210094F82E008DF823003F
:10C8D00047F6FF70079094F83C008DF82000206B1D
:10C8E0000121451021EA000694F83D0010F0040FE4
:10C8F00012D0E06910AA401B1090206A6946401BC4
:10C900001190E0692844801B1290206A2844801B03
:10C9100013905F98FFF78AFA94F83D0010F0080F23
:10C9200004BF61B0BDE8F08F606A10AA401B109090
:10C93000A06A6946401B1190606A2844801B1290CF
:10C94000A06A2844801B13905F98FFF76FFA61B0CC
:10C95000BDE8F08FF4EA03082DE9F04F83B05FEAF9
:10C9600003080C9C16460F46054648BF4FF00008CA
:10C9700003D4B8F5B47F80F29580002CB2BF0024B8
:10C98000B4F5B47F40F26714A0451FDDC8F5B4705C
:10C990002044A5F8880000BFC5E9048405F108001B
:10C9A0000FF0D0FE4148286001202871B8F5B47F0F
:10C9B00015D94FA000903EA243A1CDE9011200225B
:10C9C000534B1146032009F013F8FEE7A4EB0800CF
:10C9D0000028D8BFA8EB0400A5F88800DCE7B8F170
:10C9E000B40F2CBF4FF0010A4FF0000A002C02DBFD
:10C9F000B8F5B47F0CDD3EA0009046A24BA1CDE976
:10CA000001120022424B1146032008F0F1FFFEE71D
:10CA1000B42C06D3A4F1B400B42838BF4FF00009F9
:10CA200001D34FF0010905F118000FFA88F80290C0
:10CA3000B8F1B40FC4BFA8F1B4000FFA80F808F140
:10CA40005A0000B216F0A4FD07EB601B404616F03A
:10CA50009FFD06EB6010CDE9000A5B463246394681
:10CA6000029800F0E5F824B25035B42CC4BFA4F10C
:10CA7000B40004B204F15A0000B216F089FD07EBCD
:10CA80006018204616F084FD06EB6010CDE9000921
:10CA9000434632463946284600F0CAF803B0BDE89E
:10CAA000F08F00BF40F2671867E700001927010800
:10CAB000556E657870656374656420737461727413
:10CAC00020616E676C65000073746172745F616EE3
:10CAD000676C65203E3D20302026262073746172ED
:10CAE000745F616E676C65203C3D2033363000001A
:10CAF0004173736572746564206174206578707227
:10CB0000657373696F6E3A20257320282573290099
:10CB100015EB0308556E6578706563746564206570
:10CB20006E6420616E676C6500000000656E645F76
:10CB3000616E676C65203E3D203020262620737490
:10CB40006172745F616E676C65203C3D20333630E6
:10CB5000000000002DE9F84F05460026DDF828A06A
:10CB600000681F46904689463446D0B155F82400E7
:10CB700000905346D0F800C03A4641464846E04748
:10CB8000002808BFBDE8F88F022808BF0126641CF2
:10CB900055F824000028E9D1002E1CBF0220BDE872
:10CBA000F88F0120BDE8F88F70B50C4D002400BF50
:10CBB000C4EBC40005EB8006D6F83C01002818BF82
:10CBC00003F076F906F59E701C22002109F08CF91D
:10CBD000601CC4B2042CEBD370BD000070020020B6
:10CBE00070B50F4D044605F59A7009F00CFC2079DC
:10CBF00002280ED1206A60B10169002906DA406876
:10CC000003F056F9206A03F053F902E04169491E26
:10CC1000416105F59A70BDE8704009F0F6BB00006F
:10CC200070020020014809F0ECBB0000A4030020C2
:10CC30002DE9F0471646DDE9085988461F460446A7
:10CC40003822002109F050F9AE4202BFB9F1030FBA
:10CC50006D1E761EAE4205DD3846474680462846A4
:10CC6000354606463246414604F108000FF06AFD9B
:10CC70002A46394604F110000FF064FD84F818903C
:10CC80003246414604F11C000FF05CFDA7EB0800A2
:10CC90000028CCBF0146A8EB0701AA1B002ACCBF85
:10CCA0001346731B994294F83410CCBF41F0010134
:10CCB00021F0010184F834100023A362DFF8A4C03E
:10CCC000C4F800C06362237111F0010F4FF48013A8
:10CCD00010D038B193FBF0FC0CFB02FC4FEAAC2CFB
:10CCE000C4F828C022B193FBF2F250438012606274
:10CCF000A06A0FE03AB193FBF2FC0CFB00FC4FEA98
:10CD0000AC2CC4F824C020B193FBF0F05043801247
:10CD1000A062606AE062207E10F0030F1BD000F07A
:10CD20000302012A14D0022A0FD0032232EA0000A3
:10CD300014D001E084F83400E16A881020630029EF
:10CD4000BCBF40422063BDE8F087E06A002802DDF6
:10CD500041F00200EEE721F00200EBE7E06A002874
:10CD6000F9DCF5E71D2A01082DE9F04F074693B0DD
:10CD7000984615460E460846EEF798F804463046A3
:10CD8000EEF785F88442B8BF2046B5EB600F00F39C
:10CD90007F82002DC0F27E823068B8607068F860D3
:10CDA000B0683861F068C7E9050587F81C80FE485F
:10CDB0004FF002083860002687F80480002D02BF7B
:10CDC0003E6213B0BDE8F08FF84C04F59A7009F09C
:10CDD0001AFB0020C0EBC00104EB8101D1F8541113
:10CDE000A94226D1C0EBC00004EB8000D0F850115E
:10CDF000491CC0F85011D0F84C11102DB4BF0122BD
:10CE00002A110A44B2F57A7FA8BF4FF47A7104DA86
:10CE1000102DB4BF01222A111144C0F84C1100F5A5
:10CE20009E70386213B004F59A70BDE8F04F09F0B7
:10CE3000ECBA401C0428CDD3D4F8501100200029AE
:10CE400008BF04F59E70D4F86C1139B920B1D4F83C
:10CE500068110269914201DA04F5AC70D4F88811C6
:10CE600039B920B1D4F884110269914201DA04F58C
:10CE7000BA70CE49D1F8A41100297FD000287CD007
:10CE80004169491CC0E90461102DB4BF0121291179
:10CE90003144B1F57A7FA8BF4FF47A7105DA324692
:10CEA000102DB4BF012129111144016138620446DB
:10CEB0000395002D00F0E681A5612068002818BFC9
:10CEC00002F0F6FF039800EB4001062000EB410062
:10CED00008F0E8FD206000287BD06060039821689E
:10CEE00008EB40000844E0600398042202EB800055
:10CEF0000844A06003990120012977D0080110306F
:10CF000008F0F6FD0399844600EBC1004FF0000ED7
:10CF1000890000F108024FEAA1057346C1F101063C
:10CF20007046CDF838E0069500F1008103274FF0F8
:10CF300005080DF1180A00250DF13809002EDCBF97
:10CF400007EB430B5E4405DDA3EB010B08EB4B0B3A
:10CF50005E44491E5B1C8B420ADC4FEAA10B4AF877
:10CF600025B001F0030B49F825B06D1C042DE5DB5D
:10CF7000042D40F0DB8043E000E011E0002804BF16
:10CF80008A4800F5C8703FF479AF88490369D1F841
:10CF9000A0219A42B8BF01F5C870BFF671AF6DE726
:10CFA0001C2008F0A5FD00281CBF4FF0FF310161D7
:10CFB0007FF47CAF86A000907DA281A1CDE9011213
:10CFC00000228B4B1146032008F012FDFEE700E023
:10CFD0000CE090A0009087A28AA1CDE90112002266
:10CFE000944B1146032008F003FDFEE76268B4216C
:10CFF0001170E1680E80E1684880A068068041E118
:10D00000DDF82490069D4D4515D14CF8205042F88E
:10D0100020E0DDE90E95A944DDE910B55D444D44FD
:10D02000D4F8049009F80050D4F804902D0109F8C0
:10D030000050401C74E0DDF81C904D4527D04CF8A2
:10D04000205042F820E0D4F804900E9D09F80050DA
:10D05000D4F804902D0109F80050451C0698401E94
:10D060004CF8250042F825E0DDE90F094844DDF8D9
:10D07000449009F104094844D4F8049009F80500E3
:10D08000D4F80490000109F80500681C48E0DDF8B8
:10D0900020904CF820504D4542F820E0DDE90E5933
:10D0A0004D441ED0D4F8049009F80050D4F80490F0
:10D0B0002D0109F80050069D401C6D1E4CF82050B3
:10D0C00042F820E0DDE910594D44D4F804900835C9
:10D0D00009F80050D4F804902D0109F80050401CC4
:10D0E0001EE0DDF840904D44D4F8049009F800505B
:10D0F000D4F804902D0109F80050069D401C6D1EC7
:10D100004CF8205042F820E0119DD4F804900C35E2
:10D1100009F80050D4F804902D0109F80050401C83
:10D120000EF1010E8B427FF706AF00BF03990CEBA7
:10D13000800540F2D323594355F8045C8B129D427D
:10D1400005D102EB800555F8045C9D4219D0A1EB96
:10D150008321B1F5007F03DC494341F3CF3106E081
:10D16000C1F58061494341F3CF31C1F10F014CF862
:10D17000203042F82030636819546368090119545B
:10D18000401C811E0ED400BF52F821304CF82030D4
:10D190005CF8213042F8203063685D5C1D54401C0F
:10D1A000491EF1D5002347E0F12E0108700200204E
:10D1B0004F7574206F66206D656D6F727900000089
:10D1C000656E74727920213D204E554C4C00000054
:10D1D0004173736572746564206174206578707240
:10D1E000657373696F6E3A202573202825732900B3
:10D1F00030EB03084F7574206F66206D656D6F729C
:10D2000079000000632D3E62756620213D204E5559
:10D210004C4C000041737365727465642061742026
:10D2200065787072657373696F6E3A202573202874
:10D23000257329004CEB0308E66819460028338063
:10D240001DDDE56825F81310A6683CF8215026F886
:10D25000135000BF52F821509D420DD181420BDA8C
:10D26000A6685CF8215036F81370AF42B8BF3D464F
:10D2700026F81350491CEDE75B1C8142E1DB604658
:10D2800002F016FE13B00448BDE8F04F09F0BDB837
:10D2900045107EE500257FE5A40300202DE9F04739
:10D2A00096B00C46064682681C3102A8EDF710FEC7
:10D2B000002804BF16B0BDE8F087D6F804A0206AA5
:10D2C0000AF10405DAF80070401E0090B068D0E959
:10D2D0000012836806A8EDF7C2FF6868424228681A
:10D2E000414206A8EDF7AEFF06A93846F3F740FB2A
:10D2F000B068C1680091A16A83684A1C016806A8E9
:10D30000EDF7ADFF686842422868414206A8EDF794
:10D3100099FF06A93846F3F72BFBA06A0090E06955
:10D32000226A431EB068016806A8EDF798FF686896
:10D3300042422868414206A8EDF784FF06A9384614
:10D34000F3F716FBA06A0090B0688368D4E9082060
:10D35000411C06A8EDF783FF6868424228684142F5
:10D3600006A8EDF76FFF06A93846F3F701FB002387
:10D3700004F11C010AA8E26AFFF7F6FC00201590F0
:10D380000AA8149002A8EDF791FD064608F08AFB62
:10D390008046039F0598B842A8BF4FEA86092BDB59
:10D3A0003246FF21404608F09FFD00963B4641462D
:10D3B00014A8029AFFF7CEFB0446012818D0029861
:10D3C0002968411A68683A1A5046F5F749F9E4B1F4
:10D3D00076B144463146C01C2278FF2A03D0037838
:10D3E0005A43120A0270001D491E04F10104F3D1D0
:10D3F00005987F1CB842D3DA404602F059FD0AA8CE
:10D40000FFF7EEFB16B0BDE8F0874A46002108F0B2
:10D410006BFDEDE72DE9FF4FB3B04298C06A404283
:10D420001E904298006B1C904298406B1D90429851
:10D43000D0E91010CDE92110FE4F1E9887FB001097
:10D440008110A1EBE07460421E9900EB800001EBBB
:10D450004005661C20B216F09BF8804630B216F0EC
:10D4600097F8814604F15A0000B216F091F804468C
:10D4700006F15A0000B216F08BF80246C5F10A0117
:10D4800001FB08F009FB050087FB00308310A3EBCC
:10D49000E0701A9001FB04F002FB050087FB00100E
:10D4A0008110A1EBE0701B901A9840111A901B9804
:10D4B00040111B90219800021F902298000220909A
:10D4C0003498EDF7F3FC09903498EDF7E0FC0E90FA
:10D4D00009982490449806280CD00F2814D01428BA
:10D4E0002ED0F1F771FF0999484313904498122800
:10D4F00029D00FE0429890F84B0002282CBF04215D
:10D5000002210998484304E01020F1F75DFF0999D2
:10D510004843139000200D904298B0F84C00C0F39F
:10D52000003028904298C06A002818BF0120299036
:10D5300000202B902A9023900B90299848B15CE012
:10D540000998400013900E9A1399459801FB020028
:10D55000E1E742983699006C091A4A1E4299096B14
:10D56000514300EB212542984099406C091A4A1E0C
:10D570004299496B514300EB212434980168A94238
:10D58000C8BF29468068A842D8BF0546349842687B
:10D59000A242C8BF2246C068A042D8BF044604A821
:10D5A000009005AB16A81FF039FE06A8009029468A
:10D5B00003AB224616A81FF031FE03990598069A80
:10D5C0000B1A0499DDF824C0521ABCF1010F06DDD4
:10D5D0004FEA032C099B5B1E9CFBF3F30B930E9B02
:10D5E000012B05DD13020E9A521E93FBF2F22392D9
:10D5F00080302B9001F180002A9000200F900E982F
:10D600000028DCBF37B0BDE8F08F0998401E2F908E
:10D610002998002845D001A8009034980F9903ABB1
:10D62000406842183498016816A81FF0F7FD02A858
:10D63000009034980F9904AB406842183498816880
:10D6400016A81FF0EBFDDDE90310431ADDE9010226
:10D650004FF0000C6546CDF82CC0DDF824C0121A3E
:10D66000BCF1010F09DD4FEA032C2F9B9CFBF3F368
:10D670000B9313022F9A93FBF2F5803100F1800493
:10D680002B914498102800F0D38212DC062800F079
:10D6900008840E2800F0F6810F2800F0058100F0C4
:10D6A000D5BD0F99239841432A98002500EB2124EA
:10D6B000E7E7112807D0122800F0C583142800F0EE
:10D6C000D98300F0C3BD35982790409814904198B5
:10D6D0000590DDF82CA028982E90DDF824900420E9
:10D6E000DDF8D8802B9F459E4FF0000B0C90B9F1D0
:10D6F000000F40F3AB85A8F1010012901498401E72
:10D70000CDF818000AFB0BF007EB202205FB0BF00D
:10D7100004EB202310124FEA232107D4804505DDB6
:10D720000029A4BFDDF850C08C4503DC002106EBC6
:10D730008B00B1E0D2B2DBB2802AB4BF4FF0FF3C25
:10D740004FF0010CE646B4BFC2F17F02803A30923E
:10D75000802BB4BF4FF0FF3201220792B4BFC3F158
:10D760007F02A3F180023192059A01FB02F30C9A29
:10D7700000FB0233279A1A4406EB8B0392F802C08F
:10D78000039383F802C092F801C083F801C092F8B5
:10D7900000C006F82BC04FF0FF0C83F803C02E9B8F
:10D7A000EBB310EB0E0353D4DDF848C063454FDCF8
:10D7B000079BCB184CD4DDF818C0634548DCDDF876
:10D7C00030C00EFB0C2393F802C06CF3174093F8A3
:10D7D00001C01B786CF30F2063F307004FF0FF0CC0
:10D7E0006CF31F600190059B079800FB0320827873
:10D7F00062F317414278007862F30F2160F307016A
:10D8000003986CF31F6102910068F1F718FC58B996
:10D810003199029861F31F600399096800E017E0ED
:10D82000F1F75EFE03990860039801990068F1F72B
:10D8300006FC01E06766666678BB3099019861F383
:10D840001F6003990968F1F74BFE0399086024E013
:10D8500010B9BEF1000F05DB129A90420BD1BEF158
:10D86000000F08DD3098C0F1FF00C0EB0020010A76
:10D870000398C17011E011B90798002805DB0698DC
:10D8800081420AD10798002807DD3198C0F1FF00D6
:10D89000C0EB0020010A0398C1700BF1010BCB45CE
:10D8A000FFF630AF00F0D2BC35982790409810902A
:10D8B00041980590DDF82CA028982E90DDF8249052
:10D8C0000320DDF8D8802B9F459E4FF0000B12906F
:10D8D000B9F1000F40F3BA84A8F101000690109846
:10D8E000401E0A900AFB0BF007EB202205FB0BF011
:10D8F00004EB202310124FEA232107D4804505DDD5
:10D900000029A4BFDDF840C08C4504DC06EB8B0188
:10D910000020C870AFE0D2B2DBB2802AB4BF4FF0B3
:10D92000FF3C4FF0010CE646B4BFC2F17F02803AE3
:10D930003092802BB4BF4FF0FF3201220492B4BF6B
:10D94000C3F17F02A3F180023192059A01FB02F339
:10D95000129A00FB0233279A1A4406EB8B0392F8C3
:10D9600002C0039383F802C092F801C083F801C09B
:10D9700092F800C006F82BC04FF0FF0C83F803C0EC
:10D980002E9BEBB310EB0E0350D4DDF818C06345AB
:10D990004CDC049BCB1849D4DDF828C0634545DC3A
:10D9A00012990EFB012191F802C06CF3174391F814
:10D9B00001C009786CF30F2361F307034FF0FF0CEC
:10D9C0006CF31F630193DDE9041301FB03218A78E3
:10D9D00062F317404A78097862F30F2061F3070079
:10D9E0006CF31F600290039802990068F1F727FB1F
:10D9F00058B93199029861F31F600399096800E0F2
:10DA000014E0F1F76DFD039908600398019900682F
:10DA1000F1F715FB78BB3099019861F31F6003990A
:10DA20000968F1F75DFD0399086024E010B9BEF1C3
:10DA3000000F05DB069A90420BD1BEF1000F08DD06
:10DA40003098C0F1FF00C0EB0020010A0398C170BC
:10DA500011E011B90498002805DB0A9881420AD127
:10DA60000498002807DD3198C0F1FF00C0EB0020CA
:10DA7000010A0398C1700BF1010BCB45FFF632AFE1
:10DA800000F0E4BB35982C9040982590DDF8ACC0B0
:10DA90002898099F3090369EDDF804A1DDF82C808F
:10DAA000459B0020002F40F3D183711E0A912599D8
:10DAB000491E159108FB00F10CEB212905FB00F133
:10DAC00004EB212B5FEA29214FEA2B2207D48E4257
:10DAD00005DD002AA4BFDDF894E0964501DC0021B5
:10DAE0009FE009F0FF090BF0FF0BB9F1800FB4BF05
:10DAF0004FF0FF3E4FF0010ECDF840E0B8BFC9F146
:10DB00007F094FEA4909A8BFA9F58079CDF8189097
:10DB1000BBF1800FB4BF4FF0FF394FF00109CDF8D2
:10DB20003090B9BFCBF17F094FEA49094FEA4B0961
:10DB3000A9F58079CDF81490DDF8B090894402FB06
:10DB40000A9999F800B003F800B0CDF808B0DDF8F4
:10DB5000C0B0BBF1000F3ED0DDF840B011EB0B0BB5
:10DB600039D4DDF828E0F34535DCDDF830B012EBD0
:10DB70000B0B30D4DDF854E0F3452CDC0C9A1099F3
:10DB800002FB0AF219F8011019F80220DDF80890DA
:10DB900089450CD0CB46DDF81490C9F580790BFB94
:10DBA00009FBDDF8149001FB09B1C1F30721DDF891
:10DBB000089091450CD0CB46DDF81890C9F58079D6
:10DBC0000BFB09FBDDF8189002FB09B2C2F3072238
:10DBD0001144490825E021B9DDF840B0BBF1000F40
:10DBE00006DBDDF828B059450AD11099002907DD78
:10DBF000069999F80020C1F1FF015143090A10E08C
:10DC000012B90C99002905DB15998A420AD10C99A1
:10DC1000002907DD059999F80020C1F1FF01514362
:10DC2000090A1954401CB842FFF644AF00F00EBB7D
:10DC300035982C904098129041980590DDF82490EA
:10DC4000459F2898DDF8D880DDF82CA02B9E1497EE
:10DC50004FF0000B3290B9F1000F40F3F782A8F1BA
:10DC600001000A901298401ECDF818000AFB0BF034
:10DC700006EB202205FB0BF004EB202310124FEAE9
:10DC8000232107D4804505DD0029A4BFDDF848C065
:10DC90008C4503DC002047F82B00CDE002F0FF0CA0
:10DCA000DBB2BCF1800FB9BF4FF0FF32CCF17F0C7B
:10DCB0000122ACF1800CCDF81CC0802BB4BF4FF01A
:10DCC000FF3C4FF0010CCDF830C0B4BFC3F17F036F
:10DCD000803B04932C9BDDF814C003EB800301FB15
:10DCE0000C33DDF850C00CEB8B0CCDF80CC0D3F826
:10DCF00000E0CCF800E0CDF8B4E0DDF8C8C0BCF13D
:10DD0000000F74D010EB020C71D4DDF828E0F4455C
:10DD10006DDCDDF830C011EB0C0C68D4DDF818E0D8
:10DD2000F44564DC03EB82000599006801900C98CF
:10DD300000FB013000680C90000E029005D00C9999
:10DD40002D98F1F77CF950B122E00398C17804983E
:10DD5000C0F1FF004843010A0398C17018E003981E
:10DD6000C07858B10499C1F1FF0100FB01F2049998
:10DD7000029800FB0120010A0398C17004990C98D5
:10DD800061F31F6003990968F1F7AAFB0399086022
:10DD90000198000E0490039805D000680199F1F7EE
:10DDA0004EF948B148E0C1780798C0F1FF004843F8
:10DDB000010A0398C1703FE00398C07858B10799F1
:10DDC000C1F1FF0100FB01F20799049800FB01205B
:10DDD000010A0398C1700799019861F31F600399C4
:10DDE0000968F1F77DFB0399086025E0FFE708B9B2
:10DDF000002A04DB0A9B98420BD1002A09DD039814
:10DE0000C1780798C0F17F004843C1090398C170E9
:10DE100012E011B90C98002805DB069881420BD15D
:10DE20000C98002808DD03980499C078C1F17F019F
:10DE30004843C1090398C1700BF1010BCB45FFF6B4
:10DE400015AF00F003BA05AE45980022289B0D9946
:10DE500086E80F000B980999CDE90140CDE90351FF
:10DE60002B980090DDE93501DDE940231FF03EFAF3
:10DE700000F0ECB905AE45980122289B0D9986E883
:10DE80000F0009980B99CDE90350CDE901412B987A
:10DE90000090DDE93501DDE940231FF027FA00F0AD
:10DEA000D5B9429890F84B00022835982C907DD334
:10DEB00040982690DDF8ACC02898099E3090DDF897
:10DEC000D890DDF804B10B9F45990020002E40F357
:10DED000BD81A9F101020892269A521ECDF81C209C
:10DEE00007FB00F20CEB222805FB00F204EB222AD0
:10DEF0005FEA28224FEA2A2307D4914505DD002B4B
:10DF0000A4BFDDF898E09E4503DC002241F8202004
:10DF1000B2E008F0FF0E0AF0FF08BEF1800FB4BFB8
:10DF20004FF0FF3A4FF0010ACDF840A0B9BFCEF153
:10DF30007F0A4FEA4A0A4FEA4E0AAAF5807ACDF8DC
:10DF400018A0B8F1800FB4BF4FF0FF3A4FF0010AAC
:10DF5000CDF830A0B8BFC8F17F084FEA4808A8BF85
:10DF6000A8F58078CDF81480DDF8B08001EB800A48
:10DF7000904403FB0B8898F800E001F820E0CDF80E
:10DF800048A08AF801E08AF802E04FF0FF0E8AF814
:10DF900003E0DDF8C0A0BAF1000F43D0DDF840A0E7
:10DFA00012EB0A0A3ED4DDF820E000E069E0F24519
:10DFB00038DCDDF830A013EB0A0E33D4DDF81CA0FA
:10DFC000D6452FDC109A18F802A00C9A02FB0BF22F
:10DFD00018F8023098F8002052450CD0DDF8148073
:10DFE000C8F5807802FB08FED046DDF814A008FBD7
:10DFF0000AE8C8F3072A9A420AD0DDF81880C8F563
:10E00000807802FB08F8069A03FB0282C2F307231A
:10E010000AEB0302530801F82030129A5370129A47
:10E02000937029E022B9DDF840A0BAF1000F06DBB9
:10E03000DDF820A052450CD1109A002A09DD069A7D
:10E0400098F80030C2F1FF025A43130A129AD370B3
:10E0500012E013B90C9A002A05DB079A93420BD100
:10E060000C9A002A08DD059A98F80030C2F1FF02E8
:10E070005A43130A129AD370401CB042FFF630AFD5
:10E08000E4E04098259041981490DDF8ACC02898C1
:10E09000099E3090DDF8D8A00B9F45990020002EF6
:10E0A0007EDDAAF101021192259A521ECDF854206C
:10E0B00007FB00F20CEB222805FB00F204EB2229FF
:10E0C0005FEA28224FEA292307D4924505DD002B79
:10E0D000A4BFDDF894B09B4506DC002201EB4003B1
:10E0E00001F810205A70ADE008F0FF0B09F0FF08AE
:10E0F000BBF1800FB4BF4FF0FF394FF00109CDF8ED
:10E100003090B9BFCBF17F094FEA49094FEA4B097B
:10E11000A9F58079CDF81C90B8F1800FB4BF4FF00D
:10E12000FF394FF00109CDF81090B8BFC8F17F0852
:10E130004FEA4808A8BFA8F58078CDF81880DDF828
:10E14000B0804FF0FF0B08EB0209DDF8508003FBB5
:10E15000089898F8009001F81090CDF80C9001EB19
:10E16000400989F801B0DDF8C0B0BBF1000F3FD025
:10E17000DDF830B012EB0B0B3AD4DDF844E0F34598
:10E1800036DCDDF810B013EB0B0B31D4DDF854E0C6
:10E19000F3452DDC0C9A149B18F802B0049A00E0A9
:10E1A00054E05A4318F80220DDF80C80D8450CD012
:10E1B0004346DDF81880C8F5807803FB08F9DDF8E0
:10E1C00018800BFB0893C3F3072B039B93420AD0E1
:10E1D000DDF81C80C8F5807803FB08F8079B02FB7C
:10E1E0000382C2F307225A44520801F8102029E0A2
:10E1F00022B9DDF830B0BBF1000F06DBDDF844B02A
:10E200005A450CD10C9A002A09DD079A98F800307B
:10E21000C2F1FF025A43120A89F8012012E013B931
:10E22000049A002A05DB159A93420BD1049A002A1E
:10E2300008DD069A98F80030C2F1FF025A43120A2C
:10E2400089F80120401CB042FFF632AF139945987F
:10E25000084445900D9818B10146249808440D9043
:10E260000F980E99401C0F908842FFF6D1A937B045
:10E27000BDE8F08F2DE9F34F0C46C96A606BD5B04D
:10E280008142B4BF0A460246E36B9A42A8BF1846D1
:10E2900002DA8142B8BF08461090216BA06B814220
:10E2A000B4BF0A460246236C9A42A8BF184602DA57
:10E2B0008142B8BF08461190E16A606B8142CCBFD1
:10E2C0000A460246E36B9A42D8BF184602DD8142F5
:10E2D000C8BF08461290A16B206B8842CCBF024693
:10E2E0000A46236C9A42D8BF184602DD8842D8BF3E
:10E2F00008461390559810A982680CA8ECF7E8FD21
:10E30000002804BF57B0BDE8F08F04ADE26A606B2F
:10E3100082421BD104F12C0168460EF00BFADDE9B4
:10E320000001CDE9040104F1340168460EF002FA5F
:10E33000DDE90001CDE9060104F13C0168460EF07B
:10E34000F9F9DDE90001CDE9080173E0E16B8A42EA
:10E350001BD104F12C0168460EF0ECF9DDE9000157
:10E36000CDE9040104F13C0168460EF0E3F9DDE972
:10E370000001CDE9060104F1340168460EF0DAF936
:10E38000DDE90001CDE9080154E088421BD104F128
:10E39000340168460EF0CEF9DDE90001CDE9040153
:10E3A00004F13C0168460EF0C5F9DDE90001CDE954
:10E3B000060104F12C0168460EF0BCF9DDE900010C
:10E3C000CDE9080136E004F12C0168460EF0B2F9FF
:10E3D000DDE90001CDE9040104F1340168460EF0E5
:10E3E000A9F9DDE90001CDE9060104F13C01684627
:10E3F0000EF0A0F9DDE90001CDE9080107990598C3
:10E40000884204DD05F1080104A80EF09EF909997F
:10E410000598884204DD05F1100104A80EF095F975
:10E4200009990798884205DA05F1100105F10800FD
:10E430000EF08BF907990598884204DD05F1080173
:10E4400004A80EF082F906980499059A401A0999D1
:10E45000049B891A48431146079A0027891A089A8B
:10E460002597D21A01FB0200C50F2397249707981E
:10E47000CDE900052297DDE9041244A8069BFEF7CA
:10E48000D7FB85F001050998CDE90005DDE9041207
:10E4900036A8089BFEF7CCFB099907984FF0020BB2
:10E4A000884208D1CDE9001BDDE9061214A8089BBB
:10E4B000FEF7BEFB07E0CDE90015DDE9061214A862
:10E4C000089BFEF7B5FB44A8229036A8239014A819
:10E4D00024900CA8ECF7EAFC064607F0E3FA814624
:10E4E000DDE90C010E9ACDE93421CDE93201B4F811
:10E4F0001D00ADF8AD00E07F8DF8AF00207F32AD9C
:10E500008DF8AC002695CDF8B0902E958DF8C070A2
:10E51000279794F82B0000F0070810A8ECF7B7FC39
:10E52000074610A8ECF7C2FC01463A4604F1200069
:10E5300002F002F807004FF0000A16D0B8F1020FFF
:10E5400013D12A950C98109900EB4000A1EB8101A2
:10E55000084439680844279078680C990844109951
:10E56000A0EB010A0F208DF8A4000D9D0F98A84282
:10E5700043DB33953246FF214846359507F0B4FC1E
:10E5800000962B46494622A80C9AFEF7E3FA8DF82E
:10E59000B400B8F1010F03D0B8F1020F18D024E095
:10E5A00011983968281A00EB400211440A88ADF826
:10E5B000AD2089788DF8AF107968095C8DF8AC10C2
:10E5C000207FFD2811D24843000A8DF8AC000CE0F2
:10E5D000BAF1000F09D0022823D0012804BFCDF8DA
:10E5E000B0A08DF8B4B000D018B126A95598F6F7B0
:10E5F00007F80F986D1CA842BBDA484601F058FC9A
:10E6000014A8FEF7EDFA44A8FEF7EAFA36A8FEF7DA
:10E61000E7FA002F1CBF384601F0CCFE57B0BDE82A
:10E62000F08FCDF8B090002EDFDD514648463246DF
:10E630000B78FD2B05D290F800C00CFB03F31B0AEE
:10E640000370401C491C521EF2D1CEE70179022909
:10E650000CBFC06C00207047017901290CBFC06C51
:10E6600000207047017904290CBFC06C002070475E
:10E6700070B50C4600262BA0CE62C4E90D060E63D1
:10E6800091F84C0040F0300081F84C004FF6FF70DC
:10E690000E64C4E91160CE6391F84C004FF48061C0
:10E6A00020F00F00083084F84C00204607F0C0FE30
:10E6B0001DA5E6632978002049B1295C0A2902D109
:10E6C000E16B4A1CE263401C295C0029F5D1E06B38
:10E6D000411CC4E90F16666494F84C0010F0100F4A
:10E6E00004D1A06B10B101F0E3FBA66394F84C00D9
:10E6F00040F0100184F84C102046A5630BF066F83A
:10E70000E06A002818BF0BF061F8204609F066FDAA
:10E7100001460C4808F07CFC054608F011FDE56256
:10E72000EC6270BDEF81B8004F7074696F6E20317C
:10E730000A4F7074696F6E20320A4F7074696F6E81
:10E74000203300008CC4040810B50146034808F0CB
:10E750005FFC044608F0F4FC204610BD68C40408C1
:10E7600070B5C86A0C46002510B108F0C7FDE56217
:10E7700094F84C0010F0100F18BF70BDA06B01F0A2
:10E7800097FBA56370BD00002DE9F04FFBB00F466D
:10E79000FE4809F073FA01281CBF7BB0BDE8F08F7A
:10E7A000384600F077FE0546384600F0AFFE0446D6
:10E7B0004FF6FF76102D43D0112D18BF122D53D0D8
:10E7C000082D61D02F2D18BF2E2D7DD0312D7CD05E
:10E7D0000E2D7BD00F2D00F032811A2D1CBF7BB087
:10E7E000BDE8F08F384600F091FE0446384600F050
:10E7F000FDFE6F900021302220460AF0D7FA054630
:10E800000021122220460AF0D1FA284478900021F3
:10E81000132220460AF0CAFA00EB050B55A8F3F7BD
:10E82000F5FA55AA4FF4003120460AF04FFDD4F80E
:10E8300030800027B8F1000F40F05A8100F025B970
:10E8400009F02BFC02F07AF8054603F0E5F903F035
:10E8500036FC04281CBF7BB0BDE8F08F002D40F0D3
:10E860000E81616C2046216401210CF052FBA664EC
:10E870000121E06A07F0DCFD7BB02046BDE8F04FE7
:10E88000002224210CF093BE03F0C6F9074603F0E2
:10E8900008FC002868D10121E06A0AF022FC90F00F
:10E8A000010F79D02546012120460CF032FBAE64E1
:10E8B0000121E86A07F0BCFD0022242128460CF063
:10E8C00076FED4E9100102E01BE01FE02DE081425A
:10E8D0000FD06064206C039003AA202120460CF026
:10E8E00066FE01281CBF7BB0BDE8F08F20460AF011
:10E8F0006DFF384603F0E3FB04287DD07BB0BDE814
:10E90000F08F7BB0BDE8F04F0CF0D7B8384600F080
:10E910007DFE0546204600215A220AF047FA01F002
:10E92000BDFA68607BB0BDE8F08F384600F052FE5B
:10E93000132818BF12281FD0142818BF11282CD054
:10E940001B288ED00A281CBF7BB0BDE8F08F03F0D7
:10E9500069FBA04204BF7BB0BDE8F08F03F05CF917
:10E96000074603F09EFB68B3616C21647BB02046D0
:10E97000BDE8F04F0AF02ABF0121E06A0AF0B1FBBE
:10E9800090F0010F7BD0206CE16B401C81429CBF5A
:10E990007BB0BDE8F08F6BE071E00121E06A0AF026
:10E9A000A0FB90F0010F6AD0206C002804BF7BB060
:10E9B000BDE8F08F411E21647BB02046BDE8F04FDA
:10E9C00016F0CEB90121E06A0AF08BFB90F0010F3E
:10E9D00055D02546012120460CF09BFAAE6401215A
:10E9E000E86A07F025FD0022242128460CF0DFFD0F
:10E9F000D4E91001814200E018E00FD06064206C7F
:10EA0000039003AA202120460CF0D1FD01281CBF51
:10EA10007BB0BDE8F08F20460AF0D8FE384603F000
:10EA20004EFB04281CBF7BB0BDE8F08F204609F0E8
:10EA300034FB7BB00021BDE8F04F02F0D9B80121D2
:10EA4000E06A0AF04EFB90F0010F18D0384600F053
:10EA5000DFFD216C0844E16B4A1E8242D4BF13469D
:10EA60000346002BB8BF002002DB9042A8BF10462F
:10EA700020647BB02046BDE8F04F16F071B97BB042
:10EA80002046BDE8F04F00F069BAA06B8026002553
:10EA9000A1460DF11008002808BF8DF8107025D090
:10EAA00010F0BEFE0146002088420BD2D9F8442067
:10EAB000AA4207D0D9F83820125C0A2A08BF6D1C78
:10EAC000401CF1E70022A6F1010C06E00EB1624500
:10EAD0000AD208F80230401C521C884204D2D9F8ED
:10EAE00038301B5C0A2BF1D108F802700DF11008C8
:10EAF00094F84C004FF0000900F00F00012808BF07
:10EB00004FF001092046002127220AF04FF9C0B238
:10EB1000012808BF4FF00109606BB0B303F06CF837
:10EB20008246022822D06946606B02F060FA012812
:10EB300003BF019886B2050C4FF0FF3618BF35466B
:10EB4000A069691E7390084475906069711E729087
:10EB500008447490B9F1000F00971CD0072272A9E5
:10EB600004F11400789BECF701F81CE06FF06041B1
:10EB700063989DF89F21CDE900010292649B5D9A04
:10EB800028A8616B12F0B8F902E02FE068C404080D
:10EB9000DDE92865D4E7CBF10003082272A904F16E
:10EBA0001400EBF7E3FFBAF1020F50D024A8F2F7FC
:10EBB00073FF24AA4FF4003120460AF028FB05EB2E
:10EBC000D570421006EBD670411034A80DF0BAFD96
:10EBD00020464FF400316E220AF0E8F82F90606B67
:10EBE0002B9072AA24A96F98F2F7FCFE40A8F3F7C5
:10EBF0000DF940AA002120460AF068FB6FF0604141
:10EC00004E989DF84B21CDE900010292414676A82D
:10EC10004F9B489A12F070F9606976996A9008449F
:10EC2000401E6C90A06977996B900844401E6D90CF
:10EC3000606BA0B1B9F1000F009719D0CBF10003C0
:10EC400008226AA904F11400EBF790FF17E0606B4B
:10EC50005C9072AA55A96F98F3F7A5F8C6E7002350
:10EC600009226AA904F114000097EBF77FFF06E080
:10EC700007226AA904F11400789BEBF777FFCDF81F
:10EC80001C81206B28B99DF84C0140F040008DF8A4
:10EC90004C016AAA40A96F98F3F785F87BB0BDE8EC
:10ECA000F08F0000806B002808BF0148704700000B
:10ECB0005CF30108006C70472DE9F04784B0894689
:10ECC000084600F0E7FB80461D2808D04946A248C8
:10ECD00008F0D4FF01281CBF04B0BDE8F087484607
:10ECE00000F014FC0025C46A06464FF6FF77B8F121
:10ECF000080F3ED0B8F1010F7ED0B8F1090F00F037
:10ED0000F780B8F11D0F1CBF04B0BDE8F08748467E
:10ED100000F0FCFBC46A484600F068FC0546E06A67
:10ED200005F1180100F114026846ECF7D1F800284B
:10ED300000F00B8118359DE80F0095E8C00585E8C7
:10ED40000F0094F84C00183D10F0200F00F0EE80FA
:10ED5000A26C206C82427DD1212329462046E5F712
:10ED600010FC204621232946A26CE5F764FC00F044
:10ED7000E9B802F051FF03F094F900281CBF04B079
:10ED8000BDE8F087F46AA04602F046FF064603F0AD
:10ED900096F904280ED1D8F84000C8F8440020465F
:10EDA00009F07BF9814601F0C9FD18B10021484600
:10EDB00001F01EFF304603F082F9012804D03046EE
:10EDC00003F07DF903282DD16946304603F048F958
:10EDD000DDF80490E06A08B3002108F069FF06003E
:10EDE0001CD0B0690021A9EB000930465A2209F075
:10EDF000DDFF01F053F800E036E005463046002123
:10EE00005C2209F0D3FF00EBD07109EB61012844CB
:10EE100091FBF0F5E06BA84298BF451EC8F8405042
:10EE2000C8F84450012120460CF073F8A764012172
:10EE3000E06A07F0FDFA0022242120460CF0B7FB1F
:10EE4000D8F83000002804BF20460AF0BFFCD8F8EC
:10EE5000400000E052E0029002AA202120460CF07F
:10EE6000A6FB04B0BDE8F087804602F0D5FE0600A0
:10EE700004BF04B0BDE8F08703F021F9012807D0F2
:10EE8000304603F01CF903281CBF04B0BDE8F0872E
:10EE90006946304603F0E4F8DDF80490E06A26465F
:10EEA000F8B1002108F004FF07001AD0B86900216A
:10EEB000A9EB000938465A2209F078FF00F0EEFF6E
:10EEC0000546384600215C2209F070FF00EBD07146
:10EED00009EB6101284491FBF0F5F06BA84298BF63
:10EEE000451E4046A5640AF071FC04B0BDE8F087F9
:10EEF000A76404B0BDE8F0470AF068BC20232946A7
:10EF00002046E5F73EFB204620232946A26CE5F784
:10EF100092FB204601232946226CE5F732FB20466E
:10EF200001232946226CE5F786FB0BE020462023CF
:10EF30002946A26CE5F725FB204620232946A26C32
:10EF4000E5F779FB183585E8C00504B04946BDE80A
:10EF5000F047014808F092BE8CC404082DE9F8433C
:10EF60000446012107F0B0FA204609F037F9E26AB9
:10EF7000014610460CF0B2FC4FF0FF31E06A0AF097
:10EF8000E9FD0121E06A0BF04DFF0022232120461C
:10EF90000CF00DFBE06A4FF00008002808BFC146E6
:10EFA00003D0002108F084FE81464846A16B06F09C
:10EFB00007F86FF04041E06A0CF047FE48460DF05C
:10EFC00035F9E06A09F0EEFF0546204609F0EAFF50
:10EFD00085420FDC94F84C0000F00F00042818BFA5
:10EFE000082807D1204609F0DDFFE26A01461046F5
:10EFF0000CF02BFE484609F055F806460021302259
:10F00000E06A09F0D3FE054600211022E06A09F00B
:10F01000CDFE471900211122E06A09F0C7FE41190F
:10F02000F019471894F84C003D4600F00F0600F028
:10F030000F00082802D004281BD02DE0F0F7F2FCC6
:10F04000F0F772FD216A2944884225DAF0F7EAFCDC
:10F05000F0F76AFD216A411AA0698142B8BF04260F
:10F0600005DBF0F7DFFCF0F75FFD216A401A451E73
:10F0700012E0A069401B0FD5F0F7D4FCF0F754FD67
:10F08000216AA569411AA94206DD0826F0F7CAFCE3
:10F09000F0F74AFD216A451ABD4278DC2946E06A4C
:10F0A0000CF0DDFA204615F05BFE082E06D0042E8B
:10F0B0000DD0012E14D0022E1BD022E0CDF80080FE
:10F0C00000230D222146E06A07F056FB19E0CDF837
:10F0D000008000230A222146E06A07F04DFB10E081
:10F0E000CDF80080002310222146E06A07F044FB9F
:10F0F00007E0CDF80080002313222146E06A07F0E4
:10F100003BFBE06A0DF092F894F84C0000F00F0021
:10F11000012818BF022817D1E06A09F083FF0646CC
:10F12000E06A09F0AAFF0546F0F77CFCF0F7FCFC6A
:10F13000A84209DCF0F776FCF0F7F6FC281A301A42
:10F14000411EE06A0CF0AFFD00214846A26B07F0BB
:10F1500016FF022812D04FF0000303281A4606D0EB
:10F1600001B04846BDE8F043012107F0D7BA01B02D
:10F170004846BDE8F043032107F0D0BA01B0484645
:10F18000BDE8F04300231A46022107F0C7BA3D4606
:10F1900084E70000F0B583B00D00044609D00026D6
:10F1A000E66329783046002917D0295C0A2910D156
:10F1B0000CE030A0009027A22AA1CDE90112002284
:10F1C000344B1146032006F013FCFEE7E16B4A1CAA
:10F1D000E263401C295C0029E7D1E06B411CC4E9D3
:10F1E0000F162846666410F01BFBA16B471C41B14B
:10F1F00094F84C0010F0100F03D1084600F058FEB0
:10F20000A663384606F04EFCA063A8B1294610F06C
:10F21000E7FA94F84C0020F01001204684F84C10D6
:10F220000AF0D4FAE06A002804BF03B0F0BD03B0CE
:10F23000BDE8F0400AF0CABA0EA0009016A21AA1CA
:10F24000CDE901120022134B1146032006F0D0FB3A
:10F25000FEE700004E554C4C20706F696E7465726D
:10F26000000000006F7074696F6E7320213D204EA6
:10F27000554C4C0041737365727465642061742051
:10F2800065787072657373696F6E3A2025732028F4
:10F2900025732900B0C404084F7574206F66206D73
:10F2A000656D6F727900000064726F70646F776EC5
:10F2B0002D3E6F7074696F6E7320213D204E554C4A
:10F2C0004C00000070B584B00D00044609D0002643
:10F2D000E66328783146002817D0685C0A2810D1E8
:10F2E0000CE023A000901AA21DA1CDE9011200227A
:10F2F000274B1146032006F07BFBFEE7E06B421C28
:10F30000E263491C685C0028E7D1E06B411CC4E95A
:10F310000F16666494F84C0010F0100F04D1A06B27
:10F3200010B100F0C5FDA66394F84C0040F0100148
:10F3300084F84C102046A5630AF048FAE06A0028D9
:10F3400004BF04B070BD04B0BDE870400AF03EBA1E
:10F350004E554C4C20706F696E7465720000000051
:10F360006F7074696F6E7320213D204E554C4C00B8
:10F37000417373657274656420617420657870727E
:10F38000657373696F6E3A202573202825732900F1
:10F39000C8C4040810B50446006C884208BF10BDFC
:10F3A000E06B884298BF411E21646164E06A0028D6
:10F3B0001CBF204615F0D4FC2046BDE810400AF0E2
:10F3C00005BA10B50C464FF4806120460BF02AFDBB
:10F3D000042120460BF026FD4FF40031204607F0B3
:10F3E00027F80121204607F023F82046BDE8104009
:10F3F00004F036BBC86A0021C1627047F0B5074609
:10F4000085B01C4615460E460C2006F04BFB0390BB
:10F4100038B10660C0E901453846ECF7CFF868B16D
:10F4200011E013A000900BA20EA1CDE90112002261
:10F43000174B1146032006F0DBFAFEE704220121F8
:10F440003846EBF771FF03A93846EBF7AFFF039897
:10F4500005B0F0BD4E554C4C20706F696E746572EE
:10F460000000000064736320213D204E554C4C0089
:10F47000417373657274656420617420657870727D
:10F48000657373696F6E3A202573202825732900F0
:10F49000B3B60408008920F40040704700B583B07B
:10F4A00020B103B05DF804EBECF788B80EA0009033
:10F4B00005A209A1CDE901120022134B1146032038
:10F4C00006F096FAFEE700004E554C4C20706F692E
:10F4D0006E746572000000006C69737420213D2019
:10F4E0004E554C4C000000004173736572746564A6
:10F4F0002061742065787072657373696F6E3A204D
:10F500002573202825732900D4B6040800687047A5
:10F5100000B583B030B1EBF7B1FE002818BF00682A
:10F5200003B000BD0EA0009005A209A1CDE9011213
:10F530000022134B1146032006F05AFAFEE70000A2
:10F540004E554C4C20706F696E746572000000005F
:10F550006C69737420213D204E554C4C0000000016
:10F56000417373657274656420617420657870728C
:10F57000657373696F6E3A202573202825732900FF
:10F58000E7B604080189012918BF022920D0032900
:10F5900018BF04291CD0052918BF062918D007292F
:10F5A00018BF082914D0092918BF0B2910D00C291D
:10F5B00018BF0D290CD00E2918BF102908D0112909
:10F5C00018BF122904D015291EBF16290020704724
:10F5D00000F01CB810B501890E291CBF002010BD19
:10F5E00000F014F8002818BF006810BD01891A291E
:10F5F00018BF192908D01B2918BF1D2904D01C29A0
:10F600001EBF1E2900207047AFF3008000697047BD
:10F6100010B501890F291CBF002010BDFFF7F6FFB0
:10F62000002818BF006810BD40687047FFF7FCBF96
:10F63000C06870470949C96E002908BF70474A6809
:10F6400082421CBF0A68824203D10A7E42F0010254
:10F650000A7649690029F2D1704700007002002043
:10F6600001494069C8667047700200200249CA6EAD
:10F670004261C866704700007002002030B583B058
:10F680000D4604000FD0EBF7F9FD002818BF006805
:10F6900000F00EFC29462046EBF7F4FE002818BFC8
:10F6A000012003B030BD0EA0009005A208A1CDE955
:10F6B00001120022124B1146032006F099F9FEE7D1
:10F6C0004E554C4C20706F696E74657200000000DE
:10F6D0006C69737420213D204E554C4C0000000095
:10F6E000417373657274656420617420657870720B
:10F6F000657373696F6E3A2025732028257329007E
:10F7000027B70408F0B583B0070016D0EBF756FF13
:10F7100005463846EBF7E2FD00240646002D06DDDF
:10F7200056F8240000F0C4FB641CA542F8DC03B0CA
:10F730003846BDE8F040EBF7C5BD0EA0009005A22D
:10F7400008A1CDE901120022124B1146032006F058
:10F750004FF9FEE74E554C4C20706F696E74657220
:10F76000000000006C69737420213D204E554C4C04
:10F770000000000041737365727465642061742039
:10F7800065787072657373696F6E3A2025732028EF
:10F790002573290037B70408002804BF01207047EB
:10F7A0002DE9F04190460E4605460024EBF796FD04
:10F7B00007462846EBF702FF050024D057F824003F
:10F7C0000168E1B18268C2F3C031414517D15104EB
:10F7D000490C1CBF32898A4211D14068F06057F849
:10F7E0002400016830468847307E10F0020F0AD1AD
:10F7F00010F0010F03D04FF00000BDE8F08104F1DC
:10F800000104AC42DAD30120BDE8F08110B50C460A
:10F810000189182918BF10BDFFF7F8FE0168A14241
:10F82000D8BF046010BD000038B5224C206858B124
:10F8300007F064FD002020601F48002200901F4B4D
:10F840001146042006F0D4F814F03CFD05460023D0
:10F850000D221B4906F0DBFD284625600EF0D6FA86
:10F860000421184805F0E9FF164805F0EEFF164997
:10F8700060610160134805F0E8FF144960610160B0
:10F88000104805F0E2FF1249606101600D4805F083
:10F89000DCFF1049606101600A4805F0AFFF60615C
:10F8A0000DA0002200900E4B1146042006F0A0F897
:10F8B00038BD00001C000020D04300084ADD0308CA
:10F8C000817E03080402002005400008593F00081B
:10F8D000113F0008C93E0008626567696E000000BC
:10F8E00078DD030804480349C26D9160C06D0021B2
:10F8F000C16070477D5B0008700200202DE9F04771
:10F90000884601460068D8F81040D0F81890086979
:10F91000002808BFBDE8F087D9F8041001EBC00645
:10F9200032797079504308BFBDE8F087B9F812000A
:10F9300010F4404F1CBF0020BDE8F087D9F800004C
:10F9400031680027C1F3130145180E211046F1F765
:10F95000FDFD8446B9F81200C0F34320012804D00D
:10F96000022854D004286ED0B3E07079002100281A
:10F9700044DD3079002200283BDD00BF17F007038B
:10F980000ED0012B12D0022B15D0032B18D0042B34
:10F990001BD0052B1ED0062B21D0072B2FD023E008
:10F9A000287810F080001ED0FF201CE0287810F08E
:10F9B0004000F9D117E0287810F02000F4D112E0CF
:10F9C000287810F01000EFD10DE0287810F0080032
:10F9D000EAD108E0287810F00400E5D103E02878A7
:10F9E00010F00200E0D1A05430795F1C521C90420C
:10F9F000C4DC7079491C64448842BADC69E0287828
:10FA000010F0010018BFFF20A0546D1CECE77079C6
:10FA10004FF000090028C8BF2F4B5ADD317900296B
:10FA200018BF224627D000BF17F0030006D00128D8
:10FA30000AD002280ED0032812D017E02F7803EB4B
:10FA400097173F7811E01DE02F78C7F30117DF5DAE
:10FA500017700BE02F78C7F38107DF5D177005E0A3
:10FA600015F8017B07F00307DF5D1770471C491E7F
:10FA700002F10102D8D1707909F1010964444845C5
:10FA8000CCDC26E0707900230028C8BFDFF84C905A
:10FA90001FDD3179002918BF204615D017F001026B
:10FAA00002D0012A05D00BE02F7809EB17173F7819
:10FAB00005E015F8017B07F00F0719F807700770CC
:10FAC000571C401C491EE9D170795B1C6444984264
:10FAD000DFDC4046BDE8F087B5EB0308B9EB03086F
:10FAE00000B5026883B022B1526803B05DF804EB40
:10FAF00010470EA0009005A208A1CDE90112002236
:10FB0000124B1146032005F073FFFEE74E554C4C97
:10FB100020706F696E74657200000000666F6E740D
:10FB20005F7020213D204E554C4C000041737365A1
:10FB3000727465642061742065787072657373698E
:10FB40006F6E3A2025732028257329005AEB03088D
:10FB50002DE9F04784B0984692460D4607002FD015
:10FB6000002D3AD000260446B1462E60207D10F0CC
:10FB7000040F14BF002343465246D4F800C0294660
:10FB80002046E04730B1E87B10F0010F32D0002E64
:10FB900008BF2646E469002CE8D1002E2CD0307D29
:10FBA00010F0040F0CBF434600235246D6F800C0A5
:10FBB00029463046E0472E6004B00120BDE8F087BA
:10FBC00020A0009017A21BA1CDE901120022254B15
:10FBD0001146032005F00CFFFEE71AA0009011A2C9
:10FBE00021A1CDE9011200221E4B1146032005F090
:10FBF000FFFEFEE72C60DFE7F86800EBD0704008FE
:10FC0000E880801CA880C5F80090B8892881A5F8F4
:10FC10000A90A5F80C900120A873E87304B00020A6
:10FC2000BDE8F0874E554C4C20706F696E7465725C
:10FC300000000000666F6E745F7020213D204E55FD
:10FC40004C4C0000417373657274656420617420CC
:10FC500065787072657373696F6E3A20257320281A
:10FC60002573290073EB03086473635F6F75742059
:10FC7000213D204E554C4C002DE9F04784B09A466A
:10FC80000C460646092A06BF4FF0010920224FF014
:10FC900000091146D6F81880E6F7EEFE051E04BFEF
:10FCA00004B0BDE8F0870027D8F80C00D8B1514661
:10FCB0003046E6F7E1FEB0B1B1694A8A12F4005F5E
:10FCC00046D0C9684B685A5D8B68002A185C18BF1B
:10FCD000002808D00B68497BA2F1010202FB013128
:10FCE000A0F101000F56D8F80400B8F8101000EB8E
:10FCF000C50001FB07F14FEA21120168B9F1000FBD
:10FD00004FEA115118BF4900114401F108014FEAAF
:10FD10001111A180417921810179E18090F90620BA
:10FD2000628190F90700A081B8F81200C0F3432067
:10FD3000A0734FF00000E073256104D04FF6FF7010
:10FD400000EA4100E08004B04FF00100BDE8F08718
:10FD5000CE68B16811F0404F19D04FF00102B2EBFC
:10FD6000917FC0D1D6F800A0CDE902501348009091
:10FD7000B068042320F04042514602A813F04FFC23
:10FD80000028B0D0A0EB0A0080107168AAE7D6F86E
:10FD900000A0CDE902500A480090B068022320F08C
:10FDA0004042514602A813F03AFC00289BD07168EB
:10FDB000A0EB0A0040100F5695E700009D96000842
:10FDC000B196000800B58BB01346A0B3202940D3EC
:10FDD000A1F5806CBCF5077C1CBFA1F5885CBCF16B
:10FDE0005F0C36D0B1F58B5F1EBFA1F5C0520B3A48
:10FDF000032A2ED9A1F500520B3A042A81BFA1F59E
:10FE00000052283A072AA1F5005284BF5F3A102A0F
:10FE10001FD9A1F57E4C0A46BCF1FF0C1CBFA1F511
:10FE2000784CBCF1FF0C14D004A9FFF791FEBDF88B
:10FE300014000BB000BDFFE70FA0009006A20AA1BE
:10FE4000CDE901120022144B1146032005F0D0FD2C
:10FE5000FEE70BB0002000BD4E554C4C20706F6982
:10FE60006E74657200000000666F6E7420213D2084
:10FE70004E554C4C0000000041737365727465640C
:10FE80002061742065787072657373696F6E3A20B3
:10FE9000257320282573290089EB0308C068704763
:10FEA0000146006800281ABF8268002A7047104780
:10FEB0000349884214BF0028704700F003B80000CF
:10FEC000D402002070B5064612F024FE074D044609
:10FED0003146D5F8C00113F0C1F8D5F8C411A142DC
:10FEE0008CBF081B0020C5F8C40170BD7002002043
:10FEF00070B504464068002804BF0B2070BD02693D
:10FF0000002A04BF092070BD21689047054660683B
:10FF1000416800291CBFA06800280AD0B1F1FF3F4A
:10FF20001CBFC068002801D0FFF7C2FFA068FFF720
:10FF3000BFFF002020606060A060284670BD000008
:10FF400010B504460FF06CFC40B1215C2E2907D09F
:10FF50002F291CBF5C29B0F10100F6D102A010BD11
:10FF60002044401C10BD0000000000000421014896
:10FF700005F063BC48040020002904BF0B20704733
:10FF80002DE9F04790460A78054684B00E4662F3A4
:10FF9000070022B17278711C3A2A08BF491C0F462B
:10FFA000DFF8E0A0C4B20AF5EC7005F027FC010010
:10FFB0004FF0000949D008680078A0423FD10C6892
:10FFC000002C42D0A16839B120468847002802BFE2
:10FFD000012004B0BDE8F087E068002802BF0920D6
:10FFE00004B0BDE8F0876C606068B0F1FF3F08BF07
:10FFF0002D600ED0E36839464246204698470028D7
:020000040802F0
:1000000015BFB0F1FF3F0C20286004B008BFBDE869
:10001000F087606878B14FF0100005F069FDA860C6
:10002000B8B16168B1F1FF3F20D04FF0FF310160FE
:100030004800A968486004B00020BDE8F0870AF5D0
:10004000EC7005F0EFFB0100B5D104B00320BDE872
:10005000F08717A000900CA20FA1CDE90112002299
:100060001B4B1146032005F0C3FCFEE77168C1601D
:10007000A868C0F80090A868C0F80890A968B0689F
:100080004860D8E7700200204F7574206F66206DBD
:10009000656D6F727900000066696C655F702D3E5A
:1000A000636163686520213D204E554C4C00000083
:1000B0004173736572746564206174206578707231
:1000C000657373696F6E3A202573202825732900A4
:1000D0004BB704082DE9F04F5FEA030B134685B0D8
:1000E00004464FF0000218BFCBF8002060680028DB
:1000F00002BF0B2005B0BDE8F08FD0F804C0BCF102
:10010000000F08D0D0F814C0BCF1000F1CBFC069AC
:10011000002828D001E0406928B34FF00000039088
:1001200060684268002A00F0C180D4F808C08A469E
:100130001D46DCE90031DCE902760DF10C084FF0D8
:1001400000090192BB429CBFBC468F425ED8A1EB26
:100150000C0000F10108C81AA0EB0800401CB2F125
:10016000FF3F08D103E005B00920BDE8F08F454509
:1001700088BFA8F10105454506EB000105D82A46D0
:10018000504605F039FD039589E04246504605F09A
:1001900033FDA0684068421CD4E900100023D0F869
:1001A0001CC0E047002002900199A5EB080702A8B7
:1001B0008F4200900FD9D4E900103B46D0F814C00C
:1001C0000AEB0802E047814602984044A84238BF43
:1001D000054603952DE0D4E900103246D0F814C04E
:1001E000019BE0478146A06841684A1C0260029872
:1001F000A168431E1A444A60874238BF384682B21B
:100200000AEB0800314605F0F7FCDDE7D0F81CC02A
:10021000216800233A46E047019885420DD9CDF880
:100220000080D4E900102B46D0F814C05246E047B5
:100230008146B9F1000F37D131E0DEB100200490E2
:1002400004A80090D4E900103246D0F814C0019BF5
:10025000E0478146A0680760049AA068511E3944AF
:100260004160954238BF2A4631465046039205F018
:10027000C3FCDEE705F016FCA1680028C86018BFC3
:100280000646DBD11EA0009011A215A1CDE90112F6
:100290000022234B1146032005F0AAFBFEE7A068CD
:1002A000039A816811448160484607E003AA0092DE
:1002B00024680A46D0F814C02146E047BBF1000F7D
:1002C0001CBF0399CBF8001005B0BDE8F08F00000B
:1002D0004F7574206F66206D656D6F727900000038
:1002E00066696C655F702D3E63616368652D3E6273
:1002F000756666657220213D204E554C4C0000000D
:1003000041737365727465642061742065787072DE
:10031000657373696F6E3A20257320282573290051
:1003200069B70408D0F804C0BCF1000F04BF0B206B
:100330007047F8B50446DCF8040038B3DCF81C60FC
:10034000002E1CBFDCF8200000282CD00D46130026
:100350004FF0000002BFA1688D60F8BD012B24D0D2
:10036000022B18BFF8BD2A4660462168B047002816
:1003700018BFF8BDD4E900106A46036A9847002800
:1003800018BFF8BD0099A2689160F8BDDCF81C5058
:100390004DB1134620680A460146604601B0AC469E
:1003A000BDE8F04060470920F8BDA1688A682A448A
:1003B0008A60F8BDFFF77CBD2DE9F0411E46037948
:1003C00082B04B431B12089F9A4208DC0188827856
:1003D0003180B270C078387002B0BDE8F081847AA4
:1003E00004EB840303EB000C1CF8013C4B431B1291
:1003F00093420CDC3CF8052C1CF8031C3280B170D5
:10040000817A01EB8101084410F8020C66E04FF09C
:10041000010C012C6CD900BF0CEB8C0303441B793D
:100420004B431B129A425DDCBCF1000F60D00CEB19
:100430008C031C1834F8050CADF8000014F8033CCC
:100440002088ADF8040014F801CC25790CFB01FCE0
:100450004FEA2C2C6943A2EB0C02CCEB2121C2EB1E
:10046000022292FBF1F1CDB2C5F1FF089DF8041014
:100470009DF80020694302FB081101EBC11202EB59
:10048000C131C1F3C752A0789DF805109DF801C095
:10049000694368430CFB081103FB080001EBC11C16
:1004A00000EBC0130CEBC13103EBC030C1F3C751FB
:1004B000C0F3C750EEF7D7FF0090BDF800003080C2
:1004C0009DF80200B070E07814F8021C684301FB4C
:1004D000080000EBC01101EBC030C00D387002B055
:1004E000BDE8F0810CF1010303F0FF0C644593D8E3
:1004F00005A109A0CDE9000100220E4B1146032001
:1005000005F076FAFEE70000666F756E645F69209D
:10051000213D2030000000004173736572746564F2
:100520002061742065787072657373696F6E3A200C
:1005300025730000B3EA0308F0B50746C07A83B01C
:1005400010F0070F02BF002003B0F0BD00F007005D
:10055000062808D2DFE800F00705030303030E4670
:1005600002E0164600E0402606EB4600C01C20F0E4
:100570000304F01C20F0030020440C3005F092FA34
:10058000E8B100F10C01016021180C31C0E901163D
:1005900000250446002E0FD9606805EB450128446C
:1005A000009020682A4643183846A168FFF704FFE8
:1005B000A0686D1CA842EFD803B02046F0BD0EA085
:1005C000009005A208A1CDE901120022124B1146AC
:1005D000032005F00DFAFEE74F7574206F66206D5D
:1005E000656D6F72790000006974656D20213D2092
:1005F0004E554C4C00000000417373657274656485
:100600002061742065787072657373696F6E3A202B
:100610002573202825732900A5EA03080448034907
:10062000C26D1161C06D0021416170479971000870
:1006300070020020002808BF704770B5064684B0DD
:100640000C46084600F022FAA068002804BF2046A5
:1006500006F064FBA0684660304605F047F90500E7
:100660000DD030462C6005F0C9F8A8421CBF04B07C
:1006700070BD304604B0BDE8704000F0A9B90EA0CE
:10068000009005A208A1CDE901120022124B1146EB
:10069000032005F0ADF9FEE74F7574206F66206DFD
:1006A000656D6F72790000006E65787420213D20C1
:1006B0004E554C4C000000004173736572746564C4
:1006C0002061742065787072657373696F6E3A206B
:1006D000257320282573290040E5030810B584B050
:1006E000040012D0104A1149E5F7B5FE6269002AEC
:1006F00004BF04B010BD00281CBF04B010BD012110
:1007000004B02046BDE810401047094A094B02F1E9
:10071000100101F110000090CDE9011200221146F4
:10072000032005F065F9FEE725580208FD57020889
:10073000EC0802086AE50308002808BF70472DE9A5
:10074000F047074607F0A9FC040008BFBDE8F087A2
:10075000207F10F0010F18BFBDE8F0870021C0F323
:10076000400272B361F341002077E06800281CBFAB
:10077000D0F80080B8F1000F23D04FF00006A1465A
:10078000304601F05FFC05000FD000BF01F097FC80
:1007900001280BD0284601F04FFC484508BF2E46E3
:1007A000284601F04FFC0500F0D13546E0682A46A6
:1007B000102100680AF0FBFE012804BF404609F042
:1007C00005F8204605F01AF8060008BFBDE8F087D6
:1007D0003068B8425AD1E06800281CBF0068B842AF
:1007E00024D04FF00007384601F02CFC05000ED055
:1007F00001F065FC01280BD0284601F01DFCA04249
:1008000008BF2F46284601F01DFC0500F0D13D46EB
:10081000E0682A46112100680AF0C9FE012818BFC5
:10082000BDE8F087E068006808F0D0FFE660002EC1
:1008300008BFBDE8F087216900291CBF2046884712
:100840000026304601F0FEFB05000ED001F037FC1B
:1008500001280BD0284601F0EFFBA04208BF2E462E
:10086000284601F0EFFB0500F0D13546E0682A4646
:10087000102100680AF09BFE012818BFBDE8F08730
:10088000E0680068BDE8F04708F0A0BF31462046A8
:1008900004F0C8FF06009BD1BDE8F08710B584B016
:1008A000040012D00F4A1049E5F7D5FD6269002A0D
:1008B00004BF04B010BD00281CBF04B010BD00214F
:1008C00004B02046BDE81040104710A0009007A2D9
:1008D0000AA1CDE901120022144B1146032005F0B4
:1008E00087F8FEE72D580208335802084E554C4C45
:1008F00020706F696E7465720000000067726F751A
:100900007020213D204E554C4C0000004173736512
:1009100072746564206174206578707265737369A0
:100920006F6E3A2025732028257329007EE5030881
:100930000148006C704700007002002000281CBFB6
:10094000007FC0F34000704700281EBFC068002829
:100950000068704700B583B020B103B05DF804EBC8
:1009600004F050BF0EA0009005A209A1CDE901122C
:100970000022134B1146032005F03AF8FEE7000071
:100980004E554C4C20706F696E746572000000000B
:1009900067726F757020213D204E554C4C00000051
:1009A0004173736572746564206174206578707238
:1009B000657373696F6E3A202573202825732900AB
:1009C00013E603082021014804F037BFA4020020E9
:1009D00030B50446007F83B0C0F3C00540F0080086
:1009E000207710F0040F0CD0002C28D0204A214989
:1009F0002046E5F730FD6269002A32D000282DD06C
:100A00002FE04CB11C4A1D492046E5F724FD6269E0
:100A1000002A26D078B124E0194A1A4B02F11001BD
:100A200001F110000090CDE90112002211460320CF
:100A300004F0DEFFFEE701212046904711E0104A56
:100A4000114B02F1100101F110000090CDE90112EB
:100A500000221146032004F0CBFFFEE700212046D0
:100A60009047207F65F3C300207703B030BD0000BE
:100A70002D5802083358020825580208FD5702086D
:100A8000EC0802086AE503087EE503082DE9F04159
:100A9000074607F002FB040008BFBDE8F0814FF0F5
:100AA0000008E06800283DD00068B84234D1207FBB
:100AB00010F0010F1CBF20F001002077204604F049
:100AC0009DFEE168884222D1204604F0B2FEE16832
:100AD00088421CD10026304601F0B4FA05000ED041
:100AE00001F0EDFA01280BD0284601F0A5FAA0424A
:100AF00008BF2E46284601F0A5FA0500F0D135467C
:100B0000E0682A46112100680AF051FD02E0204603
:100B1000FFF75EFFE06828B1E0680068B84208BFF0
:100B2000C4F80C80204604F069FE050008BFBDE84B
:100B3000F08128682946B84220460BD104F026FFF0
:100B40002846FFF7B5F9B868002818BFC0F8048038
:100B5000BDE8F08104F066FE0500EAD1BDE8F08151
:100B600013B584B070B1C06800281CBF0468002CA5
:100B700005D04FF08001204608F0BFFA78B106B0EA
:100B8000012010BD11A0009008A20CA1CDE9011216
:100B90000022164B1146032004F02AFFFEE705AAA7
:100BA0000E2120460AF003FD06B010BD4E554C4CF8
:100BB00020706F696E7465720000000067726F7557
:100BC0007020213D204E554C4C0000004173736550
:100BD00072746564206174206578707265737369DE
:100BE0006F6E3A202573202825732900A8E5030895
:100BF000F0B583B0050037D0287FC0F340028A42A9
:100C000004BF03B0F0BD61F341002877E868002815
:100C100019BF0668002E03B0F0BD4FF0000738463C
:100C200001F010FA04000ED001F049FA01280BD0AF
:100C3000204601F001FAA84208BF2746204601F0ED
:100C400001FA0400F0D13C46E86822461021006811
:100C50000AF0ADFC01281CBF03B0F0BD304603B064
:100C6000BDE8F04008F0B2BD074A084B02F11001A0
:100C700001F110000090CDE901120022114603207D
:100C800004F0B6FEFEE70000EC080208D0E5030819
:100C90002DE9F0478AB00446DDE91385DDF8489078
:100CA0001F004FF0000004BFB9F5807FB8F5807FCA
:100CB0003ED00290CDE90602039004910590CDE963
:100CC00008124FF00106CDE9005643464A46394620
:100CD00002A80BF04AFDCDE9005643464A46394684
:100CE0000DF1080A04A80BF040FDCDE9005643467B
:100CF0004A4639460AF110000BF037FDCDE900569F
:100D000043464A4639460AF118000BF02EFD049975
:100D100002988842A8BF0846089A06999142A8BF3F
:100D2000114688420ADA0499029888420ADA0AE0EF
:100D300020606060481EA060501E4BE0069811467F
:100D4000904200DB08462060049902988842D8BF90
:100D50000846089A06999142D8BF1146884204DD98
:100D600004990298884204DD04E0069811469042F6
:100D700000DC0846401EA060059903988842A8BF81
:100D80000846099A07999142A8BF1146884204DA99
:100D900005990398884204DA04E0079811469042C6
:100DA00000DB08466060059903988842D8BF084672
:100DB000099A07999142D8BF1146884204DD0599E6
:100DC0000398884204DD04E007981146904200DC55
:100DD0000846401EE0600AB0BDE8F08710B5104C30
:100DE00082B0D4F81C11B9B9DFF838C002460E48F9
:100DF000DCE90031DCF808C0CDE9001C1821ECF773
:100E00000DFA0AA1C4F81C01ECF718FDD4F81C0176
:100E1000002804BF02B010BD012002B010BD0000C8
:100E20007002002040B6040890B50408494D4147BF
:100E3000450000000248D0F81C01ECF72DBC000072
:100E40007002002070B50025CD62886D0C4620F040
:100E50007C0040F003008865084608F0A3F8E063D2
:100E6000204607F01FF9C4E910054FF48070A06414
:100E7000E064A06D002240F08000A065114604F1FE
:100E800034000BF05FFC0B4904F150000A460BF0F4
:100E900059FCA06D022120F4706000F51060A0657F
:100EA000204609F0BFFF2046BDE870404FF4803176
:100EB00005F0BEBA3200002010B50146034806F026
:100EC000A7F8044606F03CF9204610BD00C504080A
:100ED0002DE9F04107460E4890461E46D0F81C0109
:100EE0000022ECF733F9050008BFBDE8F081ECF70C
:100EF00073FA0446C0F80C80007A012803D16068B8
:100F00000EF078FC6060C4E904762846BDE8F08104
:100F10007002002010B504460068002808BF10BD0C
:100F2000C268002A1CBF21469047FFF783FF0028B4
:100F30001FBF206C0028616C002908BF10BD4FF056
:100F40000002BDE81040ECF7ADBB000010B584B066
:100F50000C4804F07AFC040006D01822002104F0AA
:100F6000C3FF04B0204610BD0FA0009006A20AA146
:100F7000CDE901120022144B1146032004F038FD84
:100F8000FEE70000800300204F7574206F66206D1F
:100F9000656D6F72790000006465636F646572202F
:100FA000213D204E554C4C0041737365727465644D
:100FB0002061742065787072657373696F6E3A2072
:100FC000257320282573290030EA030870B50468CA
:100FD0000D460021D4F808C0BCF1000F05D013461F
:100FE00001462A462046E0470146084670BD30B516
:100FF00093B00D4604464C220021684604F074FF6D
:101000002046039400F0F8FD8DF81000294668464C
:10101000E6F718FE002818BF012013B030BD00000D
:1010200070B50C4605461821054804F006FC284614
:10103000FFF7D4FE2046BDE8704000F069BB000019
:1010400080030020F0B515460E4689B004464C22B8
:10105000002104F049FF002E02BF002009B0F0BDBE
:101060003046E66000F0C8FD2074FFF7E3FE00277D
:10107000F0B12248002DD0F81C0120641CBFA978D3
:10108000002915D1217C8DF80810E16801914FF0FD
:1010900000026946EBF7F0FF060009D0ECF79CF977
:1010A000C168E16200696664206009B00120F0BD9A
:1010B00004F120012046E6F7C5FD2060002804BFAA
:1010C00009B0F0BD0697201D0797002D0CBF06A99B
:1010D0002946E1F718F920682146426890470546FD
:1010E000207A38B1012D05D1E06A00281CBF00210B
:1010F000EFF71EFF284609B0F0BD00007002002087
:10110000002904BF00207047F8B5061D0079324F52
:101110000C4630B32088C0F30721142921D0A088C1
:1011200080B2F0F713FA0546208980B2A84218D0A1
:1011300029462046EFF712FB012812D0009520889F
:10114000C0F307236068020C81B207F1F800EFF7E3
:10115000A3FD050017D0002322461946EFF796FCA1
:101160002C46707808B32088C0F30720A0F10B014B
:10117000042924D3EEF747F9B8B101212046F0F74E
:1011800001F850B11BE015A0002200901B4B114646
:10119000032004F02DFC0020F8BD20212046EFF7AD
:1011A000F1FF18B12046F0F7A1F808E0214607F159
:1011B000F800EFF799FE040003D0F0F797F8204607
:1011C000F8BD0FA0002200900C4B1146032004F044
:1011D0000FFC0020F8BD0000700200204E6F206D53
:1011E000656D6F727920666F7220537472696465E1
:1011F0002061646A7573742E0000000048EA0308D9
:101200004E6F206D656D6F727920666F72207072FF
:10121000656D756C7469706C79696E672E0000007D
:10122000C1607047816070470160704741607047DE
:1012300010B591F858000C4600F0030001281CBFBF
:10124000022810BDE06AFEF733FE0020E062A06DC8
:1012500040F00300A06510BD2DE9F04FA3B00E468D
:101260000846FEF717F905463146FE4806F006FD2A
:1012700001281CBF23B0BDE8F08F3046FEF746F9C9
:101280000446C16B006D0BF0F5F81C90216C606D8D
:101290000BF0F0F81D902F2D53D01CAF182D62D0FD
:1012A000132D7DD0312D00F009811A2D1FBF1D2D6A
:1012B000172D23B0BDE8F08F3046FEF7EBF805465A
:1012C0003046FEF723F90446172D00F001811A2D50
:1012D0001CBF23B0BDE8F08F206C002819BFE06B65
:1012E000002823B0BDE8F08FA06C002819BFE06C87
:1012F000002823B0BDE8F08F3046FEF777F9A16DE6
:10130000064601F00300012818BF11F0030F00F09A
:101310005A8102281CBF23B0BDE8F08F6846F0F761
:1013200075FD6A460021204607F0D0FFE06A07906D
:1013300004F1140269463046F0F735FD23B0BDE8EC
:10134000F08F94F8580000F003000228204604D0E3
:1013500009F090FB23B0BDE8F08FE16A00F042FB9A
:1013600023B0BDE8F08F3046FEF750F90546606CBB
:10137000002801BFA06CB0F5807FE06CB0F5807FE5
:1013800004BF23B0BDE8F08F204607F00BFE0646F1
:10139000204606F087FE8046B4F84C0081B200E09B
:1013A00028E0B4F84800029780B2CDE90001424637
:1013B000314604A8636CFFF76BFC04992868494226
:1013C0008842D8BF08462860059949428842D8BF5C
:1013D000084628600699891B8842D8BF08462860BD
:1013E0000799A1EB08018842D8BF0846286023B0BE
:1013F000BDE8F08F3046FEF709F90546204607F0B4
:10140000D1FDE16B88424CD1204606F04BFE0146EF
:10141000206C814245D1A16CB1F5807F01BFE16CA8
:10142000B1F5807F616C00290CD1E16B226D01EB7D
:10143000D171B2EB610F05D1616D00EBD070B1EBF2
:10144000600F2ED0204607F0ADFD0646204606F080
:1014500029FEB4F84820B4F84C1093B289B2CDE913
:10146000003102970246314604A8636CFFF710FC76
:10147000049861690022084404900598A169084411
:10148000059006986169084406900798A169084488
:10149000079004A82968E9F7E5FD287123B0BDE8A5
:1014A000F08F6946204606F073FC002268462968E2
:1014B000E9F7D8FD287123B0BDE8F08F3046FEF77C
:1014C000A5F8E16B0160216C416023B0BDE8F08FAD
:1014D0003046FEF79BF805460078022804BF23B08B
:1014E000BDE8F08F4FF00301A06D4FF0010781437D
:1014F0001CBF00F00301022958D0C0F38400EDF7AF
:1015000082FF002852D120460021442207F04EFCE1
:10151000C0B2FF2804BF606C002847D1A06CB0F5B2
:10152000807F04BFE06CB0F5807F43D02646E16B3E
:10153000206D0AF09FFF0890316C706D0AF09AFFE1
:101540000990204606F0AEFD0646204607F02AFD2B
:10155000B4F84C200DF1200C93B2B4F84820CDF82B
:1015600008C091B2CDE9001301460023324604A819
:10157000FFF78EFB049960690022084404900599E6
:10158000A069084405900699606908440690079987
:10159000A0690844079004A96868E9F7BFFC28B16E
:1015A000206B002804BF23B0BDE8F08F2F7023B05C
:1015B000BDE8F08F002204F114016868E9F7AEFC81
:1015C0000028EDD1F2E701A8F0F766FA01AA0021A0
:1015D000204607F01CFE06F11808254698E8000F83
:1015E00001AFE16B206D0AF045FF1190296C686D29
:1015F0000AF040FF1290A06C0D90E06C0E90606CB1
:101600000C9094F85800C109BDF8500061F30C30FB
:10161000ADF85000B4F85800010B9DF8510061F38B
:1016200003008DF85100206B1B90E06A0890A269BE
:10163000206C1044401E00906169E06B0844431E1A
:1016400007F15400E9F70BFE204600210C2207F0B9
:10165000ADFB1A90B4F85800C0F303220A2A12D244
:10166000A06B01E000C50408009007F1540104F1EB
:101670001400636BE9F77AFA16AD95E80F001EAD1A
:1016800085E80F0007E00C2A10D016AC94E80F0094
:101690001EAC84E80F001EAA01A93046F0F7A2F99B
:1016A000183686E8000F23B0BDE8F08F06F1180168
:1016B00004F114020846E9F70BFCD4E90D1207F116
:1016C0005400E9F7BFFDF0691799411A206C091A17
:1016D000491C91FBF0F101FB00F2B0691699411A27
:1016E000E06B091A491C91FBF0F1414307F15400EA
:1016F000E9F7A8FD18361EAD96E80F0085E80F0043
:10170000BDF85000183E40F40050ADF85000C2E75C
:1017100010B5104C82B0D4F82011B9B9DFF838C038
:1017200002460E48DCE90031DCF808C0CDE9001CB7
:101730001821EBF773FD0AA1C4F82001ECF77EF83D
:10174000D4F82001002804BF02B010BD012002B06F
:1017500010BD0000700200204CB6040868B50408F3
:10176000494D4147455F484541444552000000000E
:101770000248D0F82001EBF78FBF00007002002074
:101780002DE9F0470446B0F858008AB0C0F30320B2
:10179000164689460A2884BF4FF000094E46206D40
:1017A000484501BF606DB0420AB0BDE8F0872046F1
:1017B0000AF03CFD204607F0F5FB8046204606F087
:1017C00071FC07462546E16B206D0AF053FE089038
:1017D000296C686D0AF04EFE0990B4F84C00B4F81C
:1017E000481080B289B2CDE900100DF1200ACDF881
:1017F00008A03A46414604A8636CFFF749FA0499E9
:101800006069084404900599A06908440590069908
:101810006069084406900799A0690844079004A9E4
:10182000204608F00CF83246494604F150000AF010
:1018300089FF204606F0A8FB05460021EEF7CEF80A
:10184000204609F017F901212846EEF7C7F825468A
:10185000E16B206D0AF00EFE0890296C686D0AF0AD
:1018600009FE0990B4F84C00B4F8481080B289B26F
:10187000CDE90010CDF808A03A46414604A8636CB3
:10188000FFF706FA04986169084404900598A16975
:101890000844059006986169084406900798A16974
:1018A0000844079004A9204607F0C9FF0AB0BDE824
:1018B000F08700002DE9F0410446B0F858008AB0E6
:1018C000C0F303200D460A2888BF002515D8B5F5BA
:1018D000616F0CDB68424FF4616190FBF1F04042B4
:1018E000002804DD6FF0E001484305EB0015002DF2
:1018F00003DA00BF15F56165FCD4606CA84204BF33
:101900000AB0BDE8F08120460AF090FC204607F0BE
:1019100049FB8046204606F0C5FB07462646E16B9C
:10192000206D0AF0A7FD0890316C706D0AF0A2FDE1
:101930000990B4F84C00B4F8481080B289B2CDE9EF
:10194000001008AE02963A46414604A8636CFFF7C1
:101950009FF904996069084404900599A0690844B6
:10196000059006996069084406900799A0690844A3
:10197000079004A9204607F062FF2046656406F040
:1019800003FB05460021EEF729F8204609F072F81E
:1019900001212846EEF722F8B4F84C00B4F84810BC
:1019A00080B289B2CDE9001002963A46414604A8B9
:1019B000636CFFF76DF90498616908440490059819
:1019C000A169084405900698616908440690079843
:1019D000A1690844079004A9204607F030FF0AB027
:1019E000BDE8F0812DE9F04389B08846044607F050
:1019F000EDFE404600F000F905464FF000090328CF
:101A00000ED003A94046FFF7F2FA01281CBF09B027
:101A1000BDE8F083BDB1012D18BF022D20D068E0D4
:101A200094F8580000F00300022812BF0128E06A71
:101A3000FEF73EFAC4F82C90A06D40F00300A065BC
:101A400009B0BDE8F08394F8580000F003000128C5
:101A500012BF0228E06AFEF72BFAC4F82C8048E097
:101A6000E16A414512D094F85800002600F00300C6
:101A7000012814BF02280E4640460DF0BBFE40B1BF
:101A8000E062002E1CBF3046FEF712FA022D30D164
:101A90000CE050A0009047A24AA1CDE9011200221B
:101AA000544B1146032003F0A3FFFEE7204600211C
:101AB0005A2207F07BF90746204600215B2207F0F7
:101AC00075F90646204600215C2207F06FF96FF099
:101AD0006041CDE9000133463A46CDF808904146D1
:101AE00006A80FF009FA0698ADF810000798ADF8AF
:101AF0001200A06D65F30100A065049881B2E16356
:101B00000498010C21640398010AA06D61F386001A
:101B1000A065204608F0D1FFB4F858002546C0F370
:101B200003200B2802D00C2822D030E000212046D0
:101B3000FFF7C0FE002211462846FFF721FEE86BA2
:101B400000281CBF286C002821D0284607F02AFA5C
:101B50000102E86B91FBF0F6284606F0A3FA0102B9
:101B6000286C91FBF0F23146284617F04EFA0EE051
:101B700000212046FFF79EFE002211462846FFF76F
:101B8000FFFD4FF480721146284617F03EFA606C54
:101B9000002801BFA06CB0F5807FE06CB0F5807FBD
:101BA00002D0204608F066FF204607F00FFE09B07D
:101BB000BDE8F0834F7574206F66206D656D6F72A0
:101BC000790000006E65775F73747220213D204EAE
:101BD000554C4C00417373657274656420617420C8
:101BE00065787072657373696F6E3A20257320286B
:101BF0002573290024C50408002804BF032070476A
:101C00000078A0F120015F299CBF01207047802847
:101C10002CBF0220002070470148006D7047000073
:101C20007002002010B584B0EDF7FCFE1E4803F0F2
:101C30000CFE04002AD0C422002104F055F9A07A39
:101C4000224640F00600A0720A21184810F0C0FC9D
:101C50002062EDF7E7FEE061002020700120607255
:101C60000A2084F8240084F825004FF4C8702085E9
:101C700064206085322084F82700032084F8260041
:101C80004FF48070E06204B0204610BD10A00090B8
:101C900007A20BA1CDE901120022154B114603202A
:101CA00003F0A6FEFEE70000B4020020832B02082A
:101CB0004F7574206F66206D656D6F72790000003E
:101CC000696E64657620213D204E554C4C00000025
:101CD00041737365727465642061742065787072F5
:101CE000657373696F6E3A20257320282573290068
:101CF00050B104082DE9F04F99B0814600200F90B3
:101D0000109099F824000790D9F868000490D9F849
:101D10004810D9F850004FF0000A0844C9F85000A4
:101D2000D9F84C10D9F85400D3460844C9F85400E7
:101D30000498002800F0728107984042089000261D
:101D40004FF48077049CB8460C960D961CB3204641
:101D500000216E2207F02AF8304406B22046002106
:101D60006C2207F023F80028D8BF01200546204642
:101D700000216D2207F01AF80028D8BF012007FBC8
:101D800005F108FB00F04FEA20280F12204606F06C
:101D900021FA0400DBD1D9E91401002ECDE90201BA
:101DA00004BFB7F5807FB8F5807F10D0C6F1000082
:101DB00001B24FF4803090FBF7F290FBF8F34FF054
:101DC000000C0CA8CDE9000C02A80AF0CEFC029889
:101DD0000028D8BF404203990029D8BF4942884211
:101DE000CCBF4FF0010A4FF0010B1021049807F00F
:101DF00078F9002800F0AC80CDF84CA05F4656463C
:101E0000CDF844B0049806F063FA10F0010F04BF57
:101E10000021139110F0020F08BF002610F0040FEC
:101E200008BF002710F0080F04BF00201190002504
:101E30000A950695049806F083FB1490C8B104989F
:101E400005F083FF5FEA00082C4612D02146049873
:101E500005F02EFF4FF4805107F043F910B16D1CCF
:101E6000022D73D0641C4445F0D3149808B1022DA0
:101E700007D2049806F05CFA0A90049806F0DCFA9F
:101E80000690002515951495049806F061FB1690B0
:101E9000C8B1049805F059FF5FEA00082C4612D03B
:101EA0002146049805F004FF4FF4805107F019F91A
:101EB00010B16D1C022D60D0641C4445F0D31698FF
:101EC00008B1022D07D2049806F04AFB1590049839
:101ED00006F08CF9149015980028DCBF149800289F
:101EE0000EDD1FB103990798814205DA119838B1C8
:101EF00003990898814203DC04980F900C201090FD
:101F00000A980028DCBF069800280EDD139818B147
:101F100002990798814204DA3EB1029908988142F9
:101F200003DC04980F900320109015980028D8BF68
:101F3000002714980028DCBF002011900A98002880
:101F400006981EDC0028D8BF002623E011E000BF61
:101F50004FF48071049807F0C4F83AEA00004CD1BD
:101F60004FF40071049807F0BCF83BEA000044D13C
:101F70003CE001200A90069077E70120159014902C
:101F80009DE70028D8BF0026139818B1029907983A
:101F900081420FDA1EB10299089881420ADD1FB111
:101FA00003990798814205DA119878B10399089846
:101FB00081420BDCBAF1000F14BF03210C2199F808
:101FC000980061F3030089F8980016E04FF48071DF
:101FD000049807F086F83AEA00000ED14FF4007139
:101FE000049807F07EF83BEA000006D1049806F05A
:101FF000F1F8049000287FF4A2AE0F9870B199F820
:102000009810109860F3030189F898100F98C9F898
:1020100070000020C9F85000C9F854000F9819B09A
:10202000BDE8F08F0148406D70470000700200204D
:1020300090F8980000097047002818BFD0F8A80051
:1020400070470000054A20B1014602F1440003F048
:10205000E9BB02F1440003F0D1BB00007002002094
:10206000002804BF002008600CD00278012A18BFA5
:10207000032A04D04FF0FF30086048607047026BBD
:102080000A60406B48607047002808BF70470178BD
:10209000012913BF032990F8980000F00F000020D9
:1020A0007047002808BF70470178012916BF03292F
:1020B000006F00207047002818BF007A7047002882
:1020C00018BF0078704700220A604A60002808BFE5
:1020D00070470278012A1CBF032A7047826C0A608D
:1020E000C06C486070470000002808BF70472DE9A9
:1020F000F04FFF4F91B004463865C069002804BF17
:1021000011B0BDE8F08FA07A4FF0000810F0020F78
:1021100027D0C4F86880C4F86C80C4F87080C4F814
:102120007880A07A20F00101A172C4F80C80C4F874
:102130001080C4F85080C4F8548094F8980020F0BF
:102140000F0184F89810C4F85880C4F85C80C4F873
:102150008C80C4F89080A07A20F01201A172C7F898
:102160005480A07A10F0040F04BF11B0BDE8F08FC6
:10217000E069D0F8C80200280EBF4FF00A0B11B07A
:10218000BDE8F08F0CAD14220021284603F0ACFE10
:10219000207801280AD0022804BFD4F8A0000E90AD
:1021A00008D0042808BFCDF838B003E0206C0C90AC
:1021B000606C0D9062682046002A1CBF294690473B
:1021C000607A02281BBF9DF8430000284FF00009E9
:1021D0004FF00109A07A10F0020F27D0C4F86880F0
:1021E000C4F86C80C4F87080C4F87880A07A20F0BD
:1021F0000101A172C4F80C80C4F81080C4F85080AA
:10220000C4F8548094F8980020F00F0184F89810D6
:10221000C4F85880C4F85C80C4F88C80C4F89080FE
:10222000A07A20F01201A172C7F85480C7F8548038
:102230009DF842002072012807D02078042809D197
:10224000BDF84000002800F0388210F05DF9E16927
:10225000C1F8FC022078012808D002287ED004288A
:1022600000F02B82032800F04D8493E0E0690C9984
:1022700021640D99616490F8F01201F007010229C0
:1022800018BF03290DD102680C99A2EB0101A1F13D
:1022900001010C9142680D99A2EB0101A1F101012C
:1022A0000D9190F8F01201F00701012918BF0329E0
:1022B00008D1DDE90C120D914068A0EB0200A0F1FD
:1022C00001000C90E069EDF7BFFBE069EDF72CFC35
:1022D000D4F8A40058B1A16B0C9A914203D1E16BE0
:1022E0000D9A914203D0DDE90C1209F06EFB0C99B6
:1022F00021630D996163BDF94000C4F89400666FD5
:102300002546002E18BF002837D030467E6507F0DE
:10231000C6FA90B1EE6A00217422786D06F046FD8F
:10232000D5F894107043484300F500400014049021
:1023300004A90F2017F09EF91FE0D5F8940000289B
:1023400095F82400D8BF4042AE66E8642846FFF7FF
:10235000D1FC90B100217422EE6A00E051E006F059
:1023600025FDD5F894107043484300F50040001453
:10237000E8656866284600F0B1FC207A012820460E
:1023800002D0E6F703FC01E0E6F736F9216BA16322
:10239000616BE163A07A10F0020F27D0C4F8688067
:1023A000C4F86C80C4F87080C4F87880A07A20F0FB
:1023B0000101A172C4F80C80C4F81080C4F85080E8
:1023C000C4F8548094F8980020F00F0184F8981015
:1023D000C4F85880C4F85C80C4F88C80C4F890803D
:1023E000A07A20F01201A172C7F85480B9F1000F51
:1023F0007FF4C8AEC7F85080C7F8548011B0BDE86C
:10240000F08F9DF842000128A07A38D010F0080F14
:1024100009D020F00801C8B220F00101C4F80C80F6
:10242000A17284F89C80D4F8A0600E99C4F8A01022
:10243000D4F8A850002DADD02846FEF785FA78656F
:102440000028A7D0802106F058FE80F0010A94F8F9
:102450009C009DF8421084F89C109DF842100129C0
:1024600008BF00280FD0BAF1000F00F02381012926
:102470007ED0002908BF01287BD000F01BB910F0E6
:10248000080F87D1CFE710F03FF8E0600E980928D9
:1024900019D00B282ED0BAF1000F6BD00A283DD0EE
:1024A0001B2852D001462846FEF75AFBA07A10F0AE
:1024B000020F18BFC7F85480A07AC0F3400000286C
:1024C0007FF468AFF6E000212846FEF791FB28462E
:1024D000FEF704F9A07A10F0020F18BFC7F8548075
:1024E000A07AC0F3400000287FF454AFE2E000007F
:1024F0007002002000212846FEF77AFB2846FEF7EE
:10250000CDF9A07A10F0020F18BFC7F85480A07A56
:10251000C0F3400000287FF43DAFCBE00A212846FD
:10252000FEF71EFBA07A10F0020F18BFC7F8548008
:10253000A07AC0F3400000287FF42CAF0120396D51
:1025400017F098F8002815D124E71B212846FEF73C
:1025500007FBA07A10F0020F18BFC7F85480A07ACA
:10256000C0F3400000287FF415AF2420396D02E04D
:1025700006E07DE04DE017F07DF8002849D109E73D
:10258000012846D10E980A2806D10220396D17F08D
:1025900071F800283FF4FEAEA07A10F0010F18D1B8
:1025A000E0680FF09DFF218D8842A07A0ED940F09F
:1025B0000101A1720E980A287CD10FF0A5FF2061BD
:1025C0000520396D17F056F818BBE3E610F0010F3F
:1025D00070D020690FF084FF618D88426AD90FF0B6
:1025E00093FF20610E980A2814D0092818D00B28D0
:1025F0002AD001462846FEF7B3FAA07A10F0020F5F
:1026000018BFC7F85480A07AC0F3400000287FF4B8
:10261000C1AE4FE00620396D17F02CF838BBB9E693
:1026200000212846FEF7E4FA2846FEF757F8A07A7C
:1026300010F0020F18BFC7F85480A07AC0F3400012
:1026400000287FF4A7AE35E000212846FEF7D0FA37
:102650002846FEF723F9A07A10F0020F18BFC7F83A
:102660005480A07AC0F3400000287FF493AE21E0AC
:102670000E960A2E18D10820396D16F0FBFF00289F
:102680003FF488AEA07A10F0010F06D10420396D16
:1026900016F0F0FF00283FF47DAE0720396D16F0EC
:1026A000E9FF00283FF476AEC4F80C80A07A20F051
:1026B0000101A172C7F854806CE69DF842000CAD90
:1026C0000128A07A38D010F0080F09D020F00801B6
:1026D000C8B220F00101C4F80C80A17284F89C807B
:1026E00094F89C609DF8421084F89C100E99C4F8F0
:1026F000A010D4F8A8A0BAF1000F3FF44BAE50469A
:10270000FEF722F9786500283FF444AE9DF84210A8
:10271000002918BFADF84080802106F0EEFC80F063
:10272000010002909DF8420001280AD0002808BF4D
:10273000012E7DD000F06AB910F0080F7FF42AAEA8
:10274000CEE716B1012E59D060E10FF0DDFEE0605A
:102750000E980A2816D014286BD013286AD01B288C
:1027600031D001465046FEF7FBF9A07A10F0020F77
:1027700018BFC7F85480A07AC0F3400000287FF447
:1027800009AE43E1786D07F08AF838B91021786D09
:1027900006F0A7FC002808BF002600D001265046FE
:1027A000FEF7CCF836EA00007DD1029800287AD0F6
:1027B0000120396D16F05EFF00283FF4EBAD25E1F6
:1027C000ADF8400022E11B215046FEF7C9F9A07A7E
:1027D00010F0020F18BFC7F85480A07AC0F3400071
:1027E00000287FF4D7AD029800285CD02420396DF2
:1027F00016F040FF00283FF4CDAD07E1A07A10F0BD
:10280000010F5DD1E0680FF06BFE218D8842A07A48
:1028100053D940F00101A1720FF076FE20610E98AD
:102820000A2846D1D7E91402052100F0BBFD02E0D9
:1028300079E070E073E0386D817A11F0020F18BF13
:10284000C7F85480807AC0F3400000287FF4A2AD1E
:10285000786D07F024F820B91021786D06F041FC5E
:1028600088B15046FEF776F8012822D95046FEF787
:1028700065F880F001015046FEF7BAF92021786D25
:1028800008F047FB15E0029898B1D7E9142005211C
:1028900008F08DFE386D817A11F0020F18BFC7F86D
:1028A0005480807A00E06DE0C0F3400000287FF49F
:1028B00071ADA07A40F00101A7E010F0010F61D0E6
:1028C00020690FF00DFE618D88425BD90FF01CFE70
:1028D00020610E980A2814D014281CD013281ED06A
:1028E00001465046FEF73CF9A07A10F0020F18BFDF
:1028F000C7F85480A07AC0F3400000287FF44AADA6
:1029000084E00298F0B30620396D16F0B3FE00287B
:102910003FF440AD7AE0BDF84000401E50E7BDF8FE
:102920004000401C4CE70E980A2869D1786D06F0EB
:10293000B6FF20B91021786D06F0D3FBB8B350462E
:10294000FDF7FCFF0028A07A00F0010053D020B171
:102950005046FDF7FFFF012848D80298B0B1082083
:10296000396D16F087FE00283FF414AD0420396D50
:1029700016F080FE00283FF40DAD0720396D16F0EB
:1029800079FE00E042E000283FF404AD0A21504601
:10299000FEF7E6F8A07A10F0020F18BFC7F85480CF
:1029A000A07AC0F3400000287FF4F4AC28E0FFE7F1
:1029B000029830B10820396D16F05CFE00283FF413
:1029C000E9ACA17A0298884306D00420396D16F04C
:1029D00051FE00283FF4DEAC029888B10720396D23
:1029E00016F048FE00283FF4D5AC09E02021786DB0
:1029F00008F08FFA04E018B901215046FEF7F8F804
:102A0000C4F80C80A07A20F00101A172C7F85480AC
:102A1000BDF8400000283FF4BDAC5046FDF78EFFE6
:102A20000028BDF9400037D0002818BF00261BDA67
:102A3000C0F1000000287FF7ADAC14215046FEF72E
:102A40008FF8A07A10F0020F18BFC7F85480A07A50
:102A5000C0F3400000287FF49DACB5F91000761C4F
:102A60004042B042E9DC95E47FF794AC1321504634
:102A7000FEF776F8A07A10F0020F18BFC7F854805E
:102A8000A07AC0F3400000287FF484ACB5F91000B0
:102A9000761CB042EADC7DE4002818BF00261ADA72
:102AA000C0F1000000287FF775AC5046FDF7F6FE38
:102AB000A07A10F0020F18BFC7F85480A07AC0F3B4
:102AC000400000287FF466ACB5F91000761C404247
:102AD000B042EADC5EE47FF75DAC5046FDF7FEFDF8
:102AE000A07A10F0020F18BFC7F85480A07AC0F384
:102AF000400000287FF44EACB5F91000761CB042BF
:102B0000EBDC47E4D4F8AC0000283FF443AC0F9969
:102B10000A4650F83150042101EBC20146589DF895
:102B20004200012821D0A07A10F0020F18BFC7F888
:102B30005480A07AC0F3400000287FF42BACC4E995
:102B40000C569DF842000128204617D0E6F71EF8E3
:102B5000A07A10F0020F18BFC7F85480A07AC0F313
:102B6000400000287FF416AC10E4A06BA84207BF19
:102B7000E06BB0422046E6F709F8D4E7E5F73CFD04
:102B8000E6E7C068FFF7B0BA2DE9F041524E0D46B6
:102B900004004FF0000745D0A07A40F00200A07278
:102BA000306DA04208BF7765207801281CBF02283D
:102BB000BDE8F081002D08BF676706D0606FA842AE
:102BC00008BF6767A06EA84210D1A66E56B1224614
:102BD00014213046A76608F0EAFC3246142120464C
:102BE00000F0E0FB002D08BFE76606D0E06EA842CB
:102BF00008BFE766206FA8420CD1206F48B122467B
:102C00001421276708F0D3FC3A461421204600F02F
:102C1000C9FB25B1A06FA84218BFBDE8F081A76726
:102C2000BDE8F08106F1440002F0E8FD04004CD05C
:102C3000A07A40F00200A072306DA04208BF776514
:102C40002078012818BF022837D1002D08BF6767F8
:102C500006D0616FA94208BF6767A16EA94214D16F
:102C6000D4F868802046B8F1000F0AD0024614213B
:102C70004046A76608F09BFC42461421204600F01F
:102C800091FB002D08BFE76606D0E16EA94208BFA0
:102C9000E766216FA9420CD1206F48B1224614216A
:102CA000276708F084FC3A461421204600F07AFB9E
:102CB00015B1A16FA94200D1A767210006F1440018
:102CC00006D002F0AFFD0400B2D17765BDE8F08117
:102CD00002F094FDF7E70000700200202DE9F047B4
:102CE0000446806C84B0002801BFE06C002804B06A
:102CF000BDE8F087276F002F40F0E9802046FEF7FF
:102D0000F9FF070004BF04B0BDE8F0878021256FFC
:102D1000284606F0E6F9CB4E6FF06048D8B1284659
:102D200005F016FC012821D0022833D003281CBF4F
:102D3000C4F88060C4F888803ED0284605F000FCC6
:102D4000012856D0022865D003281CBFE667C4F8C6
:102D5000848071D08FE06FF060433146324604F1D9
:102D60007C00CDF80080E8F77AFA80E0A8690023BB
:102D7000411C6FF060422846E2F73CFDC4F8800039
:102D8000A8690023421E31462846E2F733FDC4F805
:102D90008800D2E700236FF060422846296AE2F7F4
:102DA00029FDC4F880000023314628462A6AE2F74C
:102DB00021FDC4F88800C0E705F11400E8F767F8C2
:102DC000A96900EBD07001EB600900236FF060424D
:102DD00009F101012846E2F70DFDC4F88000002347
:102DE000A9F1010231462846E2F704FDC4F8880043
:102DF000A3E700236FF0604228466969E2F776FC9A
:102E0000E0670023314628466A69E2F76FFCC4F8A0
:102E100084002CE000236FF060422846E969E2F765
:102E200065FCE067002331462846EA69E2F75EFC6C
:102E3000C4F884001BE0FFE705F11400E8F736F85A
:102E4000696900EBD07001EB600900236FF060420C
:102E500009F101012846E2F749FCE0670023A9F1E6
:102E6000010231462846E2F741FCC4F88400E06FD5
:102E7000404508BFE667D4F88000404508BFC4F865
:102E80008060E06F002808BFE667D4F8840000285F
:102E900008BFC4F88480D4F88000002808BFC4F8B4
:102EA0008060D4F88800002808BFC4F888802021FA
:102EB000A06E08F02EF800220921384608F077FBB2
:102EC000A07A10F0020F1CBF04B0BDE8F087002606
:102ED0004FF48078C1463D4600216E22284605F019
:102EE00065FF304406B2284600216C2205F05EFFE3
:102EF0000028D8BF01208246284600216D2205F017
:102F000055FF0028D8BF012008FB0AF109FB00F09B
:102F100040F30F2941F30F28284605F05BF905001F
:102F2000DAD18246002E04BFB8F5807FB9F5807FE4
:102F300015D0C6F1000001B24FF4803090FBF8F2DA
:102F400090FBF9F003B202A8CDE9000A12B2CDF865
:102F500008A0CDF80CA004F1480009F006FC94F894
:102F60009800564600F00F0003285546384615D005
:102F700005F0F6FA0546384605F038F90C210091BF
:102F800003462A463846E16CE2F722FA05463846FF
:102F900005F09EF910F0010F13D10FE005F04CFA87
:102FA0000646384605F0C4F903210091024633462F
:102FB0003846A16CE2F70CFA0646E8E7002EC8BFD7
:102FC000564610F0020F02D1002EB8BF564610F040
:102FD000040F02D1002DC8BF554610F0080F02D1D2
:102FE000002DB8BF5546606DD4F8801042198A4252
:102FF000B8BF0D1A4219D4F888108A42C8BF0D1AFA
:10300000206DE16F82198A42B8BF0E1A8219D4F876
:1030100084108A42C8BF0E1A2A463146384608F044
:10302000FCF9A07A10F0020F1CBF04B0BDE8F087D5
:10303000206D30442065606D2844606504B0BDE8B3
:10304000F0870000010000E02DE9F843D0F870900F
:103050000446B9F1000F1ABF94F8980010F00F0F52
:10306000BDE8F88394F825504FF04001484606F03B
:1030700038F80026002804BFE665A665484605F036
:103080005FFA8046484605F063FA074694F89800D0
:103090009D4900F00F009D4A0C2802D0032860D003
:1030A00098E0A665002F36D0002C08BF354611D019
:1030B000606E94F825300025002818BFC3F1640322
:1030C00008D00544584382FB00C04FEA601CBCEBAB
:1030D000E070F6D1E665606DD4F880204319934224
:1030E000B8BF151A4319D4F888209342C8BF151ADF
:1030F0002B466FF060424846E2F77CFB2A1801231A
:103100000021484608F05EF8A07A10F0020F18BFC0
:10311000BDE8F8835EE0E06DC5F16401484382FBE1
:1031200000104111A1EBE070E065484605F05EF843
:103130000546484605F014FA0C21009102462B463C
:103140004846E16DE2F744F90246E0650021484651
:1031500008F063F9A07A10F0020F18BFBDE8F883F9
:1031600038E0E665B8F1000F3DD0002C08BF3546C9
:1031700011D0206E94F825300025002818BFC3F127
:10318000640308D00544584382FB00C04FEA601C2A
:10319000BCEBE070F6D1A665206DE26F4319934257
:1031A000B8BF151A4319D4F884209342C8BF151A22
:1031B0002B466FF060424846E2F798FA4119012326
:1031C0000022484607F0FEFFA07A10F0020F18BF59
:1031D000BDE8F883A06D002806BFE06D0028BDE8BB
:1031E000F883EFBB27E0A06DC5F1640100FB01F09F
:1031F00082FB00104FEA6011A1EBE070A065484629
:1032000005F096F80546484605F016F903210091A9
:1032100003462A464846A16DE2F7DAF80146A06562
:103220000022484608F0F9F8A07A10F0020F18BF03
:10323000BDE8F883CEE7484605F092F905464846D2
:1032400004F0D4FF002D12DC00281EDD002D0EDA64
:1032500001232A460021484607F0B4FFA07A00E087
:1032600013E010F0020F18BFBDE8F8830DE000284E
:103270000BDA424201230021484607F0A3FFA07A5F
:1032800010F0020F18BFBDE8F883B8F1000F27D186
:10329000484605F04DF80546484605F0CDF8002DA6
:1032A00010DC00281CDD002D0CDA01230022294649
:1032B000484607F087FFA07A10F0020F18BFBDE85C
:1032C000F8830DE000280BDA414201230022484632
:1032D00007F078FFA07A10F0020F18BFBDE8F8835E
:1032E00022460B21484608F062F9A07A10F0020F3E
:1032F00018BFBDE8F88394F8980020F00F0084F818
:1033000098002667BDE8F883010000E01F85EB51B7
:1033100070B50C4686B00546012105F0E2FE002896
:103320003DD1D4E90001CDE90401022204A92846D7
:1033300008F0D6FE04A9284605F0E4FE064605F18D
:1033400014000FC88DE80F004FF48011284605F0D7
:10335000C8FE38B1284604F09BFE02461146684676
:10336000E7F7A9FD002204A96846E7F77BFE88B1CC
:10337000284604F0EAFC441E0CD4A86804A900689E
:1033800050F82400FFF7C4FF00281CBF06B070BD32
:10339000641EF2D5002E1EBF284606B070BD002068
:1033A00006B070BD70B588B015460E4604461C22A6
:1033B0000021684602F098FDADF8086000940122F3
:1033C000694604F1B00004950194FCF7E5F9012881
:1033D0001CBF08B070BD0022694604F1B000FCF7C4
:1033E000DBF908B070BD002818BF416070470028A5
:1033F00008BF70470170817A41F002018172704705
:10340000002808BF7047817A41F008018172704737
:1034100070B52D4D84B0287800281CBF04B070BD55
:10342000294C4FF4FA720021204602F05DFD4FF462
:103430006471201D02F001FAC42104F1440002F07D
:10344000FCF922486066012684F824600320A06508
:103450008C20E0623F2020671D4809F0DFF902F070
:103460007BFBEDF70BFF0BF047FB08F095FF0FF030
:1034700095F8FCF77BFD01F0DBFDE6F7CFFBFDF7F0
:10348000A1FAEEF78FFCF8F7DDFE08F027FD09F052
:103490007EFD0CF0ABFF00210846FDF7C1FDE8F70B
:1034A00063FD442011281EBF2E7004B070BD094A70
:1034B00010A0009008A1CDE901120022154B114681
:1034C000032002F095FAFEE770020020D4C3B2A1F7
:1034D000CDAB341264D104084C565F4249475F4576
:1034E0004E4449414E5F53595354454D203D3D2074
:1034F000310000004173736572746564206174204B
:1035000065787072657373696F6E3A202573202831
:1035100025732900C8B2040870B58CB00D460400AC
:1035200005D1ECF77FFA040004BF0CB070BDECF7D6
:1035300013FB002804BF0CB070BDA06B10F4003F5B
:103540000CD05AA0009044A250A1CDE90112002253
:103550005E4B1146032002F04BFAFEE70026002DD9
:1035600002BFC4F85C620CB070BD08962046099694
:10357000ECF76AFA401E0A902046ECF7D5FA401E96
:103580000B9008AA294604A8E7F7A2FC002804BF6C
:103590000CB070BD94F83B00072807D1049820F0C8
:1035A00007000490069840F00700069094F8390050
:1035B00002283FD004AA32212046ECF791FC0128D2
:1035C0001CBF0CB070BD0025D4F85C02002811D9D6
:1035D00004EB051000F13C01002204A8E7F79EFC73
:1035E00000281CBF0CB070BD681C85B2D4F85C020A
:1035F000A842EDD8D4F85C1204A8202924BFC4F84E
:103600005C6208A8D4F85C12026804EB0111CA637A
:1036100042680A6482684A64C0688864D4F85C02BC
:103620000022401CC4F85C0235212046ECF758FC0F
:103630000CB070BD08AD95E80F0004F13C0585E8BD
:103640000F000120C4F85C02002235212046ECF76F
:1036500047FC0CB070BD0000496E76616C69646116
:1036600074652061726561206973206E6F742061DA
:103670006C6C6F77656420647572696E6720726523
:103680006E646572696E672E0000000021646973C4
:10369000702D3E72656E646572696E675F696E5FFC
:1036A00070726F6772657373000000004173736519
:1036B00072746564206174206578707265737369D3
:1036C0006F6E3A202573202825732900E9E7030847
:1036D00010B50C460421204607F0A4FB0020A0648E
:1036E00084F84C0084F84D0003460246052120462C
:1036F00003F014F8002320220A49204602F087FE36
:1037000000221146204608F01CFA94F84C000649A5
:1037100051F820102046E9F711FB2046BDE8104083
:1037200000F022B92D370208C800002070B5FBF761
:10373000EDFE0446E9F750FA0146A0F57F40FF3858
:1037400008BF70BD2046E9F71FFA050008BF70BD2D
:1037500077A10CF039F8774E00284BD076A1284697
:103760000CF032F8002851D074A128460CF02CF847
:10377000002857D072A128460CF026F800285DD00A
:1037800070A128460CF020F8002857D06EA12846DA
:103790000CF01AF8002863D0A06C002808BF70BD98
:1037A0006AA128460CF010F800286BD069A12846C1
:1037B0000CF00AF8002865D067A128460CF004F840
:1037C00000286BD065A128460BF0FEFF00286AD0C8
:1037D00063A128460BF0F8FF002869D061A12846B4
:1037E0000BF0F2FF0028A06C67D02946BDE87040BE
:1037F0000DF030BF002184F84C1020463168E9F705
:103800009DFA2046BDE8704000F0AEB8012184F872
:103810004C1020467168E9F791FA2046BDE87040E7
:1038200000F0A2B8022184F84C102046B168E9F7F4
:1038300085FA2046BDE8704000F096B800222421A9
:10384000204607F0B4FE012818BF70BDA06C002808
:1038500008BF70BD0022BDE87040242107F0A7BE5C
:1038600000222321204607F0A2FE012818BF70BDC8
:10387000A06C002808BF70BD0022BDE87040232165
:1038800007F095BE0A21A06C0DF0D6FDA06C0EF0DD
:10389000B2FB002818BFA06CEED170BDA06CBDE8D3
:1038A00070400EF037B8A06CBDE870400EF039B82B
:1038B000A06CBDE870400EF039B80EF09AFB0546DA
:1038C000A06C0EF0B9FB00782D280FD02B28A06C2F
:1038D0001DD000210EF0C2FB2D21A06C0DF0ACFD1F
:1038E000691CA06CBDE870400EF0B8BB0121A06C53
:1038F0000EF0B4FBA06C0EF019F82B21A06C0DF0AB
:103900009BFD2946A06CBDE870400EF0A7BB0121CD
:103910000EF0A4FBA06C0EF009F82D21A06C0DF0A8
:103920008BFD2946A06CBDE870400EF097BB0000EF
:1039300061626300C800002041424300312300005F
:10394000EF808D00EF849C00EF808C00456E7465E5
:1039500072000000EFA2A200EF819300EF819400BB
:10396000EF959A002B2F2D002DE9F041044690F899
:103970004D00204F10F0010F08D094F84C0057F87C
:1039800020102046BDE8F041E9F7CAB9A06B2546F2
:10399000400002F087F80646A86B420094F84C00FD
:1039A00057F82010304602F027F9A96BC1B1B01EBC
:1039B00011F0010F04D030F8021F21F48061018062
:1039C000A96B4A080CD000BF30F8021F521E21F428
:1039D000806120F8021B018821F480610180F3D10D
:1039E00031462046E9F79CF93046BDE8F041FCF746
:1039F0005FBA0000F000002070B50025CD6291F89C
:103A00005C006E1E20F0080000F0F8004E630C46CB
:103A100081F85C002A46294604F1540008F092FE21
:103A2000300C60642564A064C4E90E65256394F8D5
:103A30005C00022120F0200084F85C00204607F0A2
:103A4000F1F90021204601F067F92046BDE87040F9
:103A500001A101F0DBB9000054657874000000009A
:103A600010B50146034803F0D3FA044603F068FB9F
:103A7000204610BDD4C8040870B591F85C000C460F
:103A800010F0200F1EBF206B0028FCF711FA94F8ED
:103A90005C00002520F0200184F85C10C8B210F012
:103AA000080F256304BFE06AFCF702FAE56270BD07
:103AB0002DE9F04FABB08946FE4804F0DFF801284D
:103AC0001CBF2BB0BDE8F08F4846FBF7E3FC054672
:103AD0004846FBF71BFD04462F2D18BF2E2D7DD029
:103AE000182D00F0E0806FF04047312D00F0EC80A1
:103AF0001A2D1CBF2BB0BDE8F08F4846FBF706FD22
:103B000004464846FBF772FD804620A9204604F093
:103B100051F994F85C00002610F0100F18BF012630
:103B2000254620460021012205F040F96FF060494A
:103B3000B8420BD128460021052205F037F9484547
:103B400002BF688D10F4006F46F0020604A8EEF77D
:103B50005DF9E06A0B90606D1490A06D159094F87B
:103B60005C0000F00700032808D020A8E7F78FF9D1
:103B7000B0F5806FA4BF04F1380018908DF85B6039
:103B800004AA0021204605F0A1FB9DF85A0001255A
:103B9000002808BF8DF85A50606C0D90A06C0E90F4
:103BA0000D994FF6FF7081421CBF0E99814226D0BD
:103BB0004FF4802A27464FF058025146204605F020
:103BC000F5F802465146384608F084F80090BDF8F2
:103BD0000000ADF83F009DF8020000E01AE08DF80B
:103BE0004100204651461C2205F0E0F80090BDF847
:103BF0000000ADF842009DF802008DF8440094F8F2
:103C00005C0000F00700022818BF032840F0DA80AB
:103C100000F0C0B894F85C0000F0070001283CD127
:103C2000606BB0F1FF3F38D0A34AC11EE06A126852
:103C30009047014694F85C30002013F0200F0CBF31
:103C400004F13002226BE36A5B5C73B1155C01EB3B
:103C5000000CE36A401CC0B203F80C50E36A01EBAD
:103C6000000C13F80C30002BF0D1135CE26A08440E
:103C70002546135494F85C0010F0200F1EBF286BEB
:103C80000028FCF715F995F85C0020F0200085F875
:103C90005C000020411E286361632BB02046BDE814
:103CA000F04F00F00DBD00215A2205F07FF8FCF71F
:103CB000F5F8C11700EB917081102BB04846BDE8B4
:103CC000F04FFBF7A3BD00BF94F85C0010F0400F6D
:103CD0004ED020464FF000014FF05A0205F066F832
:103CE0008046204600215B2205F060F8064620460B
:103CF00000215C2205F05AF8054694F85C004FF06C
:103D0000000A10F0100F18BF4FF0010A204604F00F
:103D1000FAF820460021012205F048F8B84202BF17
:103D2000608D10F4006F6FF0604703D0204604F000
:103D3000EAF8074620460021052205F037F8B84288
:103D400005DC20460021052205F030F80746CDE9C4
:103D50000057CDF808A03346424604F14C00E16A12
:103D60000DF0CAF894F85C0020F0400084F85C0084
:103D70004846FBF74BFC0268E16C8A42C8BF11461B
:103D800001604168226D9142D8BF114641602BB05D
:103D9000BDE8F08F9DF85A00022818BF032811D102
:103DA0001298CDE900090296139B0C9A1AA8E16AB1
:103DB0000DF0A2F820A8E7F779F81A998842B8BF61
:103DC0008DF85A5008F1180220A91CA8E7F780F8CE
:103DD000002804BF2BB0BDE8F08F94F85C0010F011
:103DE000070F09D1204604F0BBFB4242002120A866
:103DF000E7F728FA206A239094F85C0000F00700A7
:103E0000022818BF032818D020AA04A94046EDF7BD
:103E1000CAFF00BF08F118080DF1700C98E8A00C5B
:103E20009CE80F0088E80F0094F85C00A8F11808DF
:103E300000F00700032816D052E008F118080DF131
:103E4000700C98E8A00C9CE80F0088E80F00A8F11F
:103E5000180820AA04A94046EDF7A5FF08F11800AC
:103E600080E8A00CD6E71298CDE900090296139BD2
:103E70000C9A28A8E16A0DF03FF820A8E7F716F899
:103E80002899884212DA202211460C98FBF79AFFF3
:103E9000616D289A00EB4000114408441490A06D15
:103EA000159020AA04A94046EDF77DFF20A8E6F76B
:103EB000EEFF03E0D4C80408F4BC04082999884242
:103EC0000EDA606D14900C98FBF7E8FFA16D299A4B
:103ED00011440844159020AA04A94046EDF763FF59
:103EE00008F1180888E8A00C2BB0BDE8F08F00009E
:103EF0002DE9F74F98B00C007ED0189800211222BF
:103F0000159004F053FF21681022081A1090002128
:103F1000189804F04BFF6168081A13900CA91898C0
:103F200003F048FF189800252C46C66A0CA8E6F74F
:103F3000BDFF09900CA8E6F7AAFF169000215A22AF
:103F4000189804F033FF059000215C22189804F0C3
:103F50002DFF814600215B22189804F027FF069070
:103F60000598FBF79BFF82461598AB46D84690F81C
:103F70005C1011F0100F18BF4FF001080746002128
:103F8000012204F013FF6FF0404188420DD1384602
:103F90000021052204F00AFF6FF06041884202BF51
:103FA000788D10F4006F48F00208307800281CBFAC
:103FB0000AEB090014903FD00BEB0A0707EB09004E
:103FC00016995044884208DD159890F85C0000F07E
:103FD0000700012808BF48F004080020CDE90008C8
:103FE000DDE905127019099B0CF01CFE04441398BE
:103FF000B8421BDC694600E00BE03E4A00943046C4
:10400000126890470A2817D0305D002808BF641C4A
:1040100012E041A0009038A23BA1CDE9011200229C
:10402000454B1146032001F0E3FCFEE714982546BA
:104030008344305D0028BFD115984FF0000806EB8F
:104040000509C26A4146189802F099FFDDE9052387
:10405000611B0CAF022802D003280FD017E048469E
:104060000CF0E4FF80463846E6F720FF00EBD07006
:10407000401008EBD871A0EB610808E048460CF04E
:10408000D5FF80463846E6F711FFA0EB0808002769
:104090000897002C18BFA5421CD208AB09AA0AA990
:1040A00048460CF0A7FDDDE909210598FBF78AFEDB
:1040B000109908EB000291421ADB08984119A142BD
:1040C00016D07B19F35C9BB1069B074602EB0308F5
:1040D000A142E2D3194C3946484622689047074628
:1040E00022682946304690471BB03844BDE8F08F1F
:1040F0000897EFE714BD04084E554C4C20706F69CB
:104100006E74657200000000706F735F696E20212D
:104110003D204E554C4C00004173736572746564CC
:104120002061742065787072657373696F6E3A20D0
:10413000257320282573290038C9040818BD0408F0
:104140002DE9F74F96B08046189800287ED0CDF81C
:104150005080D8F82C5000212A46404602F00FFF2C
:1041600012902878002872D01498002690F85C10DD
:1041700011F0100F18BF012604460021012204F09F
:1041800015FE6FF0404188420DD1204600210522E6
:1041900004F00CFE6FF06041884202BF608D10F4A5
:1041A000006F46F002062846694A17991268904740
:1041B0000746404600215C2204F0F8FD8146404657
:1041C00000215B2204F0F2FD0290404600215A22B9
:1041D00004F0ECFD0990FBF761FE82460EA9404613
:1041E00003F0E8FD0EA8E6F761FE0A900EA8E6F7D8
:1041F0004EFE15904FF0000B28785C46D8460028FC
:104200001CBF0AEB09000C905AD000BF0BEB0A0050
:10421000484400EB0A011598814208DD149890F893
:104220005C0000F00700012808BF46F004060020EB
:10423000CDE90006DDE909132819029A0CF0F2FC19
:10424000804447453CD315F8080001E006E012E041
:10425000002835D00C9844468344D7E744A000900A
:104260003CA240A1CDE901120022494B1146032096
:1042700001F0BEFBFEE71899002048601299012961
:1042800001BF1899086019B0BDE8F08F02290CD061
:1042900003291CBF19B0BDE8F08F404603F033FE80
:1042A0001899086019B0BDE8F08F404603F02BFE66
:1042B00000EBD07041101898016019B0BDE8F08F84
:1042C00067B1E81910F8010C0A2812BF0D28E85D43
:1042D000002803D10AEB090083443C4605EB0406A1
:1042E000A7EB04013046029B099A0CF09FFE05469D
:1042F0001798A0421CBF02980544A8EB040112982D
:10430000029B099A0EAF022802D003280FD017E0B3
:1043100030460CF08BFE04463846E6F7C7FD00EB4E
:10432000D071491004EBD470A1EB600007E0304677
:104330000CF07CFE04463846E6F7B8FD001B054449
:10434000189805601898C0F804B019B0BDE8F08F4F
:10435000F4BC04084E554C4C20706F696E74657245
:1043600000000000706F7320213D204E554C4C0022
:10437000417373657274656420617420657870722E
:10438000657373696F6E3A202573202825732900A1
:1043900020C90408C06A7047806C7047406C704741
:1043A000F0B583B016000D4604462DD094F85C009D
:1043B00010F0080F1CBF03B0F0BD204605F006FA50
:1043C000E06A0BF02DFA074630460BF029FA384424
:1043D000E26A411C104608F037FDE062002820D058
:1043E000A5F57F41FF3903D114490968884705467F
:1043F00032462946E06A0CF057FE03B02046BDE87D
:10440000F040002100F002BD14A000900CA210A109
:10441000CDE901120022194B1146032001F0E8FA00
:10442000FEE70EA0009016A219A1CDE9011200220C
:10443000124B1146032001F0DBFAFEE71CBD040815
:104440004E554C4C20706F696E7465720000000010
:1044500074787420213D204E554C4C004173736597
:104460007274656420617420657870726573736915
:104470006F6E3A2025732028257329006AC9040825
:104480004F7574206F66206D656D6F727900000046
:104490006C6162656C2D3E7465787420213D204E00
:1044A000554C4C002DE9F34F99B05FEA01097CD0DF
:1044B0000EA9199803F07EFC199800242546D0F81F
:1044C0002C8014900EA8E6F7F1FC07900EA8E6F7F2
:1044D000DEFC159000215A22199804F067FC039025
:1044E00000215C22199804F061FC129000215B22EB
:1044F000199804F05BFC02900398FBF7CFFC82460E
:104500001498002790F85C1011F0100F18BF0127C5
:1045100006460021012204F049FC6FF04041884228
:104520000DD100210522304604F040FC6FF06041BF
:10453000884202BF708D10F4006F47F002074FF001
:10454000000698F8000058B312985044CDF84C007B
:10455000129806EB0A0B584400EB0A0115988142A9
:1045600008DD149890F85C0000F00700012808BFEF
:1045700047F004070020CDE90007DDE9022108EB40
:104580000400079B0CF04EFB0544D9F80400584585
:1045900006DD13982C46064418F804000028D7D1ED
:1045A00014980021C26A199800E007E002F0E7FCC5
:1045B000002602280FD0032820D02BE037A000903F
:1045C0002FA233A1CDE9011200223C4B114603205A
:1045D00001F00EFAFEE7DDE90232291B08EB0400C8
:1045E0000CF024FD06460EA8E6F760FC00EBD07048
:1045F000401006EBD671A0EB61060BE0DDE902325C
:10460000291B08EB04000CF011FD06460EA8E6F786
:104610004DFC861B00270B970C970494D5B16D1E9B
:10462000AC4217D804AB0CAA0BA940460CF0E2FA36
:10463000DDE90B1237460398FBF7C4FBD9F80010ED
:104640003044814201DA049404E00299049C461843
:10465000AC42E7D9DDE90B120398FBF7B3FB0299F3
:10466000029A0844D9F80010BA1A401C9142A5BF1A
:1046700038448842002001201BB0BDE8F08F0000C4
:104680004E554C4C20706F696E74657200000000CE
:10469000706F7320213D204E554C4C004173736563
:1046A00072746564206174206578707265737369D3
:1046B0006F6E3A2025732028257329004FC90408FE
:1046C0002DE9F04F0446C06A9DB0002804BF1DB01C
:1046D000BDE8F08F4FF0FF3AC4F838A094F85C00C2
:1046E00040F0400184F85C10204618A903F062FBFA
:1046F00018A8E6F7DBFB8346204600215A2204F087
:1047000055FB8146204600215C2204F04FFB074602
:10471000204600215B2204F049FB804694F85C00AF
:104720000026254610F0100F18BF01260021012297
:10473000204604F03BFB6FF0404188420DD12846F3
:104740000021052204F032FB6FF06041884202BF75
:10475000688D10F4006F46F002060097CDE901B6AF
:1047600043464A4616A8E16A0CF0C6FB204606F00E
:10477000A4F994F85C0000F00700022807D0032891
:1047800000F00281012800F0CC8100F0A6BA20469A
:104790000021632204F00AFB054620460021642222
:1047A00004F004FB060007D142F210724FF4967138
:1047B0002820E5F785FB06466846E5F7B9FA214665
:1047C0006846E5F77AFB4FF0FF316846E5F767FB8F
:1047D0004FF496716846E5F75EFB68460E99E5F77B
:1047E00060FB002718A8E6F761FB169988425CDA9F
:1047F00018A8E6F75BFB1699421A39466846E5F7B2
:1048000056FBFE496846E5F742FBFC492046E5F7C2
:1048100073FA01003846024604D0486B91F85410F0
:1048200001F001020C9981420FDD0D909DF85400BA
:1048300020F008008DF854003AB140F001008DF8E6
:1048400054000B99099809910B9031466846E5F799
:1048500015FB68460C99E5F720FB3DB194F85C0028
:1048600000F00700022806D0032812D06846E5F7BA
:104870004BFB01271FE00D980028DCBF686B0D90F3
:10488000686C1190286C109028690490A86B0E90A9
:10489000ECE70D980028DCBF686B0D90686C1190F8
:1048A000286C109028690490E0E7D4492046E5F789
:1048B000DDF90020606518A8E6F7E9FA1799884243
:1048C00080F2E880002F40F0E58018A8E6F7DFFAD4
:1048D0001799471A4846FBF7E1FA3A1A0021684649
:1048E000E5F7E5FAC6496846E5F7D1FAC449204636
:1048F000E5F702FA01004FF00000024604D0486BD1
:1049000091F8541001F001020C9981420FDD0D90D5
:104910009DF8540020F008008DF854003AB140F0A2
:1049200001008DF854000B99099809910B903146BC
:104930006846E5F7A3FA68460C99E5F7AEFA002D4C
:1049400000F0EB8094F85C0000F00700022803D030
:1049500003280FD000F0E1B80D98002840F3C9807B
:10496000686C1190286C109028690490A86B0E90C8
:1049700000F0D3B80D9800286FDD686C1190286C9A
:10498000109028690490C8E020460021632204F0BA
:104990000DFA054620460021642204F007FA0600BD
:1049A00007D142F210724FF496712820E5F788FA89
:1049B00006466846E5F7BCF921466846E5F77DFA04
:1049C0004FF0FF316846E5F76AFA002718A8E6F7C6
:1049D0006DFA1699884250DA202211464846FBF7B4
:1049E000F1F9169900EB4000084442420021684664
:1049F000E5F75DFA81496846E5F749FA31466846C8
:104A0000E5F73CFA7D492046E5F776F9002818BF1E
:104A1000406B1DB394F85C0000F00700022802D040
:104A200003280ED024E00D980028DCBF686B0D90A1
:104A3000686C1190286C109028690490A86B0E90F7
:104A400016E00D980028DCBF686B0D90686C119023
:104A5000286C1090286904900AE051E00C9981427A
:104A600006DD0D909DF8540020F008008DF85400EC
:104A70006846E5F749FA012705E060492046E5F771
:104A8000F5F80020606518A8E6F701FA1799884242
:104A900000DA3FB15A492046E5F7E8F80020A06562
:104AA00000F01BB94846FBF7F9F917990844424250
:104AB00000216846E5F7FBF951496846E5F7E7F953
:104AC00031466846E5F7DAF94D492046E5F714F92D
:104AD000002818BF406BB5B194F85C0000F00700E7
:104AE000022802D0032807D017E00D9800283FF7CE
:104AF00037AF686B0D9033E70D9800283FF73DAF57
:104B0000686B0D9039E70C99814206DD0D909DF898
:104B1000540020F008008DF854006846E5F7F4F9D9
:104B2000DBE018A8E6F7B3F9179988420BDA484694
:104B3000FBF7B4F91799884205DA3249E06A096847
:104B40008847032802D8C4F834A0C6E018A8E6F7BE
:104B5000ADF905462E2211464846FBF733F940448D
:104B6000A0EB80002844029018A8E6F790F9039083
:104B70004846FBF793F90399384491FBF0F200FBA8
:104B800012154846FBF78AF9A8420398A0EB0500E6
:104B9000C8BFC01B05DC03904846FBF77FF90399AB
:104BA00008440390002202A92046FFF7A1F9064617
:104BB000E06A0AF035FE144A804631461268E06A1F
:104BC00090470190C01C404588BF104D08D92A6805
:104BD00001A9E06A90470198761EC01C4045F6D8AE
:104BE0000025DFF82CA0DFF82CB0019FA946E06A71
:104BF00001990844DAF8001088470DE0FD96030893
:104C0000039703081CBD0408F4BC040814BD040881
:104C1000ECBC0408F0BC04082844C5B2DBF8002052
:104C200001A9E06A9047032D9FBF0198404509F113
:104C30000109B9F1030FDAD9E06AA04600EB0709D0
:104C400094F85C0010F0200F1EBFD8F83000002848
:104C5000FBF72EF998F85C004FF0000A20F02001D5
:104C600088F85C10C8F830A0042D1DD9681C00F02D
:104C700019FFC8F8300070B12A46494600F0BCFF61
:104C8000D8F8300000F805A098F85C0040F020004B
:104C900088F85C0012E014A0002200901D4B114621
:104CA000032000F0A5FE18E001F0DF0088F85C00AA
:104CB0002A46494608F1300000F09EFFE16A2E20A6
:104CC0007A1CC855E16A8854E16ABA1C8854E06AC3
:104CD000F91C00F801A0F11C6163204604F076FD88
:104CE0001DB0BDE8F08F00004661696C65642074FA
:104CF0006F20616C6C6F63617465206D656D6F72A0
:104D00007920666F7220646F745F746D705F707469
:104D1000720000007CC904082DE9F0410E460446EB
:104D200005463749E4F7A2FF36492046E4F79EFFDF
:104D30000022114605F1540007F004FD022E18BFB1
:104D4000032E0ED0042E1CBF95F85C0020F010003E
:104D500007D000BF85F85C0000F00700012843D1B0
:104D600004E095F85C0040F01000F3E7686BB0F1E8
:104D7000FF3F39D0244AC11EE06A126890470246BC
:104D800094F85C10002011F0200F0CBF04F13003E8
:104D9000236BE16A895C71B113F800C01118E76AEE
:104DA000401CC0B207F801C0E16A02EB000C11F828
:104DB0000C100029F0D11B5CE16A104427460B540B
:104DC00094F85C0010F0200F1CBF386B002801D055
:104DD000FBF76EF897F85C0020F0200087F85C0085
:104DE0000020411E3863616395F85C0066F30200A1
:104DF00085F85C002046BDE8F041FFF761BC00008B
:104E0000FD96030803970308F4BC040870B584B04A
:104E10000D46044604F0DAFC002D08BFE56A28467A
:104E20000AF0FEFC461CE06AA84204BF94F85C103D
:104E300011F0080F07D000281CD094F85C1011F076
:104E4000080F13D016E0314607F0FEFFE06200289D
:104E50001ED122A0009018A21BA1CDE901120022B0
:104E6000264B1146032000F0C3FDFEE7FBF720F8B8
:104E70000021E162304600F015FEE06270B1294683
:104E80000AF0AEFC94F85C0020F0080184F85C1095
:104E900004B02046BDE87040FFF712BC0FA00090A0
:104EA00005A209A1CDE901120022144B11460320ED
:104EB00000F09EFDFEE700004F7574206F66206DC8
:104EC000656D6F72790000006C6162656C2D3E74D7
:104ED00065787420213D204E554C4C00417373651C
:104EE000727465642061742065787072657373698B
:104EF0006F6E3A202573202825732900F8C804080E
:104F00000FB430B583B00446079880B1204604F052
:104F10005DFC0798002808BF204624D0E06A0025E1
:104F2000A8B194F85C1011F0080F0DD00FE018A094
:104F3000009010A213A1CDE9011200221C4B1146D2
:104F4000032000F055FDFEE7FAF7B2FFE56208A97D
:104F500007980CF0EBF8E06294F85C0020F0080190
:104F6000204684F85C10FFF7ABFB03B030BC5DF863
:104F700014FB00004E554C4C20706F696E746572C6
:104F800000000000666D7420213D204E554C4C0001
:104F90004173736572746564206174206578707202
:104FA000657373696F6E3A20257320282573290075
:104FB0000AC90408816404F009BC416404F006BC19
:104FC00070B5044690F85C000D4610F0080F05D14E
:104FD000E06A18B1FAF76CFF0021E16235B194F88C
:104FE0005C0040F0080184F85C10E5622046BDE8F2
:104FF0007040FFF765BB000010B504460021162283
:1050000003F0D4FE10F0FF0008BF10BD07498A6D01
:10501000904288BF10BDCA6D042101EBC0015158F8
:1050200052F830202046BDE81040104770020020A2
:1050300010B5064CA06DC00000F034FDE065FAF735
:1050400051FCBDE81040FBF7E9BA000070020020F7
:1050500038B508460C460DF02BFA0090BDF800005C
:10506000A0859DF8020084F82E00FF2084F82F0010
:1050700038BD000010B50146034801F0C9FF0446E1
:1050800002F05EF8204610BD94C9040870B59EB0C9
:105090000D460846FAF7FEF91A280FD01B2807D04C
:1050A0002946A74802F0EAFD01281CBF1EB070BDCA
:1050B00028461EB0BDE87040FAF728BA2846FAF72D
:1050C00025FA04466846EEF725FB6A46002120468D
:1050D00004F0C8F9BDF82100ADF870009DF8230078
:1050E0008DF872001C98EAF710F90646EAF7FCF80A
:1050F00001463246E06AEAF7C2F91C90BDF870003A
:10510000ADF821009DF872008DF823000998EAF7A8
:10511000FCF80646EAF7E8F801463246E06AEAF7A4
:10512000AEF91C90BDF87000ADF824009DF8720037
:105130008DF82600BDF82900ADF870009DF82B0011
:105140008DF872001C98EAF7E0F80646EAF7CCF80A
:1051500001463246E06AEAF792F91C90BDF8700009
:10516000ADF829009DF872008DF82B00BDF85900AC
:10517000ADF870009DF85B008DF872001C98EAF79E
:10518000C4F80646EAF7B0F801463246E06AEAF7A4
:1051900076F91C90BDF87000ADF859009DF87200CA
:1051A0008DF85B00DDF83E00EAF7AFF80646EAF757
:1051B0009BF801463246E06AEAF761F91C90BDF8B7
:1051C0007000ADF83E009DF872008DF84000DDF8EB
:1051D0004A00EAF79AF80646EAF786F801463246A8
:1051E000E06AEAF74CF91C90BDF87000ADF84A008F
:1051F0009DF872008DF84C00EAF776F894F82F20AD
:10520000BDF82110ADF870109DF823108DF87210C4
:1052100001461C98EAF733F91C90BDF87000ADF810
:1052200021009DF872008DF82300EAF75DF8014631
:1052300094F82F200998EAF722F91C90BDF8700025
:10524000ADF824009DF872008DF82600EAF74CF8BE
:1052500094F82F20BDF82910ADF870109DF82B1090
:105260008DF8721001461C98EAF709F91C90BDF8F8
:105270007000ADF829009DF872008DF82B00EAF758
:1052800033F8DDF83E30014694F82F201846EAF74F
:10529000F6F81C90BDF87000ADF83E009DF8720065
:1052A0008DF84000EAF720F894F82F20BDF8591047
:1052B000ADF870109DF85B108DF8721001461C98C7
:1052C000EAF7DDF81C90BDF87000ADF859009DF8C4
:1052D00072008DF85B00EAF707F8DDF84A30014606
:1052E00094F82F201846EAF7CAF81C90BDF8700011
:1052F000ADF84A009DF872008DF84C0094F82F002C
:105300001799503841430F4880FB01218A11A2EBC5
:10531000E171179194F82F101A9A5039514380FB7C
:1053200001108111A1EBE0701A902846FAF75EF99E
:1053300004F114026946EDF791FF1EB070BD000044
:1053400094C9040891739F5D90F82F10FF2908BF3E
:105350007047FF2280F82F2004F038BA90F82F20F1
:105360008A4208BF7047FF2928BFFF2102D2502977
:1053700038BF502180F82F1004F028BA03B4BDF8CC
:10538000041081859DF8061080F82E1002B004F0FC
:105390001DBA084600210163C162416B21F003017F
:1053A0004163022105F03EBD10B50146034801F0FE
:1053B0002FFE044601F0C4FE204610BDB8C9040803
:1053C0002DE9F04F97B00C46F74802F057FC012842
:1053D0001CBF17B0BDE8F08F2046FAF75BF8064611
:1053E0002046FAF793F80546182E47D0DFF8BCB3ED
:1053F000312E55D01A2E1CBF17B0BDE8F08F2046B5
:10540000FAF7F4F81090286B002819BFE86A002812
:1054100017B0BDE8F08F12A9284602F0ABFD284670
:1054200003F0A4F81299A1EB0008284603F0A4F8B1
:1054300013990F1A6846EDF757F96A460021284676
:1054400003F0A7FF286B0026012819BF6FF0704AF0
:10545000DFF85C9317B0BDE8F08F284603F0A2FD9B
:105460000446284602F01EFE0146E86A50F836203F
:1054700002F0C040B0F1005F7CD149E00021482239
:1054800003F094FC05462046FAF7C0F8026801468E
:105490002846AA42D8BF02460A6017B0BDE8F08F7E
:1054A000286B002819BFE86A002817B0BDE8F08F04
:1054B0002046FAF7ABF800212A6B8C46002A1CBF65
:1054C000EB6A1D1D1FD01C6804F0C046B6F1005FDA
:1054D00003D124F0C0465E4502DD8C4200F35F81BB
:1054E0002C6804F0C046B6F1005F03D124F0C0463A
:1054F0005E4502DD644500F35481521E03F108034A
:1055000005F10805DFD1C0E9001C17B0BDE8F08F38
:1055100022F0C04058453CDCB0F1805FACBFAAEB44
:1055200000020246624389FB02325311A3EBE2728E
:10553000A242A8BF22460BDAB0F1805FACBFAAEB53
:1055400000020246624389FB02325311A3EBE2726E
:10555000002AB8BF00221CDBB0F1805FACBFAAEB11
:1055600000020246624389FB02325311A3EBE2724E
:10557000A24200E00DE0A8BF22460ADAB0F1805F47
:10558000A8BFAAEB0000604389FB00204211A2EBF8
:10559000E07202EB080007900420EA6A00EBC60004
:1055A000125802F0C040B0F1005F3ED122F0C0407E
:1055B00058453ADCB0F1805FACBFAAEB000202466E
:1055C0004A4389FB02325311A3EBE2728A42A8BF1D
:1055D0000A460BDAB0F1805FACBFAAEB00020246CC
:1055E0004A4389FB02325311A3EBE272002AB8BF8F
:1055F00000221ADBB0F1805FACBFAAEB00020246CA
:105600004A4389FB02325311A3EBE2728A42A8BFDC
:105610000A460ADAB0F1805FA8BFAAEB000048434F
:1056200089FB00204211A2EBE07208920820EA6A8E
:1056300000EBC600125802F0C040B0F1005F3DD14F
:1056400022F0C040584539DCB0F1805FACBFAAEB16
:1056500000020246624389FB02325311A3EBE2725D
:10566000A242A8BF22460BDAB0F1805FACBFAAEB22
:1056700000020246624389FB02325311A3EBE2723D
:10568000002AB8BF00241ADBB0F1805FACBFAAEBE0
:1056900000020246624389FB02325311A3EBE2721D
:1056A000A2420CDAB0F1805FA8BFAAEB0000604311
:1056B00089FB00204211A2EBE07400E0144604EBE9
:1056C000080009900C20EA6A00EBC600125802F0AC
:1056D000C040B0F1005F3ED122F0C04058453ADCF6
:1056E000B0F1805FACBFAAEB000202464A4389FBDF
:1056F00002325311A3EBE2728A42A8BF0A460BDAC8
:10570000B0F1805FACBFAAEB000202464A4389FBBE
:1057100002325311A3EBE272002AB8BF00221ADB57
:10572000B0F1805FACBFAAEB000202464A4389FB9E
:1057300002325311A3EBE2728A42A8BF0A460ADA88
:10574000B0F1805FA8BFAAEB0000484389FB0020AE
:105750004211A2EBE0720A9295F8340010F0010FAA
:10576000089818D0081A38440890881A38440A90C3
:1057700069461098ECF777FF9DF83D00761C20F005
:1057800004008DF83D00286B401EB0423FF665AE28
:1057900017B0BDE8F08F38440890D019E7E72146EC
:1057A0009EE6A446A9E60000B8C90408FEFFFF1F54
:1057B0001F85EB5110B5C0E90B12416B002363F359
:1057C00041010446416305F078F92046BDE81040E8
:1057D00003F0FCBF70B5051E1ABF6C68002C70BDCD
:1057E00004F10401286846582146284600F0CEF806
:1057F0002046FAF75DFB3400F2D170BD002818BFD7
:105800004068704702004FF000001DBF516800293A
:105810001268704701F1040100F10100515800299C
:10582000F8D170470068091D40587047006840581B
:105830007047002818BF8068704700224260C91C6A
:1058400021F0030182600160704710B504460068D2
:10585000083000F027F9002808BF10BD0022216899
:10586000031D0A50D4E90012CA50616809B12268C8
:1058700050506060A168002908BFA06010BD0028DA
:1058800012BF00290020704770B5044640680D46DD
:10589000A842206800F1080015D100F003F90028A3
:1058A00008BF70BD00222168031D0A50D4E9001210
:1058B000CA50616809B1226850506060A16800292F
:1058C00008BFA06070BD00F0EDF8002808BF70BDF3
:1058D0002168495911B123680A1D98502268115056
:1058E0002168021D485121688D5070BD10B50446D5
:1058F0000068083000F0D6F8002808BF10BD00226C
:105900002168031DCA502168A2680A50A16811B11C
:105910002268091D5050A0606168002908BF6060BE
:1059200010BD30B14168002907BF80680028002001
:1059300070474FF001007047F0B5154607460C461A
:10594000A94208BFF0BDE5B138684659B44208BF66
:10595000F0BD384600F01AF816B13968301D0C5009
:105960000CB139680E510DB139684C5114B1396818
:10597000201D0D50002D08BFBC60002E08BF7C60AC
:10598000F0BD002F14BFBE680026DFE7002808BF67
:1059900070470022D0F804C00B1D8C4509D1016866
:1059A000C9584160002904BF8260704700684250B6
:1059B0007047D0F808C08C4509D1036859588160F8
:1059C000002904BF42607047091D5A5070470268A1
:1059D0005158D25821B1D0F800C00B1D4CF803200B
:1059E000002A08BF70470068815070477047000068
:1059F0000628A8BF70470328B8BF70472DE9F041BB
:105A0000ADF5467D1F4605460DF54D780CF07CFD45
:105A1000174E0446D6F8AC0118B343464FF48071D4
:105A200086A8CC9A0DF022FE4FF47A70B4FBF0F108
:105A300000FB1141B4FBF0F0D6F8B02186ABA21AFE
:105A400004938DE887000B480BA24FF4007150F8C7
:105A5000253006A809F040F8D6F8AC2106A928465A
:105A60009047C6F8B0410DF5467DBDE8F0810000D5
:105A700070020020600000205B25735D09282575F9
:105A80002E253033752C202B257529092025733AB6
:105A90002025730A000000000149C1F8AC017047DD
:105AA00070020020002802BF02486430704700F0F6
:105AB00003B800007002002070B50C4C0146D4F809
:105AC000C0010DF0B5FB05000DD00DF023F8D4F8A2
:105AD000C4110844C4F8C401D4F8C811884298BF5E
:105AE0000846C4F8C801284670BD000070020020B6
:105AF00070B5040002BF0748643070BDFFF7DCFFDB
:105B0000050008BF70BD2246002100F0EDF92846CF
:105B100070BD000070020020DDF800C08A42A8BFFE
:105B2000904207DA8A42A8BF814209DA8A42D8BF86
:105B3000904201DC604670478A42D8BF814201DC56
:105B400018467047521AACEB030C401A00FB0CF0DD
:105B500090FBF2F01844704730B583B04FF4C04169
:105B600012480DF041FA124C0421C4F8C00104F5AA
:105B7000E670FFF762FE04F5E670FFF7B7FE05007A
:105B800006D0D4F8C0010DF04FFB286003B030BD43
:105B900010A0009007A20BA1CDE901120022154B25
:105BA00011460320FFF724FFFEE7000064040020F5
:105BB000700200204F7574206F66206D656D6F72E6
:105BC00079000000706F6F6C5F7020213D204E5592
:105BD0004C4C0000417373657274656420617420DD
:105BE00065787072657373696F6E3A20257320282B
:105BF0002573290071BE040810B40346102A1FD271
:105C0000002ADCBF10BC7047A0F10103A1F1010123
:105C100012F0010F03D011F801CF03F801CF521099
:105C200004BF10BC704700BF91F801C083F801C0E9
:105C300011F802CF03F802CF521EF5D110BC704705
:105C400003F0030C01F0030464457CD0202A7BD9C7
:105C500011F801CB03F801CB11F801CB03F801CB0C
:105C600011F801CB03F801CB11F801CB03F801CBFC
:105C700011F801CB03F801CB11F801CB03F801CBEC
:105C800011F801CB03F801CB11F801CB03F801CBDC
:105C900011F801CB03F801CB11F801CB03F801CBCC
:105CA00011F801CB03F801CB11F801CB03F801CBBC
:105CB00011F801CB03F801CB11F801CB03F801CBAC
:105CC00011F801CB03F801CB11F801CB03F801CB9C
:105CD00011F801CB03F801CB11F801CB03F801CB8C
:105CE00011F801CB03F801CB11F801CB03F801CB7C
:105CF00011F801CB03F801CB11F801CB03F801CB6C
:105D000011F801CB03F801CB11F801CB03F801CB5B
:105D100011F801CB03F801CB11F801CB03F801CB4B
:105D200011F801CB03F801CB11F801CB03F801CB3B
:105D300011F801CB03F801CB11F801CB03F801CB2B
:105D400011F801CB01E028E009E003F801CB11F8DC
:105D500001CB203A03F801CB202A3FF679AF002A85
:105D6000DCBF10BC7047A1F1010CA3F1010312F0DC
:105D7000010F03D01CF8011F03F8011F511004BFCD
:105D800010BC70479CF801205A701CF8022F03F8D1
:105D9000022F491EF6D110BC7047BCF1000F18BF8E
:105DA000CCF1040C07D10BE011F8014B03F8014BC7
:105DB000521EACF1010CBCF1000F01D02AB3F3E785
:105DC000202A22D951F804CB43F804CB51F804CB54
:105DD00043F804CB51F804CB43F804CB51F804CB7F
:105DE00043F804CB51F804CB43F804CB51F804CB6F
:105DF00043F804CB51F804CB43F804CB51F804CB5F
:105E0000203A43F804CB202ADCD8002A04BF10BC77
:105E10007047B2F1004F1DD2002ADCBF10BC7047A2
:105E2000491E5B1E12F0010F03D011F801CF03F8D9
:105E300001CF521004BF10BC704700BF91F801C0E1
:105E400083F801C011F802CF03F802CF521EF5D13A
:105E500010BC704711F801CB03F801CB521EF9D1E9
:105E600010BC7047884224BF8B18834201D2FFF7D1
:105E7000C3BE81421DD28118491E5B1E002AD8BFB5
:105E80007047491C5B1C12F0010F03D013F801CDC1
:105E900001F801CD521008BF704700BF13F801CCC4
:105EA00001F801CC13F802CD01F802CD521EF5D154
:105EB0007047002AD8BF7047431E491E12F0010FD9
:105EC00003D011F801CF03F801CF521008BF70477B
:105ED00091F801C083F801C011F802CF03F802CF96
:105EE000521EF5D17047000010F0030318BFC3F134
:105EF000040309D004E000BF521E00F8011B5B1E22
:105F0000002B18BF002AF7D101EB012303EB01435B
:105F100003EB0163202A12D940F8043B203A40F8F1
:105F2000043B202A40F8043B40F8043B40F8043B83
:105F300040F8043B40F8043B40F8043BECD8002A0E
:105F4000D8BF7047A0F1010312F0010F18BF03F88A
:105F5000011F501008BF7047597003F8021F401E00
:105F6000FAD170472DE9F0410446F9F793FA072872
:105F700018BFBDE8F0812046F9F7C8FA054620466B
:105F8000F9F756FBC16B0446A9421EBF206DA8421B
:105F9000BDE8F08194F8680084F86900226DAA4297
:105FA00008BFBDE8F081A94203D1012898BFBDE830
:105FB000F08104F15C063046FFF720FC07460146FD
:105FC0003046FFF72FFC050008BFBDE8F0813946D9
:105FD0003046FFF7DBFC3846F9F76AFF94F86800B3
:105FE0002946401E84F868003046FFF7CFFC94F83D
:105FF0006800401E84F868002046296800F0F0F828
:106000002846BDE8F041F9F753BF00002DE9F04103
:106010000C460121204605F039FB0021204605F001
:1060200006FB94F86A00002520F00E0084F8685002
:10603000C0B284F8695020F0010084F86A0004219D
:1060400004F15C00FFF7F9FB204601F01BF9012188
:10605000E06200F0EDF96564E5642565656521465B
:106060003348A56400F0D4FF064601F069F8314FCB
:106070003046394605F0F3FA0121304605F0E3FADF
:106080000121304605F0D3FAF913304600F0D0F97B
:106090000221304604F0C6FE31462748266300F050
:1060A000B7FF064601F04CF86FF0404239463046E3
:1060B00005F0F0FC0021304605F0B9FA02231A463B
:1060C0000021304605F09BFA0221304604F0AAFE7A
:1060D000F913304600F0ACF93046A663E6F7D6F87F
:1060E000064623460722154900F091F9F913304678
:1060F00000F09EF90021304605F099FA3046E6633B
:10610000FAF7DAFE0EA1FBF76DFCA06BFDF7A8FC19
:106110000646012100F08CF9656323462664A565D7
:10612000BDE8F04120220749184600F070B9000090
:1061300020CB04086400002044CB0408655F0208FB
:10614000EF819300A563020810B50C46002120469C
:1061500005F06DFA02231A460021204605F04FFA99
:106160002046BDE81040022104F05CBE01F15C0055
:10617000FFF730BB10B50C46084602F02BF8C16A99
:10618000204605F0ABFB0121204605F050FA022322
:106190001A460021204605F032FA2046BDE810409C
:1061A0004FF4804100F044B910B591F830000C462E
:1061B00020B9E06A002818BFF9F77AFE0020E062F3
:1061C00084F8300010BD10B50C460121204605F0C2
:1061D0002EFA2046BDE81040022104F023BE000044
:1061E00070B50446406B84B00E4600281CBFE16ABF
:1061F00005F074FB002E1CD004F15C00FFF725FBBA
:1062000050B1066094F86800401C84F8680030467D
:10621000216B05F063FB14E059A000904FA253A13D
:10622000CDE9011200225E4B11460320FFF7E0FB8F
:10623000FEE7254604F15C00FFF7CCFA002085F864
:1062400068006663A06D48B1A16C00294FF00101A0
:1062500002D000F039F901E004F05BFEA06CE0B17F
:1062600094F86A0010F0010F12D010F0080F206DA2
:106270004FF0010106D004F0D5FD0221206D00F0A1
:10628000D7F805E000F0D4F80221206D04F0CAFD33
:1062900094F86800022809D211E094F868000228F6
:1062A00004D294F86A0010F0080F08D00121E06BC6
:1062B00004F0B8FD0221E06B00F0BAF807E001211C
:1062C000E06B00F0B5F80221E06B04F0ABFD0022BA
:1062D0002021204605F06BF9A06B002819BF616BE7
:1062E000002904B070BD94F86A10C1F3410121B1D6
:1062F00001290AD002290ED014E0002103F02AFC63
:106300000121606B05F09FF90CE0002103F022FCF5
:106310000021606B04E0012103F01CFC0121606B93
:1063200005F091F9A06B03F087FF606B03F084FF29
:10633000A06B05F07BFFA06B01F0AEFD0028A06B09
:106340004FF0010104D004B0BDE8704004F06ABD14
:1063500004B0BDE8704000F06BB800004F757420C9
:106360006F66206D656D6F72790000006E65775FF6
:106370006E6F646520213D204E554C4C000000009E
:1063800041737365727465642061742065787072FE
:10639000657373696F6E3A20257320282573290071
:1063A0008CCB040810B5F9F743F90446406B00287C
:1063B0001CBF226C002A0DD0C16A39B11046FEF70D
:1063C00025FD0121206C04F02DFD03E00121104684
:1063D00000F02EF8A06C00281ABF626D002A10BDD4
:1063E000C16A41B11046FEF711FD606DBDE8104075
:1063F000012104F017BDBDE810400121104600F056
:1064000017B80120704701207047012070472DE91F
:10641000F0411D4616460F46044600F07FFCA0687A
:106420002B4632463946BDE8F0410830F8F7E6BF62
:10643000F0B589B00C46054603F044FA074614F05F
:10644000010F1CBF284603F0C1F9686A204314F00D
:10645000010F68621CBF95F8280010F0020F0FD0E2
:10646000A86800281CBF4668002E09D03046FAF7FD
:1064700035F93046FAF768FA002818BF03F0A6F994
:10648000284603F01FFAB84208BF14F0C07F07D0B7
:10649000284601F09FFE03F04EFA284603F04BFA1F
:1064A00014F0100F04BF09B0F0BD04AA69462846D5
:1064B00002F068F86946284603F0C1F904A92846A5
:1064C00003F0BDF909B0F0BD70B50546008D40EA96
:1064D0000104A04208BF70BD24EA000010F0800F44
:1064E00003D029460020FCF74FFB21462846BDE893
:1064F000704017F0E9B900002DE9F0470446408DDF
:1065000084B0C0F3051091460E463F280AD360A11F
:1065100064A0CDE900010022694B11460320FFF77A
:1065200067FAFEE70023FF224946204616F072FD77
:1065300009F47F0046B338BB307A2025FF2806D007
:106540003168002701EB8008002821D912E0D6F835
:106550000080002798F80000B0B100BF18F837009D
:1065600009F020FA284210D17F1C18F837000028C3
:10657000F4D10DE018F8070009F014FA284204D10C
:10658000307A7F1CB842F5D802E0204603F01EF9AD
:106590004A463146204604F0C5FC638D4FF004079F
:1065A00013F47C7F4FF000051CBFC3F305110029D5
:1065B00088BFE0680BD900BF07EBC502825812F014
:1065C000007F0EBF12F0807F6D1CA942F4D84FF0FF
:1065D000806000EBB3204FEAB050608510F47C7F00
:1065E0003DD0C0F30510C100E06806F02DFCE0606E
:1065F00000283FD0608DC0F30510421EAA4215D975
:106600000021401B6FF00708B0F1010002EB010C04
:10661000E368401E03EBCC0A08EBCC0C9C44A1F1D0
:106620000101DCE9003CCAE9003CEFD1E068082246
:1066300000EBC5000021FFF757FCE06807EBC50140
:1066400040F83560E068425869F31702425004B0E0
:1066500049462046BDE8F047FF2204F055BA19A18B
:1066600010A0CDE900010022154B11460320FFF7D1
:10667000BFF9FEE721A0009017A21BA1CDE90112EE
:1066800000220F4B11460320FFF7B2F9FEE700008E
:106690006F626A2D3E7374796C655F636E74203C23
:1066A0002036330041737365727465642061742011
:1066B00065787072657373696F6E3A202573000098
:1066C00038E703086F626A2D3E7374796C655F6307
:1066D0006E7420213D2030004F7574206F66206D50
:1066E000656D6F72790000006F626A2D3E73747978
:1066F0006C657320213D204E554C4C0041737365F1
:106700007274656420617420657870726573736952
:106710006F6E3A202573202825732900F8B5164698
:106720001D460446002205F002FA00236A460821AD
:10673000204601F02DFD012801D018B107E0009896
:10674000B04204D000223146204605F074FA0023FE
:106750006A460921204601F01BFD012808D00028C7
:1067600018BFF8BD00222946204605F069FAF8BD99
:106770000098A842F6D1F8BD2DE9FF4FDFF890A5AB
:106780000F4685B09AF8601099460546002945D114
:1067900001218AF8601001F021FD064690F82A00D8
:1067A00010F0040F37D0708D20F004007085304653
:1067B00001F0CBFA5FEA00084FF0000408D0B0689F
:1067C000006850F82400E3F7F7F9641CA045F6D8F8
:1067D000708D10F0010F0ED020F001007085304652
:1067E00003F02AFD304603F01FFCB8F1000F1CBF78
:1067F0003046FEF701FC708D10F0020F06D020F03D
:10680000020070850021304603F05EFA96F82A00F7
:1068100010F0040FC7D100208AF860001FB9284685
:1068200001F0D8FC074600263446284601F0D2FC89
:10683000B34680465946122202F0B8FA82465946BB
:106840003022404602F0B2FA0090594634224046C7
:1068500002F0ACFA10F0040F1CBF009882444FF015
:10686000000B594610224046CDF808A002F09EFACF
:10687000824659463022404602F098FA0090594626
:106880003422404602F092FA10F0020F1CBF00982A
:1068900082444FF0000B594612223846CDF80CA026
:1068A00002F084FA824659463022384602F07EFAD7
:1068B000009059463422384602F078FA10F0040F5E
:1068C0001CBF009882444FF0000B594610223846F6
:1068D00002F06CFA009059463022384602F066FA0F
:1068E000019059463422384602F060FA10F0020F47
:1068F0001ABFDDE9000100EB010BDDF800B00798DD
:1069000078B1162880F06781DFE800F0C013364ABE
:1069100058637E93A415C1C7D9E4F2F0EFEEEDEC15
:10692000EBEA38460021272202F040FAC0B20128E3
:1069300036D0564631E0384601F0E5FA044605F116
:106940001400E4F7B3FA04EBD471491000EBD070F3
:10695000A1EB600000EB0A06384601F09DFA044600
:1069600005F11400E4F793FA04EBD471491000EB3D
:10697000D070A1EB600087E0384601F0C4FA04460D
:1069800005F11400E4F792FA04EBD471491000EB1E
:10699000D070A1EB600000EB0A065C4600F01BB96A
:1069A000384601F0B0FA044605F11400E4F77EFA27
:1069B000201A00EB0A065C4600F00DB95646384630
:1069C00001F06AFA044605F11400E4F760FA201AAF
:1069D0005AE0384601F097FA044605F11400E4F74E
:1069E00065FA04EBD471491000EBD070A1EB6000A4
:1069F00000EB0A06384601F04FFA044605F1140090
:106A0000E4F745FA201A3FE0384601F07CFA0446E4
:106A100005F11400E4F74AFA201A00EB0A0638469A
:106A200001F03AFA044605F11400E4F730FA201AAE
:106A30002AE05646384601F02FFA044605F11400C4
:106A4000E4F725FA04EBD471491000EBD070A1EB08
:106A5000600019E0384601F056FA044605F11400CA
:106A6000E4F724FA201A00EB0A06384601F014FA7B
:106A7000044605F11400E4F70AFA04EBD471491056
:106A800000EBD070A1EB600000EB0B04A3E005F17C
:106A90001400E4F7FCF944429DE007F11400E4F728
:106AA00005FA044605F11400E4F700FA014604EB88
:106AB000D470401001EBD171A0EB6106E7E707F15C
:106AC0001400E4F7F3F9044605F11400E4F7EEF9D5
:106AD000261ADCE707F11400E4F7D9F904467AE056
:106AE0006AE053E04CE03BE024E01DE011E0FFE70A
:106AF00007F11400E4F7DAF9044605F11400E4F7AD
:106B0000D5F904EBD471491000EBD070A1EB60060D
:106B1000E0E707F11400E4F7C9F9044605F11400B1
:106B2000E4F7C4F9261AD5E705F11400E4F7BEF935
:106B3000464250E005F11400E4F7B8F9464207F187
:106B40001400E4F7A4F9044605F11400E4F79FF9F2
:106B500004EBD471491000EBD070A1EB60043AE073
:106B600005F11400E4F7A2F9464207F11400E4F736
:106B70008EF9044605F11400E4F789F9241A2AE095
:106B800007F11400E4F792F9064624E007F1140037
:106B9000E4F78CF9064607F11400E4F778F90446A7
:106BA00005F11400E4F773F904EBD471491000EB1C
:106BB000D070A1EB60040EE007F11400E4F776F961
:106BC000064607F11400E4F762F9044605F11400E3
:106BD000E4F75DF9241A09F0C040DFF838B1B0F1EC
:106BE000005F16D129F0C04AD34512DB07F114002B
:106BF000E4F75CF9BAF1805FA4BF6FF07041A1EBDC
:106C00000A0A00FB0AF1444880FB01104111A1EB84
:106C1000E079129800F0C040B0F1005F18D11298EE
:106C200020F0C04AD34513DB07F11400E4F72FF935
:106C3000BAF1805FA4BF6FF07041A1EB0A0A00FBBC
:106C40000AF1354880FB01104111A1EBE070129070
:106C500040460021272202F0A9F8C0B20128404690
:106C600027D001F065FB7969D8F814204944891AC6
:106C700001440298081A0644404601F071FC01469E
:106C8000BA6912981044D8F81820801A0144039861
:106C90000022081A04440121284604F048FF00237A
:106CA0006A460821284601F073FA01280DD078B110
:106CB00013E001F0C1FB7969D8F814204944891A1E
:106CC00001440298081A0644D6E70098B04204D05E
:106CD00000223146284604F0AEFF00236A4609210F
:106CE000284601F055FA01280CD000281CBF09B035
:106CF000BDE8F08F00222146284604F0A1FF09B02C
:106D0000BDE8F08F0098A042F4D109B0BDE8F08F43
:106D100070020020FEFFFF1F1F85EB5110B50446D7
:106D2000806884B000281CBF04B010BD2C20FEF782
:106D3000DFFEA06048B1418D41F470714185A068CB
:106D400041F00301418504B010BD10A0009005A2E0
:106D500008A1CDE901120022144B11460320FEF7D1
:106D600047FEFEE74F7574206F66206D656D6F728C
:106D7000790000006F626A2D3E737065635F617415
:106D8000747220213D204E554C4C000041737365B8
:106D900072746564206174206578707265737369BC
:106DA0006F6E3A2025732028257329005EE60308BC
:106DB000F0B50E4689B00546012102F092F900288F
:106DC00045D1284601F00AFA044601F0DDF80746ED
:106DD000E8F788FEA04213D03846E8F78FFEA042BD
:106DE0000ED03846E8F742FEA04209D03846E8F710
:106DF00055FEA04204D03846E8F744FEA04226D112
:106E0000284601F045F969690491A9690591E96984
:106E10000691296A02460791114604A8E4F74BF847
:106E2000314604AA0846E4F753F8002804BF09B025
:106E3000F0BD01223146284602F03AF8284601F01A
:106E4000C9F904002CD0012102F04BF910B109B0AE
:106E50000020F0BD04F114000FC88DE80F004FF4BE
:106E60008011204602F03DF938B1204601F010F9BA
:106E7000024611466846E4F71EF80122694620469C
:106E800002F016F831466A460846E4F721F8002871
:106E900004BF09B0F0BD204601F09CF90400D2D136
:106EA00009B00120F0BD2DE9F0410C460546002651
:106EB0003C2201F07BFF070035D0284621463E22C8
:106EC00001F074FFC0B202282DD907EBD770012161
:106ED00001EB600728462146422201F067FF00EBE4
:106EE000070828462146402201F060FF0746284651
:106EF0002146412201F05AFF002FCCBF394679428A
:106F00000028CCBF02464242914204DD002FD4BF8C
:106F10007842384602E00028D8BF404210EB080013
:106F200048BF3046064628462146382201F03EFF3B
:106F3000070010D0284621463A2201F037FFC0B2A0
:106F4000022808D9284621463B2201F02FFF384469
:106F5000B042A8BF064628462146682201F026FF17
:106F6000074628462146692201F020FF8742C8BF14
:106F700038460028C8BF06443046BDE8F08170B5E9
:106F80000D4606465E2201F011FFC4B23046294686
:106F9000272201F00BFF002C08BF0124204670BD02
:106FA000F8B50026044609213546324604F0BFFDF7
:106FB00000236A460821204601F0EAF8012801D0A2
:106FC00010B106E0009820B100223146204604F0BE
:106FD00032FE00236A460921204601F0D9F8012833
:106FE00008D0002818BFF8BD00222946204604F02A
:106FF00027FEF8BD00980028F6D1F8BD002808BF8C
:107000007047006888420CBF0120002070470000D4
:10701000F0B50D46384983B00646002700282CD02D
:10702000026A0A4208BF0068F8D0006AC0F30F1075
:10703000FEF75EFD041E04BF03B0F0BDC4E90065A9
:107040006FF00306DDB1A868002804BF2846FFF7EB
:1070500065FEA968088D401C80B20885A96880007B
:107060000A680146104605F0EFFEA9680860A968A5
:10707000098D06EB8101445028E03846D8E7E8F74F
:10708000D1FC050025D0D5F8B402002808BFC5F80A
:10709000D072D5F8D0128900091D05F0D5FEF0B1E7
:1070A000D5F8D012491CC5F8D01206EB8101C5F8FD
:1070B000B402445067610020A761E8F7C5FC401E98
:1070C000E0610020E8F730FD401E206203B020465A
:1070D000F0BD2046F8F7ECFE03B00020F0BD0FA095
:1070E000009006A209A1CDE901120022134B11461E
:1070F0000320FEF77DFCFEE7F0FF0F004F757420C4
:107100006F66206D656D6F72790000007363726544
:10711000656E7320213D204E554C4C0041737365C4
:107120007274656420617420657870726573736928
:107130006F6E3A20257320282573290078E603080E
:10714000002808BF704770B5044602F0F4FB002029
:1071500000F050F920460BF0E1F82568286830B1BE
:1071600020602E462146284600F03EF82660206822
:10717000426812B1214628469047012000F03AF9B2
:10718000FF224FF47021204603F0BEFC204603F09E
:1071900094FCF9F7CDFB002818BF236810D07BB111
:1071A00093F8201011F00C0F08BF1B68F7D093F86C
:1071B0002010C1F38101012904BF2146F9F73AFAF1
:1071C000204601F007F8050008BF70BD22462721C0
:1071D00004F0EDF922462821284604F0E8F920467B
:1071E000BDE8704002F0F2BA70B50D680C46064674
:1071F000296821B121602146FFF7F6FF256020684C
:107200004268002A08BF70BD21463046BDE8704084
:1072100010472DE9F0414D680C46EDB1284601F0CC
:1072200087F80646284601F09BF9074628460021C4
:10723000102201F0BBFDA96912220844C01BA06105
:10724000401E20622846002101F0B0FD6969084413
:10725000801B6061401EE06141F202006062002D0F
:107260001FBF43F20200606243F20230606240F0EE
:10727000740040F4006060621CBF40F40040606233
:10728000BDE8F08110B5014684B00B48FFF7C0FEA1
:10729000040004D0FFF754FF04B0204610BD0EA038
:1072A000009006A209A1CDE901120022124B11465D
:1072B0000320FEF79DFBFEE72CE603084E554C4CE1
:1072C00020706F696E746572000000006F626A2042
:1072D000213D204E554C4C004173736572746564BA
:1072E0002061742065787072657373696F6E3A20DF
:1072F000257320282573290050E6030870B504463D
:10730000408D10F4805F18BF70BD204602F05EFA19
:10731000002C14BF6568002500262046ADB10DF095
:10732000A7FA688D10F4805F18BF70BD284604F07E
:1073300017F900222721284604F039F92846BDE82C
:1073400070400022292104F032B900F01DFE050032
:1073500008BF70BDD5F8C002A04208BF0126204674
:107360000DF086FA002E1CBF0020C5F8C00270BDCB
:10737000FFF7C4BF10B5044600688268002A1CBF2E
:107380002146904720680068002818BF2060F4D18B
:1073900010BD70B50C460846F8F74CF9002000F017
:1073A00029F8204603F0B0FE012000F023F8002168
:1073B0002046E2F75BFCA0680025002808BF70BDEE
:1073C000406830B12046F9F761FBA068002808BF8B
:1073D00070BDA068006818B1F8F76AFDA068056084
:1073E000A0680830F8F78EF9A068F8F761FDA5608D
:1073F00070BD0000014981F8240070477002002030
:107400002DE9F043ABB088460846F8F743F8054647
:107410004046F8F77BF80446012D40D000270126AE
:10742000082D50D0032D72D02F2D71D00E2D70D07D
:10743000102D00F06181092D00F0A8810B2D00F0C6
:10744000B481112D00F0D0812E2D00F0DA81272D8E
:1074500000F0FD81292D00F02182182D00F02882F6
:107460001A2D1CBF1D2D172D00F02C82142D00F09D
:10747000DF83152D00F0ED83162D1CBF2BB0BDE86A
:10748000F083208D20F01001884204BF2BB0BDE8AE
:10749000F08320462BB0BDE8F04316F015BA208DDE
:1074A00040F02005A84204BF2BB0BDE8F08325EAD8
:1074B000000010F0800F00F0DA8321460020FBF777
:1074C00063FB00F0D4BB028D22F020018A4218BF7A
:1074D00016F0FAF94046F8F799F8FAF7E2FD0028B5
:1074E0001CBF2BB0BDE8F0830820616A88431CBF35
:1074F0002BB0BDE8F083208D10F0010F0AD020F0F2
:10750000010188421CBF204616F0DEF9A8E013E016
:107510001BE02FE040F00105A8427CD025EA0000E6
:1075200010F0800F03D021460020FBF72DFB2946E9
:10753000204616F0C9F993E0028D22F020018A421C
:1075400040F05A812BB0BDE8F08300F0FEFB06004E
:107550004FF0000504BF2BB0BDE8F083A0680068C1
:1075600050F8250002F0E7F96D1CAE42F6D82BB0BA
:10757000BDE8F083616A0820884342D04FF401607F
:1075800088431CBF2BB0BDE8F083204602F087F98A
:1075900000281CBF2BB0BDE8F0830026204600F079
:1075A000C7FE0746204600F047FF05464046F8F76D
:1075B00011F8122866D0112810D0132858D014289A
:1075C0001CBF2BB0BDE8F083204600F081FE10F018
:1075D000030F03D0002FD8BF002D79DC204600F028
:1075E00061FD0546204600F0C7FFE91705EB9171E4
:1075F000A0EBA1012BB032462046BDE8F04303F0DA
:1076000097BF4046F7F7E6FF0546132818BF112D30
:1076100006D0142D00E023E018BF122D13D01AE07D
:10762000208D40F00106B04215D026EA000010F08F
:10763000800F03D021460020FBF7A6FA31462046F2
:1076400016F042F907E0228D204622F001018A421D
:1076500018BF16F039F90A2D04BF2BB0BDE8F0832E
:1076600000222BB02046BDE8F043202103F09FBF4D
:10767000204600F02DFE10F0030F03D0002FD8BFDE
:10768000002D12DC204600F00DFD0546204600F0DE
:1076900073FFE91705EB917100EBA1012BB03246A6
:1076A0002046BDE8F04303F043BF204601F07AFCDA
:1076B0000546204600F05AFFE91705EB917100EBF3
:1076C000A1012BB032462046BDE8F04303F016BFBF
:1076D000204601F067FC0546204600F047FFE91709
:1076E00005EB9171A0EBA1012BB032462046BDE81D
:1076F000F04303F003BF00BF616A4FF4806088432A
:1077000003D10121204603F0D9FEA068002818BF4C
:107710004068F9F713F906460225FAF77DFA0028C2
:1077200004BF4046F7F72EFFFAF7C9FC022814BF42
:107730000428062586B145F00801208D40EA0105A0
:10774000A84204BF2BB0BDE8F08325EA000010F08A
:10775000800F00F08C82B0E6208D0543A8420CD04B
:1077600025EA000010F0800F03D021460020FBF72F
:107770000BFA2946204616F0A7F8208D20F00801C4
:1077800088427FF486AE2BB0BDE8F083208D40F0B8
:107790004005A84204BF2BB0BDE8F08325EA0000F5
:1077A00010F0800F00F0638287E6028D22F0400126
:1077B0008A4218BF16F088F8204601F08DFA022898
:1077C0001CBF2BB0BDE8F08306AA02A9204600F03A
:1077D000D9FE02A9204602F032F806A9204602F09E
:1077E0002EF82BB0BDE8F083028D22F00E018A4204
:1077F00004BF2BB0BDE8F0832BB0BDE8F04316F01A
:1078000063B800210A2201F0D1FAC5B22046002156
:10781000162201F0CBFA80B228431CBF204602F0AA
:107820008AF8204600F091FA06004FF0000504BFE8
:107830002BB0BDE8F083A068006850F8250002F086
:107840007AF86D1CAE42F6D82BB0BDE8F08300216B
:10785000012201F0ABFA074620460021022201F086
:10786000A5FA0646204600210A2201F09FFAC5B279
:1078700020460021162201F099FA80B2284307D150
:107880006FF0404087421EBF86422BB0BDE8F083B8
:1078900020462BB0BDE8F04302F04DB8608D40F0BB
:1078A000020060852BB02046BDE8F04302F043B8EB
:1078B0000021FFF7F8FA01462BB04046BDE8F0433F
:1078C000F7F7A4BF4046F7F7E5FD05464046F7F752
:1078D0001DFE0446172D15D01A2D7DD01D2D1CBF61
:1078E0002BB0BDE8F0834046F7F780FE80461EAA25
:1078F00026A9204600F046FE26A8E3F7CDFA002888
:107900006CD1ACE04046F7F781FE054600780228CE
:1079100004BF2BB0BDE8F083204600212D2201F0EA
:1079200045FA00281FBF022028702BB0BDE8F08365
:1079300020460C22394601F039FA81462046682259
:10794000394601F033FA804669223946204601F073
:107950002DFA024660690490A0690590E0690690DE
:10796000206A0790414604A8E3F7A5FA4A4604A90D
:107970006868E3F7D3FA80B3204600211D2201F0A6
:1079800015FAC0B2FD282BD3204600215F2201F05A
:107990000DFAC0B2FD2823D320460021202201F099
:1079A00005FA10F0FF0F07D020460021252201F034
:1079B000FDF9C0B2FD2813D320460021262201F094
:1079C000F5F9A0B1827A0021002A10D901EB8103D8
:1079D0000344DB78FD2B02E00DE001E043E003D23D
:1079E0002E702BB0BDE8F083491C9142EED32F706E
:1079F0002BB0BDE8F0834046F7F7F8FD054602A836
:107A0000EBF788FE02AA0021204601F02BFD0021A1
:107A10003522204601F0CAF928B19DF8510040F006
:107A200020008DF8510000216822204601F0BEF9A7
:107A3000064600216922204601F0B8F961691E91CD
:107A4000A1691F91E1692091216A02462191314685
:107A50001EA8E3F730FA1EAA02A92846E3E01EA8F2
:107A6000E3F71AFAF0B3254602A8EBF753FE2846CF
:107A70004FF480311D2201F099F9C0B28DF8280031
:107A800002280ED928464FF480311C2201F08EF9CD
:107A90002490BDF89000ADF829009DF892008DF873
:107AA0002B004FF480313222284601F07FF9C0B21A
:107AB0008DF8500002281CD928464FF4803130221E
:107AC00001F074F913900028D8BF8DF8507010DDC4
:107AD00028464FF48031312201F068F92490BDF836
:107AE000900000E06AE0ADF846009DF892008DF845
:107AF000480028464FF480313E2201F057F9C0B2C9
:107B00008DF87400022821D928464FF480313C2298
:107B100001F04CF919900028D8BF8DF8747015DD6C
:107B200028464FF48031422201F040F91C9028464B
:107B30004FF480313D2201F039F92490BDF89000D6
:107B4000ADF861009DF892008DF863004FF480312C
:107B5000284601F0F9F8FD2809D29DF8281048437D
:107B6000000A8DF828008DF850008DF874009DF8FB
:107B70002800002801BF9DF8500000289DF87400DF
:107B800000281BD028464FF480314FF00C0201F042
:107B90000DF9099026A8E3F77FF928B126AA02A9D2
:107BA00040460497EBF75AFB1EA8E3F775F928B196
:107BB0001EAA02A940460496EBF750FB204600217E
:107BC000352201F0F3F8002804BF2BB0BDE8F083A4
:107BD00002A8EBF79FFD8DF860708DF828708DF886
:107BE00043708DF8747002AA0021204601F03AFC1F
:107BF00020466822394601F0D9F805462046692218
:107C0000394601F0D3F861691E91A1691F91E169BC
:107C10002091216A0246219129461EA8E3F74BF9DB
:107C20001EAA02A94046EBF719FB2BB0BDE8F08372
:107C3000028D22F020018A4218BF15F045FE204631
:107C4000228D22F040018A427FF4D6AD2BB0BDE8F0
:107C5000F083208D40F01005A84204BF2BB0BDE892
:107C6000F08325EA000010F0800F7FF426AC2BB0E3
:107C700029462046BDE8F04315F026BE10B50C4657
:107C8000002804BF2068006800D0006870B1C16897
:107C90000029FAD00021E160C26821469047217E88
:107CA000012011F0010F18BF002010BD012010BDF0
:107CB0008068002808BF7047002902DA028D511839
:107CC00007D4038D0A468B4282BF006850F8220019
:107CD000704700207047000010B4836873B3B3F896
:107CE00028C0002913DB0020BCF1000FC8BF1B68AF
:107CF00024DD00BF53F820402468944203D10029BA
:107D000018BF491E1DD0401C6045F3DB16E0ACF1E6
:107D10000100491CB0F1FF3FC8BF1B680EDD00BF6A
:107D200053F820C0DCF800C0944503D1002918BFE7
:107D3000491C06D0401EB0F1FF3FF1DC10BC002012
:107D4000704753F8200010BC70478068002818BFA7
:107D5000008D7047D0F808C0BCF1000F04BF0020B0
:107D6000704710B4BCF828200020002A19BF002357
:107D7000DCF800C010BC70475CF8234024688C42DB
:107D800008BF401C521E03F10103F5D110BC70471F
:107D90000B464169196081695960C1699960016A3E
:107DA000D9608068002808BF7047016A18460A46F3
:107DB000E3F781B82DE9F041044640690860A06905
:107DC0004860E0698860206AC8600D460026314638
:107DD0001222204600F0EAFF0746314630222046B4
:107DE00000F0E4FF804631463422204600F0DEFFFA
:107DF00010F0040F18BF4744286800263844286054
:107E000031461322204600F0D1FF0746314630228A
:107E1000204600F0CBFF804631463422204600F059
:107E2000C5FF10F0080F18BF4744A8680026C01B04
:107E3000A86031461022204600F0B8FF07463146C0
:107E40003022204600F0B2FF8046314634222046E0
:107E500000F0ACFF10F0020F18BF4744686800261E
:107E60003844686031461122204600F09FFF0746E3
:107E700031463022204600F099FF804631463422B8
:107E8000204600F093FF10F0010F18BF4744E86848
:107E9000C01BE860BDE8F0812DE9F04100260446F2
:107EA0003146102200F082FF05463146302220463E
:107EB00000F07CFF074631463422204600F076FF72
:107EC00010F0020F18BF3D442F4600263146112204
:107ED000204600F06BFF054631463022204600F078
:107EE00065FF804631463422204600F05FFF10F0E7
:107EF000010F18BF454404F11400E2F7C8FFC01B8E
:107F0000401BBDE8F0812DE9F041002604463146D2
:107F1000122200F04BFF054631463022204600F089
:107F200045FF074631463422204600F03FFF10F05F
:107F3000040F18BF3D442F46002631461322204629
:107F400000F034FF054631463022204600F02EFF77
:107F5000804631463422204600F028FF10F0080FFA
:107F600018BF454404F11400E2F7A0FFC01B401BFA
:107F7000BDE8F08142690A6082694A60C2698A602C
:107F8000006AC860704700002DE9F041416800298F
:107F900008BF044604D0041E1CBF60680028FAD144
:107FA0001C4E3046FDF72AFC010018BF04252DD0D9
:107FB000D1F8D0C2BCF1000F23D01CF001004FF06B
:107FC000000218BFD1F8B43207D000BF53F82270B6
:107FD000A74210D0521C8242F8D3604538BFD1F876
:107FE000B4220ED252F82030A34204D005EB800315
:107FF000D358A34202D10846BDE8F081801C8445D5
:10800000F0D83046FDF70EFC0100D1D10020BDE8CC
:10801000F08100007402002000B583B050B1806888
:10802000002804BF03B000BD083003B05DF804EBC6
:10803000F7F734BA0DA0009005A209A1CDE901120D
:108040000022124B11460320FDF7D2FCFEE7000090
:108050004E554C4C20706F696E74657200000000C4
:108060006F626A20213D204E554C4C004173736570
:1080700072746564206174206578707265737369C9
:108080006F6E3A20257320282573290090E6030897
:108090008068002818BF406A70478068002818BFB1
:1080A000406870471430E2F7F2BE70B50446002114
:1080B000182200F07BFE05462046FFF7F3FF05443B
:1080C00020460021192200F071FE284470BD0000F6
:1080D00070B582B0010019BF486800284FF0FF302A
:1080E00002B008BF70BD85682B8D002B14BF03F054
:1080F000010000200022B0F1010C5CBF6646D5F8FB
:1081000000C009D45CF822408C4202D102B0104673
:1081100070BD521CB242F5DD8342C4BF4FF0040C67
:108120002A6810DD52F820408C4204BF02B070BDB6
:108130000CEB800414598C4202D102B0401C70BD7B
:10814000801C8342EEDC05A105A0CDE900010022E0
:108150000A4B11460320FDF74BFCFEE73000000000
:108160004173736572746564206174206578707200
:10817000657373696F6E3A2025730000C9E70308C1
:10818000806800281CBF408DC0F38120704700002C
:10819000F0B4448D4FF0000CC4F30514002C84BFE0
:1081A0000425C06813D900BF05EBCC06865916F02C
:1081B000807F08D026F07F469E4204D150F83C00D4
:1081C000F0BC07F038BB0CF1010C6445ECD8F0BCF6
:1081D00000207047002818BF40687047011E1CBF70
:1081E00048680028FAD10846704700002DE9F0479A
:1081F000DFF8D48004464546FFF7A7FD5FEA000993
:108200004FF0000618BFDFF8C4A015D0A068514693
:10821000006850F82670384600F06AFF48B9192205
:108220000021384600F0C2FD396A08448542D8BFB3
:108230000546761C4E45E9D30026102231462046DD
:1082400000F0B4FD814631463022204600F0AEFDFC
:10825000074631463422204600F0A8FD10F0020FF8
:1082600018BFB944002631461122204600F09EFD79
:10827000074630223146204600F098FD82463146BE
:108280003422204600F092FD10F0010F18BF574431
:10829000454502D0206AC01B2D1A204600F026FD5D
:1082A00006462046FFF7FEFEA0EB0900C01B311A70
:1082B000A06800281CBFC0694042081A8542C8BF98
:1082C0002846BDE8F0870000010000E0010004003E
:1082D000806800281ABF408DC0F383100F207047BC
:1082E00070B50C4605461049E1F706FD002818BF99
:1082F000C06A0CD0404220600C492846E1F7FCFCE3
:10830000002818BFC06A08D04042606070BDA868ED
:10831000002818BF8069EDD1EDE7A868002818BFD4
:10832000C069F1D1F1E700006D950308B995030824
:108330002DE9F05F04460021272200F037FDC0B28E
:10834000012806D0A06800281CBF80694042BDE813
:10835000F09F002529461322204600F027FD824683
:1083600029463022204600F021FD064629463422C7
:10837000204600F01BFD10F0080F18BFB244002586
:1083800029461222204600F011FD8046294630225F
:10839000204600F00BFD064629463422204600F018
:1083A00005FD10F0040F18BFB0446FF06045204683
:1083B000FFF7CBFC5FEA00094FF0000618BFDFF8BB
:1083C00070B01DD0A0685946006850F82670384635
:1083D00000F08EFE48B938461A22002100F0E6FC73
:1083E0007969081A8542A8BF0546761C4E45E9D32F
:1083F0006FF06040854203D060694044451B00E057
:108400000C4D204600F082FC0646204600F0CAFDD6
:10841000A0EB0A00A0EB0800A168301A00291CBFDD
:108420008969494208448542C8BF2846BDE8F09F93
:1084300001000400010000E02DE9F047044600219E
:10844000272200F0B3FCC0B2012816D03A4F2046D4
:108450003D46FFF77AFC5FEA00094FF0000618BFBF
:10846000DFF8D8A01DD0A0685146006850F82680DB
:10847000404600F03DFE88B905E0A068002818BF1E
:108480008069BDE8F08740461B22002100F08EFC89
:10849000D8F81C1008448542D8BF0546761C4E45C6
:1084A000E1D34FF0000813224146204600F07EFC45
:1084B000064630224146204600F078FC81463422B0
:1084C0004146204600F072FC10F0080F18BF4E44E1
:1084D000B1464FF0000812224146204600F066FCEB
:1084E000064630224146204600F060FC8246342297
:1084F0004146204600F05AFC10F0040F18BF5644C5
:10850000BD4203D0E069A0EB09002D1A204600F01F
:10851000FDFB0746204600F045FDA0EB0900801B4F
:10852000A168381A00291CBF89694942401A85424E
:10853000C8BF2846BDE8F087010000E00100040044
:10854000806800281CBF90F82A00C0F381007047A3
:10855000806800281CBF90F82A00C0F30110704703
:10856000806800281CBFC0694042704780680028AE
:108570001CBF806940427047806800281CBFC069EA
:10858000404270472DE9F04F93B016460D464FF02C
:10859000FF37044600223B46114628460097E2F783
:1085A0005EFE00223B46114630460097E2F757FE3A
:1085B0001021204600F095FD002804BF13B0BDE84F
:1085C000F08FA06878B190F82A0010F0030804BF7B
:1085D00013B0BDE8F08F0020F9F734FD8146B8F103
:1085E000020F07D01FE04FF003080020F9F72AFD23
:1085F000814618E0B9F1000F04BF13B0BDE8F08F59
:10860000F9F74FFDA04208D04846F9F71BFD5FEA95
:108610000009F5D113B0BDE8F08FB9F1000F04BF28
:1086200013B0BDE8F08FA06800281CBFC0694042AD
:1086300005902046FFF7DAFD0B902046FFF778FE05
:108640000C902046FFF7F8FE0890A06800281ABF9B
:10865000408DC0F3831A4FF00F0A00271AF00C0F59
:1086600016D0B8F1010F12D0B8F1030F03D0B8F152
:10867000020F07D00CE005980028DCBF0B980028FB
:1086800006DD04E04846F9F7FFFC0C2800D101277D
:1086900000201AF0030F099017D0B8F1010F12D083
:1086A000B8F1030F03D0B8F1020F07D00DE00C981A
:1086B0000028DCBF0898002807DD04E04846F9F7E9
:1086C000E3FC032801D1012009900998384304BF35
:1086D00013B0BDE8F08F20464FF48031272200F020
:1086E00065FBC0B2012818BF00200E9020464FF451
:1086F0008031102200F05AFB069020464FF4803162
:10870000112200F053FB109020464FF480311222CA
:1087100000F04CFB804620464FF48031132200F0DD
:1087200045FB814620464FF48031012200F03EFB9C
:1087300082462046FFF7B6FC0490204600F032FC4B
:108740000390002F14BFD3464FF0000B0998002868
:1087500018BF5046119020464FF480311D2200F082
:1087600025FBC0B202280BD24FF4803132222046C2
:1087700000F01CFBC0B202283CBF13B0BDE8F08F74
:10878000DDE9040101440B9808440A903800FE4FCB
:108790001CBF0A98002800F00A81A0697060206A56
:1087A000F0600E9838B16069AAF101014044306070
:1087B0000844B06008E0E069A0EB0900B060A0EBFD
:1087C0000A0000F10100306006990498A0EB010155
:1087D0001098A1EB00011198A1EB00000499009002
:1087E00000FB01F10A9891FBF0F005904FF00000BA
:1087F000E7F71EF900EB8001502000EB4100B0F5D7
:10880000A07FB8BF01200CDB0020E7F711F900EBD7
:108810008001502000EB410087FB00108111A1EB8B
:10882000E07005998842B8BF084619DB0020E7F7D9
:10883000FFF800EB8001502000EB4100B0F5A07F75
:10884000B8BF01200CDB0020E7F7F2F800EB800155
:10885000502000EB410087FB00108111A1EBE0707C
:108860000099049B0A1A0A99C91A00290BDCA1690C
:10887000069808447060216A1098091A1198081A1D
:10888000401EF06093E00B9B401E534393FBF1F1BD
:10889000511A069AA3691144194408447160F060A2
:1088A000A2690698104481423CDA70600020E7F724
:1088B000BFF800EB8001502000EB4100B0F5A07F35
:1088C000B8BF01200CDB0020E7F7B2F800EB800115
:1088D000502000EB410087FB00108111A1EBE070FC
:1088E00071680844F16881421CDA0020E7F7A0F8BB
:1088F00000EB8001502000EB4100B0F5A07FB8BF35
:1089000001200CDB0020E7F793F800EB80015020FA
:1089100000EB410087FB00108111A1EBE070716852
:108920000844F060226A1198F168121A1098101A1F
:1089300088423CDAF0600020E7F77AF800EB80012B
:10894000502000EB4100B0F5A07FB8BF01200CDB48
:108950000020E7F76DF800EB8001502000EB4100AC
:1089600087FB00108111A1EBE070F168081A7168B3
:1089700088421CDA0020E7F75BF800EB800150200A
:1089800000EB4100B0F5A07FB8BF01200CDB002058
:10899000E7F74EF800EB8001502000EB410087FB29
:1089A00000108111A1EBE070F168081A7060039962
:1089B0000C98014408980E180998002812BF002E40
:1089C00013B0BDE8F08F216A1098A1EB0000E860B9
:1089D000A0EB0A0000F10100686060692860E069AE
:1089E000A86003980399A0EB0800A0EB0900A0EB96
:1089F0000B00009000FB01F090FBF6F002904FF0AE
:108A00000000E7F715F800EB80004FF0500A0AEB82
:108A10004000B0F5A07FB8BF01200BDB0020E7F7D6
:108A200007F800EB80000AEB400087FB0010811183
:108A3000A1EBE07002998842B8BF084617DB00201E
:108A4000E6F7F6FF00EB80000AEB4000B0F5A07FF0
:108A5000B8BF01200BDB0020E6F7EAFF00EB800047
:108A60000AEB400087FB00108111A1EBE070009938
:108A7000039A091AB21A002A17DC0E9800286069B6
:108A8000404407D0ABF1010108442860E069A0EB45
:108A9000090006E02860E069A0EB0900A0EB0B00EC
:108AA000401EA86013B0BDE8F08F089B4B4393FBBA
:108AB000F2F2891A0E9A002A626967D0114408EB13
:108AC0000B021144401E08442960A86060691044EC
:108AD000814238DA28600020E6F7AAFF00EB800028
:108AE0000AEB4000B0F5A07FB8BF01200BDB0020EF
:108AF000E6F79EFF00EB80000AEB400087FB0010CA
:108B00008111A1EBE07029680844A96881421ADA52
:108B10000020E6F78DFF00EB80000AEB4000B0F587
:108B2000A07FB8BF01200BDB0020E6F781FF00EB40
:108B300080000AEB400087FB00108111A1EBE07080
:108B400029680844A860E069A968A0EB0900884288
:108B5000A4BF13B0BDE8F08FA8600020E6F768FF5F
:108B600000EB80000AEB4000B0F5A07FB8BF012009
:108B70000FDB0020E6F75CFF00EB80000AEB400013
:108B800087FB0010811102E0676666661AE0A1EBC0
:108B9000E070A968081A29688842A4BF13B0BDE82C
:108BA000F08F0020E6F744FF00EB80000AEB400066
:108BB000B0F5A07F7DDA8DE0A968081A286013B0AF
:108BC000BDE8F08F41441144401E08442960A8606C
:108BD00060694044814238DA28600020E6F728FFC7
:108BE00000EB80000AEB4000B0F5A07FB8BF012089
:108BF0000BDB0020E6F71CFF00EB80000AEB4000D7
:108C000087FB00108111A1EBE07029680844A96876
:108C100081421ADA0020E6F70BFF00EB80000AEB36
:108C20004000B0F5A07FB8BF01200BDB0020E6F7C5
:108C3000FFFE00EB80000AEB400087FB0010811173
:108C4000A1EBE07029680844A860E069A968A0EB7E
:108C50000B00A0EB09008842A4BF13B0BDE8F08F61
:108C6000A8600020E6F7E4FE00EB80000AEB40007D
:108C7000B0F5A07FB8BF01200BDB0020E6F7D8FEDF
:108C800000EB80000AEB400087FB00108111A1EB94
:108C9000E070A968081A29688842A4BF13B0BDE82B
:108CA000F08F0020E6F7C4FE00EB80000AEB4000E6
:108CB00000E002E0B0F5A07F0CDB0020E6F7B8FE94
:108CC00000EB80000AEB400087FB00108111A1EB54
:108CD000E07071E701206FE7806800281ABF90F804
:108CE0002A0000F0030003207047000000B5064A88
:108CF00083B0D2E90212CDE900126A46312102F0B6
:108D000056FC019803B000BD28E7030800B5064AE9
:108D100083B0D2E90012CDE900126A46312102F097
:108D200046FC009803B000BD28E70308008D70479B
:108D3000192200F03BB81A2200F038B81B2200F0CC
:108D400035B8182200F032B870B50D4604465F22DF
:108D500000F02CF8C0B2022821D9FF26FD283CBF24
:108D6000C0EB0020060A002D18BF002503D12046C5
:108D7000FFF730FA044684B1204629465F2200F00E
:108D800015F8C0B202280AD9FD283CBF7043060A74
:108D90002046FFF71FFA0400EED1022E01D8002072
:108DA00070BDFD2E2CBFFF20304670BDF0B585B0E4
:108DB0001546002831D0028D03AF114300220392E3
:108DC000044601F47F063B462A46DDF765FF01288D
:108DD0003CD08D2D3CBF2449485D07D32348006B10
:108DE00000281CBFA5F18D01405C23D010F0010FBD
:108DF00020D0002E0ABF64680026002C2FD0208DC2
:108E00003B4640EA06012A462046DDF745FF012899
:108E10001CD06468002CF2D121E01CA0009014A2A8
:108E200017A1CDE901120022204B11460320FCF7C7
:108E3000DFFDFEE79EB9012D18BF022D0FD120687E
:108E400068B1012D05D0C16931B10391039805B016
:108E5000F0BD81690029F8D100680028F1D12846C9
:108E600006F022FD05B0F0BD20BC04087002002011
:108E70004E554C4C20706F696E7465720000000096
:108E80006F626A20213D204E554C4C004173736542
:108E9000727465642061742065787072657373699B
:108EA0006F6E3A20257320282573290049E70308AF
:108EB00010B588B00C46096800916168019121687D
:108EC0000291E1681346491C0391A1680422491CE0
:108ED000049161680591A168491C0691E168491CEB
:108EE0000791694603F000F9029900988842A8BFEB
:108EF0000846069A04999142A8BF1146884204DAAE
:108F000002990098884204DA04E0049811469042DD
:108F100000DB08462060029900988842D8BF0846C6
:108F2000069A04999142D8BF1146884204DD0299FD
:108F30000098884204DD04E004981146904200DC69
:108F40000846A060039901988842A8BF0846079A7E
:108F500005999142A8BF1146884204DA0399019805
:108F6000884204DA04E005981146904200DB084686
:108F70006060039901988842D8BF0846079A05990E
:108F80009142D8BF1146884204DD03990198884276
:108F900004DD04E005981146904200DC0846E060DC
:108FA00008B010BD1430E1F781BF70B50446002150
:108FB0001A22FFF7FBFE05462046FFF7F3FF0544A4
:108FC000204600211B22FFF7F1FE284470BD2DE949
:108FD000F0410546FFF7FEF80400686908BFBDE8E8
:108FE000F0816169451A2046FFF7C0FA00EB0508D9
:108FF0000026314612222046FFF7D8FE05463146AC
:1090000030222046FFF7D2FE074631463422204662
:10901000FFF7CCFE10F0040F18BF3D44A8EB05008D
:10902000BDE8F0812DE9F0410546FFF7D3F80400D3
:10903000A86908BFBDE8F081A169451A2046FFF77D
:109040009BFA00EB05080026314610222046FFF768
:10905000ADFE0546314630222046FFF7A7FE074603
:10906000314634222046FFF7A1FE10F0020F18BF50
:109070003D44A8EB0500BDE8F0812DE9F047054629
:10908000FFF7A8F8040008BFAC691FD0A869A16960
:10909000461A2046FFF770FA00EB06090026314613
:1090A00010222046FFF782FE074631463022204636
:1090B000FFF77CFE8046314634222046FFF776FEDD
:1090C00010F0020F18BF4744A9EB070405F1140084
:1090D000E1F7DDFE2044BDE8F08700210922FFF71B
:1090E00065BE406A31EA00000CBF012000207047D5
:1090F000406A084018BF01207047008D084018BF23
:109100000120704770B50E4686B004460221FFF775
:10911000E8FF002804BF06B070BD68466169009191
:10912000A1690191E1690291216A0391A16819B1D4
:10913000096A0A46E1F7BFFE002231466846E1F7B8
:1091400091FF050004BF06B070BD4FF4803120468A
:10915000FFF7C7FF002802BF284606B070BD0120F8
:109160008DF81400049604AA1321204602F01FFA79
:109170009DF8140006B070BDF8B516460C460546BD
:109180005022C6E90001FFF711FE3062002808BF37
:10919000F8BD284621465322FFF708FEC0B286F8E4
:1091A0003C00022898BFF8BD21462846FFF7CCFDB9
:1091B000FD2805D296F83C104843000A86F83C008A
:1091C00096F83C00022898BFF8BD52222146284656
:1091D000FFF7ECFD02462146284602F07BFD009099
:1091E000BDF80000B0839DF80200B0772846214604
:1091F0005422FFF7DBFDB063284621465122FFF7DA
:10920000D5FD002818BF012086F83D00F8BDF8B54F
:1092100014460E4605464422C4E90001FFF7C6FD88
:10922000C0B284F84C00022898BFF8BD31462846E9
:10923000FFF78AFDFD2805D294F84C104843000A38
:1092400084F84C0094F84C00022898BFF8BD002028
:10925000E0624FF480702063606305F11400E1F771
:1092600025FE00EBD0704010206405F11400E1F7FA
:109270000EFE00EBD0704010606428463146462256
:10928000FFF794FD84F84B00452231462846FFF74E
:109290008DFD02463146284602F01CFD0090BDF8C7
:1092A0000000A4F848009DF8020084F84A00002E4F
:1092B00008BFF8BD284631466722FFF777FD94F8CE
:1092C0004D1060F3030184F84D10F8BDF8B5164653
:1092D0000C4605465922C6E90001FFF767FDC0B2FA
:1092E00086F84800022898BFF8BD21462846FFF7B7
:1092F0002BFDFD2805D296F848104843000A86F851
:10930000480096F84800022898BFF8BD5822214628
:109310002846FFF74BFD02462146284602F0DAFCBC
:109320000090BDF80000B0859DF8020086F82E0080
:10933000284621465B22FFF739FDF0632846214687
:109340005C22FFF733FDB063284621465D22FFF71C
:109350002DFD96F84C1060F3020186F84C1054B1C4
:10936000284621466722FFF721FD96F84C1060F34E
:10937000C50186F84C10284621465A22FFF716FDF3
:109380003062284621465E22FFF710FD86F84A002B
:10939000F8BDF8B516460C4605464D22C6E9000153
:1093A000FFF704FDC0B286F83C00022898BFF8BD64
:1093B00021462846FFF7C8FCFD2805D296F83C1048
:1093C0004843000A86F83C0096F83C00022898BF03
:1093D000F8BD284621464822FFF7E8FC3063002804
:1093E00008BFF8BD4C2221462846FFF7DFFC0246A5
:1093F0002146284602F06EFC0090BDF80000B085C2
:109400009DF8020086F82E00284621464922FFF7E3
:10941000CDFC706328B1284621464A22FFF7C6FCDE
:10942000B063284621464B22FFF7C0FC002814BF3A
:109430000121002196F83D0061F38200810861F36B
:10944000C30086F83D00002C08BFF8BD2846214621
:109450006722FFF7ABFC96F83D1060F3010186F838
:109460003D10F8BDF8B516460C460546C6E90001A4
:10947000FFF76AFC07466CB1022F0BD8002086F874
:10948000200086F83B0086F8480086F8580086F8E9
:109490006C00F8BD284621460C22FFF787FCF061DE
:1094A00096F8200000287CD0284621461D22FFF790
:1094B0007DFCC0B286F82000022872D91C22214609
:1094C0002846FFF773FC02462146284602F002FCBC
:1094D0000090BDF80000A6F821009DF8020086F873
:1094E0002300284621462622FFF760FC01001CBF0E
:1094F000C87A10F0070F05D00C2206F12400FCF703
:109500007BFB4EE0284621462022FFF74FFC96F8D1
:109510002F1060F3020186F82F1011F0070F40D0D2
:109520001C2221462846FFF741FC024621462846D8
:1095300002F0D0FB0090BDF80000B0849DF802005E
:1095400086F82600232221462846FFF72FFC0246F4
:109550002146284602F0BEFB0090BDF80000A6F8A8
:1095600029009DF8020086F82B002846214621227A
:10957000FFF71CFC86F82800284621462222FFF728
:1095800015FC86F82D00284621462422FFF70EFC04
:1095900086F82700284621462522FFF707FC86F893
:1095A0002C0096F8480068B3284621463022FFF781
:1095B000FDFB706430B3284621463222FFF7F6FBEC
:1095C000C0B286F8480002281CD928462146342219
:1095D000FFF7ECFB96F84910312260F3040186F89E
:1095E000491021462846FFF7E1FB0246214628465E
:1095F00002F070FB0090BDF80000F0879DF80200BB
:1096000086F8400096F8580048B32846214638228C
:10961000FFF7CCFB306510B3284621463A22FFF70E
:10962000C5FBC0B286F85800022818D92846214642
:109630003B22FFF7BBFB7065392221462846FFF726
:10964000B5FB02462146284602F044FB0090BDF8D7
:109650000000A6F84A009DF8020086F84C0096F833
:109660003B00C0B3284621462822FFF79FFB30630A
:1096700088B3284621462922FFF798FBC0B286F816
:109680003B00022827D9306BF8F7B6FA02287CD0C5
:109690002A2221462846FFF789FB02462146284612
:1096A00002F018FB0090BDF8000030879DF8020022
:1096B00086F83A00284621462B22FFF777FB86F8EA
:1096C0003C00284621462C22FFF770FB002818BFDB
:1096D000012086F83D0096F86C00D0B3284621465C
:1096E0003C22FFF763FBF06500281CBF96F86C0076
:1096F00002282ED9284621463E22FFF757FBC0B24A
:1097000086F86C00022824D9284621464022FFF71B
:109710004DFB3066284621464122FFF747FB706625
:10972000284621464222FFF741FBB0663D222146F2
:109730002846FFF73BFB02462146284602F0CAFABC
:109740000090BDF80000A6F859009DF8020086F8C8
:109750005B00FD2F28BFF8BD96F820007843000A73
:1097600086F8200096F83B007843000A86F83B0014
:1097700096F848007843000A86F8480096F86C008E
:109780007843000A86F86C0000E006E096F858007E
:109790007843000A86F85800F8BD284621465A2228
:1097A000FFF704FB7063582221462846FFF7FEFAB4
:1097B00002462146284602F08DFA0090BDF80000CE
:1097C00030879DF8020086F83A0084E72DE9F041E1
:1097D00084B00446FEF75CFC04F1140191E80E101D
:1097E0000D1A161A1F180CEB00082046FEF7CCFBCA
:1097F000E6F7B2F9002804BF04B0BDE8F08169467D
:109800008DE8E0012046FDF7D3FA002804BF04B03C
:10981000BDE8F081A06848B1408DC0F381200228E6
:1098200004D1052211466846E1F745FB2046FEF7C4
:10983000ABFB6946F9F770FE04B0BDE8F08130B5C6
:1098400085B00C460546FEF79FFBE6F785F9002834
:1098500004BF05B030BD2068009060680190A0682A
:109860000290E068039069462846FDF7A1FA0028B7
:1098700004BF05B030BDA86848B1408DC0F3812059
:10988000022804D1052211466846E1F714FB284658
:10989000FEF77AFB6946F9F73FFE05B030BD006878
:1098A000002808BF704790F8201011F0030F08BF80
:1098B0000068F5D090F8200000F00300012818BFE0
:1098C0000020704710B504460A49FFF711FC002834
:1098D0001CBF002010BD2046FEF77CFC002808BFFE
:1098E00010BD00211622FFF761FA0004000C18BF1A
:1098F000012010BD0100060010B584B00446FEF73B
:10990000C7FB61690091A1690191E1690291216A36
:1099100003910099091A00910199091A019102997C
:109920000144029103990844039069462046FDF7DB
:109930003FFA04B010BD10B5418D41F001014185E1
:10994000FEF74CFC418D41F004014185FEF71CFB04
:109950000022BDE810403521E6F7C2BA2DE9F047F4
:109960009946174688468246FEF7EFF906004FF003
:10997000000508BFBDE8F087DAF80800B9F1000F6C
:10998000006850F8254005D04FF480212046FFF7AD
:10999000A8FB88B96069002340446061A0693A4629
:1099A0003844A061E06941464044E061206A38449F
:1099B00020622046FFF7D2FF6D1CB542DCD3BDE824
:1099C000F0872DE9F047446888B01646884605467A
:1099D000002C47D04FF48021FFF783FB20B1606952
:1099E00000EB080AA0690BE02046FEF7BFFD6169A5
:1099F000081A00EB080A2046FEF7BEFDA169081A06
:109A000000EB06090026314612222046FFF7CEF968
:109A10000746314630222046FFF7C8F980463146D6
:109A200034222046FFF7C2F910F0040F18BF474454
:109A300007EB0A080026314610222046FFF7B6F948
:109A40000746314630222046FFF7B0F982463146BC
:109A500034222046FFF7AAF910F0020F18BF57442E
:109A600007EB09066869B8EB0007A869A6EB0006D2
:109A700002BF002E08B0BDE8F0872846FFF7A6FE1B
:109A800068690490A8690590E8690690286A4FF013
:109A90000009079074B169462046FEF78BF9002251
:109AA000694604A8E1F73AFA5FEA000904BF2046D4
:109AB00001F056FD686938446861A8693044A861BE
:109AC000E8693844E861286A304428622846FEF78D
:109AD0003CF95FEA000A4FF0000818D0A86800239C
:109AE0003246006850F82800416939444161816973
:109AF00031448161C1693944C161016A3144016203
:109B00003946FFF72BFF08F10108C245E6D8D4B16A
:109B10002A462721204601F04AFD2846FFF756FE37
:109B20000022694605F11400E1F7F8F9B9F1000FD8
:109B300002BF002808B0BDE8F087204601F010FD04
:109B400008B0BDE8F0872846FFF740FE08B0BDE842
:109B5000F08700002DE9F04383B00D46060019BFE1
:109B60007468002C03B0BDE8F083A06800280CBF27
:109B70000027078D3046FEF7ABFA00280ADA46A127
:109B800049A0CDE9000100224E4B11460320FBF70E
:109B90002FFFFEE7002D04DAED1944BF03B0BDE846
:109BA000F083BD42A4BF03B0BDE8F083854204BF8B
:109BB00003B0BDE8F08331DAA0EB050CBCF1000F77
:109BC0005ADD0022131FA842D8BF00210ADD1CF075
:109BD000010107D0A26803EB80071268D75942F849
:109BE000207001228C4547DDA768A0EB020803EB3B
:109BF00088093F68521C891C57F8099047F828903B
:109C0000A768D7F80080871A03EB8709521C58F819
:109C1000099048F827908C45E6DC2DE0A5EB000C78
:109C2000BCF1000F28DD00221CF001014FF00403FD
:109C300007D0A26803EB80071268D75942F820705A
:109C400001228C4518DDA76800EB020803EB8809A8
:109C50003F68521C891C57F8099047F82890A7685C
:109C600000EB020803EB88093F68521C8C4557F84B
:109C7000099047F82890E6DCA068002227210068B8
:109C800040F82560204601F092FC03B02046BDE874
:109C9000F043FFF79BBD000030203C3D206F6C641B
:109CA0005F696E6465780000417373657274656402
:109CB0002061742065787072657373696F6E3A20E5
:109CC00025730000B4E703082DE9F04105468068DC
:109CD0000F4620B190F82A10C1F30111B1B9002844
:109CE0000EBF0024C06944422846FEF77FFA0028D0
:109CF0000ADA002C08DD4242A242C8BF22463B4697
:109D00000021284601F05EFAA86840B1A86890F8E2
:109D10002A00C0F38100002818BFBDE8F081284662
:109D2000FEF706FB04462846FEF786FB0646284655
:109D300000212722FFF73AF8C0B2012813D0002EE5
:109D4000A8BFBDE8F081002CD8BFBDE8F08170420B
:109D5000A042D8BF044621463B462846BDE8F04114
:109D6000002201F02FBA002CA8BFBDE8F081002E20
:109D7000D8BFBDE8F0813B4621462846BDE8F0410A
:109D8000002201F01FBA2DE9F043074618300C46B7
:109D90000FC8C5B08DE80F0040A92046FEF7EAF8CD
:109DA0002046FEF775F90246114640A8E1F783F810
:109DB00040AA694604A8E1F78BF8002804BF45B023
:109DC000BDE8F08304AD95E80F0007F1180585E8BC
:109DD0000F003A461921204601F0E9FB3A461A21C4
:109DE000204601F0E4FB3A461B21204601F0DFFB50
:109DF0004FF480112046FFF774F900280CBF04F1DE
:109E0000140240AA694608A8E1F762F8002800F0A9
:109E100002812046FDF799FF05003ED008AE96E886
:109E20000F0007F1180686E80F00204600212D22BA
:109E3000FEF7BCFF20B3204600210C22FEF7B6FF40
:109E400006001DD034A8E9F704FA04F114003F9687
:109E50000FC80DF1EC0888E80F0018A8E7F71CFE02
:109E600004F11400E1F722F8804604F11400E1F750
:109E70000EF8404504F1140017DDE1F717F816E07D
:109E80000026002D09D9A068006850F82610384631
:109E90000BF040FD761CB542F5D804AD95E80F00F7
:109EA00007F1180585E80F00A6E0E0F7F0FFB6EB34
:109EB000600FA8BF4610B046D4E907206169CDE91C
:109EC0001620A0EB0800401CCDE9141014A96A4626
:109ED0000846E0F7FDFF60B314AA10213846E8F702
:109EE0005DFB00268146002D09D9A068006850F866
:109EF000261048460BF00EFD761CB542F5D84A46B2
:109F00001C21204601F053FB4A461D21204601F04A
:109F10004EFB4A461E21204601F049FB34A9484623
:109F2000E9F75FF914AA18A93846CDF87C90E8F74C
:109F3000B1FAD4E90501E269CDE910010846A8F1BA
:109F400001010844CDE9122010A96A460846E0F74D
:109F5000BFFF60B310AA10213846E8F71FFB0026A8
:109F60008146002D09D9A068006850F8261048469F
:109F70000BF0D0FC761CB542F5D84A461C21204691
:109F800001F015FB4A461D21204601F010FB4A4610
:109F90001E21204601F00BFB34A94846E9F721F9C0
:109FA00010AA18A93846CDF87C90E8F773FA04F1A6
:109FB00014000CAE0FC886E80F0001EB08000D90EE
:109FC000A3EB08000CA90F906A460846E0F780FF53
:109FD00008B396E80F0007F11808002688E80F007C
:109FE000002D09D9A068006850F8261038460BF0FB
:109FF00091FC761CB542F5D83A461C21204601F06A
:10A00000D6FA3A461D21204601F0D1FA3A461E21E1
:10A01000204601F0CCFA9DE80F00183787E80F00C2
:10A0200045B0BDE8F08300002DE9F04F83B0044651
:10A030007E49FFF75DF868B92046FEF7CBF848B1D6
:10A0400000211622FEF7B2FE0004000C1CBF03B074
:10A05000BDE8F08F2046FEF7BDF8019020460021B4
:10A060000822FEF7A3FE8146204600210922FEF7C2
:10A070009DFE8246019800287DD0FDF744FF804672
:10A080000198FDF709FF074609F0C040B0F1005FF5
:10A0900012D1674929F0C04081420DDBB0F1805FE9
:10A0A000A4BF6FF07041081A00FB08F1614880FB03
:10A0B00001104111A1EBE0790AF0C040B0F1005F5E
:10A0C00012D15B492AF0C04081420DDBB0F1805FC4
:10A0D000A4BF6FF07041081A00FB07F1554880FBE0
:10A0E00001104111A1EBE07A204600216A22FEF71F
:10A0F0005DFE8346204600216B22FEF757FE00904E
:10A1000004F11400E0F7D2FE064604F11400E0F773
:10A11000BEFE05460BF0C040B0F1005F12D14449CD
:10A120002BF0C04081420DDBB0F1805FA4BF6FF027
:10A130007041081A00FB06F13E4880FB01104111F6
:10A14000A1EBE07B009800F0C040B0F1005F16D1B9
:10A150000098374920F0C040814210DBB0F1805FA9
:10A16000A4BF6FF07041081A00FB05F1314880FB75
:10A170000110411100E044E0A1EBE0700090009874
:10A18000D9448244204600210A22FEF70FFE10F037
:10A19000FF0008D00A2834D2DFE800F033330E166F
:10A1A00022242E1A3B3E002127220198FEF7FEFDB5
:10A1B000C0B2012825D107E008EBD870401006EBAB
:10A1C000D671A0EB610001E0A8EB0600814418E025
:10A1D00007EBD770401005EBD571A0EB61000FE0E5
:10A1E000781B0DE008EBD870401006EBD671A0EBA1
:10A1F00061008144781B03E0A8EB06008144781BD2
:10A20000824403B0524649462046BDE8F04FFFF76E
:10A21000D8BBA8EB060006E008EBD870401006EBB0
:10A22000D671A0EB61008144D2E700000100060076
:10A23000FEFFFF1F1F85EB512DE9F04F0446408DB7
:10A2400097B010F4006F18BF10F4806F40F0AD832A
:10A250002046FDF7BFFF070000F0A783608D10F4D4
:10A26000006F06D004F11400E0F720FE834600F0F2
:10A27000F2B9002101222046FEF798FD6FF040451B
:10A280008346A84214BF4FF000084FF001080BF0BE
:10A29000C040B0F1005F06D1FF482BF0C0418142C1
:10A2A000D8BF012600DD00263846FDF72CFE1490AD
:10A2B000B8F1000F00F02F812046FEF757F91590F6
:10A2C000A06800281CBF0021816125464FF00009CD
:10A2D000204649461322FEF769FD064628464946B0
:10A2E0003022FEF763FD8046494634222846FEF7B9
:10A2F0005DFD10F0080F18BF464405960021264664
:10A30000894620461222FEF751FD05464946302275
:10A310003046FEF74BFD8046494634223046FEF774
:10A3200045FD10F0040F18BF45442046DB49049555
:10A33000D1E90021CDE900216A46312101F037F948
:10A34000049D009841190598D54D01EB000B20465E
:10A35000FDF7FBFC8146204600212722FEF726FD63
:10A36000C0B201284FF0000A0FD0B9F1000F6FD929
:10A37000A068DFF82C83CB49006850F82A6030468B
:10A38000FEF7B6FE002870D170E0B9F1000F5FD97A
:10A39000A068DFF80C83C349006850F82A60304693
:10A3A000FEF7A6FE002848D1BF493046FEF7A0FEC2
:10A3B00050B93046FDF70EFF30B100211622FEF7EE
:10A3C000F5FC30EA683016D1304600210A22FEF74B
:10A3D000EDFC10F0FF0018BF03280CD0062818BFB2
:10A3E000082808D030464FF000014FF00802FEF771
:10A3F000DDFC30B112E0E0697169401A00F101083A
:10A400000CE006F11400E0F751FD05991A2200EB6B
:10A41000010830460021FEF7C9FC80443046002187
:10A420001A22FEF7C3FC4044A84206DB00211A2290
:10A430003046FEF7BBFC00EB08050AF1010ACA45ED
:10A44000A6D36FF06040C54218BF049800D0054401
:10A45000A06810B11599494281616FF06040C54212
:10A4600018BF5D45C8BFAB46AFE048E08E493046F7
:10A47000FEF73EFE50B93046FDF7ACFE30B100218C
:10A480001622FEF793FC0004000C16D13046002182
:10A490000A22FEF78BFC10F0FF0018BF01280CD039
:10A4A000042818BF072808D04FF000014FF0080219
:10A4B0003046FEF77BFC30B112E0F1696069081AA2
:10A4C00000F101080CE006F11400E0F7EFFC04993C
:10A4D0001B2200EB010830460021FEF767FC804498
:10A4E000304600211B22FEF761FC4044A84206DBF7
:10A4F00000211B223046FEF759FC00EB08050AF14B
:10A50000010ACA45FFF434AF6FF06040C54218BF7E
:10A5100005989CD19CE7CEB3788D10F4006F36D1AE
:10A52000384600210122FEF741FCA8422FD1002528
:10A53000294612222046FEF739FC064630222946DB
:10A540002046FEF733FC8046294634222046FEF79B
:10A550002DFC10F0040F18BF46444FF00009494687
:10A5600013222046FEF722FC804649463022204630
:10A57000FEF71CFC0546494634222046FEF716FC31
:10A5800010F0080F18BFA84406EB080B1DE02BF0D5
:10A59000C040B0F1805FA4BF6FF07041081A1499F9
:10A5A0001A224143414880FB01104111A1EBE075A3
:10A5B00000212046FEF7FAFB0646204600211B221A
:10A5C000FEF7F4FB3044A5EB000B002104222046EB
:10A5D000FEF7ECFB0546002105222046FEF7E6FBD0
:10A5E00005F0C041149AB1F1005F12D12A4B25F059
:10A5F000C0418B420DDBB1F1805FA4BF6FF07043AF
:10A60000591A01FB02F3294981FB03314B11A3EBDA
:10A61000E17500F0C041B1F1005F11D11E4B20F097
:10A62000C0418B420CDBB1F1805FA4BF6FF0704082
:10A63000411A51431D4880FB01104111A1EBE0700C
:10A640008345B4BF59460146A942B8BFAB4602DBB9
:10A650008345A8BF8346608D10F4806F06D004F157
:10A660001400E0F714FC054600F093B920460021E1
:10A670000222FEF79BFB6FF040460546B04214BF36
:10A680004FF000084FF0010805F0C040B0F1005F46
:10A6900014D125F0C0410BE0FEFFFF1F28E703089F
:10A6A000010000E001000400010006001F85EB51DD
:10A6B000EA488142D8BF4FF0010901DD4FF000099F
:10A6C0003846FDF7E9FB0C90B8F1000F7ED020462C
:10A6D000FDF752FF1490A06800281CBF0021C16143
:10A6E00025460026204631461022FEF75FFB8046B5
:10A6F000284631463022FEF759FB81463146342246
:10A700002846FEF753FB10F0020F18BFC844264638
:10A710000021CDF85480884620461122FEF746FBE2
:10A720000546304641463022FEF740FB8146414611
:10A7300034223046FEF73AFB10F0010F18BF4D44AB
:10A740002046C7490195D1E90221CDE9042104AA97
:10A75000312100F02CFF15990598019D08442844EB
:10A760000A90DFF800832046FDF7EFFA5FEA000A5F
:10A770004FF0000958D0A068BA4EBB49006850F8A5
:10A7800029502846FEF7B4FCE8BBB8492846FEF736
:10A79000AFFC50B92846FDF71DFD30B1002116224F
:10A7A000FEF704FB30EA663018D1284600210A2261
:10A7B000FEF7FCFA10F0FF0018BF01280ED00228A7
:10A7C00018BF03280AD04FF0000100E040E04FF02E
:10A7D00009022846FEF7EAFA28B110E0296AA069C2
:10A7E000081A461C0BE005F11400E0F750FB159920
:10A7F0001822461828460021FEF7D8FA0644002100
:10A800001922284600E00BE0FEF7D0FA304440451C
:10A8100006DB284600211922FEF7C8FA00EB0608DD
:10A8200009F10109D145A6D3A06810B11499494294
:10A83000C1616FF0604018EB000F08BF0A9D62D045
:10A84000019808EB00050A988542B8BF05465AE012
:10A85000B9F1000F57D0788D10F4806F36D138469B
:10A8600000210222FEF7A2FAB0422FD10026314683
:10A8700010222046FEF79AFA05463146302220463D
:10A88000FEF794FA8046342231462046FEF78EFACF
:10A8900010F0020F18BF4544A8464FF00009494682
:10A8A00011222046FEF782FA05464946302220460C
:10A8B000FEF77CFA0646494634222046FEF776FA31
:10A8C00010F0010F18BF354445441CE025F0C0408E
:10A8D000B0F1805FA4BF6FF07041081A0C99182284
:10A8E0004143634880FB01104111A1EBE075002159
:10A8F0002046FEF75BFA0646002119222046FEF7A5
:10A9000055FA30442D1A002106222046FEF74EFA51
:10A910000646204600210722FEF748FA06F0C0410D
:10A920000C9AB1F1005F12D14C4B26F0C0418B4222
:10A930000DDBB1F1805FA4BF6FF07043591A01FBCA
:10A9400002F34B4981FB03314B11A3EBE17600F09D
:10A95000C041B1F1005F11D1404B20F0C0418B42AA
:10A960000CDBB1F1805FA4BF6FF07040411A51431E
:10A970003F4880FB01104111A1EBE0708542B4BF5C
:10A9800029460146B142B8BF354602DB8542A8BF21
:10A99000054604F11400E0F789FA584509D104F19D
:10A9A0001400E0F774FAA84203D117B00020BDE804
:10A9B000F08F2046FEF70AFF60690690A0690790B5
:10A9C000E0690890206A099010A93846FDF7F2F96D
:10A9D000002210A906A8E0F7A1FA060004BF384635
:10A9E00000F0BEFD691EA0692722084420620021F4
:10A9F0002046FEF7DBF9C0B2012828D06069ABF130
:10AA000001010844E06106AA2E21204600F0CFFD96
:10AA100022462721384600F0CAFD2046FEF7D6FE22
:10AA2000608D002240F00200608510A904F114003E
:10AA3000E0F774FA002E0EBF0028384600F090FDB3
:10AA4000204600F017F817B00120BDE8F08FE0694C
:10AA5000A0EB0B00401C6061D5E70000FEFFFF1F6C
:10AA600028E70308010000E00100040001000600DF
:10AA70001F85EB5138B504468068002814BF456A2D
:10AA80000025002000906A461821204600F08FFD26
:10AA9000A06800281CBF0099416207D1009828B126
:10AAA0002046FCF73BF9A168009848620098A8424C
:10AAB0001CBF2046FEF78AFE38BD70B50446002153
:10AAC0000122FEF773F90546204600210222FEF717
:10AAD0006DF96FF040418D421EBF8842002070BD6D
:10AAE0002046618D41F001016185FDF777FB418DC5
:10AAF00041F004014185FDF747FA00223521E5F7D1
:10AB0000EFF9012070BD00002DE9F05F07465748BE
:10AB100014460D4690F82400002808BFBDE8F09FB9
:10AB20003846FEF753FE05F47F05204604F03AFF51
:10AB300010F0040F0CBF00260126204604F032FF5F
:10AB400010F0020F14BF4FF001084FF0000820462C
:10AB500004F028FF10F0010F14BF4FF0010A4FF06E
:10AB6000000A204604F01EFF10F0100F14BF4FF033
:10AB700001094FF00009F6B1B5F5702F18BF002D8F
:10AB800011D038464FF000014FF00202FEF70EF9E7
:10AB90006FF0404B584506D0384600210122FEF7A1
:10ABA00005F9584521D100222F21384600F0FFFC3D
:10ABB0003846FEF7C0FEB5F5702F18BF002D14D132
:10ABC000FF2C00D036B13846FDF704FB002818BF33
:10ABD000FEF7B1FEB5F5702F18BF002D05D1B9F104
:10ABE000000F1CBF384601F0BAFAFF2C36D0B8F17E
:10ABF000000F1CBF3846FFF73DFF3846FEF7E6FD65
:10AC000048EA060010EA0A0F08BFBDE8F09F00BF3F
:10AC1000B5F5803F08BFBDE8F09F3D463846FDF7DB
:10AC200094F806004FF0000408BFBDE8F09FA86844
:10AC3000006850F824703846FEF7C8FD00222F2126
:10AC4000384600F0B4FC3846FEF7C0FD38460BF03D
:10AC5000DAF9641CA642EAD8BDE8F09F3846FFF74F
:10AC600009FF3846FEF7B2FDD2E70000700200206F
:10AC7000F0B583B00F4604001FD0A06800283BD079
:10AC80000830F4F70BFC06004FF0000534D02946DD
:10AC9000002C1FD0A06800281CBF0830F4F738FC37
:10ACA0000068B84225D1A068294600281CBF08309A
:10ACB000F4F7E4FC012003B0F0BD18A0009010A24E
:10ACC00013A1CDE9011200221C4B11460320FAF713
:10ACD0008FFEFEE71A4A1B4B02F1100101F10C0036
:10ACE0000090CDE90112002211460320FAF780FE00
:10ACF000FEE76D1CB542CAD303B00020F0BD0000D2
:10AD00004E554C4C20706F696E74657200000000E7
:10AD10006F626A20213D204E554C4C004173736593
:10AD200072746564206174206578707265737369EC
:10AD30006F6E3A202573202825732900D0E603087A
:10AD400050800208A7E603082DE9F04184B0904640
:10AD50000F46040025D0A06800281CBF0830F4F777
:10AD60009DFB0026451E18D42946002C26D0A0683D
:10AD700088B10830F4F7CCFB68B10168B94204BF70
:10AD80004068404507D1A068294600281CBF08300C
:10AD9000F4F774FC761C6D1EE6D504B03046BDE8B1
:10ADA000F08115A000900DA210A1CDE901120022A2
:10ADB000194B11460320FAF71BFEFEE7174A184B02
:10ADC00002F1100101F10C000090CDE90112002206
:10ADD00011460320FAF70CFEFEE700004E554C4CDE
:10ADE00020706F696E746572000000006F626A20E7
:10ADF000213D204E554C4C0041737365727465645F
:10AE00002061742065787072657373696F6E3A2083
:10AE10002573202825732900FFE6030850800208C7
:10AE2000A7E6030870B588B00C460546FEF74AFD54
:10AE3000064614F0100F0CD004AA69462846FDF708
:10AE4000A1FB69462846FEF7FAFC04A92846FEF74E
:10AE5000F6FC686AA04314F0010F68620ED0284621
:10AE6000FEF7B4FC2846FEF72DFD38B12846FDF765
:10AE7000B1F9FEF760FD2846FEF75DFD2846FEF7B6
:10AE800021FDB04202BF14F0C07F08B070BD28465B
:10AE9000FDF7A0F908B0BDE87040FEF74CBD00001A
:10AEA0002DE9F0410446408D0E4610F47C711546A4
:10AEB000C0F305101CBF0021002884BF0422E368F2
:10AEC0000ED900BF02EBC10C53F80CC01CF0807F00
:10AED00003D02CF07F4CAC4502D0491C8842F1D8FD
:10AEE000884204BF0020BDE8F081E06850F83100DE
:10AEF000314604F071FD28B1324629462046FFF75D
:10AF000003FE03E0002808BFBDE8F0810120BDE892
:10AF1000F081028D22EA01018A4208BF704712F0D7
:10AF2000D3BC00002DE9F84F05464FF0FF000E009E
:10AF300002F47F071FFA82F8009033D0307A00289D
:10AF400004BF002100914FBB2024FF2807D03168A7
:10AF50004FF0000901EB800A002823D913E0D6F84E
:10AF600000A04FF000099AF80000B8B11AF83900B3
:10AF700004F018FD204212D109F101091AF8390034
:10AF80000028F3D10EE01AF8090004F00BFD20426E
:10AF900005D1307A09F101094845F4D802E0284684
:10AFA000FEF714FC688D0024C0F30510214600282C
:10AFB00086BF4FF6FF7A4FF00409BDE8F88F00BF57
:10AFC000EA6809EBC40BD04552F80B00C0F3074CFC
:10AFD00083B24FEA0C4C18BF43450AD1B7F5702F26
:10AFE00018BFBC4505D1002E1CBF52F83420B24218
:10AFF00002D004F1010473E010F0007F07D04FF09D
:10B0000000034FF0FF023946284612F003F8E868C3
:10B0100050F80B1011F0407F0ED050F8340000288B
:10B0200018BF04F03BFDE86850F83400F4F740FF27
:10B03000E968002041F83400688DC0F30510411E16
:10B04000A1423FD9001B0022411E00293ADD811E8A
:10B05000012088430BD0E968082201EBC40302EB0E
:10B06000C4021144D1E90021C3E900210122698D04
:10B07000C1F30511091B491E814288BF082121D94E
:10B0800004EB020CEB68521C03EBCC0B01EBCC0C79
:10B090006344801CD3E900C3CBE900C3EB6804EB35
:10B0A000020C03EBCC0B01EBCC0C6344521CD3E938
:10B0B00000C3CBE900C36B8DC3F305131B1B5B1EE1
:10B0C0008342DDD8688D0109491E61F30910688546
:10B0D000C0F30510C100E86801F0B6FE0121E86088
:10B0E000688DC0F30510A0423FF66AAF00291ABF71
:10B0F00000980028BDE8F88F024639462846BDE88A
:10B10000F84FFFF701BD0000014A0021FFF70ABF19
:10B11000FFFF0F002DE9F0470446294890F824006E
:10B12000002808BFBDE8F0870020E4F7C3FC070053
:10B1300008BFBDE8F08700BFD7F8D0024FF0000885
:10B14000002835D9D7F8B40250F828500020698D6E
:10B15000C1F3051CBCF1000F88BFE96810D9002CB1
:10B160001CBF51F83030A34207D14FF0FF024FF41B
:10B1700070212846FFF7C8FC02E0401C8445EED849
:10B180002846FCF7E2FD5FEA00094FF0000609D00F
:10B19000A868006850F8261020460BF037F8761C97
:10B1A000B145F5D8D7F8D00208F101084045C9D813
:10B1B0003846E4F77FFC0700BED1BDE8F087000009
:10B1C00070020020F0B51546044697B00E4651EACD
:10B1D000050004BF17B0F0BD012B35D04F49204604
:10B1E000DEF744FD4E492046DEF740FD00220921EE
:10B1F000204600F0DCF901281CBF17B0F0BD204646
:10B20000FBF78CFDA06801232A46816931448161E6
:10B21000A068C1692944C16131462046FEF79EFB02
:10B2200000220C21204600F0C2F901281CBF17B0F3
:10B23000F0BD2046FEF7CAFA17B02046BDE8F04040
:10B2400000220B2100F0B3B92046FCF79DFE074613
:10B250006846DEF76DFD21466846DEF72EFE314971
:10B260006846DEF709FE56B33846E4F7EDFB4010BA
:10B270004FF4C872C821DEF723FE01466846DEF7A8
:10B28000FDFDA06800281CBF80694042321A41427F
:10B290006846DEF70CFE22496846DEF7F8FD2249D3
:10B2A0006846DEF7F6FD6A460921204600F07FF980
:10B2B00001281CBF17B0F0BD6846DEF725FE002D43
:10B2C00004BF17B0F0BD3846E4F72EFC40104FF431
:10B2D000C872C821DEF7F4FD01466846DEF7CEFDF0
:10B2E000A06800281CBFC06940422A1A4142684633
:10B2F000DEF7DDFD09496846DEF7C9FD0A49684603
:10B30000DEF7C7FD6A460921204600F050F9012802
:10B3100004BF6846DEF7F8FD17B0F0BDB995030825
:10B320006D950308D5940308AB9D00082DE9F047FF
:10B330001546064698460C4651EA050008BFBDE88A
:10B34000F087304600F072FFB06800281CBF8069AB
:10B35000404247423C44304600212722FDF726FD6B
:10B36000C0B2012810D0002C4BDC1CDA3046FCF7B0
:10B37000DFFF81463046FDF75FF819EB00003CD453
:10B3800041428C420FDA3AE0002C3ADB0BDD3046CA
:10B39000FCF7CEFF81463046FDF74EF819EB000171
:10B3A00031D48C4231DCB06800280EBF0021C16965
:10B3B0004942C1F100094D44002D28DC0FDA002874
:10B3C0000EBF4FF0000AC069C0F1000A3046FCF71A
:10B3D0000DFF1AEB00001CD441428D421BDBE11B28
:10B3E000A5EB090251EA020008BFBDE8F087434619
:10B3F0003046BDE8F047FFF7E5BE0020C0E7444215
:10B40000D1E70024CFE70021CBE70C46CBE70025AE
:10B41000E5E70020E0E74542E1E770B51446054660
:10B420000E4651EA040004BF012070BD2846FBF718
:10B4300075FCA86801232246816931448161A868AE
:10B44000C1692144C16131462846FEF787FA0022CE
:10B450000C21284600F0ABF8012818BF70BD284623
:10B46000FEF7B4F9012070BD2DE9F0410F461D46ED
:10B47000164604460F49DEF7F9FBA06800281CBFFA
:10B4800080694042C11B2B4600222046FFF74EFF39
:10B4900009492046DEF7EAFBA06800281CBFC06906
:10B4A0004042821B2B462046BDE8F0410021FFF7B9
:10B4B0003DBF00006D950308B9950308F0B583B052
:10B4C0000F46064600F0B2FE00200090019035467F
:10B4D0003046FCF77FFE040004BF03B0F0BD3B46DE
:10B4E0006A46294606F114000DF05CFE2546284602
:10B4F000FCF770FE0400F2D103B0F0BD70B50C464D
:10B50000164605460949DEF7B1FBA86800280EBFBC
:10B510004FF0000C8069C0F1000CACEB0401334625
:10B520002846BDE870400022FFF700BF6D95030874
:10B5300070B50C46164605460849DEF797FBA86825
:10B5400000280EBF0022C0694242121B3346284623
:10B55000BDE870400021FFF7E9BE0000B99503087F
:10B5600010B588B0044604AA6946FDF70BF8684692
:10B57000DFF792FC30B904A8DFF78EFC002804BF87
:10B5800008B010BD6846DFF787FC18B16946204651
:10B59000FEF755F904A8DFF77FFC002804BF08B0C8
:10B5A00010BD04A92046FEF74AF908B010BD0028D6
:10B5B00004BF0120704710B588B000900190ADF82D
:10B5C00008100020CDE903029DF8180020F00700C4
:10B5D0008DF818006846F4F749F86846DAF706F877
:10B5E00004466846F4F73CF808B0204610BD70B534
:10B5F0000D460446FBF792FBA068056270BD70B56E
:10B6000015461C460646002200F0C9FA00222946CB
:10B61000304600F0B5FA00222146304600F0C4FA68
:10B620003046BDE870400022012100F0C7BA10B5D5
:10B630000446002200F0A9FA20460022BDE810408E
:10B64000012100F0BBBA10B50446002200F0A2FAB6
:10B650002046FCF7BFFDBDE81040FEF76CB938B5D9
:10B660000C46054600236A460221FCF791FD01289D
:10B6700008D0002818BF38BD00222146284600F017
:10B6800098FA38BD0098A042F6D138BD10B50446EE
:10B6900089B2002200F092FA618D204641F001014A
:10B6A0006185FCF79BFD418D41F004014185FCF76C
:10B6B0006BFC0022BDE810403521E4F711BC00000E
:10B6C0002DE9F0470F461D46924603F47F0184B0F2
:10B6D000044600233A4611F09DFC628D4FF00406AB
:10B6E00012F47C7F41D0C2F300100021002888BFF3
:10B6F000E36810D906EBC10C53F80CC01CF0807F36
:10B7000006D02CF07F48A84502D153F8316092E072
:10B71000491C8142EED3C2F3051398423CBF4FF05F
:10B720000C08E16821D200BF06EBC00C51F80CC038
:10B730001CF0807F06D02CF07F4CAC4502D151F834
:10B74000306078E008EBC00C51F80CC01CF0807F32
:10B7500008D02CF07F4CAC4504D1082202EBC0008D
:10B760000E5868E0801C8342DED84FF0806000EB0A
:10B77000B2204FEAB050608510F47C7F1AD0C0F33D
:10B780000510C100E06801F05FFBE060E8B1608D8A
:10B79000C0F30510B0F101081CBF6FF003014A00AF
:10B7A0002CD000BFE06801EBC803C35813F0407F02
:10B7B00024D117E02BA130A0CDE900010022354BA8
:10B7C00011460320FAF714F9FEE73CA0009032A2DC
:10B7D00035A1CDE9011200222E4B11460320FAF7C4
:10B7E00007F9FEE700EBC80302EBC80C6044B8F1B0
:10B7F0000108D0E900C0C3E900C0D3D1E068082245
:10B8000000EBC8000021FAF76FFB0C20FAF74AF9A9
:10B81000E16841F8380004F03CF8E26806EBC80142
:10B82000505840F080705050E26865F31700505057
:10B83000E06850F8386045B9384604F0B3F810F0C5
:10B84000200F1CBF2046FDF7C1FF52463946304647
:10B8500004F0FAF904B03A4629462046BDE8F0471C
:10B86000FFF752B96F626A2D3E7374796C655F633E
:10B870006E7420213D2030004173736572746564DD
:10B880002061742065787072657373696F6E3A20F9
:10B890002573000094E703084F7574206F66206DD0
:10B8A000656D6F72790000006F626A2D3E73747966
:10B8B0006C657320213D204E554C4C0041737365DF
:10B8C0007274656420617420657870726573736941
:10B8D0006F6E3A20257320282573290070B506461F
:10B8E00040680D4600281ABF002DA84270BD3046A2
:10B8F000FDF76CFF2846FBF711FA30467468FCF739
:10B90000E7FBA168002918BF098D891E8142A8BFE5
:10B9100004220EDBA16802EB80030968CB5841F8D2
:10B920002030A168401C002918BF098D891E814262
:10B93000F0DAA168088D401E0004000C0885A1689B
:10B9400007D082000868114601F07EFAA1680860FD
:10B9500005E00868F4F7ACFAA16800200860A9685F
:10B96000088D401C80B20885A968820008681146CD
:10B9700001F06AFAA9680860A968002918BF098D52
:10B980006FF0030202EB8101465020467560FFF71D
:10B99000E7FD324627212046FFF709FE0022292134
:10B9A0002046FFF704FE324627212846FFF7FFFD19
:10B9B000002228212846FFF7FAFD3046FDF7BBFF9D
:10B9C0003046BDE87040FDF701BFF8B516460D469C
:10B9D000044600236A460821FCF7DAFB012801D05F
:10B9E00018B107E00098A84204D00022294620465A
:10B9F00000F021F92546344600236A4609212846ED
:10BA0000FCF7C6FB012808D0002818BFF8BD0022AB
:10BA10002146284600F014F9F8BD0098A042F6D15E
:10BA2000F8BD70B50C460546FBF778F9A868418D5E
:10BA3000C1F38312A2421CBF64F38911418570BD1A
:10BA400070B50C460546FBF769F9A868418D64F3AB
:10BA50008301418570BD70B50C460546FBF75EF964
:10BA6000A868418D64F30511418570BD70B50C4621
:10BA70000546FBF753F9A868418D01F00302A24285
:10BA800008BF70BD64F3010141852846BDE87040E0
:10BA9000FDF79CBEF8B516460D46044600236A46DF
:10BAA0000121FCF775FB012801D018B107E00098CF
:10BAB000A84204D000222946204600F0B7F82546C7
:10BAC000344600236A4602212846FCF761FB012820
:10BAD00008D0002818BFF8BD00222146284600F0F3
:10BAE00068F8F8BD0098A042F6D1F8BD70B5038D96
:10BAF000A2B143EA01050446AB4208BF70BD25EA86
:10BB0000030010F0800F03D021460020F7F73CF827
:10BB100029462046BDE8704011F0D6BE23EA010157
:10BB20008B4208BF70BDBDE8704011F0CDBE13461A
:10BB30000A460A21FFF7C4BD13460A466421FFF7EF
:10BB4000BFBD13460A462721FFF7BABD07B481B02F
:10BB50001346BDF80810ADF800109DF80A108DF8D6
:10BB60000210009A1C2104B0FFF7AABD13460A4632
:10BB70002821FFF7A5BD13460A461D21FFF7A0BDEA
:10BB800013460A467F21FFF79BBD13460A467D21D7
:10BB9000FFF796BD13460A468121FFF791BD134674
:10BBA0000A467E21FFF78CBD13460A468021FFF727
:10BBB00087BD13460A460221FFF782BD13460A4697
:10BBC0001621FFF77DBD13460A460421FFF778BD15
:10BBD00013460A465F21FFF773BD13460A4611213B
:10BBE000FFF76EBD13460A461221FFF769BD1346E3
:10BBF0000A461321FFF764BD13460A461021FFF7DA
:10BC00005FBD13460A465E21FFF75ABD07B481B0F7
:10BC10001346BDF80810ADF800109DF80A108DF815
:10BC20000210009A582104B0FFF74ABD13460A4695
:10BC30000121FFF745BD13460A460821FFF740BD25
:10BC400013460A460921FFF73BBD38B50C460546A9
:10BC500000236A460121FCF79BFA012808D000283E
:10BC600018BF38BD002221462846FFF7DFFF38BD48
:10BC70000098A042F6D138BD38B50C4605460023E1
:10BC80006A460821FCF784FA012808D0002818BF6A
:10BC900038BD002221462846FFF7CDFF38BD009869
:10BCA000A042F6D138BD38B50C46054600236A4699
:10BCB0000921FCF76DFA012808D0002818BF38BD0B
:10BCC000002221462846FFF7BBFF38BD0098A0425E
:10BCD000F6D138BD77B581B00E4605001DD0612282
:10BCE000FDF764F804001CBF2068002815D0284622
:10BCF00031464FF06202FDF759F810F0FF020CD008
:10BD000023682046039998470090BDF80000ADF8DD
:10BD10000C009DF802008DF80E00039804B070BD71
:10BD20002DE9F04F05469BB0408D249C40F0080063
:10BD3000688593462A859A468946227A2846FDF7E1
:10BD400035F80646A5F828A0227A49462846FDF788
:10BD50002DF8698D8046474621F008016985BE426D
:10BD600008D101463046E3F7F9FA00281CBF1BB0A2
:10BD7000BDE8F08FA5F828B0227A49462846FDF79D
:10BD800015F80646A5F828A049462846DBF75AF8D4
:10BD9000217A0068324603F057FF227A284661680C
:10BDA000FEF7B2FE207A0C2824D147F6FF7B5E45D1
:10BDB00018BF5F451ED12846FDF7F4F800EBD070A0
:10BDC0004FEA600A2846FCF76DF900EBD07040108E
:10BDD0005E4506D10AF10101421C9142B4BF0E46F4
:10BDE00016465F4506D10AF10101421C9142B4BFDB
:10BDF000884690462548F9F728FD070038D03D6071
:10BE0000C7E90368207A387104A8C7F80890DDF7FD
:10BE10008FFF394604A8DEF750F81D4904A8DEF765
:10BE200036F81C4904A8DEF73EF81B4904A8DEF7E3
:10BE30001EF8FF22002104A8DEF739F8218804A8A3
:10BE4000DEF71CF8618804A8DEF713F804A8E1689F
:10BE5000DEF71FF8002104A8DEF712F804A8216914
:10BE6000DEF723F804A8DEF74FF81BB0BDE8F08F2B
:10BE700011A0009009A20DA1CDE901120022164BDC
:10BE800011460320F9F7B4FDFEE700008802002008
:10BE9000ADCD0308C9CF030805CF03084F75742043
:10BEA0006F66206D656D6F727900000074722021DD
:10BEB0003D204E554C4C00004173736572746564AF
:10BEC0002061742065787072657373696F6E3A20B3
:10BED000257320282573290075E7030814210148DC
:10BEE000F9F7ABBC880200202DE9F84F0546408DDC
:10BEF0004FF00008C0F3051016460F4644460028D0
:10BF000088BF4FF0040940F2E88000BFE96809EB00
:10BF1000C400085810F0007F40F0D88080B230EAAA
:10BF2000070214BF00220122B0430CBF01200020F1
:10BF3000824200F0CB8051F834A06A46102150466E
:10BF400003F079FC00285FD16A461121504603F0C6
:10BF500072FC002858D16A461221504603F06BFC4F
:10BF6000002851D16A461321504603F064FC002892
:10BF70004AD16A461521504603F05DFC002843D1A2
:10BF80006A461421504603F056FC00283CD16A460C
:10BF90001621504603F04FFC002835D16A466A212D
:10BFA000504603F048FC78BB6A466B21504603F0CC
:10BFB00042FC48BB6A460121504603F03CFC18BBDA
:10BFC0006A460221504603F036FCE8B96A4604216D
:10BFD000504603F030FCB8B96A460521504603F0DC
:10BFE0002AFC88B96A460621504603F024FC58B959
:10BFF0006A460721504603F01EFC28B96A463021E4
:10C00000504603F018FC10B10320BDE8F88F6A46D3
:10C010006821504603F00FFC00284FD16A46692181
:10C02000504603F008FC002848D16A466E2150466D
:10C0300003F001FC002841D16A466C21504603F010
:10C04000FAFBD8BB6A466D21504603F0F4FBA8BB4F
:10C050006A463A21504603F0EEFB78BB6A463B2124
:10C06000504603F0E8FB48BB6A463821504603F0CF
:10C07000E2FB18BB6A463C21504603F0DCFBE8B902
:10C080006A463E21504603F0D6FBB8B96A464021C5
:10C09000504603F0D0FB88B96A464121504603F070
:10C0A000CAFB58B96A464221504603F0C4FB28B97E
:10C0B0006A464821504603F0BEFB10B14FF002081B
:10C0C00004E0B8F1000F08BF4FF00108688D641C50
:10C0D000C0F30510A0423FF619AF4046BDE8F88F07
:10C0E00013460122AFF30080002808BF70472DE9F6
:10C0F000F0471E4691468A468046FCF741F80228E2
:10C100000CBF0125002506F00104C6F34007A7B1C6
:10C110003CB14046FCF75EF833464A465146FFF7CD
:10C12000E3FF002D08BFBDE8F0873B464A46514675
:10C130004046BDE8F04710F0CDBF2DB13B464A4622
:10C140005146404610F0C6FF002C08BFBDE8F087FE
:10C150004046FCF73FF80028CED1BDE8F08770B527
:10C16000044600216E22FCF721FE022518B1A068CA
:10C17000002855D04EE0204600216C22FCF716FE28
:10C18000B0F5807F03D0A068002849D042E0204667
:10C1900000216D22FCF70AFEB0F5807F03D0A06875
:10C1A00000283DD036E0204600217122FCF7FEFD3C
:10C1B00010B1A06898B32DE0204600217222FCF750
:10C1C000F5FD10B1A06850B324E0204600216022A4
:10C1D000FCF7ECFDC0B20125FF2802D0A068F0B149
:10C1E00018E0204600217322FCF7E0FD10B1A068A2
:10C1F000A8B10FE0204600216722FCF7D7FD10F020
:10C20000FF0F02D0A06850B104E0A068002500280C
:10C2100008BF70BD418D65F38B21418570BDFFE77F
:10C220002046FAF77BFDA068F4E700002DE9F04115
:10C23000264F97F86010002918BFBDE8F081012152
:10C2400087F86010FBF7CAFF044690F82A0010F048
:10C25000040F35D0608D20F0040060852046FBF788
:10C2600074FD06004FF0000508D0A068006850F883
:10C270002500DDF7A1FC6D1CAE42F6D8608D10F0F4
:10C28000010F0DD020F0010120466185FDF7D4FF9C
:10C290002046FDF7C9FE002E1CBF2046F8F7ACFE75
:10C2A000608D10F0020F06D020F00201618520465B
:10C2B0000021FDF709FD94F82A0010F0040FC9D100
:10C2C000002087F86000BDE8F081000070020020C7
:10C2D00000B583B000281EBF806803B000BD074AC8
:10C2E000074B02F1100101F114000090CDE9011299
:10C2F000002211460320F9F77BFBFEE750C302083A
:10C300002EBE040810B584B0040013D021680120AB
:10C31000886121462068F9F739FB207C10F0010F75
:10C320001CBFE068F3F7C4FD204604B0BDE8104030
:10C33000F3F7BEBD0FA0009005A209A1CDE901123F
:10C340000022144B11460320F9F752FBFEE70000D0
:10C350004E554C4C20706F696E7465720000000081
:10C360006F6273657276657220213D204E554C4C8C
:10C37000000000004173736572746564206174206D
:10C3800065787072657373696F6E3A202573202823
:10C39000257329001BBE04087047000008B5132848
:10C3A00002D209B1042909D9E2F79EFF0090BDF835
:10C3B00000009DF8021040EA014008BD491E074AEE
:10C3C000C9B200EB400002EB800001EB41010144E7
:10C3D0000888897840EA014008BD000088BA04084E
:10C3E00008B5132802D209B1052909D9E2F77CFF63
:10C3F0000090BDF800009DF8021040EA014008BD21
:10C40000491E064AC9B2C0EB0010104401EB4101BD
:10C4100001440888897840EA014008BD6BB90408E6
:10C4200008B5132809D3E2F75FFF0090BDF80000BC
:10C430009DF8021040EA014008BD044900EB4000AD
:10C4400001440888897840EA014008BD32B90408EF
:10C450006FF07041002805DA4A428242A8BF1046B8
:10C46000081A03E08842A8BF6FF0704040F0005007
:10C470007047000000F0C042B2F1005F18BF704783
:10C4800020F0C042094B9342B8BF7047B2F1805FC1
:10C49000A4BF6FF07040821A02FB01F0044981FBD7
:10C4A00000104111A1EBE07070470000FEFFFF1F7C
:10C4B0001F85EB512DE9F04F83B01F46DDE90C9449
:10C4C000DDF838A088460646002A01BFB7F5807F10
:10C4D000B9F5807F03B0BDE8F08F4FEA5803B8F19B
:10C4E000000F36D0351FA6F1080018F0010F0DD04F
:10C4F00050F8081FD4F800C0A1EB0C01016055F8FA
:10C50000081FD4F804C0A1EB0C012960B3F1000CA2
:10C510001FD000BF50F8081FD4F800B0BCF1010CC8
:10C52000A1EB0B0140F8081B55F8081FD4F804B024
:10C53000A1EB0B0145F8081B0168D4F800B0A1EB92
:10C540000B010160D5F800B06168ABEB0101296017
:10C55000E0D1002A72D0B2F5616FC8BFA2F5616266
:10C56000002AB8BF02F56162714880FB0210811099
:10C57000A1EBE075681C0090684200EB800002EBC4
:10C58000400B28B207F004F80290009800B206F0C1
:10C59000FFFF019005F15A0000B206F0F9FF0546D1
:10C5A00000985A3000B206F0F3FF01460298CBF132
:10C5B0000A0202FB00F301986A4300FB0B335C485C
:10C5C00001FB0B2180FB03308310A3EBE0704311D0
:10C5D000574880FB01108110A1EBE0704111B8F1C8
:10C5E000000F18BF00229CBF03B0BDE8F08F00BF52
:10C5F00006EBC20556F83200D5F804C0B7F5807FC7
:10C6000008BFB9F5807F62D0BAF1000F72D07843CD
:10C6100001FB00FB0CFB09FC03FB1CBBD4F800E096
:10C6200058430EEBAB4B01FB0C0046F832B0D4F88C
:10C6300004C00CEBA040686072E0FFE7B8F1000FA7
:10C6400004BF03B0BDE8F08FA6F10800311F18F059
:10C65000010F0FD050F808CF22680CFB07FC02EB4B
:10C660002C22026051F808CF62680CFB09FC02EB37
:10C670002C220A60002B04BF03B0BDE8F08F2268B3
:10C6800050F808CF5B1E0CFB07FC02EB2C2240F895
:10C69000082B51F8082FD4F804C002FB09F20CEB68
:10C6A000222241F8082BD0F800C022680CFB07FCBE
:10C6B00002EB2C220260D1F800C062680CFB09FC7E
:10C6C00002EB2C220A60DAD103B0BDE8F08F01FB47
:10C6D00000FB03FB1CBBD4F800E058430EEBAB2B74
:10C6E00001FB0C0046F832B0D4F804C00CEBA020DB
:10C6F000A1E7FFE701FB00FB03FB1CBBD4F800E054
:10C700000BFB07FB58430EEBAB4B01FB0C0046F851
:10C7100032B0D4F804C000FB09F00CEBA040686014
:10C72000521C4245FFF464AF03B0BDE8F08F000037
:10C7300067666666D1E90021C0E900217047C0E95B
:10C7400000127047C0E90012704710B4D0E900230E
:10C75000D1E9004CC0E9004CC1E9002310BC70478E
:10C76000D1E90021C0E90021704710B584B014461A
:10C77000DDE9062CCDE900320A46CDF808C0234693
:10C780000121FFF797FE04B010BD000038B5D5F7C2
:10C790003FF94FF4A071F020E2F7E6FF04460649A6
:10C7A000E3F758FD00210A4600914FF496530349E0
:10C7B0002046E3F7B7FB38BD7D44000864640020E1
:10C7C00010B5F5F72FFA054C0121A060F6F70FFE22
:10C7D000A068BDE810400249F6F705BE2001002020
:10C7E00099CD030830B48C46012300219AB100BFD3
:10C7F00012F0010F06D0A3FB004501FB005103FB23
:10C800000C112346A0FB00450CFB005500FB0C5C03
:10C8100052102046ECD130BC18467047014988665A
:10C820007047000070020020F0B583B006001BD0F6
:10C8300034680027ACB16068002806BFA0680028F3
:10C840000446F8D1256825B16868A0420CBF6F6026
:10C85000AF602069F3F72CFB2046F3F729FB2C008F
:10C86000E9D1376003B0F0BD0EA0009005A209A188
:10C87000CDE901120022134B11460320F9F7B8F855
:10C88000FEE700004E554C4C20706F696E74657267
:10C89000000000007472656520213D204E554C4C0F
:10C8A0000000000041737365727465642061742038
:10C8B00065787072657373696F6E3A2025732028EE
:10C8C00025732900B7BB040800B583B050B100F050
:10C8D00065FA002804BF03B000BDF3F7E9FA03B01E
:10C8E000012000BD0EA0009005A209A1CDE9011212
:10C8F0000022134B11460320F9F77AF8FEE70000F7
:10C900004E554C4C20706F696E74657200000000CB
:10C910007472656520213D204E554C4C000000008E
:10C9200041737365727465642061742065787072F8
:10C93000657373696F6E3A2025732028257329006B
:10C940009CBB040870B584B00E46050011D02C685D
:10C950005CB16A682169304690470028B8BF6468B6
:10C96000C8BFA46814D0002CF3D104B04FF000006D
:10C9700070BD11A0009008A20BA1CDE901124FF0EB
:10C980000002154B11464FF00300F9F731F8FEE7AE
:10C9900004B0204670BD00004E554C4C20706F69AD
:10C9A0006E746572000000007472656520213D2080
:10C9B0004E554C4C00000000417373657274656401
:10C9C0002061742065787072657373696F6E3A20A8
:10C9D000257320282573290084BB040870B584B012
:10C9E00015460E4604000ED0002E19D0002D24D07E
:10C9F0000C220021F9F778FA0020A560C4E90006AE
:10CA000004B0012070BD1AA0009011A214A1CDE9BC
:10CA1000011200221E4B11460320F8F7E9FFFEE742
:10CA200013A000900AA21BA1CDE901120022184B0D
:10CA300011460320F8F7DCFFFEE71AA11DA0CDE99F
:10CA400000010022124B11460320F8F7D1FFFEE748
:10CA50004E554C4C20706F696E746572000000007A
:10CA60007472656520213D204E554C4C000000003D
:10CA700041737365727465642061742065787072A7
:10CA8000657373696F6E3A2025732028257329001A
:10CA90006CBB0408636F6D7061726520213D204E90
:10CAA000554C4C006E6F64655F73697A65203E205B
:10CAB00030000000417373657274656420617420F6
:10CAC00065787072657373696F6E3A202573000024
:10CAD0002DE9F04F83B08A46050046D02C68002728
:10CAE0005CB16A682169504690470028B8BF646805
:10CAF000C8BFA46846D0002CF3D14FF01400F8F75B
:10CB0000F7FF040044D0A868F8F7F2FF206100287E
:10CB10004BD027736760A76029684FF00108002990
:10CB200050D0C4F810A0D5F800B08146BBF1000683
:10CB30000ED06A685E46DBF8101020699047002826
:10CB4000B4BFDBF804B0DBF808B0BBF1000FF0D1E4
:10CB5000266027736A683169504690470028B4BF41
:10CB60007460B460224600F0C3B874A000906BA259
:10CB70006EA1CDE901120022784B11460320F8F78F
:10CB800037FFFEE720001CBF03B0BDE8F08FB4E71D
:10CB90007B48009072A276A1CDE901120022794B68
:10CBA00011460320F8F724FFFEE7754800906CA2B9
:10CBB00075A1CDE901120022724B11460320F8F74E
:10CBC00017FFFEE72C60276084F80C809BE001686B
:10CBD0004B68834245D18B6823B193F80CC0BCF1FC
:10CBE000000F7CD08368934222D1D3F804C0C0F8F0
:10CBF00008C0D3F804C0BCF1000F18BFCCF8000087
:10CC0000D0F800C0C3F800C0D0F800C0BCF1000FDD
:10CC100008BF2B6007D0DCF804A082450CBFCCF81D
:10CC20000430CCF8083058600360034610461A46BA
:10CC300080F80C800F73486883684B608368002B12
:10CC400018BF19600B6803600B68002B08BF2860D1
:10CC500005D0D3F808C08C450CBF9860586081603F
:10CC600045E023B193F80CC0BCF1000F4FD04368EE
:10CC7000934222D1D3F808C0C0F804C0D3F808C04A
:10CC8000BCF1000F18BFCCF80000D0F800C0C3F80A
:10CC900000C0D0F800C0BCF1000F08BF2B6007D067
:10CCA000DCF808A082450CBFCCF80830CCF8043082
:10CCB00098600360034610461A4680F80C800F7394
:10CCC000886843688B604368002B18BF19600B6845
:10CCD00003600B68002B08BF286007D000E016E057
:10CCE000D3F804C08C450CBF586098604160086060
:10CCF000106818B1017B00293FF469AF286880F8FB
:10CD00000C80C4F8109003B02046BDE8F08F83F883
:10CD10000C8080F80C800F730A46E9E74E554C4CA6
:10CD200020706F696E746572000000007472656532
:10CD300020213D204E554C4C00000000417373658E
:10CD400072746564206174206578707265737369AC
:10CD50006F6E3A20257320282573290077BB0408BD
:10CD60004F7574206F66206D656D6F7279000000DD
:10CD70006E6F646520213D204E554C4C0000000034
:10CD8000B8C90208E1BB04086E6F64652D3E64619A
:10CD9000746120213D204E554C4C000070B50C466E
:10CDA0000346D4E90101002831D0002930D0486879
:10CDB00018B1014640680028FBD12068002808BF50
:10CDC000196004D04268A2420CBF4160816091F8B2
:10CDD0000CC00A688868A24208BF0A4607D000282B
:10CDE00018BF02605060A5688D60A568296025683D
:10CDF0000D60257B0D7365684D606568BCF1010FA2
:10CE000029601AD10146184608F03EF815E001B92C
:10CE10000146207B2268002918BF0A60002A08BF4B
:10CE2000196005D0D2F804C0A4450CBF51609160D0
:10CE3000012804BF184608F027F820462569F3F7B3
:10CE400037F8284670BD000008B5104A31B190424D
:10CE50000CD1BDE808400846F8F72EBE904218BF36
:10CE6000002801D0F3F72EF8084808BD00F020F89C
:10CE7000002818BF08BD06A0002200900B4B1146E9
:10CE80000320F8F7B5FD002008BD0000D402002003
:10CE9000636F756C646E2774207265616C6C6F6370
:10CEA000617465206D656D6F727900000BC00408B8
:10CEB0002DE9F0410D46074605F02CFE104C0646C4
:10CEC0002A463946D4F8C00106F03CFA050013D0D2
:10CED000D4F8C401801BC4F8C401284605F01AFE2A
:10CEE000D4F8C4110844C4F8C401D4F8C811884265
:10CEF00098BF0846C4F8C8012846BDE8F081000084
:10CF00007002002001480069704700007002002094
:10CF1000F0B50D46002683B0074632461431DDF7E2
:10CF2000FDFF002804BF03B0F0BD01212846FCF737
:10CF3000D8F8F8B92846FBF723F9D8B900208DF8BE
:10CF400000006A46172128460197FEF730FB9DF83E
:10CF5000000002280ED02846FAF7F7FE441E0ED431
:10CF6000A868006850F824103846FFF7D1FF060083
:10CF70000AD102E003B00020F0BD641EF0D59DF898
:10CF80000000002808BF2E46304603B0F0BD7047B1
:10CF900010B591F83C000C4620F0030081F83C00ED
:10CFA0000020C8620863486310212046FDF73AFF5D
:10CFB0004FF400712046FDF735FF21460548FAF78A
:10CFC00027F8FAF7BDF82046BDE81040002202A17C
:10CFD00000F0F2BC34CD04084F7074696F6E2031DC
:10CFE0000A4F7074696F6E20320A4F7074696F6EE9
:10CFF00020330A4F7074696F6E20340A4F70746961
:10D000006F6E2035000000002DE9F04FABB00E46EA
:10D01000F848FAF733FE01281CBF2BB0BDE8F08FAB
:10D020003046F2F737FA04463046F2F76FFA002737
:10D030000546312C00F008812F2C00F030812E2C79
:10D0400000F03F81012C00F04281022C00F053815E
:10D05000082C18BF032C00F0B081102C00F0B28215
:10D06000112C00F0C9820E2C00F0D5820F2C00F09C
:10D070000783182C00F02B831A2C1EBF1D2C2BB0FD
:10D08000BDE8F08F3046F2F705FA05463046F2F774
:10D090003DFA04461A2D00F022831D2D1CBF2BB033
:10D0A000BDE8F08F3046F2F7A1FA054604A8E4F790
:10D0B000ADFE04AA4FF480212046FCF707F9204674
:10D0C00000215A22FBF772FE074620464FF48021CA
:10D0D0005A22FBF76BFE06463846F2F7DFFE07469C
:10D0E0003046F2F7DBFE064600215C222046FBF7C5
:10D0F0005DFEF11901EBD17100EB61062046FAF7F4
:10D10000D1FFA16900EBD07001EB600006EBD67196
:10D11000A0EB61001F903044219026A92046FAF729
:10D1200029FF26981E90289820901EAA05F1180124
:10D1300022A8DDF7CDFE002804BF2BB0BDE8F08F9C
:10D1400020460021FAF7B4FD80462046FBF72AFF6F
:10D1500006464046F7F71EF9129A01210092CDE9E2
:10D16000016101461AA8139B0C9A03F0C5FE2046E4
:10D17000FAF798FF0646204600215A22FBF716FED2
:10D18000C168D8F8182001EBD17102EB6101A269E6
:10D19000074606EBD67902EB69000E1A4046FAF70D
:10D1A00081FFF968401A0028C4BFB10391FBF0F673
:10D1B0000C981B9AC168A069521A00EB690072436F
:10D1C00000EBA23001EBD171A0EB610720460021FA
:10D1D0003022FBF7EBFD0646204600211222FBF72A
:10D1E000E5FD8146204600211322FBF7DFFD0146C5
:10D1F000626909EB06001044CDE92607E06918359D
:10D20000401A801B1B992890781829909DF85B0084
:10D210000DF1880A40F001008DF85B0095E8D0021E
:10D220009AE80F0085E80F004046183DF7F7B2F87E
:10D230000B9026AA04A92846E4F7B5FD183585E821
:10D24000D0022BB0BDE8F08F3046F2F7DFF906468A
:10D2500028460021FAF72CFD04001CD028464FF484
:10D2600080215A22FBF7A2FD804628464FF48021F8
:10D270005B22FBF79BFD05462046F7F78BF86FF026
:10D280006042CDE9007201462B46424606A802974D
:10D2900003F032FE069F37602BB0BDE8F08F00210F
:10D2A000FAF706FD18B100222F21FEF780F9284673
:10D2B000FDF703FC2BB02846BDE8F04F002108F035
:10D2C00015BD2BB00021BDE8F04F08F00FBDE86A96
:10D2D00001289CBF2BB0BDE8F08FE86B20F0040163
:10D2E000E96328460021FAF7E3FC2BB04249BDE888
:10D2F000F04FDCF7BBBCE86A01289CBF2BB0BDE84F
:10D30000F08FF4F789FC08A9F4F7DDFE4FF4807A7A
:10D310002C000DF120094FF00008564624D020467D
:10D3200000216E22FBF742FD40440FFA80F82046B0
:10D3300000216C22FBF73AFD0028CCBF82464FF05B
:10D34000010A204600216D22FBF730FD0028D8BFDE
:10D35000012006FB0AF1704306124FEA212A2046FB
:10D36000FAF738FF0400DAD14FF4803090FBFAF27C
:10D3700090FBF6F30A970AA80B97CDE90007C8F1CE
:10D3800000014846FFF7F1F90998002804BF2BB0C7
:10D39000BDE8F08F28460021FAF78AFC0446FBF727
:10D3A0009CFE099901442046FEF77DFCE86B40F0A5
:10D3B0000400E8632BB0BDE8F08FE86A01289CBF49
:10D3C0002BB0BDE8F08F00212846FAF771FC5FEA28
:10D3D000000804BF2BB0BDE8F08FF4F71DFC8346B6
:10D3E000F4F76DFE042809D0022804BF296B696395
:10D3F00011E0000010CD040811970308296B28469E
:10D400006963FAF74AFE0446F3F798FA18B1002167
:10D410002046F3F7EDFB5846F4F751FE012804D0FF
:10D420005846F4F74CFE03287ED195F83C0010F0E6
:10D43000040F7AD0284600215A22FBF7B7FC064693
:10D44000284600215C22FBF7B1FC04463046F2F787
:10D4500025FD20440F902A6AA9694FF48076501A5E
:10D4600000EBD07001EB60000790DBE91801CDE91B
:10D47000080108A82C004FF0000AB146109024D0F3
:10D48000204600216E22FBF791FC50440FFA80FAEF
:10D49000204600216C22FBF789FC0028CCBF064601
:10D4A0000126204600216D22FBF780FC0028D8BF12
:10D4B000012009FB06F109FB00F04FEA20290E12BA
:10D4C0002046FAF787FE0400DAD14FF4803090FB53
:10D4D000F6F290FBF9F30CA8CDE900070C97CAF11E
:10D4E00000010D971098FFF740F909989BF8252047
:10D4F000002100281CBFC2F164039F4A08D00144E8
:10D50000584382FB00C04FEA601CBCEBE070F6D1D0
:10D51000D8F8180008440799091A0F9891FBF0F001
:10D520000028C0F2278101E00EE017E0E96A81429D
:10D53000D8BF481E0FFA80F9B9F1000F04DB0122B1
:10D540004946284600F006FB286B0E900EAA2021C3
:10D550002846FEF72CF82BB0BDE8F08F4FF00009FD
:10D5600002A95846F4F77CFD0398D8F81810012258
:10D57000401A03900298D8F81410401A029002A999
:10D580004046F6F7B5FC82464046F6F703FF002614
:10D59000804634460797BAF1000F88BF774FCED93F
:10D5A0003A6807A9404690470A2805D156451CBF4E
:10D5B00009F101000FFA80F9641C079E5445EFD36E
:10D5C000BAE700BFFAF769FD0446F4F725FBF4F764
:10D5D00076FD042803D12046F3F7B0F920B1286B7B
:10D5E00068632BB0BDE8F08FD5E90C1081420AD1F9
:10D5F0002BB0BDE8F08F00BFD5E90C10814204BF0D
:10D600002BB0BDE8F08F012128632BB02846BDE880
:10D61000F04F08F06BBBE86A01289CBF2BB0BDE857
:10D62000F08F3046F1F7D6FF132818BF122815D017
:10D6300014281EBF11282BB0BDE8F08F286B0028DE
:10D6400004BF2BB0BDE8F08F411E012228466C6B51
:10D6500000F080FA6C632BB0BDE8F08F286BE96AAC
:10D66000421C8A4224BF2BB0BDE8F08F1146012234
:10D6700028466C6B00F06EFA6C632BB0BDE8F08F3F
:10D68000E86A01289CBF2BB0BDE8F08F3046F1F767
:10D69000BFFF2A6B1118E86A431E8B42CCBF8C4631
:10D6A0009C46BCF1000FB8BF002102DB9942A8BF25
:10D6B00019468A4204BF2BB0BDE8F08F28460122EC
:10D6C0006C6B00F047FA6C632BB0BDE8F08F002163
:10D6D000FAF7EEFA2BB0BDE8F04FFDF7CBB93046C4
:10D6E000F1F784FF054600215A222046FBF75EFB36
:10D6F00006464FF480215A222046FBF757FB80460E
:10D700003046F2F7CBFB07464046F2F7C7FB06462A
:10D7100000215C222046FBF749FBF11901EBD17196
:10D7200000EB61062046FAF7BDFCA16900EBD07062
:10D7300001EB600006EBD671A0EB61002590304450
:10D74000279020A92046FAF715FC209824902298CB
:10D7500026906846E5F7DEFF6A464FF480212046B2
:10D76000FBF780FE24AA69462846E5F777FD2BB033
:10D77000BDE8F08F0020D6E61F85EB51F0BC040811
:10D780002DE9F04FADB00D460846F1F783FE044693
:10D790001A281BD029468748FAF770FA01281CBFBF
:10D7A0002DB0BDE8F08F2846F1F7B0FE8046182C6A
:10D7B0007ED02E2C1CBF2DB0BDE8F08FFAF70AFDED
:10D7C0002DB00021BDE8F04F08F090BA2846F1F7DF
:10D7D0009DFE2C462846F1F799FE0646FAF7FAFC1C
:10D7E000054610A8E4F712FB10AA00212846FBF713
:10D7F0006DFD2046F1F7FAFE04468769426AD4E9D6
:10D800000701CDE90812079005F1140204F118018F
:10D810000CA8DDF75DFB002804BF2DB0BDE8F08F3C
:10D820000DF1300898E80F0004F1180888E80F009F
:10D8300000215A222846FBF7B9FA80464FF480218E
:10D840005A222846FBF7B2FA82464046F2F726FBF8
:10D8500081465046F2F722FB804600215C22284692
:10D86000FBF7A4FA08EB090101EBD17100EB6108A9
:10D870002846FAF717FCA96900EBD07001EB6000AD
:10D8800008EBD871A0EB6109C84428A92846FAF72B
:10D8900071FB70690290B0690390F069CDE90409E9
:10D8A00002AA04F118011046DDF712FBC8B100E02E
:10D8B00047E018340DF1080C94E8200E9CE80F00A6
:10D8C00084E80F003046183CF6F764FD179006F127
:10D8D000140210A92046E4F766FA04F1180080E863
:10D8E000200E7069CDE90208F0690490306A02AA3E
:10D8F000059004F118011046DDF7EAFAB8B11834C2
:10D900000DF1080B94E820079BE80F0084E80F0056
:10D910003046183CF6F73EFD179006F1140210A9A8
:10D920002046E4F740FA04F1180080E82007DDE91A
:10D930000701099AA7616262C4E907012DB0BDE839
:10D94000F08F2846F1F762FE07464046FAF742FCA0
:10D9500004460021FAF7ACF906004FF000051CD090
:10D9600020464FF480215A22FBF720FA81462046B8
:10D970004FF480215B22FBF719FA04463046F6F794
:10D9800009FD6FF06042CDE90052014623464A4648
:10D9900006A8029503F0B0FA069D4046FBF702FB8D
:10D9A00001463868691A8842D8BF084638602DB0E9
:10D9B000BDE8F08F34CD04082DE9F04F83B0154653
:10D9C0000E0004460ED00021FAF772F900900020F4
:10D9D00020636063E0623178002917D0315C0A2946
:10D9E00010D10CE052A0009049A24DA1CDE9011246
:10D9F0000022574B11460320F7F7FAFFFEE7E16AD2
:10DA00004A1CE262401C315C0029E7D1E06A411CFB
:10DA1000E16294F83C00002D20F0030071D0411C1D
:10DA200084F83C10204600215A22FBF7BFF9F2F798
:10DA300035FA0546204600215B22FBF7B7F9291885
:10DA4000E06A48434FF47A7191FBF0F20F2ABEBFAF
:10DA500091FBF0F2032A032006DB91FBF0F20F2A80
:10DA6000B4BF91FBF0F00F2010F0010FA06304BFD2
:10DA7000411CA163304601F0D3FE00F10108A06B08
:10DA800000FB08F9B9F1000F08BF4FF00109484643
:10DA9000F8F708F80746A06B0025002884BF4FF070
:10DAA0000A0BA7F1010A0DD908FB0570314601F0F8
:10DAB00097FE681C08FB00F06D1C00F80AB0A06B14
:10DAC000A842F1D807EB0901002001F8010C394602
:10DAD0000098F7F79BF93846F2F7EAF9A06BE16A8C
:10DAE000420802FB01F34143C4E90B132046DBF774
:10DAF00061FA206B6063009803B0BDE8F04FFCF75B
:10DB0000B9BF84F83C0031460098F7F77FF9F0E799
:10DB10004E554C4C20706F696E74657200000000A9
:10DB20006F7074696F6E7320213D204E554C4C0010
:10DB300041737365727465642061742065787072D6
:10DB4000657373696F6E3A20257320282573290049
:10DB500058CD0408F0B490F83C30C46A03F00303D5
:10DB6000012B1FD1836BD0F830C0B4FBF3F3BCFBA7
:10DB7000F3F6994216D206FB13C5A5EB010C0FFA7A
:10DB80008CFCBCF1000FD8BFCCF1000CBCEB530FE8
:10DB900006D98C468D4294BFACEB03010CEB03011C
:10DBA00003FB06118C4298BF611E01634163F0BC08
:10DBB000114608F09BB810B50C463C2104F12C002E
:10DBC000F7F73BFEA06C64216FF30E000B306FF390
:10DBD000DD3000F52030A064012084F83C00A06C0A
:10DBE00040F08040A0644FF4877020658720606516
:10DBF0000020C4E91001E0652066A16C21F000411D
:10DC0000C4E91210A065A0632046BDE810401021B1
:10DC1000FDF708B970B5086B0C4678B104F12C001B
:10DC2000F7F7ECFD0546014604F12C00F7F7AEFED0
:10DC30002846F2F73DF9206B0028EFD104F12C00C3
:10DC4000BDE87040F7F7C6BD2DE9F34F81B06948D4
:10DC50000299FAF713F801281CBF03B0BDE8F08F52
:10DC60000298F1F717FC05460298F1F74FFC0446BD
:10DC7000A0461A2D0DD01D2D59D0182D1CBF03B054
:10DC8000BDE8F08F6421029803B0BDE8F04FF1F7D2
:10DC9000BDBDD8F8480010F0004F1CBF03B0BDE870
:10DCA000F08FC0F30E09D4E910BAB9F1000F4FF0AC
:10DCB000000533D0A06C0027C0F3CE30B5FBF0F1E7
:10DCC00000FB1150002808BF01275B46A9F10102A3
:10DCD00000212846CDF800A0F7F71EFF064604F104
:10DCE0002C00F7F7A6FD010015D0C868B042DCBFD4
:10DCF0000869864209DC4869FF2804BF4D61CF618D
:10DD00004869A8421CBF8D610F6204F12C00F7F72F
:10DD10008DFD0100E9D16D1C4D45CBD320460AF0A5
:10DD2000D1F998F84C0010F0010F4DD157E0D8F818
:10DD3000480010F0004F04BF03B0BDE8F08FC0F3FF
:10DD40000E09D4E910BAB9F1000F4FF0000533D035
:10DD5000A06C0027C0F3CE30B5FBF0F100FB1150F2
:10DD6000002808BF01275B46A9F1010200212846CF
:10DD7000CDF800A0F7F7D0FE064604F12C00F7F727
:10DD800058FD010015D0C868B042DCBF0869864262
:10DD900009DC4869FF2804BF4D61CF614869A8428A
:10DDA0001CBF8D610F6204F12C00F7F73FFD0100ED
:10DDB000E9D16D1C4D45CBD320460AF083F998F884
:10DDC0004C0010F0010F0AD0204602990AF086FCA0
:10DDD000029903B02046BDE8F04F0AF071BA204620
:10DDE00002990AF06DFA029903B02046BDE8F04F9F
:10DDF0000AF074BC70CD040803484069002818BFBD
:10DE0000D0F8C002704700007002002008B5002161
:10DE10000B460A46009100F001F808BD2DE9FF4FBE
:10DE2000B1B00E460746DDF8F8B0FAF7ADF8D0F815
:10DE3000C0520446BD4219BFD4F8CC02B84235B036
:10DE4000BDE8F08F4FF0000A002818BFA84240D06C
:10DE50004FF00001DBF70AFF00221146D4F8CC0294
:10DE6000FDF7B3FD00225F21D4F8CC02FDF718F8CE
:10DE7000D4F8C002C4F8C802D4F8CC52002D68D03F
:10DE80002846FAF781F85FEA000822D0D8F8C09255
:10DE9000B9F1000F04D000222A214846FDF787FB84
:10DEA00000222B212846FDF782FBC8F8CCA20022D5
:10DEB0002C212846C8F8C052FDF779FBB9F1000FB4
:10DEC00004D000222D214846FDF771FB2846FBF7C0
:10DED0007DFCC4F8CC72D4F8C80200281EBF94F8A8
:10DEE000D41211F0020FF9F709FAC4F8C8A20A2EE9
:10DEF00018BF0B2E3BD00C2E18BF0D2E37D00E2E78
:10DF000018BF002133D000BF94F8D40261F30000A1
:10DF10006BF3410084F8D40200213846DBF7A6FEFB
:10DF2000002D26D000212846DBF7A0FE0022114656
:10DF30003846FDF74AFD002211462846FDF745FD0B
:10DF400000225F213846FCF7ABFF00225F21284604
:10DF500017E0F64AF6A102F120000090CDE9011287
:10DF60000022F64B11460320F7F742FDFEE70121A0
:10DF7000CAE7002211463846FDF727FD00225F213F
:10DF80003846FCF78DFFDDE93301084332D004A8A1
:10DF9000DBF7CEFE394604A8DBF78FFFE84904A87B
:10DFA000DBF781FFE74904A8DBF761FF04A8339999
:10DFB000DBF764FF04A83499DBF75BFF1AA8DBF7F3
:10DFC000B7FE29461AA8DBF778FF1AA83399DBF7C2
:10DFD00055FF1AA83499DBF74CFF0F2E80F0D28141
:10DFE000DFE806F0454C637D95A7DBFDFCFBFAF905
:10DFF000F8F7F6006FB33846F9F7C6FF04001ED0F5
:10E00000D4F8C06226B100222A213046FDF7CFFAAB
:10E0100000222B213846FDF7CAFAC4F8CCA2002210
:10E020002C213846C4F8C072FDF7C1FA26B100228F
:10E030002D213046FDF7BBFA3846FBF7C7FBBBF195
:10E04000000F1EBF002D2846F9F758F935B0BDE87E
:10E05000F08FB64AB6A102F120000090CDE901127E
:10E060000022B64B11460320F7F7C2FCFEE7B64983
:10E0700004A8DBF70CFF0022114613E0B24904A804
:10E08000DBF705FF14B9B1484469D4B394F8F00242
:10E0900000F00700012818BF032830D035E000BF8A
:10E0A0004FF0000204A800F012B9A74904A8DBF75A
:10E0B000EEFE14B9A548446944B194F8F00200F0AA
:10E0C0000700012818BF032803D004E04FF0000028
:10E0D00002E0606800E02068C0F10001E0E79C49D0
:10E0E00004A8DBF7D4FE14B9984844694CB194F8FD
:10E0F000F00200F00700012818BF032805D061686E
:10E10000CEE7FFE74FF00001CAE72168C8E7904972
:10E1100004A8DBF7BCFE1CB98C484469002CD5D0A0
:10E1200094F8F00200F00700012818BF0328D2D0AD
:10E13000CFE7854904A8DBF7AAFE200005D1834874
:10E140004069002808BF002108D090F8F01201F0C3
:10E150000701012916BF0329416801684FF0000239
:10E1600004A8DBF7A4FE78491AA8DBF790FE2CB9C7
:10E1700076484469002C08BF002008D094F8F002CB
:10E1800000F00700012816BF032860682068C0F16E
:10E1900000024FF000011AA899E06B4904A8DBF7D0
:10E1A00076FE200002D16948406940B190F8F01233
:10E1B00001F00701012916BF032940680068C0F17A
:10E1C00000014FF0000204A8DBF771FE5E4907E092
:10E1D000FDE0E9E0C0E08FE084E07BE047E015E0AF
:10E1E0001AA8DBF754FE1CB958484469002C69D0C2
:10E1F00094F8F00200F00700012818BF03285FD050
:10E2000063E000BF4FF000011AA860E0504904A885
:10E21000DBF73DFE200005D14C484069002808BFCF
:10E22000002108D090F8F01201F00701012916BF73
:10E230000329016841684FF0000204A8DBF737FEAC
:10E2400043491AA8DBF723FE2CB940484469002C47
:10E2500008BF002008D094F8F00200F00700012861
:10E2600016BF032820686068C0F10002CAE7384979
:10E2700004A8DBF70CFE200002D13448406940B10D
:10E2800090F8F01201F00701012916BF0329006878
:10E290004068C0F100014FF0000204A8DBF707FE60
:10E2A0002B491AA8DBF7F3FD14B9284844694CB18F
:10E2B00094F8F00200F00700012818BF032804D0EA
:10E2C00062689FE74FF000029CE722689AE7DBF75D
:10E2D000EEFD57E01F4904A8DBF7D9FDFF2200211E
:10E2E00004A8F4E71B491AA8DBF7D1FD0022FF219F
:10E2F0001AA8DBF7DCFD45E013491AA8DBF7C7FDD8
:10E3000014B91248446944B194F8F00200F00700CF
:10E31000012818BF032803D004E04FF0000002E0FA
:10E32000606800E02068C0F1000226E024F70008E1
:10E3300073637220213D204E554C4C00C3E8030806
:10E340006F910308099103080997030870020020E0
:10E350000D970308E94A030828491AA8DBF797FD37
:10E3600014B9274844698CB394F8F00200F0070010
:10E37000012818BF03283AD03EE04FF000011AA848
:10E38000DBF795FD002D08BF04A808D000222A2144
:10E390002846FDF70CF904A8DBF7B6FD1AA8DBF751
:10E3A000B3FD35B0BDE8F08F16491AA8DBF76FFD55
:10E3B0001CB913484469002CAFD094F8F00200F067
:10E3C0000700012818BF0328ACD0A9E711E00D49C8
:10E3D0001AA8DBF75CFD14B9094844694CB194F8FC
:10E3E000F00200F00700012818BF032804D062687B
:10E3F000C3E74FF00002C0E72268BEE709970308B1
:10E40000700200200D97030870B50020C1F89C0031
:10E4100091F8A0000C4620F0030081F8A0004FF412
:10E4200080712046FCF7FEFC10212046FCF7FAFC28
:10E430004FF480612046F7F7FBFF0020E1F7F8FA80
:10E44000502505EBC000B0F5A07FB8BF01210ADB65
:10E450000020E1F7EDFA064905EBC00081FB001052
:10E460008111A1EBE0712046BDE87040FDF7BFB817
:10E470006766666610B501460348F8F7C9FD0446AD
:10E48000F8F75EFE204610BDC8CD04082DE9F34F15
:10E49000C7B0FA484899F9F7F1FB01281CBF49B009
:10E4A000BDE8F08F4898F0F7F5FF05464898F1F77A
:10E4B0002DF80446DDF7C8F90121022600270128BE
:10E4C00008BF0E4602D0022818BF3E46132D59D071
:10E4D000012D7CD0022D7BD0082D18BF032D78D0C4
:10E4E000102D00F007812E2D00F01481182D00F062
:10E4F00035810E2D00F098810F2D00F0D2811A2D5C
:10E500001CBF49B0BDE8F08F489D2846F0F7FEFFDC
:10E5100004462846F1F76AF8449000212722204655
:10E52000FAF744FCC0B2012814BF00260126254694
:10E530002046FAF737FD81462846F9F7B3FD8145B5
:10E54000ACBF0125002594F84C0006EA050188427D
:10E5500014BF012600262046DDF791F98146002DE3
:10E56000204600F0BD81F9F79DFD2590B9F1000F1F
:10E570001CBFE06A002880F2AD81002E00F0AB8164
:10E5800000F0ABB94898F1F741F80546A0680028BB
:10E5900014BF076A0027D4F884000690D4F88800D6
:10E5A0000790D4F88C000890D4F890003A4609906F
:10E5B000114606A8DCF77FFC002206A82968DCF7D4
:10E5C00051FD287100280CBF022E49B002E01BE06B
:10E5D00029E02FE018BFBDE8F08F606F0690A06FB4
:10E5E0000790E06F0890D4F880003A4609901146F1
:10E5F00006A8DCF760FC002206A82968DCF732FDDB
:10E60000287149B0BDE8F08FF3F706FB04F19401DF
:10E61000F3F726FD49B0204604F19401BDE8F04F20
:10E620000322FDF75DBD49B02046BDE8F04F012152
:10E630000EF092BF002120460EF08EFF94F8A0004D
:10E6400020F0010184F8A0102046C4F89C70FBF76C
:10E65000BDF82046F9F721FD0646F2F76FF90546A9
:10E66000F3F7DAFAF3F72BFD042815D001281CBFC5
:10E6700049B0BDE8F08F2046FAF794FC05462046E5
:10E68000F9F710FD85422CDB49B02046BDE8F04F7C
:10E690004FF40071F7F7CCBE002D04BF49B0BDE8C0
:10E6A000F08F2046DDF7D0F8012801D0022806D0EF
:10E6B00049B03046BDE8F04F0021F2F799BA94F81E
:10E6C000A00010F0020F1ABF20F0020084F8A00092
:10E6D00040F00200ECD100BF84F8A00049B0BDE8D2
:10E6E000F08F49B02046BDE8F04F4FF48071F7F746
:10E6F0009FBE00BFF3F790FAF3F7E1FC042813BFC5
:10E70000022894F8A00020F0020049B018BFBDE82C
:10E71000F08FE1E72046FAF745FC05462046F9F779
:10E72000C1FC85420ADB4FF400712046F7F780FEFA
:10E730004FF480712046FCF775FB09E04FF48071BF
:10E740002046F7F775FE4FF400712046FCF76AFB90
:10E7500049B02046BDE8F04FFCF78CB920464FF495
:10E7600040311222FAF722FB804620464FF4403116
:10E770001322FAF71BFB074620464FF440311022C4
:10E78000FAF714FB064620464FF440311122FAF7FF
:10E790000DFB054620464FF440316822FAF706FB90
:10E7A000824620464FF440316922FAF7FFFA81464B
:10E7B0002046FAF7F7FB00EB4A0B2046F9F772FC0C
:10E7C00000EB49008345204604DAFAF7EBFB00EB47
:10E7D0004A0003E0F9F766FC00EB49004010B84539
:10E7E000CCBF41463946B542CCBF2A46324691425B
:10E7F00004DDB845D4BF3D46454602E0B542D8BF2A
:10E8000035462844851C4FF440312046F8F74BFB31
:10E8100044194898F0F7FAFE0168A142C8BF0C46B7
:10E82000046049B0BDE8F08F4898F0F7D3FE132894
:10E8300018BF112813D014281EBF122849B0BDE8F4
:10E84000F08F94F8A00010F0020F204621D0DDF7E1
:10E8500000F8411E01222046DDF756F832E094F818
:10E86000A00010F0020F0BD12046DDF701F8411C8B
:10E8700001222046DDF7C2F824E00000C8CD0408DC
:10E880002046DCF7E6FF411C01222046DDF73CF87C
:10E8900018E0DCF7EDFF411E01222046DDF7AEF85F
:10E8A00010E04898F0F7B4FE054694F8A00010F088
:10E8B000020FE5D12046DCF7DBFF4119012220469B
:10E8C000DDF79CF849B02046BDE8F04F002220213A
:10E8D000FCF76DBE0EB1E76B13E0676C11E000BF93
:10E8E000FAF760FB2590B9F1000F1CBFE06A002821
:10E8F00001DA0EB103E016B1D4F8488001E0D4F893
:10E9000040806846E4F706FF6A464FF440312046EF
:10E91000FAF7A8FD2598A34655B1A7EB6008401E5D
:10E9200008EB000ADBF81890DBF820001F9008E0E5
:10E93000A8EB6009401E48441F90DBF81CA0DBF8E0
:10E94000148020464FF440311222FAF72FFA299012
:10E9500058464FF440311322FAF728FA21905846CE
:10E960004FF440311022FAF721FA289058464FF41C
:10E9700040311122FAF71AFA279058464FF44031E5
:10E980006822FAF713FA074658464FF440316922D5
:10E99000FAF70CFA29991F9B3944A8EB0108219931
:10E9A00039440AEB010228990144A9EB0107279990
:10E9B00008441844C4E92320C4E921872046DCF731
:10E9C00043FF012801D0022808D004F184026946DF
:10E9D0004498E4F743FC49B0BDE8F08F70226946E3
:10E9E00028A8F7F709F904F1840269464498E4F786
:10E9F00035FC9DB1002E20460CBFD4F83C80D4F8E5
:10EA00004480064625987DB1A8EB6007401E07EBC1
:10EA10000009D6F820A0D6F818800DE0002E204678
:10EA200014BF276CA76CECE7A7EB6008401ED6F874
:10EA30001C90776908EB000A20464FF440311222FF
:10EA4000FAF7B4F9269030464FF440311322FAF722
:10EA5000ADF9219030464FF440311022FAF7A6F973
:10EA6000259030464FF440311122FAF79FF90546C0
:10EA700030464FF440316822FAF798F98346304621
:10EA80004FF440316922FAF791F9269A014602EBD8
:10EA90000B00219A3B1A02EB0B0009EB00022598B0
:10EAA0006367084429445144C4F88010A8EB00006F
:10EAB000C4E91E02702228A96846F7F79DF804F100
:10EAC000740269464498E4F7C9FB49B0BDE8F08F89
:10EAD000DCF7CEBEDCF7E6BE0FB40A4608B505A9E2
:10EAE000009101460348049B04F0CCFD01B05DF8A1
:10EAF00014FB00009F24000800B583B040F20470AE
:10EB0000F6F7D0FF09490028C1F8E4011CBF03B0A3
:10EB100000BD07A20EA0009009A1CDE901120022BC
:10EB2000134B11460320F6F763FFFEE77002002047
:10EB30004F7574206F66206D656D6F7279000000EF
:10EB4000737461636B20213D204E554C4C000000D6
:10EB500041737365727465642061742065787072A6
:10EB6000657373696F6E3A20257320282573290019
:10EB700010CE040810B50C46182104F13C00F6F73D
:10EB80005CFE0020411EC4E90B10A16C606321F003
:10EB90000301491C21F00401A06341F00800A064B6
:10EBA00010BD70B50D4601F13C00F6F727FE0400DC
:10EBB00014BF002670BD014605F13C00F6F7E6FEE5
:10EBC000206830B1217D11F0010F02D1F1F770F909
:10EBD000266004F1080000F061FF2046F1F768F9B3
:10EBE00005F13C00F6F70AFE0400E4D170BD000018
:10EBF0002DE9F8430F465948F9F740F8012818BFA6
:10EC0000BDE8F8833846F0F745FC05463846F0F78E
:10EC10007DFC04461A2D18D02F2D18BF2E2D21D083
:10EC2000312D18BFBDE8F88300252E463846F0F791
:10EC3000EDFC0746A06C00F0030101291ED002295B
:10EC400051D010F0030F6AD07BE03846F0F75EFC3D
:10EC500004463846F0F7CAFC01462046BDE8F843B2
:10EC6000E4F7B0BDA06C40F00800A0642046FAF7BD
:10EC7000ADFD2046BDE8F843FBF71FBF10F0080FBD
:10EC80002ED00021204600F03BFA6063A04600250C
:10EC900004F13C00F6F7B2FD06001CD0C1466A46FE
:10ECA0005A2106F1080000F0C6FD012808BF0098AF
:10ECB00004D0484600215A22FAF778F8F1F7EEF826
:10ECC000A842D8BF28460546314608F13C00F6F771
:10ECD000A9FD0600E2D1A563A06C20F00800A064A5
:10ECE000D4E90D562DE02046F9F70DF90546786870
:10ECF000002826DB606BA84202BF94F8480010F0A1
:10ED0000080FA66B1DD02946204600F029F8C4E95B
:10ED10000D500646A06C20F00800A06411E0386891
:10ED20000028B8BF002503DB2046F9F7ECF80546BC
:10ED300078680028B8BF002603DB2046F9F7ACF856
:10ED400006463868A842C8BF05463D607868B042AC
:10ED5000C8BF06467E60BDE8F8830000ECCD04081D
:10ED60002DE9F34F9FB00C461F980B903C30F6F7FF
:10ED700045FD002818BF002CDEBF002021B0BDE8F3
:10ED8000F08F00215C221F98FAF710F81F9A0F9459
:10ED90000990116B01F0C040B0F1005F19D1C54B73
:10EDA00021F0C040984214DC92F8481001F00301B1
:10EDB000012908BF00210CD0B0F1805FA4BF6FF023
:10EDC0007041081A6043BC4981FB00104111A1EB5E
:10EDD000E071651A00221CA8FDF7B4FC0B983C30CA
:10EDE000F6F70CFDD0F800900446B9F1000F09D1F8
:10EDF0000FF2C829B2A000220090BB4B114603209D
:10EE0000F6F7F6FD4FF0000A1C22514611A8F7F75D
:10EE10006BF8002018900B98C06A0028B8BF6FF0FC
:10EE200000401A90002C00F03D8100BF4FF0000B15
:10EE3000CDF81CB019F80A0018B1BAF1000F1AD0B9
:10EE400043E00B9821463C30F6F7ECFC040000F060
:10EE50001981D4F80090B9F1000F09D10FF25C29A3
:10EE600097A000220090A04B11460320F6F7C0FDAA
:10EE70004FF0000ADEE7119402AA5A2104F10800BB
:10EE80001F9E00F0D8FC012808BF029804D0002182
:10EE90005A223046F9F78AFF139002AA5B2104F147
:10EEA00008001F9E00F0C7FC012808BF029804D08C
:10EEB000304600215B22F9F779FF17901398F0F79D
:10EEC000EDFF01460998084416900026DDF84CC075
:10EED000179A3746069619EB0A08314606A81CBF52
:10EEE00098F80030002B00F0BC80CDE900012B46E3
:10EEF0006146404601F096FE18F80010064661B9DA
:10EF0000069AAA4209DA00287ED008EB060010F81B
:10EF1000010C0A2818BF0D2876D14FF00107002EEA
:10EF200018BFBBF1000F6FDD069802900B982146C9
:10EF30003C30F6F777FC002818BF029803D11799E8
:10EF40000298401A029085427EDB684A0C96404641
:10EF500012680CA99047664A00900AEB06001268F6
:10EF60004844002190478446009800281CBF0A2886
:10EF70000D2876D05FA2014612784FF000004AB10A
:10EF80005CA31B5C8B426CD0401CC0B259A31B5CC1
:10EF9000002BF5D1080023D0A0F59C41B1F5A44F7A
:10EFA0005FD36FF47F4101445D2984BFA0F54051D8
:10EFB0003F2956D9A0F53A517F2984BFA0F5475182
:10EFC0002F294ED9A0F54151BF2982BFA0F57E411E
:10EFD00010390F2945D9A0F57E4030381F2840D977
:10EFE0005FEA0C003DD0A0F59C41B1F5A44F38D3A9
:10EFF0006FF47F4101445D2984BFA0F540513F2952
:10F000002FD9A0F53A5100E02BE07F2984BFA0F56D
:10F0100047512F2925D9A0F54151BF2981BFA0F51E
:10F020007E4110390F29ACF57E4084BF30381F284F
:10F0300017D96046BCF10A0F18BFBCF10D0F10D0F4
:10F0400001464FF0000000E01CE0DAB129A2125C9A
:10F050008A4206D0401CC0B226A2125C002AF5D11A
:10F0600010E0169A07990698CDF848801496B24495
:10F0700015908A421CDC2D1A0BF1010B17B9002DDB
:10F080003FF7D8AE00201C901D9907980F9D0844AB
:10F090001D9018981A99401C1890884202DA002C8A
:10F0A0007FF4C4AE1D99099821B0081ABDE8F08F0D
:10F0B0000792E0E7FEFFFF1F1F85EB5100000000F5
:10F0C0006F6363757220616E206572726F72207457
:10F0D000686174207370616E2074657874203D3DA2
:10F0E000204E554C4C0000005ACE040814BD0408B4
:10F0F000F0BC0408202C2E3B3A2D5F295D7D0000DA
:10F100002DE9F04F824683B088463C30F6F776FB17
:10F11000002804BF03B0BDE8F08FDAF8306006F0D5
:10F12000C040B0F1005F05D1364926F0C0408842AA
:10F13000D8BF002600250AF13C00F6F75FFB04006B
:10F1400018BFDFF8C49058D055466A465A2104F1DA
:10F15000080000F070FB012808BF009804D0284682
:10F1600000215A22F9F722FE834655466A465B2162
:10F1700004F1080000F05FFB012808BF009804D0EC
:10F18000284600215B22F9F711FE05460020019078
:10F19000276847B91D4F0022381D00901C4B1146AF
:10F1A0000320F6F725FC0198385CF8B1B8F1000FA0
:10F1B00005D0464503D303B04046BDE8F08FD9F8EB
:10F1C000002001A93846904700900198D9F8002006
:10F1D000384400219047024658460099F0F7F2FD66
:10F1E000304446190198385C0028DFD121460AF1E5
:10F1F0003C00F6F717FB0400A6D103B0701BBDE876
:10F20000F08F0000FEFFFF1FF0BC0408BCF00208F6
:10F210005ACE040810B500204867D1F884000C4687
:10F2200020F0FF00401DC1F884000120C1F88000DB
:10F230000C4888674042C867D1F88400012120F457
:10F24000E06000F58060C4F88400204602F078FF9A
:10F250000121204602F0FAFE2046BDE8104000F0F1
:10F26000B1B900009F8601002DE9F0410F46D34857
:10F27000F8F704FD012818BFBDE8F0813846F0F723
:10F2800009F906463846F0F741F9CD4D0446082EF7
:10F290001DD00E2E18BFBDE8F081F2F7BDFCF2F7CD
:10F2A0000EFF06463846F0F7B1F90168132900F061
:10F2B000CA80142900F0FE80112900F0398112293A
:10F2C000204600F05681BDE8F04102F0B5B8F2F7F3
:10F2D000A3FCF2F7F4FE01260A27042868D1204691
:10F2E000F8F7DBFEF1F72AFB002861D0D4F8841090
:10F2F00001F00F00012898BFBDE8F081C1F3412162
:10F30000022921D0421E0A200021FDF76BFAD4F811
:10F310008020D317101A73EB0100204641DAD0E9A0
:10F320001E310029CCBF8C46C1F1000C6345C8BF1B
:10F33000194602DC0029D8BF494202EB8202520082
:10F340008A4200F3CF8029E0D4F88010012909DD3A
:10F3500085FB01218A10A2EBE171204600297DDCAA
:10F3600001217FE0821E0A200021FDF73BFA0246C0
:10F37000C4F880002046D0E91E310029CCBF8C465D
:10F38000C1F1000C6345C8BF194602DC0029D8BF93
:10F39000494202EB820252008A427BDCC0F88020A4
:10F3A000A0E00121C0F88010BDE8F04100F00AB9EA
:10F3B000204602F041FE054600F032FAE16C6A5C3C
:10F3C0002E2A06D0814208D1411E204602F046FE78
:10F3D0000BE0204602F09EFA07E031B9E06F00280A
:10F3E00003DA0121204602F039FED4F88410E06CE3
:10F3F000C1F30312904203D911F0F00F18BF401E61
:10F4000001F00F01491E081AE16F0029B8BF401C26
:10F41000C4F8806090B110F0010F18BFC4F880707C
:10F4200040080BD0D4F8801001EB8101490001EBBA
:10F4300081014A00C4F88020401EF3D12046BDE877
:10F44000F04100F0BFB8042E204611D0D0F8801053
:10F4500085FB01218A10A2EBE17100E002E00029A6
:10F460007FF77EAFC0F88010BDE8F04100F0AAB889
:10F47000416F0A1E08DAD0F8803001EB030CBCF1B2
:10F48000000FC4BF5A185242D0F880301344826F24
:10F49000934200E026E0D8BF1A4607DDB0F884307A
:10F4A00013F4807F02D0914208BFC26F91427FD196
:10F4B000BDE8F081042E204618D0D0E91E21002995
:10F4C000D4BF4B420B469A42C8BF114602DC00290A
:10F4D000D8BF4942D0F8802002EB820252008A4213
:10F4E0007FF75CAFBDE8F04100F06CB8416F0A1ED9
:10F4F00005DDD0F88030B2EB030C48BF991AD0F884
:10F500008030CB1AC16F8B42A8BF194607DAB0F81A
:10F51000843013F4807F02D08A4208BF816F8A4210
:10F5200008BFBDE8F0814167BDE8F04100F04AB88E
:10F53000616F20460A1E08DAD0F8803001EB030C18
:10F54000BCF1000FC4BF5A185242D0F880301344A7
:10F55000826F9342D8BF1A4607DDB0F8843013F4A7
:10F56000807F02D0914208BFC26F914220D1BDE896
:10F57000F081416F0A1E05DDD0F88030B1EB030C3D
:10F5800048BF5A1AD0F88030D31AC26F9342A8BF2E
:10F590001A4607DAB0F8843013F4807F02D0914223
:10F5A00008BF826F914200E002E008BFBDE8F08131
:10F5B0004267BDE8F04100F005B800006CCE0408D9
:10F5C00067666666F0B5054691B0002009900A901E
:10F5D0000B900C9006460D90E86F09AC0028A8BF70
:10F5E000012607DA686F0028ACBF2B202D208DF88C
:10F5F0002400641C6B6F002BD8BF5B4243A20E211A
:10F6000003A8FFF769FA03A800F00AF995F8841037
:10F6100003AB01F00F01B1EB000C2ED0471C002F03
:10F6200018DD19184A1C00EB0C011944491C10F094
:10F63000010F03D112F8010D01F8010D781009D066
:10F6400012F8017C01F8017C12F8027D01F8027DBC
:10F65000401EF5D1BCF1000F0FDD591E1CF0010F4B
:10F660004FF0300218BF01F8012F5FEA6C0004D0A0
:10F670004A7001F8022F401EFAD1D5F8840010F02C
:10F68000F00F0CBF00F00F07C0F30317002102E0DA
:10F6900004F8010B491CB94202DA585C0028F7D182
:10F6A00095F8840010F0F00F10D02E2004F8010B14
:10F6B00003E000BF04F8010B491C95F8840000F03A
:10F6C0000F00884202DD585C0028F3D109A92846C2
:10F6D00002F070FD95F88410D5F8800001F00F015C
:10F6E0000A28A8BF0A4A07DB82FB00308310A3EB7D
:10F6F000E070491E0A28F7DAB94288BF491C891B05
:10F70000284602F0ABFC11B0F0BD000025640000FB
:10F710006766666670B50C4698B002212046FBF716
:10F7200081FB4FF47A76C82500212046DAF79EFA4D
:10F7300002A8DAF7FDFA214602A8DAF7BEFB1F4954
:10F7400002A8DAF7A4FB4FF0FF3102A8DAF7A7FB13
:10F75000314602A8DAF792FB4FF40C72294602A850
:10F76000DAF7A5FB02A8DAF7CFFB154902A8DAF70A
:10F7700090FB4FF480600090002340F251224FF440
:10F78000D77102A8DAF76AFB4FF4B472002102A81D
:10F79000DAF78DFB0B4902A8DAF779FB02A8DAF752
:10F7A000B3FB4FF4B47200212046DBF7EBF84FF4C3
:10F7B00087712046DBF788F918B070BDC72D0008A7
:10F7C000659D0008CB2D000802782AB10B789A427B
:10F7D00004BF401C491CF7D00978D0B2401A7047CA
:10F7E0004FEA000311F8012B00F8012B002AF9D190
:10F7F0001846704770B501780446002219B1521CB2
:10F80000835C002BFBD1551C2846F6F74BF906000C
:10F8100008BF70BD2A462146F6F7EEF9304670BDA6
:10F82000014600200A78002A08BF7047401C0A5C85
:10F83000002AFBD1704770B40346047A0120D3F844
:10F8400000C0FF2C05D000230CEB8405002C1DD933
:10F8500011E09CF800400023C4B11CF833408C42F6
:10F8600003D10CEBC30149680AE05B1C1CF8334070
:10F87000002CF2D10AE0EE5C8E4204D15CF8231039
:10F88000116070BC70475B1C9C42F4D870BC0020B7
:10F8900070470C220021F6F727BB007A00280CBF26
:10F8A000012000207047000082B000223C490192F4
:10F8B0003E280B68009370D02ADC29286DD015DC17
:10F8C000222802BFC86802B0704708DC052811BFB3
:10F8D0000728886902B070471C2847D040E02328D9
:10F8E0004FD0242818BF252857D039E0392848D0D0
:10F8F00009DC312845D032284FD0342802BF0869AE
:10F9000002B070472CE03A2847D03D2839D027E094
:10F91000592842D010DC4D283FD006DC44283CD08A
:10F92000452818BF4C282CD01AE0522829D053283B
:10F9300033D0582825D013E06C2814D009DC5A287D
:10F9400002BF486902B070475F2818BF602824D002
:10F9500006E06D2807D0742802BFC86902B070475E
:10F96000104602B07047486802B07047BDF800000A
:10F97000ADF804009DF802008DF80600019802B071
:10F980007047BDF80400ADF800009DF806008DF842
:10F990000200009802B07047FFE7886802B0704725
:10F9A00000BC0408FF280ABF3F20002870478D28AC
:10F9B0003EBF0749085C70478D38C0B2054A116BDD
:10F9C00000291CBF926A824294BF0020085C7047E5
:10F9D00020BC0408700200202DE9F8430446007A98
:10F9E0000F46FF2834D0002808BFBDE8F8832668FA
:10F9F0004FF0000206EB800538D9A95CB94232D13C
:10FA0000401E00EB8000F6F74DF801002ED021607B
:10FA1000207A401EC0B2207201EB80030020024613
:10FA200015F802C0BC4508D056F8228041F8208065
:10FA300015F802C003F800C0401C94F808C0521C1E
:10FA40009445EDD23046F0F733FA0120BDE8F88353
:10FA500008A000220090104B11460320F5F7C8FFC4
:10FA60000020BDE8F883521C9042C6D80020BDE8B3
:10FA7000F883000043616E6E6F742072656D6F765F
:10FA8000652070726F702066726F6D20636F6E7389
:10FA900074207374796C6500C4BC040810B5044606
:10FAA000007AFF281CBF2068F0F702FA0C222046DB
:10FAB000BDE810400021F6F717BA0A46642100F0AD
:10FAC000C3B803B482B0BDF80C10ADF800109DF8B7
:10FAD0000E108DF80210009A522104B000F0B4B854
:10FAE0000A46512100F0B0B80A46502100F0ACB8E7
:10FAF00003B482B0BDF80C10ADF800109DF80E10E4
:10FB00008DF80210009A1C2104B000F09DB803B4D7
:10FB100082B0BDF80C10ADF800109DF80E108DF8F5
:10FB20000210009A232104B000F08EB80A4620216A
:10FB300000F08AB80A46282100F086B80A461D213E
:10FB400000F082B803B482B0BDF80C10ADF800101C
:10FB50009DF80E108DF80210009A312104B000F0CB
:10FB600073B80A46322100F06FB80A46352100F01A
:10FB70006BB80A46342100F067B80A46302100F01D
:10FB800063B80A462D2100F05FB80A46612100F0F3
:10FB90005BB80A46622100F057B80A46022100F01D
:10FBA00053B80A46032100F04FB803B482B0BDF841
:10FBB0000C10ADF800109DF80E108DF80210009A90
:10FBC0004C2104B000F040B80A464B2100F03CB88C
:10FBD0000A46482100F038B80A46072100F034B838
:10FBE00003B482B0BDF80C10ADF800109DF80E10F3
:10FBF0008DF80210009A392104B000F025B80A46A9
:10FC00003A2100F021B80A463B2100F01DB80A460F
:10FC1000382100F019B80A46112100F015B80A463B
:10FC2000152100F011B80A46122100F00DB80A465D
:10FC3000132100F009B80A46142100F005B80A465D
:10FC4000102100F001B80000F0B50D46017A01273F
:10FC500083B00446FF2913D0E5B123681646002B74
:10FC600027D0481E03EB8102B0F1FF3F21DD00BF2A
:10FC700012F800C0AC4518D143F8206003B0F0BDC5
:10FC800029A000220090324B11460320F5F7B0FE68
:10FC900003B0F0BD2FA136A0CDE9000100222C4B0E
:10FCA00011460320F5F7A4FEFEE7401EB0F1FF3F2A
:10FCB000DEDC481C00EB80011846FDF7C5F80100AA
:10FCC00004BF03B0F0BD2160207A01EB8002431E27
:10FCD00012D31A44531C10F0010F02D013F8010D77
:10FCE0001871207A400807D013F8012CDA7013F845
:10FCF000022D401E1A71F7D1207A401CC0B201EBD0
:10FD00008002521E20728554207A01EB800040F858
:10FD1000046CA8081E2888BF1F2007FA00F061683D
:10FD20000843606003B0F0BD43616E6E6F74207372
:10FD300065742070726F7065727479206F662063CD
:10FD40006F6E7374616E74207374796C650000005B
:10FD5000D9BC040870726F7020213D204C565F534F
:10FD600054594C455F50524F505F494E5600000069
:10FD70004173736572746564206174206578707274
:10FD8000657373696F6E3A20257300000A460C2173
:10FD9000FFF75ABF0A467421FFF756BF03B482B07B
:10FDA000BDF80C10ADF800109DF80E108DF8021083
:10FDB000009A3D2104B0FFF747BF0A464121FFF7F3
:10FDC00043BF0A463E21FFF73FBF0A464221FFF7E5
:10FDD0003BBF0A463C21FFF737BF0A465E21FFF7CB
:10FDE00033BF03B482B0BDF80C10ADF800109DF81D
:10FDF0000E108DF80210009A582104B0FFF724BFAE
:10FE00000A465A21FFF720BF0A465C21FFF71CBFB4
:10FE10000A466921FFF718BF0A466821FFF714BF99
:10FE20000A466621FFF710BF0A460121FFF70CBF03
:10FE30002DE9F0471546DDE908980F461E460446B1
:10FE400014220021F6F750F82760002D08BF044D5A
:10FE5000C4F81090C4F80480C4E90256BDE8F087E5
:10FE6000E99D00082DE9F04184B01F4616468846FA
:10FE7000050027D0287B10F00F0004BF04B0BDE8B8
:10FE8000F0812846F5F732FD040028D01422002125
:10FE9000F6F72AF8C4E90058C4E90267206940F07F
:10FEA000040020612EB12346262213493046F6F77E
:10FEB000AEFA626812B129462046904704B0204647
:10FEC000BDE8F08115A000900CA210A1CDE90112AF
:10FED00000221A4B11460320F5F78AFDFEE70FA01A
:10FEE000009017A21AA1CDE901120022134B11466E
:10FEF0000320F5F77DFDFEE7FDD403084E554C4C7D
:10FF000020706F696E746572000000007375626A1C
:10FF100065637420213D204E554C4C004173736540
:10FF2000727465642061742065787072657373699A
:10FF30006F6E3A202573202825732900DBBD040845
:10FF40004F7574206F66206D656D6F7279000000CB
:10FF50006F6273657276657220213D204E554C4C60
:10FF600000000000F0B583B00746F5F747FC040039
:10FF700018BF012624D021463846F5F753FC054624
:10FF8000207C10F0040F08D01849A068FAF770FE22
:10FF90003A460021A068FAF7D7FEBCB12068214696
:10FFA00086612068F5F7F2FC207C10F0010F1CBF81
:10FFB000E068EFF77DFF2046EFF77AFF2C00DAD1FB
:10FFC00003B03846BDE8F040F5F704BC084A094BD9
:10FFD00002F1100101F114000090CDE9011200229C
:10FFE00011460320F5F704FDFEE70000FDD40308E9
:10FFF00050C302081BBE0408017B01F00F01032956
:020000040803EF
:1000000014BF00200069704770B50D4604462022D9
:100010000021F5F769FFE06820F00F00C01CC4E97B
:10002000030520466561BDE870401421F5F705BC65
:1000300070B584B005001BD0F5F7E0FB010008D0D7
:10004000086920F0020008612846F5F7EBFB010083
:10005000F6D100262846AE61F5F7D0FB040025D086
:100060006268002A1CD0207C10F0020F0DD017E02F
:1000700019A0009010A214A1CDE9011200221E4B7C
:1000800011460320F5F7B4FCFEE7294620469047C9
:10009000287E10F0010FDDD1206940F002002061C0
:1000A00021462846F5F7BEFB0400D9D1287E10F082
:1000B000010FCFD104B070BD4E554C4C20706F690C
:1000C0006E746572000000007375626A6563742067
:1000D000213D204E554C4C0041737365727465642C
:1000E0002061742065787072657373696F6E3A2051
:1000F000257320282573290045BE0408027B02F0E1
:100100000F02032A18BF70470269C0E90412FFF703
:100110008FBF00684FF0FF31C162F9F757BBC16272
:10012000F9F754BB10B54FF0FF300C46C8621021F0
:100130002046FAF777FE08212046F6F779F920469F
:10014000BDE810404FF48061F6F772B9084600210F
:10015000D9F78CBD2DE9F041C6B08846A048F7F725
:100160008DFD01281CBF46B0BDE8F0814046EFF789
:1001700091F904464046EFF7C9F90546182C7CD0A2
:10018000202C00F0D9801A2C1CBF46B0BDE8F081AD
:100190004046EFF7BBF904464046EFF727FA07461B
:1001A00042A92046F7F706FE22A8E3F7B3FA22AAEF
:1001B0004FF400312046F9F755F942AA22A93846F2
:1001C000E3F74CF82046F7F76DFF054604F11400FD
:1001D000DAF76CFEA0EB0508E06AB0F1FF3F00F033
:1001E000F58000FB08F0C11700EB116006122046F5
:1001F00000212722F8F7DAFDC0B2012808BFA8EBDA
:10020000060660690090A0690190E0690290206A8A
:1002100003900098002D30440090CCBF691E00214F
:100220000844029020464FF440311222F8F7BEFDF8
:10023000054620464FF440311322F8F7B7FD064635
:1002400020464FF440311022F8F7B0FD804620469A
:100250004FF440311122F8F7A9FD01460098401BE8
:1002600000900298304402900198A0EB08000190A1
:1002700003980844039004A800E00FE0E3F74AFA6B
:1002800004AA4FF440312046F9F7ECF86A4604A975
:100290003846E2F7E3FF46B0BDE8F0814FF4403165
:1002A0001222F8F783FD074628464FF44031132207
:1002B000F8F77CFD064628464FF440311022F8F747
:1002C00075FD044628464FF440311122F8F76EFDC3
:1002D000B742CCBF39463146A042CCBF0246224687
:1002E000914204DDB742D4BF3046384602E0A04216
:1002F000D8BF2046841C4FF440312846F6F7D3FD82
:1003000006194046EFF782F904460068B042C8BFBC
:1003100006464FF4003128462660F6F7C4FD014634
:100320002068814204DB4FF400312846F6F7BBFD1C
:10033000206046B0BDE8F08100216422F8F736FD68
:10034000070033D02846F8F7F1FCEC6A00F0010012
:10035000B4F1FF3F30D0061C18BF4FF48076A01BCD
:100360000028D8BF301B00DDA01B7843070A0021FE
:100370002846D9F77BFC6846D9F7DAFC2946684657
:10038000D9F79BFD17496846D9F781FD32462146CA
:100390006846D9F78CFD14496846D9F768FD394697
:1003A0006846D9F76BFD6846D9F7AEFD46B02846DA
:1003B000BDE8F041F9F70ABA002819BF00244FF44C
:1003C00080764FF480740026C9D1CDE72046F8F737
:1003D000ADFC10F0010F14BF4646002607E70000F1
:1003E000B4CE04081F01030813010308704700007E
:1003F00010B520B9DFF716FB002808BF10BDDFF7E6
:1004000041FBF3F72DFB044600227F21FBF7B3FBF2
:10041000DEF76AFF014600222046FBF797FBDFF775
:10042000CCF8014600222046FBF7F0FB0022032116
:100430002046FBF7D7FB002203212046FBF7D7FB22
:10044000002203212046FBF7D7FB00220321204690
:10045000FBF7C3FB02A12046F4F7D8FC204610BDF1
:100460003F00000070B5040004D1DFF7DBFA0400A0
:1004700008BF70BDDFF706FBF3F7F2FA054600226E
:100480007F21FBF778FBDEF72FFF0146002228468D
:10049000FBF75CFBDFF791F8014600222846FBF7EB
:1004A000B5FB002203212846FBF79CFB0022032119
:1004B0002846FBF79CFB002203212846FBF79CFB08
:1004C000002203212846FBF788FB19492846F4F748
:1004D0009DFCC4F81053002D08BF70BD04F54E718B
:1004E00004F54570FFF790FD00231A460621D4F865
:1004F0001003F6F713F900230E4904F54570D4F8FC
:100500001023FFF7AFFC22464FF496710A4802F021
:100510005FF80023C4F834031A4608492046DFF781
:10052000E9F8D4F81003BDE870400121FAF77ABC6D
:1005300060040308D14B0308294C0308F14A03085F
:1005400010B50120C86208630C460420F5F7AAFA2A
:10055000E063206B8000F5F7A5FAA063E16B6320F0
:100560000860A16B0860D4E90B1048438100606B00
:10057000FCF76AFC00216063016010BD70B50C4699
:100580000025D4E90B01484318BF002619D0606B41
:1005900050F8250078B1406828B1EFF789FC606B0E
:1005A00050F825004660606B50F82500EFF780FC9E
:1005B000606B40F82560D4E90B0148436D1CA842EC
:1005C000E5D8606B002818BFEFF772FCA06B00281D
:1005D00018BFEFF76DFCE06B002808BF70BDBDE8E9
:1005E0007040EFF765BC00002DE9F04385B0894607
:1005F000B648F7F743FB01281CBF05B0BDE8F08300
:100600004846EEF747FF07464846EEF77FFF0546A8
:100610002C462F2F1CD0312F21D04FF000084FF641
:10062000FF76012F18BF022F50D0082F7ED0102F39
:1006300000F0E5800E2F00F0E8801A2F1CBF05B0F7
:10064000BDE8F083484605B0BDE8F043D4F728BBC9
:1006500005B02046BDE8F043002105F0E3BB484665
:10066000EEF7D4FF0546E26A002092B1E16B091F64
:1006700012F0010F18BF51F8040F0023520807D0E1
:10068000D1F804C0521E604451F808CF6344F7D13A
:100690001844236B002193B1A26B121F13F0010FBA
:1006A00018BF52F8041F4FF0000C5B0806D05468C6
:1006B0005B1E214452F8084FA444F8D16144401E07
:1006C0002860481E686005B0BDE8F0836F46F1F70A
:1006D000A3FAF1F7F4FC01281FBF0328009605B028
:1006E000BDE8F083F1F798FA02A9F1F7B9FC2846C2
:1006F000F7F73CFF02992722461828460021F8F711
:1007000055FBC0B201284BD068690021361A284633
:100710001222F8F74BFB321AE96A002046460029FC
:100720000BD9E96B51F82610084400E041E0824201
:1007300003DBE96A761C8E42F3D3F7B12846F7F75C
:100740001BFF039910220144A8690F1A28460021B3
:10075000F8F72CFBCDF80080391A2A6B0020002A0C
:100760000BD9AB6B009A53F822301844814204DB5A
:10077000521C00922B6B9A42F3D3206CB04206D1EC
:10078000606C0099884204BF05B0BDE8F083266420
:10079000009860642846F9F719F805B0BDE8F083C1
:1007A000284600211322F8F701FBE969081A821B89
:1007B000B2E72046F9F70AF8F1F72EFAF1F771FCE3
:1007C000216CB1421CBF616CB1420CD058B94FF0E2
:1007D00000024FF020012846FAF7E9FE01281CBF6D
:1007E00005B0BDE8F083F1F717FAF1F768FC0128CE
:1007F00012BF03282664666405B0BDE8F08305B027
:100800002046BDE8F043F8F7E1BF4846EEF7FEFEAC
:100810000268216C606C0F468146B14218BFB0423D
:100820000CD1C4F840802846C4F8448008F05DFE2E
:1008300005B02846BDE8F043F8F7C8BFD4F82CC08F
:100840008C45D8BF0021236B8342D8BF0020142AD7
:1008500008BF491E0DD0132A08BF491C09D0112A10
:1008600008BF401E05D0122A0EBF401C05B0BDE8CF
:10087000F083614507DB591E8842BABF0021401C46
:10088000ACF1010107E0002905DA00281ABFACF13C
:100890000101401E00219842AEBF581E00280020D2
:1008A0008F4202BF814505B0BDE8F083C4E9101056
:1008B0002846F8F78BFF284608F017FE05B02846B3
:1008C000BDE8F04300222021FAF771BED8CE04081B
:1008D00070B500200C4681F83000144920460A46C5
:1008E000FBF7D8F82046F6F7CDFC2046F6F7CAFC11
:1008F00005460021FAF79BFE00231A460C492846BC
:10090000F5F785FD00212846FBF7B0F804212046C5
:1009100000F09EF880212846F5F78AFD2846BDE8BC
:1009200070404FF48061FAF77DBA00006400002047
:10093000ED3D000870B50D460A48F7F79FF901280C
:1009400018BF70BD2846EEF7A5FD04462846EEF711
:10095000DDFD2E2C18BF70BD0022C16ABDE87040BD
:1009600000F002B8B0CF04082DE9F05F0D469146C3
:10097000044606460121F7F79BF9804620460021F0
:10098000F7F796F9074620460021F7F791F92F4926
:10099000F7F7E0F9854228BF451E2046FBF746FCE5
:1009A000B8F1000F08BFBDE8F09F96F830004FF097
:1009B000000110F00C0F404621D01522F8F7F6F98F
:1009C00082464046F7F79FFA8346204600212722B9
:1009D000F8F7ECF9C0B2012808D00AEB0B0000FBD5
:1009E00005F14A464046FAF789FD16E068420AEBEF
:1009F0000B0141434A464046FAF780FD0DE01422C0
:100A0000F8F7D4F904464046F7F746FA204400FBCD
:100A100005F14A464046FAF78BFD00240B4A214671
:100A20003846F7F759F970B1AC420CBF01220022E9
:100A30000121FBF75BF8641C044A21463846F7F7AE
:100A40004BF90028F0D1F562BDE8F09FA4C004087E
:100A50002DE9F0410D4604460646092919D2DFE882
:100A600001F0180F1418051818180A000121204663
:100A7000FAF7DDFD0DE009212046FAF7D8FD08E080
:100A800000212046FAF7D3FD03E008212046FAF7BB
:100A9000CEFD20460021F7F70BF90746204601213D
:100AA000F7F706F934498046092D35D2DFE805F01D
:100AB000341D1D340534343405004046FBF7C5F8B9
:100AC00001214046FAF7BFFD00213846FAF7AFFD95
:100AD00000214046FAF7ABFD03214046FAF7B0FF8C
:100AE00000214046FAF7B7FF16E04046FAF7B7FD97
:100AF00001214046FAF7A7FD01213846FAF797FD94
:100B000001214046FAF793FD00214046FAF798FF8D
:100B100003214046FAF79FFF96F8300010F00C00D2
:100B200018BF012015F00C0F14BF4FF001084FF053
:100B3000000840451BD02046F7F726FADEF778FF7D
:100B40000446B8F1000F4FF0640009D0FBF780FCB9
:100B500004EBD4714A1001463846FAF79BFF06E0D1
:100B6000FBF776FC024621463846FAF793FF86F8F3
:100B70003050BDE8F0810000640000202DE9F0470E
:100B800090460C46050008BFBDE8F087FEF748FE1A
:100B9000DFF85C9007462146D9F8082028469047A0
:100BA00004462819D9F808200646414690473B1AC2
:100BB0009C4288BFBDE8F08720442844421E711E35
:100BC000181B10F0010F03D112F8013F01F8013F8B
:100BD000401C401008BFBDE8F08753784B7012F8F6
:100BE000023F01F8023F401EF7D1BDE8F087000048
:100BF000ECBC04082DE9F041094D164688466A68A8
:100C00001C46074619469047C8F8000020B12068E6
:100C10006A683844002190473060BDE8F0810000E8
:100C2000ECBC04082DE9FF4F93B0814620990020C9
:100C3000002918BF0860B9F1000F1FBF99F8001014
:100C400000291499002902BF002017B0BDE8F08FD9
:100C50004FF000010491219911F0030F18BF0020FB
:100C600015D000BF19F800100A2918BF0D2904D0AB
:100C7000002918BF401CF5D100E0401C2099002934
:100C80001CBF4FF0FF320A6017B0BDE8F08F21990A
:100C900011F0010F1CBF6FF060411691CDF80000FC
:100CA00019F8001000291CBF1699002940F3F9809B
:100CB0002199002808BF41F00401002648440A9603
:100CC000059014980890DDE915AB0AA80F900598D7
:100CD000119100281FBF007800280898002800F014
:100CE000C28011F0010F18BF6FF0604B4FF000058C
:100CF0007D4A0B950E9552682F46A8464FF0FF3659
:100D00000BA90598904704460B980E90059800781B
:100D1000002879D0744A0EA9059852689047024677
:100D20000690214608F101080898EFF74BF80744B0
:100D30000028C8BF5744B6F1FF3F04D1A7EB0A0013
:100D40005845C8BF2E460A2C18BF0D2C5ED067A18F
:100D50004FF00000097849B164A10A5CA24255D065
:100D6000401CC0B261A1095C0029F5D1069818B3F6
:100D7000A0F59C41B1F5A44F43D36FF47F410144EA
:100D80005D2984BFA0F540513F293AD9A0F53A51D9
:100D90007F2984BFA0F547512F2932D9A0F54151B1
:100DA000BF2982BFA0F57E4110390F2929D9A0F5AE
:100DB0007E4030381F2824D93CB3A4F59C40B0F5C0
:100DC000A44F1ED36FF47F4160185D2884BFA4F543
:100DD00040503F2815D9A4F53A507F2884BFA4F588
:100DE00047502F280DD9A4F54150BF2881BFA4F545
:100DF0007E4010380F28A4F57E4084BF30381F286D
:100E000010D80A970B9D1CE02BE00BE0002D08BFCB
:100E1000B6F1FF3F03D10F98002818BF0A97A8F139
:100E200001080EE00F9818B1B6F1FF3F08BF0A970E
:100E30000B9D0E980B90DDE90504405D00287FF4C2
:100E400069AFB6F1FF3F04D0119810F0040F35D010
:100E500009E0B8F1000F04D00D2C04BF06980A2851
:100E600000D10B9D2E4616990A98A1EB0001169110
:100E7000049908440490A6B1009800EB0601009183
:100E800099F800000A2818BF0D280AD019F80100A7
:100E90000A281CBF0D2808467FF402AF01F10100AB
:100EA0000090009888B12098002818BF049801D0BD
:100EB00020990860009817B0BDE8F08F0F980028BF
:100EC0001CBF00200A900026CDE7074A6946484625
:100ED00052689047209A002AECD0014600221498CC
:100EE000EEF770FF0490E3E7ECBC0408202C2E3BE7
:100EF0003A2D5F295D7D00002DE9FF4F85B000246C
:100F00000460054644600698002819BF0798002829
:100F100009B0BDE8F08F149810F0010F1CBF6FF0FE
:100F2000604013904FF000094E460798EEF7B6FF69
:100F300080B202900698007800286BD0029912982F
:100F4000DFF8E4800844039014980024CDE90040C1
:100F50000698DDE9071200EB09073846139BFFF7F7
:100F600061FE0644686803990144B1F1004F24BF53
:100F700009B0BDE8F08F0299A6EB090B084412995D
:100F8000002F084468600798DDF820A001901EBF7C
:100F900000283878002824D000944FF00004BBF1DA
:100FA000000F1ED9D8F80420694638469047B0F1A2
:100FB000000905D00099D8F80420C81900219047ED
:100FC000024649460198EEF7FDFE0028C4BF2044C2
:100FD00000EB0A0400985845E4D3002CC8BFA4EBEA
:100FE0000A042868A042B8BF2C60B146069810F8E1
:100FF00009000028A8D1B9F1000F0BD006983044A1
:1010000010F8010C0A2818BF0D2803D1696803984D
:1010100008446860686800280EBF02981299401A58
:10102000686009B0BDE8F08FECBC0408002808BF78
:101030007047002A04BF002070472DE9F84F05468D
:101040000078984692460F46002808BFBDE8F88F02
:10105000002004460090002F88BFDFF848901DD97B
:10106000D9F80420694628469047061E05D0009905
:10107000D9F80420481900219047024631465046CD
:10108000EEF7A0FE0028C4BF204400EB080400983F
:10109000B842E5D3002CC8BFA4EB08042046BDE845
:1010A000F88F0000ECBC04082DE9F0411646884694
:1010B000050014BF002EBDE8F081FEF7B1FB074626
:1010C0003046FEF7ADFB040008BFBDE8F0812744C1
:1010D000154A414628469268904703190146BB428B
:1010E0001AD8381B2844421CE819FB1A401C13F07C
:1010F000010F03D112F801CD00F801CD5B1C5B108C
:101100000AD000BF12F801CC00F801CC12F802CDD1
:1011100000F802CD5B1EF5D1681822463146BDE8C5
:10112000F041F4F769BD0000ECBC0408F0B50C46D2
:1011300007460246002183B02346084602F096FA8D
:101140000546401CF4F7AEFC060007D023463A469D
:10115000691C02F08BFA03B03046F0BD0EA000907F
:1011600005A209A1CDE901120022134B114603206B
:10117000F4F73EFCFEE700004F7574206F66206DAB
:10118000656D6F72790000007465787420213D20D0
:101190004E554C4C000000004173736572746564D9
:1011A0002061742065787072657373696F6E3A2080
:1011B0002573202825732900F8BC040801468028DF
:1011C00038BF70474FF0000C01F03F0242F080033F
:1011D000B1F5006F0AD2C0F3841141F0C00161F390
:1011E000070063F30F206CF3174010E0C1F3851282
:1011F00042F08002B1F5803F0CD2C0F3033141F0E0
:10120000E00161F3070062F30F2063F317406CF312
:101210001F607047B1F5881F24BF00207047C1F3DD
:10122000824C4CF0F00CC1F305316CF3070041F037
:10123000800161F30F2062F3174063F31F60704772
:101240002DE9F04100240F4606462546DFF82480AC
:1012500008E0D8F8001030198847002808BF01209E
:1012600004446D1CBD4202D2305D0028F1D12046FD
:10127000BDE8F081ECBC0408F8B507464FF000006B
:101280000D000446009018BF054E07D072686946ED
:10129000384690470098641C8542F7D82046F8BD30
:1012A000ECBC0408F8B5002405460094007800283A
:1012B00018BF064E08D072686946284690470098C5
:1012C000641C285C0028F6D12046F8BDECBC04085C
:1012D00018B4002302460093002908BF6946D1F8DC
:1012E00000C012F80C0010F0800F04BF03460CF190
:1012F000010033D000F0E004C02C0BD000F0F0046B
:10130000E02C13D000F0F804F02C18BF0CF1010011
:1013100028D023E0C006430D0CF101000860125CE8
:1013200002F0C00CBCF1800F3FD141E00007030C7C
:101330000CF10100086012F800C00CF0C004802C11
:1013400033D1401C08600CF03F0C125C03EB8C1393
:1013500002F0C00CBCF1800F27D129E008601846CC
:1013600018BC70474007C30A0CF10100086012F86E
:1013700000C00CF0C004802C17D10CF03F0C401CB6
:1013800003EB0C33086012F800C00CF0C004802C92
:101390000BD1401C08600CF03F0C125C03EB8C136B
:1013A00002F0C00CBCF1800F02D018BC00207047C6
:1013B00002F03F021344401CD0E70000F8B5064697
:1013C00008680025401E0C460D4F086001E0002013
:1013D000F8BD20683968304488470028206805D067
:1013E00000907A68694630469047F8BD002808BFEB
:1013F000F8BD401E2060681CC5B2042DE9D3E6E7A5
:10140000ECBC0408007810F0800F04BF0120704786
:1014100000F0E001C02904BF0220704700F0F00195
:10142000E02904BF0320704700F0F800F0280CBF4B
:1014300004200020704700002DE9F04304460546D3
:1014400090F8700099B010F0080F05D00A2912BF6B
:101450000D2919B0BDE8F0834FF00009CDE9161948
:10146000644E18910DF1580842464FF02101204674
:10147000C6F80090FAF79BF8306880B1017800292F
:1014800004BF19B0BDE8F0834146FEF79DF930B1C5
:101490002046316800F0DEF819B0BDE8F083564F01
:1014A000002118A83A6890470646206C88B194F845
:1014B000701011F0040F0ABFE06A606BF2F76AFF68
:1014C0004E4909688847216C884224BF19B0BDE89D
:1014D000F083E06B00281CBF0078002816D0CDF800
:1014E0000090E06B0078002804BF19B0BDE8F083DD
:1014F00069463A68E06B9047B04207D0E06B0099CC
:10150000405C0028F4D119B0BDE8F08395F8700074
:1015100010F0040F1CBF204603F050FC286B40B1B4
:10152000E86AF2F737FF0078002804BF2046F8F792
:101530004DF94246E96CE86AF2F732FF204600F0C6
:1015400079F995F8700010F0040F34D0686BFEF74D
:1015500067F906464046FEF763F93044411C686B64
:10156000FBF772FC686398B34246E96CFFF79CFD99
:10157000616C2046002939D06846D8F7D9FB21464E
:101580006846D8F79AFC1E496846D8F780FC68463A
:10159000616CD8F773FC012200216846D8F787FCFC
:1015A00018496846D8F775FC17496846D8F75FFCB4
:1015B0006846D8F7A9FCE06C411C204600F04EFDBF
:1015C000002220212046F9F7F2FF19B0BDE8F08390
:1015D000FFE717A000900DA210A1CDE90112002293
:1015E0001B4B11460320F4F703FAFEE703F0E6FB7A
:1015F000E1E7000018010020F0BC04081CBD04084D
:10160000814E03084F9E0008834E03084F757420D7
:101610006F66206D656D6F727900000074612D3EFC
:101620007077645F746D7020213D204E554C4C00E6
:10163000417373657274656420617420657870729B
:10164000657373696F6E3A2025732028257329000E
:10165000F8CF0408F0B597B00D00044627D094F8F1
:10166000700010F0040F1CBF204603F0A7FBE06BD6
:10167000002804BF206C002826D04FF00000009006
:101680002878002819BF4C4E4C4F17B0F0BD694662
:101690003268284690473968884701462046FFF758
:1016A000CBFE0098285C0028F1D117B0F0BD4BA00C
:1016B000009043A246A1CDE9011200224F4B1146F2
:1016C0000320F4F795F9FEE729462046D7F7FEFDFB
:1016D00001281CBF17B0F0BD206B40B1E06AF2F7E3
:1016E00059FE0078002804BF2046F8F76FF82A4614
:1016F000E16CE06AF2F754FE204600F09BF894F8A3
:10170000700010F0040F35D0606BFEF789F80646C4
:101710002846FEF785F83044411C606BFBF794FBCC
:101720006063002837D02A46E16CFFF7BDFC616C8E
:10173000204600293CD06846D8F7FAFA2146684688
:10174000D8F7BBFB2E496846D8F7A1FB6846616C09
:10175000D8F794FB012200216846D8F7A8FB294955
:101760006846D8F796FB28496846D8F780FB684654
:10177000D8F7CAFB25492846E66C0968884731181E
:10178000204600F06BFC17B02046BDE8F040002278
:101790002021F9F70CBF11A000901DA220A1CDE9D6
:1017A00001120022154B11460320F4F721F9FEE740
:1017B00003F004FBDEE70000F0BC040810BD0408E1
:1017C0004E554C4C20706F696E74657200000000BD
:1017D00074787420213D204E554C4C004173736544
:1017E00072746564206174206578707265737369C2
:1017F0006F6E3A2025732028257329000DD0040828
:10180000814E03084F9E0008834E03081CBD040848
:101810004F7574206F66206D656D6F7279000000E2
:1018200074612D3E7077645F746D7020213D204E91
:10183000554C4C0070B50446C06AF2F7AFFD4FF648
:10184000FF75A84205D1E06AF2F7A6FDA84208BFDD
:1018500070BD4FF6FF71E06AF3F7AFFBE06ABDE8D9
:1018600070404FF6FF71F3F7A5BB000010B591F87B
:1018700070000C4620F0040081F8700000204863DE
:10188000886340F2DC51E063C4E9100194F864100D
:1018900041F0010184F864100121E16494F86410BE
:1018A00041F0020184F86410A06494F8701021F0F3
:1018B0000A0184F87010E06220632046F2F7D0F845
:1018C000E0626420FAF7C4FDE26A01461046FAF7C6
:1018D000BCF90EA1E06AF3F799FA00231A460C4905
:1018E000E06AF4F794FD4FF480612046F4F7A0FD20
:1018F0004FF400612046F9F795FA0021204600F0E8
:10190000ADFB2046BDE8104008F03EB800000000E6
:101910007F9B0008C16C002908BF7047491E00F07A
:101920009DBBC16C491C00F099BB0000F0B504469A
:10193000C06C85B0002804BF05B0F0BD33A0344DA5
:1019400000680390002003AE28602746324621211C
:101950002046F9F72CFE286870B10178002904BFF1
:1019600005B0F0BD3146FDF72FFF28B13846296894
:10197000FFF770FE05B0F0BDE06AF2F70BFD05461B
:10198000E06C0122411E2846FFF7F8F82946E06A7C
:10199000F3F73CFA2046FFF74DFF206B40B1E06AB9
:1019A000F2F7F8FC0078002804BF2046F7F70EFF96
:1019B00094F8700010F0040F0ED0E06C0122411E6C
:1019C000606BFFF7DBF8606BFDF72AFF411C606B73
:1019D000FBF73AFA606358B1E06C411E204600F014
:1019E0003DFB002220212046F9F7E1FD05B0F0BDC6
:1019F00011A0009007A20BA1CDE901120022164B05
:101A000011460320F3F7F4FFFEE700007F0000001B
:101A1000180100204F7574206F66206D656D6F7220
:101A20007900000074612D3E7077645F746D7020E2
:101A3000213D204E554C4C004173736572746564B2
:101A40002061742065787072657373696F6E3A20D7
:101A5000257320282573290022D0040870B5486B0F
:101A60000C46002510B1EEF723FA6563A06B10B1A8
:101A7000EEF71EFAA563206B002808BF70BDEEF7D5
:101A800017FA256370BD00002DE9F043BDB00E4686
:101A9000FA48F6F7F3F801281CBF3DB0BDE8F08323
:101AA0003046EDF7F7FC05463046EDF72FFD0446CE
:101AB000102D7DD00E2D7CD0012D18BF022D00F0F1
:101AC0006381032D18BF082D00F05E811A2D00F0F0
:101AD00028821D2D1CBF3DB0BDE8F0833046EDF7D8
:101AE00015FD04463046EDF781FD0746E06AF2F742
:101AF00051FC064694F8640010F0010F04BF3DB09D
:101B0000BDE8F08306A8E1F705FE06AA4FF4C02160
:101B10002046F7F7A7FC206D0290606D0390A06D42
:101B20000490E06D0590E06A0299426911440291C7
:101B30000399806902AA08440390E06A0499406905
:101B400008440490E06A059980690844059006A954
:101B50003846E1F783FB20464FF4C0213022F7F7E7
:101B600025F9054620464FF4C0211222F7F71EF949
:101B700000EB050820464FF4C0211022F7F716F9B4
:101B80004FF00009BE490544CDF8E090CDF8E4904F
:101B9000206E096830448847216E0246314438A8D7
:101BA000F4F72AF80298404402900398284401E090
:101BB0002DE031E0039058224946E06AF7F7F6F845
:101BC000054622A8E0F722F922AA4FF4C0212046B8
:101BD000F7F77CFB9DF83800022808D829462D9895
:101BE000DDF7BCFB00281CBF3DB0BDE8F08338A882
:101BF00029909DF8D40002AA40F040008DF8D4004E
:101C000022A93846E0F7CFF83DB0BDE8F0833DB0FB
:101C1000BDE8F04307F0B8BE3046EDF7F7FC0168C9
:101C2000132910D0142916D0112921D0122946D0F9
:101C3000082974D07F2977D0022972D0032971D066
:101C40000A2970D09AE0E16C3DB02046BDE8F0432F
:101C5000491C00F003BAE16C2046002904BF3DB0E6
:101C6000BDE8F083491E3DB0BDE8F04300F0F6B991
:101C700002AAE16CE06AF2F763FA00215C222046D6
:101C8000F7F794F8054600215A222046F7F78EF818
:101C9000EEF704F903992844081A401C0390A06C3D
:101CA0000290012202A9E06AF2F722F901462046D9
:101CB000A56C00F0D3F9A5643DB0BDE8F08304AA9B
:101CC000E16CE06AF2F73CFA00215C222046F7F76B
:101CD0006DF8054600215A222046F7F767F8EEF71F
:101CE000DDF805990844691C08440590A06C04902F
:101CF000E06AF6F7D7F905998842DCBF3DB0BDE848
:101D0000F083012204A9E06AF2F7F2F801462046C6
:101D1000A56C00F0A3F9A5643DB0BDE8F0830BE02D
:101D200002E00FE015E01CE0E56C2046691C00F0C5
:101D300095F9E06CA842EFD03DB02046BDE8F043F5
:101D4000FFF7F4BD3DB02046BDE8F043002100F0B0
:101D500085B93DB02046BDE8F04347F6FF7100F07D
:101D60007DB994F87000C0F3C00038B13DB0204692
:101D7000BDE8F04300222321F9F719BC3DB020460D
:101D8000BDE8F043FFF758BBEFF746FF0500C3D0AF
:101D90003046EDF7BBFB044690F8640010F0020FEC
:101DA000BAD02846F0F78BF90228B5D02846F0F7CC
:101DB00086F90428B0D006A9E06AF6F7DBF804A992
:101DC0002846F0F74DF90EA92846F0F77CF904985B
:101DD0000028A4BF059800289EDB06990498401AA5
:101DE0000A9007990598401A0B903046EDF752FB80
:101DF0000646E06AF7F7D6F80146E06A0A9A002735
:101E00000546002AB8BF012010DB9142DCBF47F62F
:101E1000FF7701200ADD01220AA9F2F769F80746D7
:101E20000AA9E06AF2F73EFB80F0010094F8701016
:101E30004FF6FF7811F0020F29D001F00102104394
:101E400008BF012E0BD011F0010F25D0022E08BFC4
:101E5000E7661CD0032E18BF082E13D01FE0C4E97C
:101E60001A7894F8700040F0010184F87010204650
:101E70004FF44071F8F7D6FF09E00000D4CF040812
:101E8000ECBC04084FF440712046F4F7D1FA94F802
:101E9000700010F0010F02D1012E7FF43DAF3946E2
:101EA000204600F0DBF894F8700010F0010F3FF4CA
:101EB00033AFD4E91A1081420CD96A6C824204BF54
:101EC000AA6C8A4221D06864A06EA8642046F7F705
:101ED0007DFC1AE00CD26A6C8A4204BFAA6C824272
:101EE00013D06964E06EA8642046F7F76FFC0CE03D
:101EF000686C404504BFA86C404506D0C5F84480D6
:101F00002046C5F84880F7F761FC032E18BF082E5D
:101F10007FF402AF94F8700020F0010084F87000A4
:101F2000FAE63046EDF7F2FA04463046EDF75EFB8E
:101F30008146E06AF2F72EFA007800287FF4ECAED2
:101F4000206B00281CBF007800283FF4E5AE08A8ED
:101F5000DFF75CFF08AA4FF400212046F7F7B6F937
:101F600094F8700010F0080F05D09DF86B0040F059
:101F700001008DF86B0020464FF000014FF0120277
:101F8000F6F714FF8046204600211322F6F70EFFD5
:101F90000746204600211022F6F708FF0646204695
:101FA00000211122F6F702FF0546204600213022CB
:101FB000F6F7FCFE61690491A1690591E16906915A
:101FC000216A0791049908EB0002114404910699D3
:101FD0003A18891A06913218059928441144059136
:101FE000079904AA081A0790206B0F9008A9484681
:101FF00008E6C06C704790F87000C0F3C0007047EE
:10200000816B00291CBF0846704700B587B00021CE
:102010005A22F6F7CBFE002342F222026946EDF780
:1020200097FD002814BF02A002A007B000BD000069
:10203000E280A2002A00000090F8701011F0040F56
:102040001CBF406B7047C06AF2F7A4B990F86420D7
:1020500061F3410280F864207047000070B50546C6
:10206000C06C0C4682B0A04204BF02B070BDE86AEA
:10207000F2F790F9314909688847002CB8BF044449
:10208000844203DCA4F5FE41FF3900D10446284612
:10209000EC64FAF7CBF8284600215A22F6F786FEC0
:1020A00006466A462146E86AF2F74AF83046EDF7F6
:1020B000F5FE04462846F6F753FA0199884203DDF7
:1020C00001222846F9F734FA2846F5F7E5FE0646D8
:1020D0002846F6F745FA01992144081AB04206DD70
:1020E00001980122801B01192846F9F721FA284698
:1020F000F6F71EF90099884203DD01222846F9F718
:10210000FDF92846F5F7FFFE06462846F6F710F9D2
:1021100000992144081AB04206DD00980122801B74
:1021200001192846F9F7EAF900992846A96407F049
:102130002BFC284603F0E8F802B070BD1CBD040873
:102140002DE9F041044690F870000D46C0F3C0013F
:10215000A94208BFBDE8F08165F3C30084F87000B0
:102160002DB16FF040466420FAF772F904E0642064
:10217000FAF76EF90646002007463146E06AF9F79D
:1021800064FD00223946E06AF9F71DFD2DB16FF0BC
:1021900040412046F9F763FA04E00022022120467C
:1021A000F8F77EFE2046BDE8F04100231A461946A6
:1021B000F9F75AB9F0B583B00F0004462FD0FFF7F6
:1021C00039FBE06B002804BF206C0028E06A33D0A4
:1021D00036A1F2F71BFE47F6FF712046FFF73EFFE0
:1021E00094F8700010F0040F4FF000001CBF616BFA
:1021F00008700090387800281CBF2D4D2D4E23D03C
:102200002A68694638469047316888470146204623
:10221000FFF712F90098385C0028F1D114E02DA0E6
:10222000009025A228A1CDE901120022314B1146D0
:102230000320F3F7DDFBFEE73946F2F7E7FD47F64B
:10224000FF712046FFF70AFF206B40B1E06AF2F70A
:10225000A1F80078002804BF2046F7F7B7FA94F8F1
:10226000700010F0040F0BD0606BEDF721FE3846C4
:10227000FDF7C0FA2146606350B1084602F09EFDAA
:1022800003B02046BDE8F04000222021F9F78FB9C5
:1022900010A0009018A21CA1CDE901120022154B3C
:1022A00011460320F3F7A4FBFEE700000000000046
:1022B000F0BC040810BD04084E554C4C20706F69EA
:1022C0006E7465720000000074787420213D204E09
:1022D000554C4C00417373657274656420617420C1
:1022E00065787072657373696F6E3A202573202864
:1022F000257329003AD004084F7574206F66206D4D
:10230000656D6F727900000074612D3E7077645FB7
:10231000746D7020213D204E554C4C0070B5051E4B
:1023200002D0F5F731FE01E0DDF77CFBDDF7F2FBD3
:10233000040008BF70BD2846F8F7E6FE2E68306836
:1023400040B1316A11F4801F04D02860294620462C
:10235000D0F719FD2E60606800281CBF2946D0F711
:1023600001FD2268002A08BF70BD29462046BDE84D
:10237000704010470448D0F8B80100281ABF90F800
:102380003C10002900207047700200202DE9FF4713
:10239000404C82B08146D4F8B8010E9E9A4600287F
:1023A0001CBF90F83C00002805D14FF46770F3F78C
:1023B0009FFBC4F8B801D4F8B841B9F1000F18BFB9
:1023C000C84662D04046DDF733FB07464046DDF79E
:1023D0003BFBB0F5A07FD8BF032504DDB0F5347F0B
:1023E000B4BF0225012594F83C0008B3E06AB84266
:1023F00004BF94F82800A8421AD103992069DCF799
:10240000ADFFA8B1B4F81300ADF80000607D8DF801
:10241000020004990098DCF7A1FF48B1606A5045BA
:1024200001BFA069B042204606B008BFBDE8F087F2
:1024300084F82850C4F80C80E762BDF80C002082B4
:102440009DF80E00A074BDF81000A4F813009DF8CC
:1024500012006075A6611048E6612060C4E9086A50
:10246000204607F0D1FAB9F1000F04D04846DDF755
:1024700051FBA04202D10020F8F74CFE012084F865
:102480003C0006B02046BDE8F087DDF7CBFA804679
:1024900098E7000070020020A5BD03080348D0F8AB
:1024A000B801002818BF90F83C0070477002002067
:1024B00008B510B1F5F768FD01E0DDF7B3FADDF717
:1024C00029FB00280ABF11200069F9F7A9FF009035
:1024D000BDF800009DF8021040EA014008BD000070
:1024E00010B5084904468868002804BF012308681D
:1024F00001D0804703E00B710A79002AFBD0001B52
:1025000010BD00002803002006498868002804BF89
:102510000122086800D000470A710B79002BFBD01C
:1025200070470000280300200449002281F8BC20E5
:1025300051F8B82F10440860704700007002002066
:1025400010B50C460C4920460A46F9F7A3FA0023B9
:102550001A460A492046F3F75AFF80212046F3F72E
:1025600067FF03212046F9F76BFA2046BDE81040CB
:102570000321F9F770BA000064000020CDCC0308F5
:1025800010B50C46044920460A46F9F783FA20465E
:10259000BDE81040F9F74ABE6400002010B50B4CAE
:1025A000182104F17400F3F748F9012084F8800041
:1025B0000020C4F88400D4F89C10002908BF10BD86
:1025C000D4F8A000BDE810400847000070020020C9
:1025D0002DE9F0411D4D804684B016460F4605F1A9
:1025E0007400F3F732F9040022D0C4F808804FF0E9
:1025F000FF3027602061606920F001006061FFF713
:1026000083FFE6606060606940F002006061012065
:1026100085F883000020C5F88400D5F89C100029B7
:102620001CBFD5F8A0008847204604B0BDE8F08163
:102630001048009006A20AA1CDE9011200220E4B1B
:1026400011460320F3F7D4F9FEE7000070020020E2
:102650004F7574206F66206D656D6F727900000094
:102660006E65775F74696D657220213D204E554C13
:102670004C000000E028030820BD040870B5074C9A
:102680000546014604F17400F3F780F9012284F84D
:1026900082202846BDE87040EDF70ABC7002002099
:1026A000014890F88100704770020020054A20B16F
:1026B000014602F17400F3F7B5B802F17400F3F7C4
:1026C0009DB8000070020020007D00F001007047FE
:1026D000C06870472DE9F04F6B4E83B006F174056A
:1026E00096F8880000281EBF012003B0BDE8F08FD7
:1026F0004FF0010A85F814A0287B0027002801BFAD
:102700002F75012003B0BDE8F08FF3F76FF9FFF7E5
:10271000FBFE019040B9D6F89800401CC6F898001E
:10272000642888BFC6F8987006F174000090AF73F3
:10273000EF730098F3F762F8040046D02146009842
:10274000F3F770F88146207D10F0010F73D14FF040
:1027500000086068FFF7C4FE2168814214D8D4F8ED
:102760001080B8F1000FC4BFA8F101012161FFF78B
:10277000CBFE01466160A168204600291CBFB8F16C
:10278000000F88474FF0010896F88200002804BF28
:10279000206900280ED1616911F0020F4CD0A346C8
:1027A000214606F17400F3F7F1F886F882A0584646
:1027B000EDF77EFBB8F1000F53D0E87B002804BF93
:1027C000A87B00284DD0002CB1D14FF0FF360098E7
:1027D000F3F714F8040009D0207D10F0010F45D064
:1027E00021460098F3F71EF80400F5D10198FFF791
:1027F00077FEE9690844E861286AFFF771FEB0F5E1
:10280000FA7F10D3E96964225143B1FBF0F0C0B202
:102810006873642894BFC0F1640000206873EF619E
:10282000FFF772FE28622E612F7500F0F7FE03B0ED
:102830003046BDE8F08F14E020001CBF41F00101DC
:102840006161B7D1114A124B02F1100101F1100080
:102850000090CDE90112002211460320F3F7C8F8D9
:10286000FEE75FEA09047FF469AFAEE76068FFF74F
:1028700037FE2168814294BF3846081AB04288BFAB
:1028800030460646ACE7000070020020C02803086E
:1028900040BD040800B583B028B1416941F0010191
:1028A000416103B000BD0EA0009005A208A1CDE9D2
:1028B00001120022124B11460320F3F799F8FEE7AC
:1028C0004E554C4C20706F696E74657200000000AC
:1028D00074696D657220213D204E554C4C000000FE
:1028E00041737365727465642061742065787072D9
:1028F000657373696F6E3A2025732028257329004C
:1029000040BD040810B584B0040007D0FFF7FCFDFB
:102910002168401A401E606004B010BD0EA00090F7
:1029200005A209A1CDE901120022134B1146032093
:10293000F3F75EF8FEE700004E554C4C20706F69CF
:102940006E7465720000000074696D657220213D2F
:10295000204E554C4C0000004173736572746564E1
:102960002061742065787072657373696F6E3A20A8
:10297000257320282573290073BD040800B583B092
:1029800098B1416921F0010141610E480021C0F870
:102990008410D0F89C10002904BF03B000BDD0F80B
:1029A000A00003B05DF804EB08470FA0009006A25A
:1029B00009A1CDE901120022134B11460320F3F7C0
:1029C00017F8FEE7700200204E554C4C20706F69DE
:1029D0006E7465720000000074696D657220213D9F
:1029E000204E554C4C000000417373657274656451
:1029F0002061742065787072657373696F6E3A2018
:102A000025732028257329004FBD040830B50346DF
:102A10000D46A2F1080000F00301401A83B015F042
:102A2000030F0AD004211CA0CDE900010022284B8D
:102A300011460320F2F7DCFF12E0A0F10C0147F68B
:102A4000F57291420FD323A0009048F2080214219E
:102A5000CDE9011200221E4B11460320F2F7C8FFF8
:102A600003B0002030BD29782C1F01F0030108437A
:102A700020F0020040F00100286021461846D0F7FF
:102A800051FC2046D0F732FE0460017902214160FA
:102A900003B0284630BD00006C765F746C73665FCF
:102AA0006164645F706F6F6C3A204D656D6F727911
:102AB000206D75737420626520616C69676E656452
:102AC0002062792025752062797465732E0A0000D2
:102AD000A9BF04086C765F746C73665F6164645FA1
:102AE000706F6F6C3A204D656D6F72792073697AE3
:102AF00065206D7573742062652062657477656505
:102B00006E20257520616E642025752062797465BC
:102B1000732E0A00002100281CBF50F8040C20F07E
:102B200003010846704700002DE9F04F4FF0000800
:102B3000D0F810B083B045464FF0010900EB850294
:102B400009FA05F15769002300EBC51A0BEA0106E3
:102B500009FA03F101EA07020AEB8301002E896BEF
:102B600010D0002A1AD0002F26D081422FD167A181
:102B700075A0CDE9000100227A4B11460320F2F73F
:102B800037FFFEE752B178A16FA0CDE90001002226
:102B9000744B11460320F2F72BFFFEE7814200F051
:102BA000A9807CA168A0CDE9000100226D4B1146EF
:102BB0000320F2F71DFFFEE785A163A0CDE9000128
:102BC0000022684B11460320F2F712FFFEE74A6825
:102BD00012F0010F0DD012F0020F15D088A15AA0EB
:102BE000CDE9000100225F4B11460320F2F700FF00
:102BF000FEE793A154A0CDE900010022594B1146F4
:102C00000320F2F7F5FEFEE732F0030201F10804BB
:102C1000A2F1040CA4440FD0DCF804C01CF0010F96
:102C200015D0934948A0CDE9000100224D4B114633
:102C30000320F2F7DDFEFEE78EA19448CDE9000106
:102C40000022934B11460320F2F7D2FEFEE70CF070
:102C5000020CBCF1000F11D008BFA8F101080C2A2A
:102C600017D28CA138A0CDE900014FF000023D4BF6
:102C700011464FF00300F2F7BBFEFEE795A132A02C
:102C8000CDE900010022374B11460320F2F7B0FED8
:102C9000FEE738BFA8F10108802A06D2D41702EB5C
:102CA00094724FF0000C92100AE0B2FA82FCCCF160
:102CB000200CACF10604E24082F02002ACF1070CDB
:102CC000AC4508BF9A420CD092A11FA0CDE90001EB
:102CD0004FF00002234B11464FF00300F2F788FE3D
:102CE000FEE7AC450CBF9A42A8F101088968814211
:102CF0007FF46DAF5B1C202BFFF62AAF6D1C092DF6
:102D0000FFF61CAF03B04046BDE8F08F626C6F6306
:102D10006B20213D2026636F6E74726F6C2D3E62B6
:102D20006C6F636B5F6E756C6C2026262022626C64
:102D30006F636B2073686F756C64206E6F742062B4
:102D400065206E756C6C22004173736572746564E6
:102D50002061742065787072657373696F6E3A20B4
:102D6000257300008CBF040821736C5F6D617020B7
:102D7000262620227365636F6E642D6C6576656C04
:102D8000206D6170206D757374206265206E756CA6
:102D90006C220000626C6F636B203D3D2026636FE8
:102DA0006E74726F6C2D3E626C6F636B5F6E756CD0
:102DB0006C2026262022626C6F636B206C69737412
:102DC000206D757374206265206E756C6C22000036
:102DD000736C5F6C69737420262620226E6F2066E8
:102DE00072656520626C6F636B7320696E2073651A
:102DF000636F6E642D6C6576656C206D617022006A
:102E000021626C6F636B5F69735F707265765F667A
:102E100072656528626C6F636B292026262022620A
:102E20006C6F636B732073686F756C642068617678
:102E30006520636F616C6573636564220000000048
:102E4000626C6F636B5F69735F6672656528626C45
:102E50006F636B292026262022626C6F636B2073C0
:102E6000686F756C6420626520667265652200007B
:102E7000DCD1040821626C6F636B5F69735F6C6106
:102E8000737428626C6F636B29000000F0330008D4
:102E900098BE0408626C6F636B5F73697A65286221
:102EA0006C6F636B29203E3D20626C6F636B5F73B8
:102EB000697A655F6D696E2026262022626C6F63D9
:102EC0006B206E6F74206D696E696D756D2073690E
:102ED0007A652200626C6F636B5F69735F70726505
:102EE000765F6672656528626C6F636B5F6E65788E
:102EF0007428626C6F636B29292026262022626C5D
:102F00006F636B2073686F756C64206265206672F6
:102F100065652200666C69203D3D206920262620DB
:102F2000736C69203D3D206A2026262022626C6F4A
:102F3000636B2073697A6520696E646578656420C7
:102F4000696E2077726F6E67206C6973742200005F
:102F500000B583B0034610F0030F0CD0042113A07A
:102F6000CDE9000100221F4B11460320F2F740FD7E
:102F700003B0002000BD18469B600021C0E903316A
:102F800059619961D961196259629962D96219636B
:102F9000C3F8341000EB8102891C9063D063B1F553
:102FA000907FF7DB03B0184600BD00006C765F74BD
:102FB0006C73665F6372656174653A204D656D6F11
:102FC0007279206D75737420626520616C69676E1B
:102FD000656420746F2025752062797465732E0AEC
:102FE00000000000CEBF040870B582B00C46054654
:102FF00010F0030F0BD004211648CDE90001002288
:10300000154B11460320F2F7F3FC002018E02A4686
:103010000021AD60C2E903516961A961E9612962DA
:103020006962A962E96229630B46696302EB830C5A
:103030009B1CCCF83820CCF83C20B3F5907FF5DB16
:103040000646A4F5976205F59761FFF7DFFC02B02D
:10305000304670BDAC2F0308CEBF0408F0B5002782
:1030600083B000296CD051F8047C0646A1F1080415
:1030700017F0010F0AD039A146A0CDE900010022C6
:103080004B4B11460320F2F7B3FCFEE72046D0F786
:103090002DFB04604168254641F0020141606068F3
:1030A00040F0010111F0020F616041D02C6874B151
:1030B000626812F0010F15D022F00300214680282B
:1030C0001BD2C317002200EB937083101EE039A1BE
:1030D0004348CDE900010022424B11460320F2F79C
:1030E00087FCFEE740493E48CDE9000100223D4B08
:1030F00011460320F2F77CFCFEE7B0FA80F2C2F141
:103100002002931FD84080F02003D21F304603F0E6
:103110000BF8606830F0030115D0696821F00301F5
:10312000091D084460602046D0F7E0FA2546046097
:1031300029463046D0F744FA01463046D0F7F2F837
:1031400003B03846F0BD29A12548CDE90001002291
:10315000344B11460320F2F74BFCFEE721626C6F03
:10316000636B5F69735F6672656528626C6F636B22
:10317000292026262022626C6F636B20616C7265A9
:10318000616479206D61726B656420617320667281
:1031900065652200417373657274656420617420F3
:1031A00065787072657373696F6E3A2025730000DD
:1031B000EEBF0408707265762026262022707265A4
:1031C0007620706879736963616C20626C6F636BE1
:1031D0002063616E2774206265206E756C6C22001E
:1031E000F033000814BF04086CD2040821626C6F2D
:1031F000636B5F69735F6C617374287072657629A5
:10320000202626202270726576696F757320626CA5
:103210006F636B2063616E2774206265206C61733D
:103220007422000007BF040800F597607047000093
:10323000F0B583B00646002549B1C81C20F0030054
:10324000B0F5004F03D20C2898BF0C200546294644
:103250003046D0F713F904004FF0000004BF03B06C
:10326000F0BD55B32946606810F0010F30D020F052
:10327000030001F11002824210D82046D0F754FA20
:10328000054627462046D0F731FA07606868294688
:1032900040F0020068603046D0F744F82046D0F78E
:1032A00025FA416821F002014160606820F00100C8
:1032B000606003B004F10800F0BD0BA11248CDE935
:1032C00000010022114B11460320F2F791FBFEE7AB
:1032D0000FA10D48CDE900010022194B1146032032
:1032E000F2F786FBFEE7000073697A652026262048
:1032F0002273697A65206D757374206265206E6F24
:103300006E2D7A65726F2200F033000868BF0408E2
:10331000626C6F636B5F69735F6672656528626C70
:103320006F636B292026262022626C6F636B206DF1
:103330007573742062652066726565220000000066
:1033400036BF04082DE9F04383B015465FEA010853
:1033500081464FF0000431D0002D2CD0A8F1080692
:103360003046D0F7C3F97368426823F0030722F0B0
:1033700003003844011DE81C20F00300B0F5004FA5
:1033800003D20C2898BF0C200446AF4205D2002C73
:1033900002BF002003B0BDE8F08313F0010F12D08C
:1033A00033A141A0CDE900010022464B1146032084
:1033B000F2F71EFBFEE7FFF751FE54E01146FFF760
:1033C00037FF04464FE0BC4216D912F0010F01D07E
:1033D0008C4211D929464846FFF72AFF040042D003
:1033E000BD4288BF3D462A464146F2F705FC4146AC
:1033F0004846FFF733FE36E0A7420ED23146484634
:10340000D0F7DEF83046D0F771F9416821F00201BB
:103410004160706820F0010070607268304621469B
:1034200012F0010F0AD028A13348CDE90001002293
:10343000324B11460320F2F7DBFAFEE722F00302DB
:1034400001F110039A420DD3D0F76EF9014640689E
:1034500020F0020048604846D0F7B2F801464846DE
:10346000CFF760FF444603B02046BDE8F08300007C
:1034700021626C6F636B5F69735F6672656528625A
:103480006C6F636B292026262022626C6F636B2091
:10349000616C7265616479206D61726B6564206135
:1034A000732066726565220041737365727465648A
:1034B0002061742065787072657373696F6E3A204D
:1034C00025730000FBBF040821626C6F636B5F69AA
:1034D000735F6672656528626C6F636B29202626B0
:1034E0002022626C6F636B206D757374206265209F
:1034F0007573656422000000F033000846BF0408BD
:103500005A3000B2002804DA00F5B47000B2002886
:10351000FADBB0F5B47F0EDB41424FF4B47291FB9D
:10352000F2F14942002906DDA1EB011101EB410155
:1035300000EBC10000B214495A28B8BF31F810009E
:1035400008DBA0F15A025A2A11D2C0F1B40000B22D
:1035500031F81000A0F5FE41FF3904BF4FF40040E0
:10356000704747F6FF71C84208BF08487047A0F18E
:10357000B4025A2A32BF10B2C0F5B47000B231F8AA
:1035800010004042E6E700007CB704080080FFFF1F
:10359000002804DA00F5B47000B20028FADBB0F5B8
:1035A000B47F0EDB41424FF4B47291FBF2F1494219
:1035B000002906DDA1EB011101EB410100EBC10087
:1035C00000B214495A28B8BF31F8100008DBA0F146
:1035D0005A025A2A11D2C0F1B40000B231F81000D8
:1035E000A0F5FE41FF3904BF4FF40040704747F695
:1035F000FF71C84208BF08487047A0F1B4025A2AB8
:1036000032BF10B2C0F5B47000B231F810004042C1
:10361000E6E700007CB704080080FFFF70472DE953
:10362000F05F1E46DDF8288014000D46824618BF64
:103630004FF0010911D0670807FB065B5946504659
:10364000C0470028B8BF3C460BDD29EA0400C0EBA8
:1036500054040BEB0605002CEDD14FF00000BDE843
:10366000F09FF8DB5846BDE8F09F000008B50093D6
:1036700013460A460146024800F004F808BD00005F
:103680009F2400082DE9FF4FB9B007463A981C4621
:103690004FF0000A002808BFFE4F2078002873D0A2
:1036A000C0B2252808BF00256FD134E00ADC2028ED
:1036B00008BF45F008052ED0232808BF45F01005A7
:1036C00029D009E02D2808BF45F0020523D0302875
:1036D00008BF45F001051ED0C0B20026A0F13001A0
:1036E00009299CBF00266FF02F0102D92A281AD081
:1036F0000BE0204606EB8602007801EB42028618BA
:1037000014F8010F30380928F3D920784FF0000859
:103710002E2813D02FE014F8010F2B2808BF45F0F6
:103720000405F8D0C2E7469850F8046B4690002E86
:10373000BCBF45F002057642641CE6E714F8010FB1
:1037400045F48065A0F1300109299CBF4FF00008C5
:103750006FF02F0102D92A2818D00CE0204608EB80
:103760008802007801EB420200EB020814F8010F16
:1037700030380928F2D920786C281DD011DC68284F
:1037800032D06A281ED020E048E03CE0469850F84D
:10379000048B4690B8F1000FD8BF4FF00008641CAE
:1037A000E9E7742808BF45F480750DD07A2804BF76
:1037B00045F48075641C08E014F8010F45F4807529
:1037C0006C2802D145F40075641C207869283FD02C
:1037D00031DC62283CD011DC252800F0FB82502827
:1037E00018BF582834D00EE014F8010F45F08005BA
:1037F000682808BF45F04005E7D1E5E7632800F0F9
:103800006382642824D0DDE93A1352460AF1010AA2
:10381000B847641C207800287FF442AF3B9882456B
:1038200034BF5246421E034600203A99B8473DB085
:103830005046BDE8F08F732800F0798204DC6F28D1
:1038400018BF7028DFD103E0752818BF7828DAD1B7
:10385000782814BF58284FF010091BD0702818BFC3
:1038600050280ED06F2808BF4FF008091FD06228DB
:103870000EBF4FF002094FF00A0925F0100516D0CF
:1038800010E060784FF0100945F48875562808BF9D
:10389000641C02D12078582802D02078502801D109
:1038A00045F02005C0B2692818BF642801D025F072
:1038B0000C0515F4806F18BF25F0010520786928E4
:1038C00018BF642851D0562800F0538115F4007FAA
:1038D00000F062813A98CDE907A03B980A9046989B
:1038E000C01D20F00702F2E8020146920022CDF846
:1038F000188092460292904650EA010208BF25F0D5
:10390000100515F4806F02D050EA01021BD00DF1B2
:10391000600B4A465346CCF727FCD2B20A2A38BF7E
:10392000303206D315F0200F14BF412361231A440F
:103930000A3A0BF8082008F1010850EA010202D007
:10394000B8F1200FE5D30698CDE9040618A906952D
:10395000CDE90018CDF80C90DDE9072138460A9B27
:10396000CEF7E6FC824600F0A2B915F4007F5DD0E8
:103970004698C01D20F00701F1E8020246913A99ED
:1039800008913B990A9100210B46091ACDF82CA009
:1039900073EB0201B8BF114603DB0021404261EB2B
:1039A0000201002AB4BF012200224FF0000ACDF824
:1039B0000C800C92D04650EA010208BF25F0100599
:1039C00015F4806F02D050EA01021BD00DF1800B7C
:1039D0004A465346CCF7C8FBD2B20A2A38BF303227
:1039E00006D315F0200F14BF412361231A440A3A6D
:1039F0000BF8082008F1010850EA010202D0B8F1E2
:103A0000200FE5D30398CDE9040620A90C98CDF842
:103A10000C9006950091CDE90180DDE90A32384627
:103A20000899CEF785FC824600F041B915F4807FF5
:103A30004AD046983B9B524650F8041B46903A9811
:103A400007900029D4BF484208464FEAD17A0021A6
:103A5000002808BF25F0100515F4806F00D020B3B2
:103A60000DF1C00BB0FBF9FC09FB1C0C0CF0FF0CBA
:103A7000BCF10A0F38BF0CF1300C09D315F0200F40
:103A800014BF4FF0410E4FF0610EF444ACF10A0C3C
:103A900002E00000A7240008B0FBF9F00BF801C019
:103AA000491C002818BF2029DCD330A8CDE900012B
:103AB000CDF808A0CDE90565CDE90398384607990A
:103AC000CEF736FC8246F2E015F0400F46D046981D
:103AD00010F8041B46903A983B9B524607900029E9
:103AE000CCBF084648424FEAD17A0021002808BFDF
:103AF00025F0100515F4806F00D000B30DF1200BF8
:103B0000B0FBF9FC09FB1C0C0CF0FF0CBCF10A0F1C
:103B100038BF0CF1300C09D315F0200F14BF4FF053
:103B2000410E4FF0610EF444ACF10A0CB0FBF9F019
:103B30000BF801C0491C002818BF2029E0D308A8B1
:103B4000CDE90001CDF808A0CDE90565CDE90398E0
:103B500038460799CEF7ECFB8246A8E0469815F068
:103B6000800F1ABF30F8041B09B250F8041B4690AE
:103B7000B1E7469850F8041B4690486800680090EA
:103B80003B980B68A0EB0A023A9800EB0A01384612
:103B9000FFF778FD82448AE015F4807F42D0469991
:103BA0003A98079051F8040B52463B9B4FF0000A9D
:103BB00046915146002808BF25F0100515F4806F86
:103BC00000D000B30DF1400BB0FBF9FC09FB1C0C5D
:103BD0000CF0FF0CBCF10A0F38BF0CF1300C09D30C
:103BE00015F0200F14BF4FF0410E4FF0610EF4445A
:103BF000ACF10A0CB0FBF9F00BF801C0491C00282D
:103C000018BF2029E0D310A8CDE90001CDF808A005
:103C1000CDE90565CDE9039838460799CEF788FBCD
:103C2000824644E015F0400F43D0469911F8040B4A
:103C300046913A99524607914FF0000A3B9B5146F4
:103C4000002808BF25F0100515F4806F00D000B3E0
:103C50000DF1A00BB0FBF9FC09FB1C0C0CF0FF0CE8
:103C6000BCF10A0F38BF0CF1300C09D315F0200F4E
:103C700014BF4FF0410E4FF0610EF444ACF10A0C4A
:103C8000B0FBF9F00BF801C0491C002818BF20292F
:103C9000E0D328A8CDE90001CDF808A0CDE905655D
:103CA000CDE9039838460799CEF742FB8246641C5B
:103CB000B0E5469915F0800F1ABF31F8040B80B2B9
:103CC00051F8040B4691B4E74FF0010815F0020FCC
:103CD0000FD14FF00208012E0BD9DDE93A135246FD
:103CE0000AF1010A2020B847404608F1010886423F
:103CF000F3D84698DDE93A1310F804CB52464690C3
:103D00000AF1010A6046B84715F0020F1CBF08F11E
:103D100001054645CBD9DDE93A1352460AF1010ABD
:103D20002020B84728466D1C8642F4D8BFE7469845
:103D3000B8F1000F50F8049B469014BF41464FF075
:103D4000FF31484602781AB1491E40F10000F9D20D
:103D5000A0EB090B15F4806F02D0D84598BFC3467D
:103D600015F0020F19D158460BF1010BB04214D2D5
:103D7000DDE93A1352460AF1010A2020B8475846B5
:103D80000BF1010BB042F3D307E0DDE93A135246E1
:103D90000AF1010A09F10109B84799F8000028B1B0
:103DA00015F4806FF1D0B8F10108EED215F0020FD2
:103DB0001CBF0BF101055E457FF679AFDDE93A13D3
:103DC00052460AF1010A2020B84728466D1C864257
:103DD000F4D86CE7DDE93A1352460AF1010A2520CE
:103DE000B847641C16E5000070B50C460846F4F7A9
:103DF000F1F90646F4F756F905463046F5F7D2F8DC
:103E000001462A462046F7F745FE01212046F7F7EE
:103E10000EFC2046F3F736FA06462046F4F7B4F8CF
:103E2000DBF706FE00EBD0700E4D421029463046FF
:103E3000F7F730FE00213046F7F7F9FB02231A4668
:103E400000213046F7F7DBFB2046F3F71BFA044668
:103E50000121F7F7F8FB29462046BDE87040F7F747
:103E6000F4BE00006400002090B0CCF7DBFC00241E
:103E70000121059406940A940B940804CDE90010DE
:103E8000029403940E940C940D9402250491CDE9B0
:103E900007504FF4E01009906846CCF75FFE08B178
:103EA00072B6FEE70F20CDE90A054FF48060CDE938
:103EB0000C4002210AA80E94CCF75AFD08B172B644
:103EC000FEE7CDF7A3FFCEF765F8CDF767FFCEF796
:103ED0002BF80A48CDF730F9EFF79AFAF8F756FCC5
:103EE000F8F76EFC0648F1F7D7FDEBF79DFC00BF35
:103EF000FEF7F0FB0120CCF763FBF9E7740100202B
:103F0000514803082DE9F04706460F46806B4FF4F1
:103F10008071B84207D9736B33F81720914308BFFB
:103F20004FF0010901D04FF00009002534464FF44D
:103F30008078002817D9A06B294688420FD9606B7A
:103F400030F8113023EA080220F811202046D5F776
:103F500089FA002000281CBF2046F6F78BFD6D1C57
:103F6000B06BA842E7D8B9F1000F08BFBDE8F087F1
:103F70003446B06B4FF4807AB84298BFBDE8F08702
:103F800096F8441011F0010F1ED000254FF48079EF
:103F9000002819D9A06B2946A046884210D9D8F824
:103FA000340030F8113023EA090220F8112040468D
:103FB000D5F758FA002000281CBF4046F6F75AFDF6
:103FC0006D1CA06BA842E5D8706B30F8171041EA61
:103FD0000A0120F8171039462046D5F743FA002089
:103FE000002808BFBDE8F0872046BDE8F047F6F797
:103FF00041BD00002DE9F04385B0EBF787FA81461B
:10400000F4F7E8F80746F4F7E5F80646D9F7AEFC0A
:10401000046844F30745A5F10108B8F10C0F0DD36E
:1040200020A12EA2A0B2CDE90021CDE902050022F7
:10403000364B11460320F1F7DBFCFEE70021384642
:10404000F3F736FE484523D1012D18BF68F3174416
:1040500006D10C2060F31744B4F1010060F30F04A3
:1040600044F30742A1B215460C463046D9F780FC0E
:1040700001213846F3F71CFE2549224601EB850154
:1040800051F8043C05B023A1BDE8F043F0F738BF78
:104090000C2D0CBF0120681C60F3174408BF601C86
:1040A000DCD0DDE76E6577642E79656172203E3D78
:1040B0002030202626206E6577642E6D6F6E746822
:1040C000203E3D2031202626206E6577642E6D6FC0
:1040D0006E7468203C3D20313200000041737365EE
:1040E0007274656420617420657870726573736999
:1040F0006F6E3A20257320496E76616C6964206486
:104100006174653A2025642D2564000098C1040877
:1041100090000020256420257300000070B504463F
:10412000EBF7F4F905462046EBF782FA04462846F9
:10413000EAF7C0FD05462046D9F718FC0188681C3F
:1041400042B22046BDE8704062F3174189B2D9F708
:104150000FBC000070B50C4600212046F5F7FAFCB4
:1041600000212046F7F763FA002302221946204671
:10417000F7F745FA2046D8F789F80646002229A124
:10418000F7F7F4FC6420F8F763F901463046F7F7D7
:1041900066FA3046F8F74AF83046F3F783FF0546EB
:1041A00001463046F7F751FD002307221E493046ED
:1041B000F2F72DF904213046F6F734FE2046EFF7EA
:1041C0004FFC06460321F0F7A7FD002202213046EE
:1041D000F7F717FD01213046F7F735FA2046D8F7F3
:1041E00055F80646002211A1F7F7C0FC2A461146F1
:1041F0003046F7F74FFC002307220B493046F2F711
:1042000006F904213046F6F70DFE00232022084966
:104210002046F2F7FCF82046BDE87040002220213D
:10422000F7F7C5B9EF819300F53F0308EF819400DC
:104230008DDA03082DE9F0410D460846F3F7CAFF71
:10424000064600212846F5F785FC00212846F7F7A9
:10425000EEF92846EAF778FA164C07466168EAF75D
:1042600099FF3346202214493846F2F7D0F801214D
:104270003846F7F7E8F92846EAF766FA074621686C
:10428000EAF788FF334620220C493846F2F7BFF898
:1042900001213846F7F7D7F900232022084928469C
:1042A000F2F7B5F82846BDE8F04100222021F7F7E3
:1042B0007EB90000C0000020B9DC03081D410308DE
:1042C00069DB030870B5C2B0F9F796FD0446F1F753
:1042D0006BF8002205461146F7F777FB02228B495F
:1042E0002846F1F767FA8A48FBF7D3FA1220F8F765
:1042F00097F801468648FBF758FC04218448FBF7F1
:1043000067FC01218248FBF75FFC002280492846B8
:10431000F2F7F2F86846D5F70BFD29466846D5F75F
:10432000CCFD00226FF04F016846D5F7C0FD4FF479
:104330007A716846D5F7A2FD76496846D5F7A7FD9C
:1043400075496846D5F7A5FD6846D5F7DDFD2046D9
:10435000EFF786FB05460021F0F7DEFC6FA128464B
:10436000F0F754FD302243212846F7F72EFB6E4824
:10437000FBF78FFA0020F8F753F801466A48FBF77D
:1043800030FD6A496848FBF73BFD00226649284634
:10439000F2F7B2F816A8D5F7CBFC294616A8D5F740
:1043A0008CFD3022002116A8D5F781FD40F2DC51AA
:1043B00016A8D5F763FD574916A8D5F768FD5649E5
:1043C00016A8D5F766FD16A8D5F79EFD2046EFF78F
:1043D00047FB05460021F0F79FFC55A12846F0F762
:1043E00015FD4FF48C7250212846F7F7EEFA52482B
:1043F000FBF74FFA0E20F8F713F801464E48FBF78B
:10440000F0FC4A494C48FBF7FBFC00224A4928468D
:10441000F2F772F82CA8D5F78BFC29462CA8D5F713
:104420004CFD50226FF063012CA8D5F740FD40F2FF
:10443000DC512CA8D5F722FD40492CA8D5F727FD43
:1044400035492CA8D5F725FD2CA8D5F75DFD2046CC
:10445000EFF706FB05460021F0F75EFC38A1284681
:10446000F0F7D4FC0522C6212846F7F7AEFA20461D
:10447000EFF7F6FA06460021F0F74EFC32A130467F
:10448000F0F7C4FC052208213046F7F79EFA3048C1
:10449000FBF7FFF90320F7F7C3FF01462C48FBF7B2
:1044A000A0FC2C492A48FBF7ABFC002228492846EF
:1044B000F2F722F8002226493046F2F71DF820468E
:1044C000EFF7CEFA05460021F0F726FC22A1284698
:1044D000F0F79CFC962219212846F7F776FA234834
:1044E000FBF7D7F90520F7F79BFF01461F48FBF7BD
:1044F00078FC1F491D48FBF783FC00221B49284616
:10450000F1F7FAFF42B0204670BD00008CDD0308D1
:1045100010020020A7BC02080D9E00086E6562759F
:104520006C612D70690000001C0200202CB1040891
:1045300052594D43550000002802002079BC020862
:10454000EF87AB20EF898100EF829520EF84A400F4
:10455000340200207C180408EEA48EEE99B7EE9881
:104560008FEE98AFEE9B9FEE988A000040020020ED
:10457000FCE4030838B50020F2F784FEAC4CE0619F
:10458000F9F778FFE060F2F70BFD00232022A9493C
:10459000E068F1F73CFFFF220021E068FAF79AFAA1
:1045A00000224FF4FA61E068F7F7C6FAA248FBF779
:1045B00070F91421A048FBF7E9FBFF219E48FBF7A7
:1045C000BDFA0020DAF730FF01469B48FBF790FA6E
:1045D0004FF47F00DAF728FF01469748FBF797FA78
:1045E00002219548FBF7A2FA4FF440329249E06865
:1045F000F1F782FF20229049E068F1F77DFF4FF448
:1046000000328D49E068F1F777FF00228A49E068BF
:10461000F1F772FFE069EFF723FA88A12060F0F765
:10462000F5FB4FF47F00DAF7FFFE01460022206819
:10463000F7F7ECFA002500950A231A46E16820688E
:10464000F2F79AF8E069F9F715FF2061F2F7A8FC94
:104650000023202277492069F1F7D9FEFF220021AB
:104660002069FAF737FA00224FF4FA612069F7F768
:1046700063FA7348FBF70DF914217148FBF786FBC9
:10468000FF216F48FBF75AFA0020DAF7CDFE01460A
:104690006B48FBF72DFA4FF47F40DAF7C5FE014671
:1046A0006748FBF734FA02216548FBF73FFA4FF4FD
:1046B000403263492069F1F71FFF202260492069D9
:1046C000F1F71AFF4FF400325D492069F1F714FF4A
:1046D00000225B492069F1F70FFFE069EFF7C0F9AD
:1046E00058A16060F0F792FB1E2200212069F7F7C5
:1046F0006CF94FF47F40DAF797FE014600226068BC
:10470000F7F784FA00950A231A4621696068F2F7E0
:1047100033F8E069F9F7AEFE6061F2F741FC00237F
:10472000202244496069F1F772FEFF22002160698E
:10473000FAF7D0F900224FF4FA616069F7F7FCF953
:104740004148FBF7A6F814213F48FBF71FFBFF2168
:104750003D48FBF7F3F90020DAF766FE01463A48D8
:10476000FBF7C6F9FF20DAF75FFE01463648FBF794
:10477000CEF902213448FBF7D9F94FF440323249DF
:104780006069F1F7B9FE20222F496069F1F7B4FEA4
:104790004FF400322C496069F1F7AEFE00222A493D
:1047A0006069F1F7A9FEE069EFF75AF927A1A06067
:1047B000F0F72CFB3C2200216069F7F706F9FF2097
:1047C000DAF732FE01460022A068F7F71FFA0095DB
:1047D0000A231A466169A068F1F7CEFFE069F0F795
:1047E00049FC6FF04F0300220921A061F1F796FF09
:1047F000FE21A069F0F7B2FD3C221146A069F7F74F
:1048000049F9FF2211461046DAF72DFE0146A0694C
:10481000F0F7B4FDA069F0F797FD0020DAF704FE89
:1048200001460022E069F7F791F9E06938BD000020
:1048300038000020D59803084C020020523A30007E
:1048400058020020473A300064020020423A30000B
:1048500010B50C460846FAF7E3FF214682B2BDE8E0
:1048600010404FF6FF730148CDF726B8BC01002079
:104870002DE9F0410446408D10F4805F18BFBDE87B
:10488000F08140F480506085002226212046F6F712
:104890008EFE002800F0AC80A06800281CBF083005
:1048A000EAF730FF0026A06800281CBF018D002910
:1048B0000ED90068006858B1FFF7DAFFA068002839
:1048C0001CBF018D002903D9006800680028F3D1BE
:1048D0002046F3F7E2FB07460020EDF7B3FB0500A7
:1048E0001FD000BFEDF7EBFB012818BF03287CD0D9
:1048F000D5F8A800B8420FD1EDF794FBA0420BD138
:104900002846EDF7D8FB00281CBF2846EEF778FDB7
:1049100021462846EEF738F92846EDF793FB0500C7
:10492000E0D121466F48D6F74BFE0128F9D020464A
:10493000F2F720FD606801270426002820467BD07E
:10494000F3F7C6FB6168844680B28B68198D4A1EF6
:10495000824237DD0D1A00226D1E002D32DDA1EBE3
:104960000C01891E37EA010106D01A6806EB8003A4
:10497000D35842F82030012263689B681B8D1B1AB4
:104980005B1E8B421EDD636800EB020C06EB8C05A0
:104990009B68521C891C1B6889B25D5943F82C50D6
:1049A000636800EB020C06EB8C059B68521C1B68CD
:1049B0005D5943F82C5063689B681B8D1B1A5B1E66
:1049C0008B42E0DC60688168088D401E80B20885FB
:1049D00061688A6881001068F8F736FA616889684A
:1049E00008602046BDE8F04100E007E0EBF760BA60
:1049F000608D20F480506085BDE8F081A86EA042F3
:104A00001FBFE86EA042286FA0420BD12846EDF7E9
:104A100052FB00281CBF2846EEF7F2FC2146284630
:104A2000EEF7B2F8686FA04208BF6E67A86FA042A9
:104A300008BFAE675CE7FFE7F3F7A6FAD0F8D0123D
:104A4000054600294FF0000088BFD5F8B42206D9EA
:104A500052F82030A3421CBF401C8142F8D84A1EA5
:104A6000824231D9091A00224B1E002B2CDD891EEF
:104A700037EA010107D0D5F8B42206EB8003D358FA
:104A800042F820300122D5F8D0321B1A5B1E8B422F
:104A90001AD98318D5F8B4C206EB8307521C5CF808
:104AA00007704CF8237000EB020CD5F8B43206EB1B
:104AB0008C07891CDF5943F82C70D5F8D032521C72
:104AC0001B1A5B1E8B42E4D8D5F8D002401E810031
:104AD000C5F8D002D5F8B402F8F7B6F9C5F8B402B3
:104AE0007FE7000071730208C9B20022F7F770B8BF
:104AF00070B50446EAF798FD05462046EAF7CAFC79
:104B000005F54E74392838D00EDC262855D03628C5
:104B10001FD0372827D0382818BF70BD0120606308
:104B2000FDF7F2FC606170BD3A2832D03B2804D01A
:104B30003C282ED03D2818BF70BD94F8340010F0EA
:104B4000010F33D0206AFDF7CBFC616A0844606234
:104B500070BD6068FDF7C4FCA1680844A060FDF763
:104B6000D3FC606070BD6068FDF7BAFCE168084482
:104B7000E0602069401C206170BD002060636069B6
:104B8000FDF7AEFCA1690844A061E069401CE0614A
:104B900070BD94F8340010F0010F03D0FDF7B4FCA1
:104BA000206270BDFDF7B0FCA06270BDA06AFDF789
:104BB00097FCE16A0844E06270BDD5F83403FDF764
:104BC0005DFD05F54570BDE87040FBF7CBB9000011
:104BD00030B5054683B00846FBF70EFA0446284672
:104BE000F7F776FB8446D4E9110142180092CDE92B
:104BF0000101D4E90E2303A16046F0F781F903B067
:104C000030BD00002575204650532C2025752525E4
:104C1000204350550A2575206D7320282575207C6A
:104C2000202575290000000070B596B0FDF750FDF5
:104C3000054600F54E74D0F88C03401C6065206B6F
:104C4000FDF74EFC06460020DAF740FF0168A06839
:104C500028B120694FF47A725043B0FBF6F04FF45C
:104C60007A72B2FBF1F3A063834298BFB2FBF1F01A
:104C7000A063FDF715FDC0F16400E0632069002822
:104C80001CBFE168B1FBF0F02064E06920B1E26A8A
:104C9000616A1144B1FBF0F0A064E06920B1626A7E
:104CA000A169891AB1FBF0F06064606DE26CE16BA0
:104CB000431E02FB0311B1FBF0F0E064D4E91420C1
:104CC000A16B431E02FB0311B1FBF0F020652146EE
:104CD00005F54570FBF712FA582221466846CBF7D6
:104CE000B5FA582200212046F1F7FEF801986060DD
:104CF0001398E0641498206515986065FDF704FC2E
:104D0000206316B070BD000070B50D460646DAF798
:104D1000B9FE2946EEF7FCFA104C0028606518BF72
:104D200070BD3046DAF7BAFE2946EEF7F1FA606553
:104D3000002818BF70BD3046DAF7D4FE2946EEF7DA
:104D4000E7FA6065002818BF70BD3046DAF78EFEBE
:104D50002946EEF7DDFA606570BD000070020020A4
:104D600070B50446C06A002808BF70BD0021F2F784
:104D70009FFF050008BF70BDF3F794F90646204673
:104D8000F3F78AF88642D8BF70BD284600215A2220
:104D9000F4F70CF8EBF782F80646284600215C226F
:104DA000F4F704F8216C304441430022E06AF6F73E
:104DB000BFFBE06ABDE87040F4F708BD2DE9F043A1
:104DC000054690F8700087B010F0040F04BF07B0DC
:104DD000BDE8F083E86AEFF7DDFA254909688847FE
:104DE000060004BF07B0BDE8F0832846D5F8389028
:104DF000B9F1000F2BD04846FAF712FD074606FB23
:104E000007F0401CF0F74EFE00248046002E08D923
:104E100004FB07803A464946F0F7EEFE641CA642C2
:104E2000F6D804FB07F1002008F801004146E86AC3
:104E3000EFF7ECFF4046EBF73BF828460D49D4F777
:104E400015FF07B02846BDE8F04300F05DBA002129
:104E50005A22F3F7ABFF002342F222026946EAF737
:104E600077FE002814BFDFF81090DFF81090C2E73B
:104E70001CBD0408814E03083020030834200308B9
:104E800070470068FFF79ABF70B584B000281CBF58
:104E900000244FF0010C07D000291CBF0B7B012B15
:104EA00000F0E78000F0EEB880A0009077A27BA130
:104EB000CDE901124FF00002844B11464FF0030080
:104EC000F0F796FDFEE753688B4269D191680B7B42
:104ED000C3B981F80CC0147391684B6893604B6838
:104EE000002B18BF1A6013680B601368002B08BFF3
:104EF000016004D05E6896420CBF596099604A60B8
:104F0000116091684B68002B1CBF1B7B012B8B68C9
:104F100005D0002B1CBF1B7B012B09D022E0002BEE
:104F20001CBF1B7B012B1DD10C7311461268B3E70C
:104F30004B6883F80CC00C734B689C684C609C6891
:104F4000002C18BF21600C681C600C68002C08BF86
:104F5000036004D0A5688D420CBFA36063609960B4
:104F60000B609168137B0B7382F80CC0896881F821
:104F70000CC091684B6893604B68002B18BF1A6097
:104F800013680B601368002B08BF016004D05C68D5
:104F900094420CBF596099604A60116001686CE0EE
:104FA000197BC1B983F80CC0147351688B685360C6
:104FB0008B68002B18BF1A6013680B601368002BF6
:104FC00008BF016004D09E6896420CBF996059608A
:104FD0008A6011605368596800291CBF0D7B012D40
:104FE00029D19D68002D1CBF2D7B012D05D00029E6
:104FF0001CBF097B012904D01DE01C7311461268F7
:105000004AE7996881F80CC01C7399684C689C60E9
:105010004C68002C18BF23601C680C601C68002CB6
:1050200008BF016004D065689D420CBF6160A1604B
:105030004B6019605368117B197382F80CC0596872
:1050400081F80CC051688B6853608B68002B18BFC7
:105050001A6013680B601368002B08BF016004D04E
:105060009C6894420CBF996059608A601160016825
:1050700003E003688B427FF426AF002904BF04B02D
:1050800070BD00BF81F80CC004B070BD4E554C4CD3
:1050900020706F696E74657200000000747265653F
:1050A00020213D204E554C4C00000000417373659B
:1050B00072746564206174206578707265737369B9
:1050C0006F6E3A202573202825732900F0BB040851
:1050D0002DE9F04180468B4D08F1180184B091E82C
:1050E0000E10286900F5407484E80E10DAF72EFDE2
:1050F0000027B8B92C6900223C212046DAF7F0FEDF
:10510000E16A31B1206B00281CBF20468847276325
:1051100002E0206B0028FCD1676300223D2120467D
:10512000DAF7DEFE286990F83B00DAF76CF9B8B1DF
:10513000286900F5407191E80E108DE80E1090F886
:10514000391041B9D0F80413D0F800034A42414263
:105150006846D6F777F86946D8F80000DBF708FC10
:1051600000262869DAF7BEFC014608F11800F7F7B7
:10517000CFFE04462869D0F8C81221B108F1180002
:10518000F7F7C6FE064654EA060006D12869DAF7A4
:105190006DFC0146404600F05FFD286990F8D4128E
:1051A00011F0010F13D0002C08BFD0F8C0422146E7
:1051B000404600F051FD2869D0F8C802D0B1002E59
:1051C00008BF06463146404600F046FD12E0D0F8E2
:1051D000C80230B1002E08BF06463146404600F0F6
:1051E0003BFD002C04BF2869D0F8C0422146404650
:1051F00000F032FD2869DAF751FC0146404600F024
:105200002BFD2869DAF73EFC0146404600F024FDFC
:105210002C69D4F8A862B06B38B100BFDCF71AFB78
:10522000DCF756FAB06B0028F8D12046DAF78EFC8E
:10523000B8B12D6900223C212846DAF751FEE96A0F
:1052400031B1286B00281CBF284688472F6302E035
:10525000286B0028FCD16F6300223D212846DAF735
:105260003FFE01202063A16B11F0010F1BBFA16B5A
:1052700011F0020F67636063606B002814BF0125A3
:105280000025A06A20B3306821696A460669D4F80F
:105290000003084400906169D4F8040308440190B5
:1052A0002169D4F80803084402906169D4F80C031A
:1052B000084403903A212046DAF712FEA36A3246E8
:1052C0006946204698476A463B212046DAF708FEA1
:1052D0002046DAF73BFC002804BF04B0BDE8F081AB
:1052E00094F83900012802BF002D04B0BDE8F08118
:1052F000616AE069814208BF206A606204B0BDE86B
:10530000F0810000700200202DE9F04F91B00446BA
:1053100000215A22F3F74AFD059000215C22204625
:10532000F3F744FD8146E06C0690E06AEFF732F84F
:10533000694A8346069912689047684A06460BEB0D
:105340000600126880460021904705460598EAF756
:10535000A5FD8246294628001ABF0A280D292021CA
:105360004FF000020598EAF72DFD074602AAE06A11
:105370000699EEF7E5FEE06AEFF70CF8E36A0246FD
:1053800000211846F1F7FBFDE16A029A4B69C969F1
:105390001A443A448A4226DD94F8701011F0080F3E
:1053A00021D103281FD00020029003980AEB0901A5
:1053B000084403907DB14A49404609688847474AF6
:1053C00006440BEB0600126800219047011E1CBF2B
:1053D0000A280D2901D14FF020014FF00002059855
:1053E000EAF7F0FC074620464FF4C021302226663B
:1053F000F3F7DCFC814620464FF4C0211022F3F77E
:10540000D5FC00EB090820464FF4C0211122F3F728
:10541000CDFC00EB090620464FF4C0211222F3F721
:10542000C5FC00EB090520464FF4C0211322F3F719
:10543000BDFC029948444D1B0399A1EB0808029951
:105440000844791E47180398AAF101013044461810
:10545000206D0890606D0990A06D0A90E06D0B9032
:10546000E06A0899426911440891099980690844E1
:105470000990E06A0A99406908440A90E06A0B9929
:10548000806908440B9008A92046F4F7D8F9C4E9CC
:105490001458C4E916760895606D0990A06D0A90BD
:1054A000E06D0B90E06A4269A9180891099980693A
:1054B00008440990E06A0A99406908440A90E06A41
:1054C0000B99806908440B9008A92046F4F7B7F9B6
:1054D00011B0BDE8F08F0000F4BC0408F0BC040873
:1054E000ECBC04082DE9F04FDFF8E4A389B0DAF84A
:1054F0001030D3F85C02002804BF09B0BDE8F08F7B
:1055000000210291401E05D400F50F71595C51B382
:10551000401EF9D5002238211846DAF7E1FCDAF806
:105520001000816B21F001018163DAF81000816BBA
:1055300021F002018163DAF81000816B41F400313F
:10554000816300200190DAF81000D0F85C02002896
:1055500040F398810199DAF8100001F50F71415C70
:1055600019B100F083B90290D4E7DDE9011291424C
:1055700003D1816B41F001018163DAF81000816B86
:1055800021F002018163DAF8100001993C2202EB5C
:105590000111D0F8A84200EB0109406A2060DAF856
:1055A000100090F8390000287ED000206060A060D4
:1055B000DAF81000DAF748FA401EE060DAF8100076
:1055C000DAF7B2FA401E2061DAF81000DAF7ACFA26
:1055D000451EDAF81000DAF737FA431E00221146AA
:1055E00004A80095D5F73BFEDAF8100090F83910C2
:1055F000022903D0012935D000F038B9816B41F080
:10560000020181632068008986B2201DD5F73FFC26
:105610000546201DD5F74AFC0096D4F800C0024686
:10562000217D2B466046DBF73DFF70B104AD183499
:1056300095E80F000FC495E80F0084E80F00A4F16F
:105640002800FFF745FD00F011B9A9A00090A1A224
:10565000A4A1CDE901120022AD4B11460320F0F7C1
:10566000C7F9FEE7816B826B61F3410282632068B8
:10567000008985B2201DD5F70AFC0646201DD5F706
:1056800015FC0095D4F800C00246217D33466046E3
:10569000DBF708FF78B199E80F0018340FC499E8D8
:1056A0000F0084E80F0000E012E0A4F12800FFF7EB
:1056B0000FFD00F0DBB88EA0009086A289A1CDE995
:1056C00001120022924B11460320F0F791F9FEE7F8
:1056D0004846D5F7EBFB83464846D5F7D8FB074647
:1056E000DAF81000DAF720FAD9F80C60B04204DCDE
:1056F000DAF81000DAF718FA461EDAF81080584681
:1057000098F83B502946DBF721FF072D08BF0221FF
:105710000CD0082D08BF042108D0092D08BF102186
:1057200004D00A2D0CBF4FF480710021D8F824203A
:10573000D268A2EB8101B1FBF0F5BD4200F3C58058
:105740004FF00008CDF81080CDF818802F46CDF826
:105750001480781E079004AA3221DAF81000DAF7D4
:10576000BFFB04A8D5F793FBA84203DD7F1E002FE3
:10577000EFDC04E0002FC4BF079800F10108002708
:10578000D9F8040000EB0801491E8E423DDB00BF42
:10579000DAF81030D9F80820D9F800105B6A2360D5
:1057A000C4E9011000EB08056F1EC4E90327C4E932
:1057B0000610C4E90827C4E90A10C4E90C274FF011
:1057C000000B201DD5F763FB0390201DD5F76EFB62
:1057D000CDF800B00246217D2068039BDBF762FE16
:1057E000E8B3B742C8BF3746BE4205D1DAF8100069
:1057F000816B41F0020181632046FFF769FC05EBF4
:105800000801491E2846B142C2DDBE422ED0DAF858
:105810001030D9F80820D9F800105B6A2360C4E979
:105820000110C4E90326C4E90610C4E90826C4E946
:105830000C26C4E90A1055460026201DD5F727FB83
:105840000746201DD5F732FB00960246217D3B46D8
:105850002068DBF727FE58B32869816B00E01AE067
:1058600041F0020181632046FFF732FC0198401CA1
:105870000190DAF81000D0F85C12019881423FF7ED
:1058800069AE00BFDAF81000816B21F4003181634A
:1058900009B0BDE8F08F16A000900EA211A1CDE9CD
:1058A000011200221A4B11460320F0F7A1F8FEE77F
:1058B0000FA0009007A20BA1CDE901120022144B0A
:1058C00011460320F0F794F8FEE73D4638E7000064
:1058D000700200204E554C4C20706F696E746572DA
:1058E0000000000072657420213D204E554C4C0094
:1058F0004173736572746564206174206578707299
:10590000657373696F6E3A2025732028257329000B
:10591000F5E703082DE9F34F0C46AFB0012120460F
:10592000F3F7DFFB00281CBF31B0BDE8F08F204645
:1059300000216022F3F73AFAC6B2022E3CBF31B022
:10594000BDE8F08F2046F2F71BFC050034D00DF1C6
:1059500078090DF1880820462F9FF2F799FB8246BF
:1059600041462046F2F706FB524611464046D5F71F
:10597000A2FA022D27D0012D1CBF31B0BDE8F08F57
:10598000424607F1180106A8D5F7A2FA002804BF7D
:1059900031B0BDE8F08F06AF97E80F001EAF87E883
:1059A0000F001EA8D5F773FA80461EA8D5F76FFA28
:1059B000A64F012D52D13FE02F9831B02146BDE8CE
:1059C000F04FF4F7E0B90DF1880A9AE80F000DF1F5
:1059D000280A8AE80F0000220AA92046F3F768FA8D
:1059E0000AAA07F118010EA8D5F772FA002804BF19
:1059F00031B0BDE8F08F0EAF97E80F0006AF87E833
:105A00000F00022206A92046F3F752FA06A94246E1
:105A10000846D5F75DFA002804BF31B0BDE8F08F25
:105A200006AF97E80F001EAF87E80F00052211466A
:105A30004846D5F740FAB4E71EA8D5F737FA054629
:105A4000386990F83B00D9F7BFFC4FF4C04191FB97
:105A5000F5F292FBF0F891FBF5F080081E99269183
:105A6000209928911F99219A279129919142B9BF94
:105A7000A0F10109A8F1010831B0BDE8F08F279825
:105A80002199404429908842C8BF084626AD2990F4
:105A900004F114012846D5F78FFA70B100208DF873
:105AA000A8002AAA172120462B95F5F780FD9DF81E
:105AB000A800002808BF122108D02798219948443F
:105AC00029908842C8BF08461021299026AA2F98FD
:105AD000DCF764FD07462146F4F755F96F220021F3
:105AE0002046F3F763F90546204670220021F3F7BC
:105AF0005DF9824605F0C040B0F1005F19D154480D
:105B000025F0C04B584514DB04F11400D5F7CEF94D
:105B100025F0C041B1F1805FA4BF6FF07041A1EBEF
:105B20000B0B00FB0BF14B4880FB01104111A1EB6B
:105B3000E0750AF0C040B0F1005F19D144482AF086
:105B4000C04B584514DB04F11400D5F7A0F92AF036
:105B5000C041B1F1805FA4BF6FF07041A1EB0B0BAE
:105B600000FB0BF13B4880FB01104111A1EBE07AF7
:105B70006846DBF791FF606979682844401A109005
:105B8000A069B9685044401A11908DF84C606E229B
:105B900000212046F3F70AF90B90B0F5616F05DD9F
:105BA000A0F561600B90B0F5616FF9DC002803DAB5
:105BB00010F561600B90FBD420466C220021F3F7B6
:105BC000F5F80C9020466D220021F3F7EFF80D90C8
:105BD000204671220021F3F7E9F80E902046722248
:105BE0000021F3F7E3F80F90204667220021F3F736
:105BF000DDF89DF84D10732260F3030113488DF812
:105C00004D100069806B010CBDF84C0061F30C3045
:105C1000ADF84C0020460021F3F7C8F822AD1A90E9
:105C200095E80F0015AD079785E80F0026AA69468D
:105C30002F98DCF72FFC29982199401C2790299850
:105C40008842FFF61CAF31B0BDE8F08F7002002033
:105C5000FEFFFF1F1F85EB512DE9F0470C00814629
:105C600007D121480069D9F73DFF040008BFBDE80E
:105C7000F08721464846FFF74DFE2046F2F7AAFA84
:105C8000050008BFBDE8F0874FF00008F2F75DF8A7
:105C9000070046460CD0A868B8F1000F006850F81D
:105CA00026101CD04846FFF735FE761CBE42F2D3C4
:105CB0004A461C212846F5F77AFC4A461D2128460B
:105CC000F5F775FC4A461E212846F5F770FC2C4670
:105CD0002046F2F77FFA0500D6D1BDE8F087A14251
:105CE00008BF4FF00108E0E7700200202DE9F047FF
:105CF0008A4696B004460021F1F7DAFF5FEA000811
:105D000004BF16B0BDE8F087EEF744FB0246002161
:105D10004046F1F734F90021012818D0022802D0BA
:105D200003280CD013E02046F2F7EDF80546404674
:105D3000F3F738F9281A00EBD070411007E020463D
:105D4000F2F7E1F805464046F3F72CF9291A4046E8
:105D5000F5F792FF204600215A22F3F727F805466F
:105D6000204600215C22F3F721F807462846EAF78F
:105D700095F806462046F2F78FF881462046002126
:105D80006422F3F713F80546BAF1000F12BF002D95
:105D90002046D3F70FF9F119206B06EBD672484372
:105DA00009EBD9714910A1EB62010C1ABAF1000F8D
:105DB00018BF002D24D06846D3F7BAFF4146684685
:105DC000D4F77BF814496846D4F761F84046F3F7F6
:105DD00029F9014622466846D4F769F829466846FB
:105DE000D4F74CF80D496846D4F741F80C49684699
:105DF000D4F74FF86846D4F787F816B0BDE8F087B7
:105E000005494046D3F732FF16B021464046BDE86B
:105E1000F047F5F748BF0000119703089591030874
:105E2000AB9D00082DE9F34F9FB00C464FF4A02125
:105E300012221F98F2F7BAFF1C904FF4A0211322F0
:105E40001F98F2F7B3FF1B904FF4A02110221F9868
:105E5000F2F7ACFF1A904FF4A02111221F98F2F72D
:105E6000A5FF19904FF4A0215B221F98F2F79EFF27
:105E700018904FF4A0215C221F98F2F797FF17901B
:105E80004FF4A0215A221F98F2F790FF16904FF47A
:105E9000A02106221F98F2F789FF06904FF4A02157
:105EA00007221F98F2F782FF04901F98139408901E
:105EB000006BA04288BF4FF0040B7DD916980A9062
:105EC000139C18980990DDF87C8017981090DDE9F4
:105ED0001A161998DDF870A00C900D910A98E9F740
:105EE000DDFF0D99002501440C980F18D8F82C00FF
:105EF00044432044A146A04262D90AEB0600129016
:105F0000DDE90C0108441190D8F8340050F8241051
:105F100000294CD0D8F83CC0D8F82C3000265CF8CA
:105F200025205B1E9D4218D204EB060A50F82AA0D9
:105F3000BAF1000F1CBF9AF800A01AF0010F0CD0A4
:105F400005EB060A0BEB8A0A06F101065CF80AA0CB
:105F5000524406EB050A5345E6D8087810F0020FC4
:105F600010D00A98E9F79AFF0D9901440C9808445B
:105F7000B8421CDD0A98E9F791FF0D9901440C988D
:105F80000F1814E01298109B101A00220093CDE90C
:105F90000102DDE9093214A80831FAF7ADFF1599BD
:105FA00011980844B842C8BF074634443544D8F86D
:105FB0002C00641C484400E01CE06D1CA042A3D8E7
:105FC00004988742B4BF394601460698814202DBF5
:105FD0000498874200DB07460898816B139841F8C4
:105FE00020701398401C13900898016B13988142FD
:105FF0003FF664AF1F98F4F760FD1F9821B0BDE82D
:10600000F04FF3F7E3BB2DE9F0410646F1F79DFEB3
:1060100005004FF0000408BFBDE8F081B0680068DB
:1060200050F824703846F3F7D1FB00222F21384670
:10603000F5F7BDFA3846F3F7C9FB3846FFF7E3FF3B
:10604000641CA542EAD8BDE8F081000070B584B0B8
:10605000040027D0002932D00846D7F7BDF90646FC
:10606000014604F12400F6F76DFC010004BF04B002
:1060700070BD0A69E06A104450F8045C04F1240021
:10608000F6F78CFE294604F13000EFF77FFC284636
:10609000E9F70EFFE16B30468847E168081AE060D7
:1060A00004B070BD13A000900BA20FA1CDE90112A6
:1060B0000022184B11460320EFF79AFCFEE70DA0D3
:1060C000009005A214A1CDE901120022114B114646
:1060D0000320EFF78DFCFEE74E554C4C20706F69A6
:1060E0006E746572000000006C727520213D204EB8
:1060F000554C4C0041737365727465642061742063
:1061000065787072657373696F6E3A202573202805
:10611000257329000AB60408656E74727920213D42
:10612000204E554C4C00000030B5D1E902C483B07C
:1061300034B3BCF1000F2ED0CCF80C40C4F808C02A
:1061400000EBC21404EB8304A56B8D4207BFC4F8B7
:1061500038C0844503B030BD00EB82014FF0010C24
:106160004C690CFA03F334EA03034B611CBF03B020
:1061700030BD0CFA02F201699143016103B030BDF8
:106180000AA11548CDE900010022144B1146032055
:10619000EFF72EFCFEE712A10F48CDE90001002227
:1061A0000E4B11460320EFF723FCFEE77072657675
:1061B0002026262022707265765F667265652066ED
:1061C00069656C642063616E6E6F74206265206E19
:1061D000756C6C2200000000F0330008D7BE040884
:1061E0006E65787420262620226E6578745F66724C
:1061F0006565206669656C642063616E6E6F7420EE
:106200006265206E756C6C22000000002DE9F04183
:106210000C46498D07460020C1F30512002A88BFAD
:10622000E16810D9002F1CBF51F83030BB4207D1B4
:106230004FF0FF024FF470212046F4F765FC02E0B6
:10624000401C8242EED82046F1F77FFD06004FF059
:10625000000508BFBDE8F081A068006850F825106F
:106260003846FFF7D3FF6D1CAE42F5D8BDE8F0818C
:1062700030B583B01546040016D0002908BF0020B1
:1062800002D0E26B08469047A168814219D211A260
:10629000CDE9002002910022194B11460320EFF7AF
:1062A000A7FB03B0012030BD1DA0009015A219A1CD
:1062B000CDE901120022124B11460320EFF798FBA3
:1062C000FEE7E26828441044814234BF02200020E7
:1062D00003B030BD646174612073697A652028253C
:1062E0007529206973206C6172676572207468611A
:1062F0006E206D61782073697A65202825752900E4
:106300002EB604084E554C4C20706F696E74657241
:10631000000000006C727520213D204E554C4C0051
:10632000417373657274656420617420657870725E
:10633000657373696F6E3A202573202825732900D1
:10634000F0B4D0E90B13426A13F0004F2AD0A2EB4D
:10635000010CBCF1000F01DCA1EB020C6425C3F3BE
:1063600009040CFB05FCBCFBF4FCC3F3095404EB6F
:106370008405C3F38923BCEB450F32BF664604EBAB
:106380008406760003EB8307B6EB470F38BF03EBB9
:10639000830306D3BCEB450F34BF634604EB840391
:1063A00000D35B000363C36B13F0004F2AD0A2EB52
:1063B000010CBCF1000F01DCA1EB020C6425C3F35E
:1063C00009040CFB05FCBCFBF4FCC3F3095404EB0F
:1063D0008405C3F38923BCEB450F32BF664604EB4B
:1063E0008406760003EB8307B6EB470F38BF03EB59
:1063F000830306D3BCEB450F34BF634604EB840331
:1064000000D35B00C363836B13F0004F2AD0A2EB71
:10641000010CBCF1000F01DCA1EB020C6425C3F3FD
:1064200009040CFB05FCBCFBF4FCC3F3095404EBAE
:106430008405C3F38923BCEB450F32BF664604EBEA
:106440008406760003EB8307B6EB470F38BF03EBF8
:10645000830306D3BCEB450F34BF634604EB8403D0
:1064600000D35B008363036C13F0004F2AD0A2EBD0
:10647000010CBCF1000FD8BFA1EB020CC3F3090162
:1064800064220CFB02F2B2FBF1F1C3F3095202EBFE
:10649000820CC3F38923B1EB4C0F32BF0C4602EBE5
:1064A0008204640003EB8305B4EB450F38BF03EBB4
:1064B000830106D3B1EB4C0F34BF0B4602EB8201D4
:1064C00000D34B000364F0BC704700002DE9F14F8E
:1064D00098B04FF0010A1898D0E9018006901898FA
:1064E00090F82100099018980468C06815901898D1
:1064F000D0E9065014901898D0E904700F901898BD
:10650000406AC11700EB517121F00701A0EB0109AE
:10651000189890F8220000287AD00020059006985C
:106520000028DCBF19B0BDE8F08F00BF4FF0000AB3
:10653000D346B8F1000F59DD35F81A0040F63A019C
:10654000C20A5143090A61F31746C0F3451240F2EB
:106550000D415143090A61F30F2600F01F0140F677
:106560003A004843000A60F30706002F08BF099865
:1065700004D017F80A1009984843000A60F31F6610
:106580000BEB090018991690304691F822301193C0
:10659000D8F75AFD84461698C11700EB517104EBE9
:1065A000E102137821F00702801AC0F1070023FAF4
:1065B00000F000F00100C0EB0020119BC0B28DF88C
:1065C0002000012B00F08E81022B00F09181032B23
:1065D00004BF00FB0CF34FEA132E00F0908100BFC4
:1065E0000AF1010A0BF1010BC245A5DB002F1CBF0C
:1065F0000F98074415980699044414980544059883
:10660000401C0590884291DB19B0BDE8F08FFFE790
:106610000998002F68D0FD284FF0000005900698DB
:10662000C0F0FA800028DCBF19B0BDE8F08F00BFD1
:106630004FF0000A5646D346B8F1000F45DD00BFC3
:1066400005EB4B000088ADF81C000798D8F7B6FCA6
:1066500006EB0902D11702EB517304EBE30123F0BF
:10666000070391F800C0D21AC2F107032CFA03F213
:1066700002F00102C2EB0222D2B28DF8382007925A
:1066800017F80A206AB1FD2A28BF8DF8380008D211
:10669000C2F1FF0E4243079800FB0E20000A8DF85E
:1066A00038009DF838007F284FF0010000FA03F011
:1066B0008CBF4CEA00002CEA00000870761C0AF13E
:1066C000010A0BF1010B4645BADB15980699044403
:1066D000149805440F9807440598401C059088427B
:1066E000A6DB19B0BDE8F08FFD283CD306984FF02B
:1066F000000B0028DCBF19B0BDE8F08F002637463C
:10670000B8F1000F23DD00BF05EB46000088ADF8AF
:1067100000000098D8F752FC7F2807EB09004FEAE9
:10672000E07100EB517204EBE20122F00702A0EBF2
:1067300002000B78C0F107000AFA00F08CBF184382
:1067400023EA00000870761C7F1C4645DCDB1598A8
:106750000BF1010B04441498054406988345CDDBE6
:1067600019B0BDE8F08F0020059006980028DCBF26
:1067700019B0BDE8F08F00263746B8F1000F3EDDB6
:1067800005EB46000088ADF800000098D8F716FC2D
:1067900007EB0901CA1701EB527C04EBEC022CF069
:1067A000070C1378A1EB0C01C1F1070C23FA0CF1D3
:1067B00001F00101C1EB012101F0FF0A09998DF8F7
:1067C00020A061B1FD2928BF8DF8200007D2C1F1BA
:1067D000FF0B48430AFB0B00000A8DF820009DF8D0
:1067E00020007F284FF0010000FA0CF08CBF184306
:1067F00023EA00001070761C7F1C4645C0DB15980C
:1068000006990444149805440598401C0590884254
:10681000B1DB19B0BDE8F08F0028DCBF19B0BDE8CE
:10682000F08F00BF4FF0000A5646D346B8F1000F74
:1068300049DD00BF05EB4B000088ADF80C00039864
:10684000D8F7BCFB06EB0902D11702EB517304EB3E
:10685000E30123F0070391F800C0D21AC2F1070345
:106860002CFA03F202F00102C2EB0222D2B28DF83E
:106870004020089217F80AE0099A0EFB02F2120A69
:106880000DD0FD2A28BF8DF8400008D2C2F1FF0EBE
:106890004243089800FB0E20000A8DF840009DF846
:1068A00040007F284FF0010000FA03F08CBF4CEA53
:1068B00000002CEA00000870761C0AF1010A0BF1B6
:1068C000010B4645B6DB1598069904441498054417
:1068D0000F9807440598401C05908842A2DB19B028
:1068E000BDE8F08F00EB0C03FF2BA8BFFF2304E0F3
:1068F000A0EB0C03002BD8BF002303F0FF0E330ED8
:106900000DD0FD2B28BF8DF820E008D2C3F1FF0C7D
:106910000EFB03F300FB0C30000A8DF820009DF8FD
:10692000200004EBE1037F2816981B78A0EB0200FF
:10693000C0F107024FF0010000FA02F083BF1843D4
:1069400004EBE101087023EA00029CBF04EBE100C4
:10695000027045E62DE9F34F93B0884613980DF188
:10696000380A0222D0E9017009901398002190F8AA
:106970002100059013980468C06810901398D0E91E
:1069800006500A901398D0E9046006905046EFF73D
:10699000ABFA022200210AF10200EFF7A5FA022267
:1069A00000210AF10400EFF79FFA4FF0FF0A139855
:1069B0008DF83EA08DF83FA090F8220088B300200B
:1069C000089009980028DCBF15B0BDE8F08F00BF23
:1069D0004FF0000AD346002F40F3238105EB0B0054
:1069E000D8F71EFB0146204661F30700002E08BFC2
:1069F000059904D016F80A2005995143090A139AFB
:106A000061F30F2004EB4A0192F822300EAA012B09
:106A10007ED0022B00F0E880032B00F0EE8000F027
:106A2000FAB8FFE70598002E79D0FD283BD3002067
:106A3000089009980028DCBF15B0BDE8F08F00BFB2
:106A40004FF0000AD146D346002F17DD05EB0B00AF
:106A5000D8F7E6FA234660F3070316F80A1018463B
:106A600061F30F2004EB49010EAAD8F723FB09F1CB
:106A70000109C3440AF1010A4F45E7DC10980444B8
:106A80000A980544069806440898401C0146089058
:106A900009988142D4DB002E1CBF0598FD2824BF35
:106AA00015B0BDE8F08F0020089009980028DCBFE1
:106AB00015B0BDE8F08F00BF4FF0000AD146D346B5
:106AC000002F1ADD05EB0B00D8F7AAFA234660F376
:106AD000070316F80A1005980EAA4843010A18463B
:106AE00061F30F2004EB4901D8F7E4FA09F1010939
:106AF000C3440AF1010A4F45E4DC109809990444A3
:106B00000A980544069806440898401C089001E03D
:106B100060E004E08842CFDB15B0BDE8F08FFD28CF
:106B200029D309984FF0000B0028DCBF15B0BDE851
:106B3000F08F0026B146002F0EDD00BF05EB0900E7
:106B4000D8F76EFA04F8160004EB4600761C80F8BD
:106B500001A0C144B742F1DC10980BF1010B0444D1
:106B60000A98054409988345E3DB0598FD2824BF6E
:106B700015B0BDE8F08F4FF0000B09980028DCBF7E
:106B800015B0BDE8F08F00BF4FF00009CA46002FD6
:106B900014DD00BF05EB0A00D8F742FA60F30706E0
:106BA0000599304661F30F2004EB49010EAAD8F78E
:106BB00081FA09F10109C2444F45EBDC10980BF151
:106BC000010B04440A98054409988345DCDB15B0A1
:106BD000BDE8F08F0B7800F0FF0C6344FF2B28BF5B
:106BE000FF2363F3070910E091F800C0C3B2ACEBD8
:106BF0000303002BD8BF0023F3E70B7800F0FF0C52
:106C000003FB0CF31B0A63F30709000A60F30F2967
:106C10004846D8F74FFA0AF1010AC344BA45FFF6CD
:106C2000DDAE002E1CBF0698064410980999044456
:106C30000A9805440898401C08908842FFF6C8AEA0
:106C400015B0BDE8F08F00002DE9F34F97B08846EE
:106C500017980DF13C0A0422D0E9017008901798AA
:106C6000002190F82100059017980468C0681490DE
:106C70001798D0E9065013901798D0E904900D901A
:106C80005046EFF731F9042200210AF10400EFF732
:106C90002BF9042200210AF10800EFF725F94FF043
:106CA000FF0B8DF848B08DF849B0179890F8220086
:106CB000D0B30020069008980028DCBF19B0BDE8CA
:106CC000F08F00BF4FF0000AD346002F40F3A88199
:106CD00005EB0B010E988A78497862F3174061F34F
:106CE0000F2015F80B10B9F1000F61F3070000F049
:106CF000318119F80A2005995143090A61F31F608F
:106D0000CDF838000146179804EB8A060FAA90F8D0
:106D10002200012800F02381022800F03D81032891
:106D200000F0578100F075B9FFE70598B9F1000F41
:106D30007ED0FD2842D30020069008980028DCBFB2
:106D400019B0BDE8F08F00BF4FF0000AD346002F06
:106D50001FDD00BF19F80A000FAA60F31F6605EBDC
:106D60000B008178407861F3174660F30F2615F821
:106D70000B0004EB8A0160F307060B9109683046AB
:106D8000D8F73CFA0B990AF1010AC3440860574549
:106D9000E0DC149808990444139805440D98814444
:106DA0000698401C06908842CEDBB9F1000F1CBF4C
:106DB0000598FD2824BF19B0BDE8F08F002006908B
:106DC00008980028DCBF19B0BDE8F08F4FF0000A2A
:106DD000D346002F22DD00BF19F80A1005980FAA2C
:106DE0004843000A60F31F6605EB0B00817840788A
:106DF00061F3174660F30F2615F80B0004EB8A01C8
:106E000060F307060B9109683046D8F7F7F90B993C
:106E10000AF1010AC34408605745DDDC14980444B4
:106E2000139805440D9881440698401C014600E0E3
:106E300006E0069008988142C8DB19B0BDE8F08FE3
:106E4000FD2839D3B8F1040F6ED0B8F1030F1CBF81
:106E500019B0BDE8F08F4FF0000E08980028DCBF95
:106E600019B0BDE8F08F002F17DDA81C631C04F1DA
:106E7000020C2146E21CB94610F801A90CF804AB3B
:106E800010F801A903F804AB10F805AB01F804AB46
:106E900002F804BBB9F10109EED114980EF1010E0C
:106EA00004441398054408987045DCDC0598FD28D7
:106EB00024BF19B0BDE8F08F60F31F660020069074
:106EC00008980028DCBF19B0BDE8F08F4FF000092A
:106ED000CA46002F1BDD00BF05EB0A0004EB890B3F
:106EE0008178407861F3174660F30F2615F80A00A1
:106EF000DBF8001060F307060FAA3046D8F77EF9DA
:106F000009F10109CBF80000C2444F45E4DC1498B4
:106F100008990444139805440698401C069088423A
:106F2000D4DB19B0BDE8F08F08984FEA870A4FF01C
:106F300000090028BADD524629462046EEF75CFEDD
:106F4000149809F101090444139805440898484528
:106F5000F1DCABE7059961F31F600E90D2E6B078E3
:106F6000C1F307430344FF2B28BFFF230C98C1F351
:106F7000072C63F3174073786344FF2B28BFFF236C
:106F800063F30F2096F800C0CBB26344FF2B28BFF9
:106F9000FF2363F3070034E0B078C1F30743C31A5B
:106FA000002BD8BF00230C98C1F3072C63F31740C4
:106FB0007378A3EB0C03002BD8BF002363F30F20DF
:106FC00096F800C0CBB2ACEB0303002BD8BF002374
:106FD000DFE7B378C1F307405843030A0C98C1F3C5
:106FE000072C63F31740737803FB0CF31B0A63F35E
:106FF0000F20337801F0FF0C03FB0CF31B0A63F343
:107000000700090E61F31F600C903168D8F7F6F89D
:1070100030600AF1010AC344BA45FFF659AE00BF19
:10702000B9F1000F1CBF0D988144149808990444CD
:10703000139805440698401C06908842FFF642AE1D
:1070400019B0BDE8F08F00002DE9F04F8946D0E976
:10705000016195B0059190F8211013910468C16801
:107060000B91D0E906511291016900914169099192
:10707000416A90F82200CA1701EB527222F007020F
:107080008F1A00281CBF15B0BDE8F08F00990029A9
:10709000139964D0FD294FF0000103910599C0F0C8
:1070A00000810029DCBF15B0BDE8F08F4FF0000A69
:1070B000D046D346002E41DD05EB0B00D7F7B0FFDD
:1070C00008EB0702D11702EB517304EBE30123F045
:1070D000070391F800C0D21AC2F107032CFA03F299
:1070E00002F00102C2EB0222D2B28DF828200D92EA
:1070F000009A12F80A206AB1FD2A28BF8DF82800EC
:1071000008D2C2F1FF0E42430D9800FB0E20000A88
:107110008DF828009DF828007F284FF0010000FA24
:1071200003F08CBF4CEA00002CEA0000087008F164
:107130000108CB440AF1010AB045BDDB0B9809995F
:107140000444129805440098084400900398059957
:10715000401C03908842A9DB15B0BDE8F08FFD29E3
:1071600047D305994FF0000B0029DCBF15B0BDE8EF
:10717000F08F00BF4FF00008C246002E2DDD00BF8B
:1071800005EB0A00D7F74CFF7F2808EB07004FEA12
:10719000E0710ED900EB517104EBE10221F007011F
:1071A000401AC0F10701137801208840184310707D
:1071B0000EE000EB517204EBE20122F00702801AAC
:1071C000C0F107020B780120904023EA000008700C
:1071D00008F10108CA44B045D2DB0B980BF1010B52
:1071E00004441298054405988345C3DB15B0BDE8F7
:1071F000F08F0021039105990029DCBF15B0BDE88F
:10720000F08F00BF4FF00008C246002E3CDD00BFEB
:1072100005EB0A00D7F704FF08EB0701CA1701EBDB
:10722000527C04EBEC022CF0070C1378A1EB0C0160
:10723000C1F1070C23FA0CF101F00101C1EB0121AE
:1072400001F0FF0B8DF838B0139961B1FD2928BF0B
:107250008DF8380007D2C1F1FF0E48430BFB0E003A
:10726000000A8DF838009DF838007F284FF00100A3
:1072700000FA0CF08CBF184323EA0000107008F1EC
:107280000108CA44B045C3DB0B9805990444129821
:1072900005440398401C03908842B3DB15B0BDE859
:1072A000F08F0029DCBF15B0BDE8F08F4FF0000A69
:1072B000D046D346002E45DD05EB0B00D7F7B0FED8
:1072C00008EB0702D11702EB517304EBE30123F043
:1072D000070391F800C0D21AC2F107032CFA03F297
:1072E00002F00102C2EB0222D2B28DF844200A92CF
:1072F000009A12F80AE0139A0EFB02F2120A0DD05D
:10730000FD2A28BF8DF8440008D2C2F1FF0E424387
:107310000A9800FB0E20000A8DF844009DF84400F6
:107320007F284FF0010000FA03F08CBF4CEA000008
:107330002CEA0000087008F10108CB440AF1010AA8
:10734000B045B9DB0B98099904441298054400989C
:10735000084400900398401C014603900598814220
:10736000A4DB15B0BDE8F08F2DE9F34F87B08A4656
:107370000798D0E901800090079890F821000290CA
:1073800007980468C06804900798D0E906600390E5
:107390000798D0E904700590079890F82200C8B3C8
:1073A0000020019000980028DCBF09B0BDE8F08FF4
:1073B0004FF00009CB46B8F1000F40F32A8100BF1F
:1073C00006EB0B00002F8178407861F3174560F3DE
:1073D0000F2516F80B0060F3070508BF029804D0CC
:1073E00017F8091002984843000A079960F31F65CF
:1073F000284691F822100691D7F726FE0699012912
:1074000000F0DC80022900F0E180032900F0E68032
:1074100000F0F9B8FFE70298002F7BD0FD283CD39D
:107420000020019000980028DCBF09B0BDE8F08F73
:107430004FF000094D46CB46B8F1000F19DD00BFF3
:1074400006EB0B00D7F7ECFD17F8091059B1FD2931
:1074500028BF605507D2C1F1FF024143605D00FBC8
:107460000210000A60556D1CD34409F1010945451D
:10747000E6DB049800990444039806440598074401
:107480000198401C01908842D2DB002F1CBF02985B
:10749000FD2824BF09B0BDE8F08F002001900098BE
:1074A0000028DCBF09B0BDE8F08F00BF4FF0000935
:1074B0004D46CB46B8F1000F1CDD00BF06EB0B00BC
:1074C000D7F7AEFD17F8092002995143090A0BD0EE
:1074D000FD2928BF605507D2C1F1FF024143605D1D
:1074E00000FB0210000A60556D1CD34409F101092C
:1074F0004545E3DB04980099044403980644059845
:1075000007440198401C01908842CFDB09B0BDE8D8
:10751000F08FFFE7FD2823D300984FF000090028E3
:10752000DCBF09B0BDE8F08F00252F46B8F1000F91
:1075300007DDF019D7F774FD60556D1C5744A84559
:10754000F7DC049809F10109044403980644009803
:107550008145E9DB0298FD2824BF09B0BDE8F08F22
:107560004FF0000900980028DCBF09B0BDE8F08F9B
:1075700000252F46B8F1000F14DDF019D7F750FDA4
:10758000029959B1FD2928BF605507D2C1F1FF0208
:107590004843615D01FB0200000A60556D1C5744C1
:1075A0004545EADB049809F10109044403980644BF
:1075B00000988145DCDB09B0BDE8F08F14F80910B4
:1075C0000844FF28A8BFFF20C1B20BE014F809103F
:1075D000081A0028D8BF0020F6E700BF14F80910E9
:1075E0004843010A280E0ED0FD2828BF04F80910D0
:1075F00009D2C0F1FF02484314F8091001FB020050
:10760000000A04F8090009F10109D344C145FFF655
:10761000D7AE002F1CBF0598074404980099044476
:10762000039806440198401C01908842FFF6C0AEC2
:1076300009B0BDE8F08F00002DE9F04F91B0814610
:1076400040680990D9F80800089099F82180D9F885
:107650000040D9F80C000F90D9E906500E90D9E9F6
:1076600004600C9099F822008B46B0B3002006907D
:1076700008980028DCBF11B0BDE8F08F00270998FA
:10768000BA46002840F3138299F82200012800F03E
:107690009F81022800F0CE8103281CBF11B0BDE8F5
:1076A000F08F34F8171005EB0A00CA0A8378407887
:1076B000DB085A43C1F34513800852095843D202EC
:1076C000800902EB401015F80A2001F01F01D208D2
:1076D000514300EB511000F09FB9FFE7002E7DD021
:1076E000B8F1FD0F5CD30020069008980028DCBF9D
:1076F00011B0BDE8F08F099800283DDD09992346B7
:10770000B446A81C00911A881CF8011B69B3FF2914
:1077100000F03F81C1F1FF07109707784FEAD22AA6
:10772000FF0807FB01F9109FC2F3451E0AFB0799EA
:107730004FF4784707EAC90910F8017C02F01F02EC
:10774000BF0807FB01FA109F0EFB07AA4FF4FC6766
:1077500007EADA07B94410F8027CFF087943109F62
:1077600002FB071109EB11218AB223F8022B0099C1
:107770005844491E0091C6D10F98089904440E98A8
:1077800005440C9806440698401C06908142B2DCE1
:10779000002E18BFB8F1FD0F24BF11B0BDE8F08F67
:1077A0000020069008980028DCBF11B0BDE8F08FDB
:1077B0000998002841DD09992346B446A81C009188
:1077C0001CF8012B198802FB08F2120A2ED0FF2A9E
:1077D00072D0C2F1FF071097077800E03CE0FF0885
:1077E00007FB02F9109F4FEAD12A0AFB07994FF4D1
:1077F000784707EAC90910F8017CC1F3451EBF08A4
:1078000007FB02FA109F01F01F010EFB07AA4FF4BD
:10781000FC6707EADA07B94410F8027CFF087A43EC
:10782000109F01FB072109EB112189B223F8021BEC
:1078300000995844491E0091C2D10F9808990444F8
:107840000E9805440C9806440698401C0690814208
:10785000AEDC11B0BDE8F08FB8F1FD0F2DD3089864
:107860004FF0000C0028DCBF11B0BDE8F08F099884
:10787000002815DD099AA81C2146037803F0F803B7
:107880001E0210F8013C521E03F0FC0306EBC30677
:1078900010F8023C584406EBD30321F8023BECD12C
:1078A0000F980CF1010C04440E98054408986045AB
:1078B000DDDC11B0BDE8F08F7AE00020069008987A
:1078C0000028DCBF11B0BDE8F08F00BF09984FF071
:1078D000000E00283CDD099A20460021B8F1000F77
:1078E00008BF03882FD0B8F1FF0F3FD00EEB010681
:1078F0007719C8F1FF0397F802C07F784FEADC0CD4
:107900000CFB08F9B0F800C0BF084FEADC2A0AFBFC
:10791000039A4FF4784909EACA09CCF3451A07FBE0
:1079200008F70AFB037AAE5D4FF4FC67F60806FB26
:1079300008F60CF01F0C07EADA070CFB03634F4450
:1079400007EB13239BB220F8023B5944521EC5D1CA
:107950000F9804440E9805440698401C0146069072
:1079600008988842B2DC11B0BDE8F08F0EEB01033D
:1079700003EB050CEB5C9CF802609CF801C006F080
:10798000F80636020CF0FC0C06EBCC0C0CEBD30327
:10799000D8E7017810F8012C01F0F801090202F093
:1079A000FC0201EBC20210F8021C02EBD101DBE683
:1079B000017801F0F8010A0210F8011C01F0FC0145
:1079C00002EBC10210F8021C02EBD1012DE700BF4F
:1079D00005EB0A0234F817009378C10A01EBD301D2
:1079E0001F2928BF1F214FF6FF7303EAC1235278D6
:1079F000C0F3451101EB92013F2928BF3F2103EB62
:107A0000411100F01F0215F80A0089B202EBD00004
:107A10001F2828BF1F20084480B27EB3B8F1FD0F95
:107A200035D3F25D34F81710D7F720FB24F8170090
:107A300037E000BF05EB0A0234F817009378C10A5B
:107A4000A1EBD3010029D8BF00214FF6FF7303EA51
:107A5000C1235278C0F34511A1EB92010029D8BF90
:107A6000002103EB411115F80A2000F01F00A0EBE4
:107A7000D20089B20028D8BF0020CCE7FFE734F855
:107A800017104246D7F7F2FA24F8170009E0F15D23
:107A900001FB08F10A0A34F81710D7F7E7FA24F8BF
:107AA000170009987F1CDA448742FFF6EDAD0F9866
:107AB000002E04440E9805441CBF0C9806440698FA
:107AC0000899401C06908842FFF6D8AD11B0BDE879
:107AD000F08F00002DE9F74F92B00E4612989046B5
:107AE000406870430490129880680690129890F84D
:107AF00021700468C0680B901298D0E906500A9073
:107B00001298D0E904900C90129890F82200002866
:107B100047D00020079006980028DCBF15B0BDE8CC
:107B2000F08F00BF04984FF0000AD346002826DDEE
:107B300005EB0B0105988A78497862F3174061F3E9
:107B40000F2015F80B10B9F1000F61F3070008BF03
:107B500067F31F6005D019F80A107943090A61F329
:107B60001F6005901298059990F8222004EB0A00F6
:107B7000CBF762FB0498B244C3448245D8DBB9F129
:107B8000000F1CBF0C9881440B98069904440A9876
:107B900005440798401C07908842C3DB15B0BDE838
:107BA000F08FB9F1000F23D0FD2FC0F00F8100201E
:107BB000079006980028DCBF15B0BDE8F08F049848
:107BC0003044401ECDF8400090FBF6F3002B7DDDE5
:107BD000CC4629464FEA04001CF8012B002A76D037
:107BE000FD2A75D30A7802704A7842708A78D0E00C
:107BF000FD2F48D3B04516D106984FF00009002854
:107C0000DCBF15B0BDE8F08F29462046049AEDF799
:107C1000F3FF0B9809F1010904440A9805440698FA
:107C20008145F1DB2AE0069800230028DCBF15B06F
:107C3000BDE8F08F04983044A0F1010C9CFBF6F1F4
:107C40000029C4BF2846224610DD00BF90F80090EE
:107C500082F8009090F8019082F8019090F80290DC
:107C600082F8029040443244491EEFD10B985B1CCD
:107C700004440A98054406989842DFDCFD2F24BF8F
:107C800015B0BDE8F08F4FF0000C06980028DCBF5F
:107C900015B0BDE8F08F04983044401ECDF8300098
:107CA0000C984FF0000990FBF6F1002F18BF002947
:107CB000C4BF204600223DDDFD2F10D309EB020397
:107CC00015F803A080F800A02B4402E067E061E013
:107CD0003CE093F801A080F801A09B7825E009EB37
:107CE000020A90F800E015F80AB0C7F1FF030BFB99
:107CF00007FB0EFB03BB4FEA1B2BAA4480F800B026
:107D00009AF801B090F801E00BFB07FB0EFB03BBF8
:107D10004FEA1B2B80F801B09AF802A090F802B04D
:107D20000AFB07FA0BFB03A31B0A8370424430448F
:107D3000491EC1D10B980CF1010C04440A9805446A
:107D400006988445ACDB15B0BDE8F08F91F800B023
:107D500090F800E0C2F1FF0A0BFB02FB0EFB0ABB2E
:107D60004FEA1B2B80F800B091F801B090F801E0C9
:107D70000BFB02FB0EFB0ABB4FEA1B2B80F801B08A
:107D800091F802B00BFB02F290F802B00BFB0A2252
:107D9000120A8270414430445B1E7FF41DAF0B9881
:107DA000069904440A9805440C9881440798401C9D
:107DB00007908142C8BF10983FF706AFB9F1000F96
:107DC00018BFFD2F24BF15B0BDE8F08F002007902D
:107DD00006980028DCBF15B0BDE8F08F0498304449
:107DE000401E0D9090FBF6F3002B38DDCC46294663
:107DF0004FEA04001CF8012B7A43120A2BD0FD2A0B
:107E000005D30A7802704A7842708A7822E091F8A5
:107E100000B090F800E0C2F1FF0A0BFB02FB0EFB82
:107E20000ABB4FEA1B2B80F800B091F801B090F824
:107E300001E00BFB02FB0EFB0ABB4FEA1B2B80F899
:107E400001B091F802B00BFB02F290F802B00BFB0C
:107E50000A22120A8270414430445B1ECAD10B9838
:107E6000069904440A9805440C9881440798401CDC
:107E700007908142C8BF0D98B4DC15B0BDE8F08F03
:107E8000F8B50446E9F7C8FEEAF7D2F806462046F8
:107E9000E7F7CCFB012E14BF022EF8BD4FF0000512
:107EA000204C042E0AD0082E18BFF8BD1E48616968
:107EB000EDF7B8FC6061002828D11BE01A48616921
:107EC000EDF7B4FC606158B91748EDF797FC6061B5
:107ED000164800220090164B11460420EDF788FD4D
:107EE00060690068A061804700234FF47A720D2119
:107EF000009514E00C48EDF79CFC60610D480022F1
:107F000000900D4B11460420EDF772FD606900688A
:107F1000A061804700234FF47A720E210095F5F797
:107F20007DFFF8BD1C00002004020020C87F03086C
:107F300060DD0308747F03086CDD030838B50B4C63
:107F40000B486169EDF76EFC6061002818BF38BD11
:107F50000748EDF76EFC606106A0002200900B4B15
:107F600011460420EDF744FD38BD00001C00002040
:107F70000402002074686520656E64207061676586
:107F80002C6E6F206D6F7265210000006CDD0308A0
:107F900038B50B4C0B486169EDF748FC606100286F
:107FA00018BF38BD0748EDF729FC606106A0002224
:107FB00000900B4B11460420EDF71AFD38BD000070
:107FC0001C00002004020020746865206265676957
:107FD0006E20706167652C6E6F206D6F7265210079
:107FE00060DD03082DE9F001A2EB000C0CF1010C9F
:107FF0001FFA8CF5A3EB010C0CF1010C1FFA8CF6A7
:108000004FF0C047059C4FF02A0C002EA7F800C087
:10801000DFF890C04FEA1028ACF80080C0B2ACF88E
:1080200000004FEA1220ACF80000D0B2ACF800001B
:108030004FF02B0038804FEA1120ACF80000C8B296
:10804000ACF800004FEA1320ACF80000D8B2ACF84E
:1080500000004FF02C00388038804FF0000104BF42
:10806000BDE8F0017047ADB115F0010003D034F860
:10807000022BACF80020A8420CD200BF34F8022B2F
:10808000ACF8002034F8022BACF80020801C80B241
:10809000A842F3D3481C81B2B142E4D3BDE8F00159
:1080A000704700000000026070B50546144608469F
:1080B00001F0A8FA284601F0A5FA2046BDE8704074
:1080C00001F0A0BA2DE9F04F06460546B0F8480089
:1080D000A7B0C0F30E0BBBF1010F9CBF27B0BDE8EA
:1080E000F08F95F83C00102812BF082827B0BDE893
:1080F000F08F02A8DAF7F8FA02AA4FF400313046FE
:10810000F1F747F912A8DAF7EFFA12AA4FF4A02113
:108110003046F1F73EF90027A86CC0F3CE30B7FB2C
:10812000F0F100FB117000280CBF4FF0010A4FF076
:10813000000A686C0090ABF10102002138462B6CFC
:10814000EDF7EAFC804605F12C00EDF772FB040028
:108150002BD0E0684045DCBF2069804512DCBAF1D5
:10816000000F07D04FF4003302A93046626800F0D8
:10817000EFFE1AE04FF4A02312A93046A26800F0E7
:10818000E7FE12E002AA4FF400313046F1F701F9A0
:1081900012AA4FF4A0213046F1F7FBF8214605F171
:1081A0002C00EDF743FB0400D3D124A8009022ABB0
:1081B00052463946304600F053FD0E9B1E99002F63
:1081C0000CBF01220022B6F84800C0F30E0CBC45DB
:1081D0000CBF01200020BAF1000F18BF194602435E
:1081E0001EBF96F83C20082A102A07D018B3022A8E
:1081F00018BF042A01D1F16500E0316602A80190A0
:1082000012A8009007F0FF0906F12C00EDF711FB12
:1082100004004ED0E0684045DCBF2069804516DC94
:10822000BAF1000F0CD04FF4003362683046019968
:1082300000F08EFE0BE0022A18BF042ADDD0DAE738
:108240004FF4A023A2683046009900F081FE6069D7
:10825000484512D1E069002814BF0E981E98239952
:1082600010F0010F216306D096F83C10022916BFCA
:108270000429401C401E606214E0A069484511D1E9
:10828000206A002814BF0E981E98239910F0010F41
:10829000A16306D096F83C10022916BF0429401E9F
:1082A000401CA062214606F12C00EDF7BFFA040045
:1082B000B0D17F1C5F45FFF42FAF27B0BDE8F08F32
:1082C0002DE9F34FE9B0064604466A98E7F78EF9C0
:1082D0005A90B4F84800C0F30E0001289CBF6BB060
:1082E000BDE8F08F22A8D9F791FD22AA4FF4003102
:1082F0003046F0F7EBFF02A8DAF7F6F902AA4FF4DE
:1083000000313046F1F745F894F83C00102818BFCA
:10831000082805D19DF8450020F010008DF8450093
:1083200012A8DAF7E1F912AA4FF4A0213046F1F7CA
:1083300030F844A8DAF7D8F944AA00213046F1F71A
:1083400028F8B4F848004FF00005C0F30E0ABAF15F
:10835000000FA84604BF6BB0BDE8F08F0027A06CEB
:10836000C0F3CE30B5FBF0F100FB1150002804BF84
:10837000012708F10108606C0090AAF101020021B8
:108380002846236CEDF7C8FB8146CDE9245904F15A
:108390002C00EDF74EFA5FEA000B7CD0DBF80C0006
:1083A0004845DCBFDBF81000814575DC002F74D038
:1083B000DBF804003D9000284DD001AA5821F7F7C2
:1083C0003AFA012840D030464FF400315822F0F7F5
:1083D000EDFC3890BDF8E000ADF8B4009DF8E20087
:1083E0008DF8B60001AA59213D98F7F724FA012823
:1083F00008BF019805D030464FF400315922F0F7FC
:10840000D5FC8DF8D00001AA5B213D98F7F713FA4F
:10841000012808BF019805D030464FF400315B2297
:10842000F0F7C4FC319001AA5A213D98F7F703FAFE
:10843000012808BF019805D030464FF400315A2278
:10844000F0F7B4FC2A902FE0BDF80400ADF8B400BA
:108450009DF80600C4E730464FF400315822F0F78B
:10846000A5FC0190BDF80400ADF8B4009DF806002D
:108470008DF8B60030464FF400315922F0F796FCE3
:108480008DF8D00030464FF400315B22F0F78EFCBF
:108490003190304602E034E018E00EE04FF4003155
:1084A0005A22F0F783FC2A904FF4003302A9304699
:1084B000DBF8042000F04CFD23E04FF4A02312A9C8
:1084C0003046DBF8082000F043FD1AE022AA4FF402
:1084D00000313046F0F7FAFE02AA4FF40031304680
:1084E000F0F757FF12AA4FF4A0213046F0F751FFE2
:1084F000594604F12C00EDF799F95FEA000B7FF47F
:108500004DAF5CA800905EAB3A462946304600F07D
:10851000A7FBA06CC0F38070384246D022A94391DB
:108520005CA96A98CB460091E7F760F84FF0000924
:10853000CDF85891CDF85491CDF85C91CDF860917B
:10854000CDF864914290B16B99B1B06D1FFA88F289
:1085500090420BDB6FF0030000EB8200085828B15B
:1085600029909DF8D40020F040000EE0CDF8A490B2
:108570000DE05B4658A2142155A8F6F7ADFA55A8B0
:1085800029909DF8D40040F040008DF8D40096F872
:108590003C00022818BF042808D0012818BF002872
:1085A00004D0102818BF082807D066E064AB304616
:1085B000009A439900F0C6FA5AE038A93046EFF71E
:1085C000F9FB38A8D2F772FC4FEA500B38A8D2F763
:1085D0005EFCBBEB500F38A802D2D2F767FC01E07B
:1085E000D2F755FC4FEA500B38984FF400315844FD
:1085F000409039980322584441903046F0F7D6FB1A
:10860000024605EB8500316D40004143B6F8480055
:1086100096F83C30C0F30E00401EB1FBF0F0716DD7
:1086200001EB810100EB41010020082B02D0102B4F
:1086300006D009E0ABEB0200319A0F32801A03E05A
:1086400031980F3258441044409A4FF480731044CC
:1086500060904198619040A8CDE900091A4660A851
:10866000F4F783F864AB60AA3046439900F06AFAE5
:10867000DDE9420164AAD9F796FB5EA9684697B185
:10868000F4F76EF8DDE90001CDE909015CA968465F
:10869000F4F766F8DDE90001CDE90B0102A95A986B
:1086A000D9F7E1FF11E0F4F75BF8DDE90001CDE96E
:1086B00019015CA96846F4F753F8DDE90001CDE93A
:1086C0001B0112A95A98D9F7CEFF6D1C5545FFF42E
:1086D00045AE6BB0BDE8F08F256400002DE9F04F8A
:1086E0000446ADB00846E6F781FF2990B4F848008B
:1086F000C0F30E0001289CBF2DB0BDE8F08F94F8A8
:108700003C00022818BF042841D0012818BF0028C7
:108710003DD010281EBF08282DB0BDE8F08F02A85C
:10872000D7F726FE02AA00212046F0F725FD2546B0
:10873000002112222046F0F739FB064600211322C1
:108740002846F0F733FB8146002110222846F0F737
:108750002DFB8046284600211122F0F727FB074613
:108760002846F0F71FFC801BA0EB090A2846EFF70C
:1087700099FCA0EB0800C01B8245284680F2E080EF
:10878000F0F710FC801BA0EB090000F0DEB804A895
:10879000D9F7AAFF04AA00212046F0F7FAFD2046E7
:1087A00000213022F0F702FB05462046002110226E
:1087B000F0F7FCFA4719204600211122F0F7F6FAEB
:1087C00000EB0508204600211222F0F7EFFA4619C7
:1087D000204600211322F0F7E9FA4319002194F80A
:1087E0003C200846022A09D0042A10D0012A29D0A8
:1087F0008AB3022A18BF042A10D036E0E069109923
:1088000000EB5100A0EB0301A069384406E0109989
:10881000606906EB51010144A0693844A1F10101EE
:10882000CDE902102491206A0399A0EB080025905D
:10883000E06DA1EB500003902599206E01EB5000F4
:10884000259023E06069109A00EB0301A06907EB13
:108850005202104409E0FFE76069109A00EB06013C
:10886000206A00EB5200A0EB0800CDE90210E1699C
:10887000A1EB0601CDE924100299E06DA1EB5000B7
:1088800002902499206E01EB5000249002A914A8B4
:10889000F3F766FFDDE91401CDE90B0124A914A863
:1088A000F3F75EFFDDE91401CDE90D0104A9299874
:1088B000D9F7D9FE04F12C00ECF7BBFF050004BF8B
:1088C0002DB0BDE8F08F14A8D9F70EFF14AA00212F
:1088D0002046F0F75EFD686A94F83C204108A86ADB
:1088E0004008022A18BF042A21D0EA6ADDF80C9059
:1088F000A2EB0107696B4E4601EB00084FF0000345
:1089000014A920462A6800F023FBCDE91D86CDE995
:108910001B7914A92998D9F7A6FE294604F12C0041
:10892000ECF784FF0500CED12DB0BDE8F08F2A6BA7
:10893000029F02EB0109A96BB8460E1ADEE700BFE1
:10894000EFF7B0FBA0EB0800C01B47086869B91936
:108950004618A86907EB080100EB0108D4E91403E5
:1089600018440090D4E910020146EDF7D5F8054609
:10897000D4E9140318440090D4E910100246EDF72E
:10898000CBF8CDE90D68ADF83C70CDE90B5002A9EC
:108990002998D7F7B1FC04F12C00ECF74AFF050049
:1089A00004BF2DB0BDE8F08F12A8D7F7E1FC12AAE2
:1089B00000212046F0F7E0FBA346002112222046CA
:1089C000F0F7F4F90746002113225846F0F7EEF9C4
:1089D0008146002110225846F0F7E8F9064658462D
:1089E00000211122F0F7E2F980465846F0F7DAFA52
:1089F000C11BA1EB090A5846EFF754FB801BA0EB03
:108A000008008245584605DAF0F7CCFAC01BA0EB07
:108A1000090004E0EFF746FB801BA0EB08004FEADB
:108A20005008DBF8140008EB070108442490DBF839
:108A3000180008EB060100EB010AD4E914031844FE
:108A40000090D4E91012E868EDF766F88146D4E9A1
:108A5000140318440090D4E910122869EDF75CF86B
:108A60002E680746A346A6B327AA50213046F6F73C
:108A7000E2FE012808BF279804D05846002148226A
:108A8000F0F794F91A9027AA52213046F6F7D3FE50
:108A900001281FD0584600214C22F0F787F900909A
:108AA000BDF80000ADF864009DF802008DF8660086
:108AB00027AA53213046F6F7BEFE012808BF2798A3
:108AC00004D0584600214D22F0F770F98DF884004B
:108AD00022E006E0BDF89C00ADF864009DF89E0021
:108AE000E4E7204600214C22F0F760F90090BDF841
:108AF0000000ADF864009DF802008DF866000021CA
:108B00004D225846F0F752F98DF88400584600215E
:108B10004822F0F74BF91A902498CDE91D0AADF8D8
:108B20007C80CDE91B9712A92998D7F7E5FB294648
:108B300004F12C00ECF77AFE05007FF435AF2DB080
:108B4000BDE8F08F70B586B004461646886B6FF0AE
:108B50006042CDE900021D4600230293CB6B0A6AF6
:108B6000C96904A8F8F7C8F994F83C00012818BFAF
:108B700000281AD0022818BF04283BD010281EBF96
:108B8000082806B070BD30680499A0EB5100286039
:108B90007168059AA1EB52016960049A1044A860BB
:108BA00005980844E86006B070BD30680499A0EBF1
:108BB000510028603068049900EB5100A86094F8D7
:108BC0003C004FF40031012820460AD01022F0F773
:108BD000EDF87168081AE8600599401A686006B0F7
:108BE00070BD1122F0F7E2F87168084468600599D9
:108BF0000844D7E770680599A0EB51006860706879
:108C0000059900EB5100E86094F83C004FF4003106
:108C10000228204612D01322F0F7C8F83168132238
:108C20000844286020464FF40031F0F7BFF831685F
:108C3000049A11440844A86006B070BD1222F0F7EF
:108C4000B5F83168049A891A081A286020464FF44A
:108C500000311222F0F7AAF83168081AEBE7000099
:108C60002DE9FF4F9FB0044699468A4606A8DDF8D5
:108C7000B0B0D9F739FD06AA00212046F0F789FBEC
:108C80000026219835460028204606D04FF40031B2
:108C90000322F0F78BF8054605E04FF4A0210322EC
:108CA000F0F784F8064694F83C00022818BF042820
:108CB0001DD0012818BF002819D010281EBF082871
:108CC00023B0BDE8F08F16A92046EFF773F816A879
:108CD000D2F7ECF8470816A8D2F7D9F8B7EB500F3F
:108CE00016A880F0E580D2F7E1F800F0E3B820465E
:108CF00000213022F0F75AF80746204600211022C2
:108D0000F0F754F838440090204600211122F0F783
:108D10004DF838440290204600211322F0F746F81F
:108D200038440390204600211222F0F73FF83844DF
:108D3000019020464FF4A0211322F0F737F8169047
:108D400020464FF4A0211222F0F730F81890204668
:108D50004FF4A0211022F0F729F8179020464FF485
:108D6000A0211122F0F722F8199094F83C00022873
:108D700014D0042820D06369012831D0189A0199B1
:108D8000114403EB0108216A129A01EB5202029985
:108D9000571A002818BF04281BD02CE0E169129A4A
:108DA000A36901EB52020399A2EB0108179A0099FB
:108DB000114403EB01071EE0129B0199626901EB6C
:108DC000530102EB0108179A0099A369114403EBC0
:108DD00001072199002914BF6D4276420ED10CE0A3
:108DE000169A0399114403EB0108129B0099A2699A
:108DF00001EB53015718219901B935460495B4F890
:108E00004810C1F30E014E1E022818BF042808D0D6
:108E100056452CD118990198E2690844A2EB000844
:108E200038E019990298226A0844151A56450CBF71
:108E30003D46BAF1000F0FD02046EFF733F9029A02
:108E400000990A4417990A4419991144401A0AFBD7
:108E500000F090FBF6F02D1AA8F10100C9E9000519
:108E60000499401ACBE9000523B0BDE8F08FBAF1B0
:108E7000000F0FD02046F0F795F8019A03990A44A5
:108E800016990A4418991144401A0AFB00F090FB05
:108E9000F6F08044C9E90087CBF80080D9F80410C7
:108EA00004980844CBF8040023B0BDE8F08F00BF5D
:108EB000D1F7EDFF169940080144029117990AEB8A
:108EC0008A0201440391216D52005143B4F84820B5
:108ED000C2F30E02521EB1FBF2F1626D02EB82028E
:108EE00001EB420794F83C1008291299A0EB01000D
:108EF000219928D0002908BF35462C180299002551
:108F00000844C9F800000398C9F8040002AECDE98E
:108F100000654FF480731A4639464846F3F725FC3E
:108F200002984FF480732044CBF800000398CBF8EC
:108F30000400CDE900651A4639465846F3F715FC9A
:108F400023B0BDE8F08F002908BF3546441BD5E7A4
:108F5000F0B583B017000E461C4605463AD06A4667
:108F600048213846F6F767FC012808BF009804D06E
:108F7000284621464822EFF719FF30636A464C2104
:108F80003846F6F758FC01281ED0284621464C22C8
:108F9000EFF70CFF0190BDF80400B0859DF80600C6
:108FA00086F82E006A464D213846F6F744FC012823
:108FB00008BF009804D0284621464D22EFF7F6FE60
:108FC00086F83C0003B0F0BDBDF80000B0859DF808
:108FD0000200E5E719464C22EFF7E8FE0090BDF8E5
:108FE0000000B0859DF8020086F82E002846214634
:108FF0004D22EFF7DBFE86F83C002846214648224A
:10900000EFF7D4FE306303B0F0BD2DE9F0438BB031
:1090100016460D460446F3F709F92046EFF7C2FF5E
:1090200080462046EFF73EF80746E16B206DF3F7E8
:1090300021FA0890216C606DF3F71CFA0990B4F8DE
:109040004C00B4F8481080B289B2CDE900100DF19F
:109050002009CDF808903A46414604A8636CE7F72A
:1090600017FE049861690844401E04900598A169A0
:109070000844401E0590069861690844401C06900B
:109080000798A1690844401C079004A92046F0F7FE
:10909000D6FBC4E912562046EEF776FF05460021BE
:1090A000D6F79CFC2046F1F7E5FC01212846D6F7CF
:1090B00095FCB4F84C00B4F8481080B289B2CDE900
:1090C0000010CDF808903A46414604A8636CE7F7D3
:1090D000DFFD049861690844401E04900598A16969
:1090E0000844401E0590069861690844401C06909B
:1090F0000798A1690844401C079004A92046F0F78E
:109100009EFB0BB0BDE8F08370B505460068EEF736
:109110003BFF0446D0F8C00200222C21F2F747FAA8
:1091200000222D21D4F8C802F2F741FAD4F8C8027F
:1091300000281CBF94F8D41211F0020F01D0EEF7F2
:10914000DDF80020C4F8C80294F8D412002221F0FF
:10915000010184F8D412C4F8CC025F212868F1F729
:109160009FFED4F8C002BDE87040F0F72FBB10B5E9
:1091700004460068EEF708FFD0F8C012C0F8C81225
:109180002368C0F8C0320022BDE810402B211846E9
:10919000F2F70DBA10B50068EFF71CF8BDE8104003
:1091A000CFF708BF2DE9FF4F83B090460498EFF743
:1091B00011F804461021EFF794FF002804BF07B010
:1091C000BDE8F08FA06800280EBF4FF00F09418D59
:1091D000C1F383194FF0000604BF002001900AD0AC
:1091E00090F82A00C0F30110019000281CBF0498D9
:1091F00000F1140A01D1DDF80CA000273946102235
:109200002046EFF7D3FD0546394630222046EFF7DA
:10921000CDFD8346394634222046EFF7C7FD10F0D6
:10922000020F18BF5D444FF0000B59461122204633
:10923000EFF7BCFD0746594630222046EFF7B6FD52
:109240000090594634222046EFF7B0FD10F0010F90
:109250001CBF00980744A069DAF804102844411A9A
:10926000D8F80400DAF80C20A1EB000B216AC91B26
:10927000891A401A00902046EEF714FF401BC01BCD
:109280000290BBF1000F0EDB0098002817DABBF14B
:10929000000F08DDA0685E4600281CBFC069404280
:1092A000801B0CD50AE00098002808DD8346CBF12E
:1092B00000062046EEF79AFF584500D50026019893
:1092C00040B3012804D0022809D003280FD021E0A0
:1092D000A0694119DAF804003044081A19E0206A3C
:1092E000C11BDAF80C003044081A064412E0029858
:1092F000A16900EBD07005EB60000D185046D1F766
:10930000C6FD00EBD070DAF8041006EB60000844EC
:10931000281A0644A0680025002808BF02900AD039
:1093200090F82A00C0F38100029000281CBF049826
:1093300000F1140A01D1DDF80CA04FF0000B5946E2
:1093400012222046EFF732FD0746594630222046CA
:10935000EFF72CFD0090594634222046EFF726FD0A
:1093600010F0040F1CBF009807444FF0000B594643
:1093700013222046EFF71AFD00905946302220466E
:10938000EFF714FD0190594634222046EFF70EFD09
:1093900010F0080F1ABFDDE9001001440099009198
:1093A0006069DAF800103844401AE3690099D8F887
:1093B0000020A3EB0101DAF80830801AA1EB0301C9
:1093C000A2EB010B0BD4BBF1000F13DA002806DD72
:1093D00005462046EEF7ACFF401B0BD509E0BBF17C
:1093E000000F07DDCBF100052046EFF725F85845C3
:1093F00000D500252046EFF7D5FDC11B0098091ABE
:10940000029840B3012804D0022809D0032810D0C4
:1094100021E06069DAF8001038442944401A19E064
:10942000E1690098081ADAF808102944401A05443E
:1094300011E001EBD171606907EB610147185046FB
:10944000D1F734FD00EBD070DAF8001005EB6000C6
:109450000844381A05441D492046D0F707FC1C492A
:109460002046D0F703FC19F0010F02D1002DB8BF40
:10947000002519F0020F02D1002DC8BF002519F0F8
:10948000040F02D1002EB8BF002619F0080F02D138
:10949000002EC8BF0026D8F800100698002818BF74
:1094A00028460844C8F80000D8F804100CBF002073
:1094B00030460844C8F80400069B07B032462946E7
:1094C0002046BDE8F04FF1F77DBE0000B9950308D6
:1094D0006D95030890F8541011F0040F08BF704701
:1094E000006800220B21F2F762B810B5044684B080
:1094F000D4E910216B46CDF7B3F90098002806DABD
:109500004142012300222046F1F710FF0FE02046E0
:10951000EFF748FD0299814209DD2046EFF742FD51
:1095200002990123411A00222046F1F7FFFE01981B
:10953000002807DA4242012300212046F1F7F6FE17
:1095400004B010BD2046EEF7ADFD03998142DCBFAB
:1095500004B010BD2046EEF7A5FD03990123421A81
:1095600000212046F1F7E2FE04B010BD70B50546BB
:10957000806800281CBF8069404244184FF00006F4
:1095800008BF70BD2846EDF7C9FBA8680123324625
:1095900081692144816121462846F0F7DFF90022E4
:1095A0000C212846F2F703F8012818BF70BD2846A1
:1095B000BDE87040F0F70AB970B50546806800262E
:1095C00000281CBFC0694042441808BF70BD28462F
:1095D000EDF7A4FBA86801232246C1692144C161BB
:1095E00031462846F0F7BAF900220C212846F1F757
:1095F000DEFF012818BF70BD2846BDE87040F0F7B7
:10960000E5B8000070B51A4E0546002415F0800F2D
:109610004FF001024FF40051304611D0C7F7EEF879
:1096200000BF00BF022100BF491C0529FBDB00224F
:109630004FF400513046C7F7E1F800BF00BF10E01B
:10964000C7F7DCF800BF00BF00224FF400513046DE
:10965000C7F7D4F800BF00BF022100BF491C05298D
:10966000FBDB6806050E641C082CCFDB70BD000018
:10967000001001402DE9F0411F4E00278846356D4E
:109680000446012818BF042C08D0072C18BF082C4A
:1096900004D0052C1CBF062C0F2C17D101462846E0
:1096A000726DE9F77FFEA87A10F0020F18BF776598
:1096B000A87AC0F34001D9B910F0100F06D020F0FD
:1096C0001000A8724FF00100BDE8F081424621462B
:1096D000706DF1F76CFFA87A10F0020F18BF776574
:1096E000A87AC0F34000002804BF0120BDE8F08143
:1096F0000020BDE8F0810000700200204165F0F715
:1097000065B88165F0F762B8F2F7B6BAF2F7CBBA8E
:10971000F2F7C9BA2DE9F74F86B004460798154607
:1097200047104FEA600810F0010F08BF7F1E60006D
:109730008246ECF7B7F9064628464FF0000B002C9E
:109740002ADD00BF00EB4409079939F8022C4A438F
:10975000611EB1F1FF3F16DD002301EB080C26F876
:109760001120A445B8BF30F81C30D31ACA1B012AF7
:109770004EBF028800EB420232F8022C1A44491E06
:10978000B1F1FF3FE8DC52463146ECF735FA0BF118
:10979000010B48465C45D5DC07984FF47F51B1FB7F
:1097A000F0F004FB04F39BB129461A461FFA80FC33
:1097B000088850B1B0F57F5F08BFA1F800C004D0A1
:1097C000DDF81C9090FBF9F00880891C521EEFD147
:1097D0000020002C76DD191B0491611E009161436D
:1097E000CDF80C1008FB140C05EB400105EB4C0AFE
:1097F000019104EB000C0B88079A07FB04CCDDF801
:1098000010E0534305EB4C09864432464FF0000C00
:10981000A346CDF808E0002BB4BF4FF0000E4FEA8E
:10982000A31EA2F800E0ACEB080EBEF1000FD4BFFF
:10983000B1F800E0BAF800E0A3EB0E0E0CEB070362
:109840005B1CA342B2BFB9F80030029B35F813305D
:109850007344921CABF1010B01EB44010AEB440A87
:1098600009EB44090CF1010CBBF1000FD3DCDDE97D
:10987000001A00291CDDB11EAAEB440214F0010FEE
:1098800004D102EB440231F8023F1380009BB1F88F
:1098900002C05B100CD000BF31F8049F22F814C046
:1098A00002EB8402B1F802C0A2F800905B1EF3D173
:1098B000611E04D436F8112003992AF81120401CA7
:1098C000A0428FDB09B03046BDE8F04FE6F7F0BAB2
:1098D00000687047F0B583B0E5F7A6FE234CE16859
:1098E00088420CD1F5F7F4F8034621A20821684616
:1098F000F5F7F2F869462068EBF788FA19E0216974
:1099000088420AD1F5F7E4F803461BA2082168460D
:10991000F5F7E2F86946606809E0F5F7D9F803461B
:1099200017A208216846F5F7D7F86946A068EBF753
:109930006DFAE068F5F7CCF8C7B22069F5F7C8F81A
:10994000C6B26069F5F7C4F8C5B22A463146384652
:10995000D5F789FD0146A069EBF710FD2A4631468F
:109960003846FEF7A1FB03B0F0BD00003800002030
:10997000523A256400000000473A256400000000C8
:10998000423A25640000000030B597B004464FF419
:10999000C0216422EFF70AFA050025D06846D0F707
:1099A000C7F921466846D0F788FA15496846D0F7C6
:1099B0006EFA29466846D0F761FA29466846D0F71C
:1099C0006CFA002201216846D0F771FA0D49684609
:1099D000D0F75FFA4FF0FF316846D0F760FA68467B
:1099E000D0F792FA17B030BD05492046D0F73EF9BE
:1099F00094F8640040F0010084F8640017B030BDB2
:109A0000B14000084F9E00082DE9F041044690F84F
:109A1000240082B010F0010F0BD0FE48D5F704FDF2
:109A20000090BDF8000020869DF8020084F8320006
:109A30000BE004211220F2F7D3FC0090BDF80000E7
:109A400020869DF8020084F8320094F8240010F07B
:109A5000010F0DD005211220F2F7C2FC0090BDF8D5
:109A60000000A4F833009DF8020084F835000CE0F3
:109A700004211220F2F792FC0090BDF80000A4F837
:109A800033009DF8020084F8350094F8240010F0AB
:109A9000010F0BD0E048D5F7C7FC0090BDF80000DF
:109AA000E0869DF8020084F8380009E0D5F785FDCE
:109AB0000090BDF80000E0869DF8020084F83800B0
:109AC00094F8240010F0010F0CD0D448D5F7ACFC6A
:109AD0000090BDF80000A4F839009DF8020084F859
:109AE0003B000CE002211220F2F77AFC0090BDF856
:109AF0000000A4F839009DF8020084F83B00C84E2D
:109B000004F5C270D6F8B81191F83C1011B1F5F710
:109B1000C5FF01E0F5F7BDFED6F8B81104F5C87031
:109B200091F83C1011B1F5F7B9FF01E0F5F7B1FE7E
:109B300000254620CDE900055023BA4ABA4904F56C
:109B40005D70F6F775F900955023B64AB64904F5ED
:109B500062700195F6F76CF904F55D7104F5C27059
:109B6000F6F75EF904F5627104F5C870F6F758F976
:109B7000D6F8B81104F14C0091F83C1011B1F5F78A
:109B80008DFF01E0F5F785FE94F8240010F0010F39
:109B900004D002211220F2F701FC02E01220F2F7B9
:109BA0003FFC014604F14C00F5F7A2FF47F6FF71B8
:109BB00004F14C00F6F7EAF8E06A9C4DC0EBC000F7
:109BC0005030B0F5A07FB8BF012704DB85FB001043
:109BD0008111A1EBE077394604F14C00F6F723F848
:109BE000394604F14C00F6F722F8394604F14C00EE
:109BF000F6F725F8394604F14C00F6F70CF8E06A60
:109C000000EB80005030B0F5A07FA3BF85FB0010B3
:109C10008111A1EBE071012104F14C00F6F704F988
:109C2000662104F14C00F5F789FF04F5627104F137
:109C30004C00F6F7F5F8D6F8B81104F1580091F891
:109C40003C1011B1F5F72AFF01E0F5F722FEFF21E4
:109C500004F15800F5F772FFD6F8B81104F140008E
:109C600091F83C1011B1F5F719FF01E0F5F711FE7D
:109C7000FF2104F14000F5F761FF04F14000216B82
:109C8000F5F736FFB4F83300ADF8000094F835006E
:109C90008DF8020004F140000099F6F7A2F804F1F3
:109CA0004000E169F6F7ACF894F82800E16A012871
:109CB00008BF0E2203D002280CBF0C220A224A43FE
:109CC0005032B2F5A07FB8BF01210EDB012808BFDA
:109CD0000E2003D002280CBF0C200A20484350302D
:109CE00085FB00108111A1EBE07104F14000F5F754
:109CF000A2FF94F82800E16A012808BF0E2203D0D1
:109D000002280CBF0C220A224A435032B2F5A07F2F
:109D1000B8BF01210EDB012808BF0E2003D00228A6
:109D20000CBF0C200A204843503085FB00108111E5
:109D3000A1EBE07104F14000F5F771FFE06AC11793
:109D400000EB91708010010204F14000F6F722F858
:109D5000D6F8B81104F1640091F83C1011B1F5F790
:109D60009DFE01E0F5F795FD94F82810E06A0129C1
:109D70000CBF0C22082242435032B2F5A07FB8BF7C
:109D800001210ADB01290CBF0C2108214843503076
:109D900085FB00108111A1EBE07104F16400F5F77F
:109DA000F5FFFF2104F16400F5F7C8FED4F8361082
:109DB00004F16400F5F79CFEB4F83900ADF800003A
:109DC00094F83B008DF8020004F164000099F5F767
:109DD000B9FEE06A502707EB4000B0F5A07FA3BFB3
:109DE00085FB00108111A1EBE071012104F16400F9
:109DF000F5F7C3FE012104F16400F5F7B6FEB4F8EF
:109E00003300ADF8000094F835008DF8020004F13D
:109E100064000DE01A171500302B280037322F0090
:109E200070020020E99D000816C004086766666697
:109E30000099F5F7D6FF94F82800E16A012808BFD9
:109E4000182203D002280CBF142210224A43503299
:109E5000B2F5A07FB8BF4FF001080EDB012808BFA4
:109E6000182003D002280CBF142010204843503083
:109E700085FB00108111A1EBE078414604F16400FC
:109E8000F5F7D1FE414604F16400F5F7D0FE4146F6
:109E900004F16400F5F7D3FE414604F16400F5F7E0
:109EA000BAFE94F82800E16A012808BF0E2203D008
:109EB00002280CBF0C220A224A435032B2F5A07F7E
:109EC000B8BF01210EDB012808BF0E2003D00228F5
:109ED0000CBF0C200A204843503085FB0010811134
:109EE000A1EBE07104F16400F5F7A5FE94F82800F9
:109EF000E16A012808BF0E2203D002280CBF0C2201
:109F00000A224A435032B2F5A07FB8BF01210EDBCE
:109F1000012808BF0E2003D002280CBF0C200A2005
:109F20004843503085FB00108111A1EBE07104F132
:109F30006400F5F774FE1220F2F772FA014604F19C
:109F40006400F5F732FEE06A5030B0F5A07FA3BFA1
:109F500085FB00108111A1EBE071012104F1640087
:109F6000F5F736FED6F8B81104F5987091F83C1064
:109F700011B1F5F793FD01E0F5F78BFC04F598704E
:109F80002169F5F72DFEE06A00EB40005030B0F596
:109F9000A07FA3BF85FB00108111A1EBE07101211F
:109FA00004F59870F5F733FEE06A00EB400050309E
:109FB000B0F5A07FA3BF85FB00108111A1EBE0717C
:109FC000012104F59870F5F71EFE7F2104F59870C5
:109FD000F5F715FED6F8B81104F59E7091F83C100F
:109FE00011B1F5F75BFD01E0F5F753FCB4F8130090
:109FF000ADF80000607D8DF8020004F59E700099B8
:10A00000F5F7EEFDE06A00EB40005030B0F5A07FC0
:10A01000A3BF85FB00108111A1EBE071012104F5C4
:10A020009E70F5F7F4FD7F2104F59E70F5F7E7FDCE
:10A03000D6F8B81104F1700091F83C1011B1F5F7A1
:10A040002DFD01E0F5F725FC94F82800E16A0128D0
:10A0500008BF102203D002280CBF0C2208224A435A
:10A060005032B2F5A07FB8BF01210EDB012808BF36
:10A07000102003D002280CBF0C2008204843503089
:10A0800085FB00108111A1EBE07104F17000F5F780
:10A090007DFEFF2104F17000F5F750FDB4F83900A2
:10A0A000ADF8000094F83B008DF8020004F1700058
:10A0B0000099F5F71DFD94F8240010F0010F75D1FB
:10A0C0001220F2F7ADF9014604F17000F5F766FED3
:10A0D0000020D5F7ADFC00EB40005030B0F5A07F7C
:10A0E000B8BF01210ADB0020D5F7A2FC00EB40003D
:10A0F000503085FB00108111A1EBE07104F170007C
:10A10000F5F767FE7F2104F17000F5F75AFE002095
:10A11000D5F78EFC07EB8000B0F5A07F0ADB0020AE
:10A12000D5F786FCEF2101EB8000B0F59F7F98BF4B
:10A13000002137D90020D5F77BFC07EB8000B0F574
:10A14000A07FB8BF012009DB0020D5F771FC07EB29
:10A15000800085FB00108111A1EBE070E16A4843AB
:10A160005030B0F5A07FB8BF01211BDB0020D5F730
:10A170005FFC07EB8000B0F5A07FB8BF012009DBD2
:10A180000020D5F755FC07EB800085FB00108111FE
:10A19000A1EBE070E16A4843503085FB001081116B
:10A1A000A1EBE07104F17000F5F707FEB4F833009D
:10A1B000ADF8000094F835008DF8020004F170004D
:10A1C0000099F5F70EFE94F82800E16A012808BF0F
:10A1D000182203D002280CBF142210224A43503206
:10A1E000B2F5A07FB8BF4FF001080EDB012808BF11
:10A1F000182003D002280CBF1420102048435030F0
:10A2000085FB00108111A1EBE078414604F170005C
:10A21000F5F709FD414604F17000F5F708FD94F8E3
:10A220002800E16A012808BF0E2203D002280CBFD3
:10A230000C220A224A435032B2F5A07FB8BF4FF039
:10A2400001080EDB012808BF0E2003D002280CBF36
:10A250000C200A204843503085FB00108111A1EBEF
:10A26000E078414604F17000F5F7E9FC414604F15D
:10A270007000F5F7D0FCE06A00EB80005030B0F5DC
:10A28000A07FA3BF85FB00108111A1EBE07101212C
:10A2900004F17000F5F7C3FCE06A00EB8000503079
:10A2A000B0F5A07FA3BF85FB00108111A1EBE07189
:10A2B000012104F17000F5F7BEFCFE4904F5597068
:10A2C000D5F763F8FC4904F55B70D5F75EF8D6F86E
:10A2D000B81104F1C40091F83C1011B1F5F7DEFBA0
:10A2E00001E0F5F7D6FA04F5597104F1C400F5F769
:10A2F0004CFC232104F1C400F5F74BFCD6F8B8114F
:10A3000004F1D00091F83C1011B1F5F7C7FB01E062
:10A31000F5F7BFFA04F55B7104F1D000F5F735FCF1
:10A320007F2104F1D000F5F734FCD6F8B81104F51C
:10A33000B07091F83C1011B1F5F7B0FB01E0F5F702
:10A34000A8FA012104F5B070F5F71BFC012104F512
:10A35000B070F5F70AFCD6F8B81104F5807091F8E2
:10A360003C1011B1F5F79AFB01E0F5F792FA94F879
:10A370002800E16A012808BF182203D002280CBF78
:10A38000142210224A435032B2F5A07FB8BF4FF0DA
:10A3900001080EDB012808BF182003D002280CBFDB
:10A3A000142010204843503085FB00108111A1EB90
:10A3B000E078414604F58070F5F735FC414604F538
:10A3C0008070F5F734FC414604F58070F5F737FCF2
:10A3D000414604F58070F5F71EFC94F82800E16A08
:10A3E000012808BF182203D002280CBF1422102213
:10A3F0004A435032B2F5A07FB8BF01210EDB0128DD
:10A4000008BF182003D002280CBF14201020484396
:10A41000503085FB00108111A1EBE07104F58070D4
:10A42000F5F709FC94F82800E16A012808BF182212
:10A4300003D002280CBF142210224A435032B2F536
:10A44000A07FB8BF01210EDB012808BF182003D070
:10A4500002280CBF142010204843503085FB001008
:10A460008111A1EBE07104F58070F5F7D8FBD6F807
:10A47000B81104F1F40091F83C1011B1F5F70EFB9E
:10A4800001E0F5F706FA94F82800E16A012808BF10
:10A490000E2203D002280CBF0C220A224A4350325B
:10A4A000B2F5A07FB8BF4FF001080EDB012808BF4E
:10A4B0000E2003D002280CBF0C200A204843503045
:10A4C00085FB00108111A1EBE078414604F1F40016
:10A4D000F5F7A9FB414604F1F400F5F7A8FB414666
:10A4E00004F1F400F5F7ABFB414604F1F400F5F795
:10A4F00092FB94F82800E16A012808BF0E2203D0DD
:10A5000002280CBF0C220A224A435032B2F5A07F27
:10A51000B8BF4FF001080EDB012808BF0E2003D0A2
:10A5200002280CBF0C200A204843503085FB001045
:10A530008111A1EBE078414604F1F400F5F77BFBD3
:10A54000414604F1F400F5F76AFBD6F8B81104F5BA
:10A55000867091F83C1011B1F5F7A0FA01E0F5F71B
:10A5600098F9E06A00EB800007EB4000B0F5A07FAF
:10A57000A3BF85FB00108111A1EBE071012104F55F
:10A580008670F5F758FBE06A00EB800007EB4000AF
:10A59000B0F5A07FA3BF85FB00108111A1EBE07196
:10A5A000012104F58670F5F73AFBD6F8B81104F5E9
:10A5B0008C7091F83C1011B1F5F770FA01E0F5F7E5
:10A5C00068F9E06A00EB800007EB8000B0F5A07F3F
:10A5D000A3BF85FB00108111A1EBE071012104F5FF
:10A5E0008C70F5F711FCD6F8B81104F5927091F85B
:10A5F0003C1011B1F5F752FA01E0F5F74AF90221E2
:10A6000004F59270F5F7E9FBD6F8B81104F1DC0017
:10A6100091F83C1011B1F5F741FA01E0F5F739F97D
:10A62000002104F1DC00F5F7FEFA002104F1DC0062
:10A63000F5F7FDFA002104F1DC00F5F700FB00213D
:10A6400004F1DC00F5F7E7FA002104F1DC00F5F78E
:10A65000F2FA002104F1DC00F5F7E1FAD6F8B811BE
:10A6600004F1E80091F83C1011B1F5F717FA01E098
:10A67000F5F70FF994F82800E16A012808BF0822CD
:10A6800003D002280CBF062202224A435032B2F500
:10A69000A07FB8BF4FF0010813DB012808BF0820D6
:10A6A00003D002280CBF062002204843503085FB0F
:10A6B000001003E019410008D56F00088111A1EBDB
:10A6C000E078414604F1E800F5F7ADFA414604F1BF
:10A6D000E800F5F7ACFA414604F1E800F5F7AFFA07
:10A6E000414604F1E800F5F796FA94F82800E16A8B
:10A6F000012808BF082203D002280CBF062202222C
:10A700004A435032B2F5A07FB8BF01210EDB0128C9
:10A7100008BF082003D002280CBF062002204843AF
:10A72000503085FB00108111A1EBE07104F1E800CD
:10A73000F5F781FA94F82800E16A012808BF082299
:10A7400003D002280CBF062202224A435032B2F53F
:10A75000A07FB8BF01210EDB012808BF082003D06D
:10A7600002280CBF062002204843503085FB001011
:10A770008111A1EBE07104F1E800F5F750FAD6F889
:10A78000B81104F17C0091F83C1011B1F5F786F98D
:10A7900001E0F5F77EF804F17C002169F5F7A8F9EE
:10A7A000D4F70BFF014604F17C00F5F71AFBFF21FB
:10A7B00004F17C00F5F7C2F9D6F8B81104F188006D
:10A7C00091F83C1011B1F5F769F901E0F5F761F87E
:10A7D00004F188002169F5F78BF904F188002169FB
:10A7E000F5F7FFFA332104F18800F5F7A7F9D6F859
:10A7F000B81104F1940091F83C1011B1F5F74EF93D
:10A8000001E0F5F746F8B4F81300ADF80000607DFC
:10A810008DF8020004F194000099F5F769F9D4F776
:10A82000CCFE014604F19400F5F7DBFAFF2104F1B8
:10A830009400F5F783F9D6F8B81104F1A00091F867
:10A840003C1011B1F5F72AF901E0F5F722F8B4F858
:10A850001300ADF80000607D8DF8020004F1A00047
:10A860000099F5F745F9B4F81300ADF80000607DE4
:10A870008DF8020004F1A0000099F5F7B2FA332137
:10A8800004F1A000F5F75AF9D6F8B81104F1AC00BC
:10A8900091F83C1011B1F5F701F901E0F4F7F9FF77
:10A8A000B4F83900ADF8000094F83B008DF80200D0
:10A8B00004F1AC000099F5F71BF9FF2104F1AC009D
:10A8C000F5F73CF9B4F83300ADF8000094F8350022
:10A8D0008DF8020004F1AC000099F5F782FAD6F881
:10A8E000B81104F1B80091F83C1011B1F5F7D6F8A1
:10A8F00001E0F4F7CEFFD4F8361004F1B800F5F714
:10A90000F7F8FF2104F1B800F5F718F9B4F83300AF
:10A91000ADF8000094F835008DF8020004F1B8009D
:10A920000099F5F75EFAD6F8B81104F5A47091F81D
:10A930003C1011B1F5F7B2F801E0F4F7AAFF47F6C1
:10A94000FF7104F5A470F5F721FAD6F8B81104F5F3
:10A95000AA7091F83C1011B1F5F7A0F801E0F4F7F6
:10A9600098FF002104F5AA70F5F710FAD6F8B8118F
:10A9700004F5B67091F83C1011B1F5F78FF801E0CD
:10A98000F4F787FFE06AC11700EB917080100102B5
:10A9900004F5B670F5F7FEF9D6F8B81104F5BC70F9
:10A9A00091F83C1011B1F5F779F801E0F4F771FF77
:10A9B000E06A00EB40005030B0F5A07FA3BF85FBFC
:10A9C00000108111A1EBE071012104F5BC70F5F7D5
:10A9D00023FAE06A00EB40005030B0F5A07FA3BF3F
:10A9E00085FB00108111A1EBE071012104F5BC7021
:10A9F000F5F70EFAD6F8B81104F5DA7091F83C10B4
:10AA000011B1F5F74BF801E0F4F743FF04F5DA7004
:10AA10002169F5F76DF8FF2104F5DA70F5F78EF886
:10AA2000E06A00EB400007EB4000B0F5A07FB8BF44
:10AA30004FF0010804DB85FB00108111A1EBE078E9
:10AA4000414604F5DA70F5F7EEF8414604F5DA70A0
:10AA5000F5F7EDF8414604F5DA70F5F7F0F8414600
:10AA600004F5DA70F5F7D7F847F6FF7104F5DA70F8
:10AA7000F5F78CF9D6F8B81104F5CE7091F83C10C2
:10AA800011B1F5F70BF801E0F4F703FFC82104F565
:10AA9000CE70F5F712F8D6F8B81104F5D47091F825
:10AAA0003C1011B1F4F7FAFF01E0F4F7F2FE78215F
:10AAB00004F5D470F5F701F8D6F8B81104F5E07094
:10AAC00091F83C1011B1F4F7E9FF01E0F4F7E1FE71
:10AAD000B4F83900ADF8000094F83B008DF802009E
:10AAE00004F5E0700099F4F7ECFFE06AC0EB0010A9
:10AAF0005030B0F5A07FA3BF85FB00108111A1EB02
:10AB0000E071012104F5E070F4F7EEFF012104F596
:10AB1000E070F4F7E5FFD6F8B81104F5E67091F8A7
:10AB20003C1011B1F4F7BAFF01E0F4F7B2FE04F5FE
:10AB3000E6702169F4F7C5FFD6F8B81104F5FE7088
:10AB400091F83C1011B1F4F7A9FF01E0F4F7A1FE70
:10AB5000C62104F5FE70F5F73FF8D6F8B81104F5F4
:10AB6000027091F83C1011B1F4F798FF01E0F4F78E
:10AB700090FEE06A00EB40005030B0F5A07FB8BF17
:10AB80004FF0010804DB85FB00108111A1EBE07898
:10AB9000414604F50270F5F746F8414604F50270A7
:10ABA000F5F745F8414604F50270F5F748F84146D7
:10ABB00004F50270F5F72FF8E06A07EB4000B0F5F6
:10ABC000A07FA3BF85FB00108111A1EBE0710121E3
:10ABD00004F50270F4F7D1FF04F502702169F4F76F
:10ABE000B1FFD4F8361004F50270F4F781FFFF21AD
:10ABF00004F50270F4F7A2FF94F82810E06A012926
:10AC00000CBF0C22082242435032B2F5A07FB8BFDD
:10AC100001200ADB01290CBF0C21082148435030D8
:10AC200085FB00108111A1EBE07000EBD0704110AA
:10AC300004F50270F5F7AAF804F50270A169F5F7BA
:10AC4000DFF8D4F7BAFC014604F50270F5F7C9F84D
:10AC5000D6F8B81104F5057091F83C1011B1F4F76D
:10AC60001DFF01E0F4F715FEFEA104F50570F4F7F1
:10AC700061FFD6F8B81104F5087091F83C1011B1D5
:10AC8000F4F70CFF01E0F4F704FEE06A07EB800044
:10AC9000B0F5A07FB8BF012004DB85FB0010811157
:10ACA000A1EBE070C0F10008414604F50870F4F72C
:10ACB000BAFF414604F50870F4F7B9FF414604F5C0
:10ACC0000870F4F7BCFF414604F50870F4F7A3FFE1
:10ACD000D4F773FC014604F50870F4F709FFD6F8C1
:10ACE000B81104F50B7091F83C1011B1F4F7D6FED1
:10ACF00001E0F4F7CEFD012104F50B70F4F768FFD5
:10AD0000B4F83300ADF8000094F835008DF8020077
:10AD100004F50B700099F4F748FFD6F8B81104F564
:10AD2000F87091F83C1011B1F4F7B8FE01E0F4F7B7
:10AD3000B0FD002104F5F870F4F717FFE06A00EBAE
:10AD4000800007EB4000B0F5A07FA3BF85FB00109B
:10AD50008111A1EBE071012104F5F870F4F75FFFB8
:10AD6000B4F83900ADF8000094F83B008DF802000B
:10AD700004F5F8700099F4F718FFD6F8B81104F547
:10AD8000EC7091F83C1011B1F4F788FE01E0F4F793
:10AD900080FDE06A00EB40005030B0F5A07FA3BF1B
:10ADA00085FB00108111A1EBE071012104F5EC702D
:10ADB000F4F70EFFE06A00EB40005030B0F5A07FE2
:10ADC000A3BF85FB00108111A1EBE071012104F507
:10ADD000EC70F4F7DBFFE06A07EBC000B0F5A07F92
:10ADE000B8BF4FF0010804DB85FB00108111A1EB17
:10ADF000E078414604F5EC70F5F716F8414604F5A5
:10AE0000EC70F4F7CAFEE06A07EB4000B0F5A07FF3
:10AE1000A3BF85FB00108111A1EBE071012104F5B6
:10AE2000EC70F4F7FCFED6F8B81104F5F27091F866
:10AE30003C1011B1F4F732FE01E0F4F72AFD47F6B9
:10AE4000FF7104F5F270F4F7A1FF414604F5F270CA
:10AE5000F4F7EAFF414604F5F270F4F79EFE04F5BC
:10AE6000F2702169F4F744FEFF2104F5F270F4F763
:10AE700065FED6F8B81104F5207091F83C1011B1B8
:10AE8000F4F70CFE01E0F4F704FD002104F5207056
:10AE9000F4F7C9FE002104F52070F4F7C8FE002184
:10AEA00004F52070F4F7CBFE002104F52070F4F7D0
:10AEB000B2FE002104F52070F4F7BDFE002104F578
:10AEC0002070F4F7ACFE002104F52070F4F75EFF6B
:10AED000012104F52070F4F754FE002104F52070E0
:10AEE000F4F747FED6F8B81104F5357091F83C1028
:10AEF00011B1F4F7D3FD01E0F4F7CBFC94F828008E
:10AF0000E16A01280CBF0C2208224A435032B2F5F4
:10AF1000A07FB8BF01210ADB01280CBF0C2008204C
:10AF20004843503085FB00108111A1EBE07104F51E
:10AF30003570F4F72BFF012104F53570F4F721FE8D
:10AF4000FF2104F53570F4F7F9FDD4F8361004F557
:10AF50003570F4F7CDFDB4F83300ADF8000094F887
:10AF600035008DF8020004F535700099F4F739FFCB
:10AF7000D6F8B81104F5237091F83C1011B1F4F72C
:10AF80008DFD01E0F4F785FC94F82800E16A0128C2
:10AF900008BF0E2203D002280CBF0C220A224A430B
:10AFA0005032B2F5A07FB8BF4FF001080EDB012888
:10AFB00008BF0E2003D002280CBF0C200A204843F3
:10AFC000503085FB00108111A1EBE078414604F57B
:10AFD0002370F4F728FE414604F52370F4F727FEAA
:10AFE00094F82800E16A012808BF0E2203D0022845
:10AFF0000CBF0C220A224A435032B2F5A07FB8BFE0
:10B000004FF001080EDB012808BF0E2003D00228F4
:10B010000CBF0C200A204843503085FB00108111E2
:10B02000A1EBE078414604F52370F4F708FE4146B1
:10B0300004F52370F4F7EFFD94F82800E16A012885
:10B0400008BF0E2203D002280CBF0C220A224A435A
:10B050005032B2F5A07FB8BF4FF0010812DB0128D3
:10B0600002E00000EF808C0008BF0E2003D0022811
:10B070000CBF0C200A204843503085FB0010811182
:10B08000A1EBE078414604F52370F4F7D4FD414686
:10B0900004F52370F4F7C3FDE06A5030B0F5A07FEB
:10B0A000A3BF85FB00108111A1EBE071012104F524
:10B0B0002370F4F762FD192104F52370F4F751FDB4
:10B0C000B4F83300ADF8000094F835008DF80200B4
:10B0D00004F523700099F4F735FD002104F5237081
:10B0E000F4F747FDD6F8B81104F5267091F83C1036
:10B0F00011B1F4F7D3FC01E0F4F7CBFB002104F528
:10B100002670F4F790FD002104F52670F4F78FFD0A
:10B11000002104F52670F4F792FD002104F5267055
:10B12000F4F779FD002104F52670F4F784FD002181
:10B1300004F52670F4F773FDE06A5030B0F5A07F97
:10B14000A3BF85FB00108111A1EBE071012104F583
:10B150002670F4F712FD192104F52670F4F701FDAD
:10B16000B4F83300ADF8000094F835008DF8020013
:10B1700004F526700099F4F7E5FC082104F5267023
:10B18000F4F7F7FCD6F8B81104F5297091F83C10E3
:10B1900011B1F4F783FC01E0F4F77BFB002104F527
:10B1A0002970F4F740FD002104F52970F4F73FFD04
:10B1B000002104F52970F4F742FD002104F52970FF
:10B1C000F4F729FD002104F52970F4F734FD00217E
:10B1D00004F52970F4F723FDD6F8B81104F52F70A3
:10B1E00091F83C1011B1F4F759FC01E0F4F751FB70
:10B1F00094F82800E16A012808BF0E2203D0022833
:10B200000CBF0C220A224A435032B2F5A07FB8BFCD
:10B210004FF001080EDB012808BF0E2003D00228E2
:10B220000CBF0C200A204843503085FB00108111D0
:10B23000A1EBE078414604F52F70F4F7F4FC4146A9
:10B2400004F52F70F4F7F3FC94F82800E16A012864
:10B2500008BF082203D002280CBF062202224A435C
:10B260005032B2F5A07FB8BF4FF001080EDB0128C5
:10B2700008BF082003D002280CBF06200220484344
:10B28000503085FB00108111A1EBE078414604F5B8
:10B290002F70F4F7D4FC414604F52F70F4F7BBFC93
:10B2A00094F82800E16A012808BF0E2203D0022882
:10B2B0000CBF0C220A224A435032B2F5A07FB8BF1D
:10B2C0004FF001080EDB012808BF0E2003D0022832
:10B2D0000CBF0C200A204843503085FB0010811120
:10B2E000A1EBE078414604F52F70F4F7A4FC414649
:10B2F00004F52F70F4F793FCD6F8B81104F532700A
:10B3000091F83C1011B1F4F7C9FB01E0F4F7C1FA70
:10B3100094F82800E16A012808BF082203D0022817
:10B320000CBF062202224A435032B2F5A07FB8BFBA
:10B330004FF001080EDB012808BF082003D00228C7
:10B340000CBF062002204843503085FB00108111BD
:10B35000A1EBE078414604F53270F4F764FC414615
:10B3600004F53270F4F763FC94F82800E16A0128D0
:10B3700008BF082203D002280CBF062202224A433B
:10B380005032B2F5A07FB8BF4FF001080EDB0128A4
:10B3900008BF082003D002280CBF06200220484323
:10B3A000503085FB00108111A1EBE078414604F597
:10B3B0003270F4F744FC414604F53270F4F72BFC8C
:10B3C000002104F53270F4F7FCFC002104F5327022
:10B3D000F4F7B4FBB4F83300ADF8000094F835008E
:10B3E0008DF8020004F532700099F4F7FAFCD6F8F3
:10B3F000B81104F52C7091F83C1011B1F4F74EFB24
:10B4000001E0F4F746FA002104F52C70F4F70BFC88
:10B41000002104F52C70F4F70AFC002104F52C70CF
:10B42000F4F709FC002104F52C70F4F7F8FBD6F8CA
:10B43000B81104F5387091F83C1011B1F4F72EFBF7
:10B4400001E0F4F726FA332104F53870F4F776FBBF
:10B450001220F0F7E5FF014604F53870F4F748FBD9
:10B46000D6F8B81104F53B7091F83C1011B1F4F71F
:10B4700015FB01E0F4F70DFA002104F53B70F4F739
:10B480005DFB94F82800E16A012808BF082203D078
:10B4900002280CBF062202224A435032B2F5A07F96
:10B4A000B8BF4FF001080EDB012808BF082003D009
:10B4B00002280CBF062002204843503085FB0010B4
:10B4C0008111A1EBE078414604F53B70F4F7B7FB3E
:10B4D000414604F53B70F4F79EFBD6F8B81104F52D
:10B4E0000E7091F83C1011B1F4F7D8FA01E0F4F7BE
:10B4F000D0F9E06A5030B0F5A07FA3BF85FB001003
:10B500008111A1EBE071012104F50E70F4F735FB18
:10B51000B4F83900ADF8000094F83B008DF8020053
:10B5200004F50E700099F4F70DFB032104F50E707D
:10B53000F4F71FFBD6F8B81104F5117091F83C1020
:10B5400011B1F4F7ABFA01E0F4F7A3F9B4F8330062
:10B55000ADF8000094F835008DF8020004F5117084
:10B560000099F4F7EFFAE06A07EB4000B0F5A07F2E
:10B57000A3BF85FB00108111A1EBE071012104F54F
:10B580001170F4F7FAFAE06A5030B0F5A07FB8BF56
:10B59000012004DB85FB00108111A1EBE07041422A
:10B5A00004F51170F4F73FFB042104F51170F4F772
:10B5B000E0FA4FF4C87104F51170F4F77EFAD6F88A
:10B5C000B81104F5147091F83C1011B1F4F766FA53
:10B5D00001E0F4F75EF994F8240010F0010F04D0B4
:10B5E00002211220F0F7DAFE03E001211220F0F729
:10B5F000F7FE014604F51470F4F7F3FBD6F8B81122
:10B6000004F5177091F83C1011B1F4F747FA01E016
:10B61000F4F73FF994F82800E16A012808BF0E22E8
:10B6200003D002280CBF0C220A224A435032B2F542
:10B63000A07FB8BF4FF001080EDB012808BF0E2025
:10B6400003D002280CBF0C200A204843503085FB51
:10B6500000108111A1EBE078414604F51770F4F772
:10B66000E2FA414604F51770F4F7E1FA414604F5B1
:10B670001770F4F7E4FA414604F51770F4F7CBFAC3
:10B6800094F82800E16A012808BF0E2203D002289E
:10B690000CBF0C220A224A435032B2F5A07FB8BF39
:10B6A00001200EDB012808BF0E2003D002280CBFAA
:10B6B0000C200A204843503085FB00108111A1EB7B
:10B6C000E07000EBD0704FEA6008414604F5177057
:10B6D000F4F7B1FA414604F51770F4F7A0FAD6F87A
:10B6E000B81104F51A7091F83C1011B1F4F7D6F9BD
:10B6F00001E0F4F7CEF8E06A5030B0F5A07FA3BFC8
:10B7000085FB00108111A1EBE071012104F51A7095
:10B71000F4F733FAB4F83900ADF8000094F83B00C0
:10B720008DF8020004F51A700099F4F70BFAD4F8BA
:10B73000361004F51A70F4F7DBF9332104F51A70AA
:10B74000F4F7FCF9D6F8B81104F51D7091F83C1027
:10B7500011B1F4F7A3F901E0F4F79BF894F828008D
:10B76000E16A012808BF0E2203D002280CBF0C2278
:10B770000A224A435032B2F5A07FB8BF4FF0010809
:10B780000EDB012808BF0E2003D002280CBF0C20BE
:10B790000A204843503085FB00108111A1EBE0786E
:10B7A000414604F51D70F4F73EFA414604F51D705C
:10B7B000F4F73DFA94F82800E16A012808BF0E2248
:10B7C00003D002280CBF0C220A224A435032B2F5A1
:10B7D000A07FB8BF01210EDB012808BF0E2003D0D7
:10B7E00002280CBF0C200A204843503085FB001073
:10B7F0008111A1EBE07104F51D70F4F720FA94F8C3
:10B800002800E16A012808BF082203D002280CBFE3
:10B81000062202224A435032B2F5A07FB8BF01216E
:10B820000EDB012808BF082003D002280CBF062029
:10B8300002204843503085FB00108111A1EBE071DC
:10B8400004F51D70F4F7E7F994F82800E16A01287F
:10B8500008BF0E2203D002280CBF0C220A224A4342
:10B860005032B2F5A07FB8BF4FF001080EDB0128BF
:10B8700008BF0E2003D002280CBF0C200A2048432A
:10B88000503085FB00108111A1EBE078414604F5B2
:10B890001D70F4F7D0F9414604F51D70F4F7BFF9B7
:10B8A000D6F8B81104F53E7091F83C1011B1F4F7D8
:10B8B000F5F801E0F3F7EDFF1220F0F7B1FD0146D6
:10B8C00004F53E70F4F714F97F2104F53E70F4F7A7
:10B8D00035F9D6F8B81104F5417091F83C1011B162
:10B8E000F4F7DCF801E0F3F7D4FF002104F5417030
:10B8F000F4F76FFA94F82800032817D0E16A0128BA
:10B900000CBF0C2208224A435032B2F5A07FB8BFC8
:10B9100001211DDB01280CBF0C20082048435030BA
:10B9200085FB00108111A1EBE07111E0E06AC1001C
:10B930005031B1F5A07FB8BF012006DBC000503008
:10B9400085FB00108111A1EBE07000EBD07041107D
:10B9500004F54170F4F71AFAD6F8B81104F55070EE
:10B9600091F83C1011B1F4F799F801E0F3F791FF69
:10B9700004F550702169F4F7E5F8E06A07EB400040
:10B98000B0F5A07FB8BF012004DB85FB001081115A
:10B99000A1EBE070410004F55070F4F7EEF80121DE
:10B9A00004F55070F4F7E5F8E06A07EB4000B0F5F5
:10B9B000A07FB8BF012004DB85FB00108111A1EB43
:10B9C000E070410004F55070F4F739F9D6F8B81179
:10B9D00004F54D7091F83C1011B1F4F75FF801E0F7
:10B9E000F3F757FFE06A07EB4000B0F5A07FB8BF60
:10B9F000012004DB85FB00108111A1EBE0704142C6
:10BA000004F54D70F4F7FFF8D6F8B81104F544705A
:10BA100091F83C1011B1F4F741F801E0F3F739FF68
:10BA200094F82800E16A012808BF182203D00228F0
:10BA30000CBF142210224A435032B2F5A07FB8BF87
:10BA40004FF001080EDB012808BF182003D00228A0
:10BA50000CBF142010204843503085FB001081118A
:10BA6000A1EBE078414604F54470F4F7DCF8414678
:10BA700004F54470F4F7DBF8002104F54470F4F7A2
:10BA8000DEF8002104F54470F4F7C5F8002104F550
:10BA90004470F4F7D0F8002104F54470F4F7BFF8CF
:10BAA000012104F54470F4F76CF8D6F8B81104F5E8
:10BAB000477091F83C1011B1F3F7F0FF01E0F3F794
:10BAC000E8FEE06A5030B0F5A07FA3BF85FB001010
:10BAD0008111A1EBE071012104F54770F4F74DF8F5
:10BAE000B4F83900ADF8000094F83B008DF802007E
:10BAF00004F547700099F4F725F8012104F5477023
:10BB0000F4F737F894F82800E16A012808BF0E22FC
:10BB100003D002280CBF0C220A224A435032B2F54D
:10BB2000A07FB8BF4FF001080EDB012808BF0E2030
:10BB300003D002280CBF0C200A204843503085FB5C
:10BB400000108111A1EBE078414604F54770F4F74D
:10BB50006AF8414604F54770F4F769F8414604F580
:10BB60004770F4F76CF8414604F54770F4F753F862
:10BB700094F82800E16A012808BF0E2203D00228A9
:10BB80000CBF0C220A224A435032B2F5A07FB8BF44
:10BB900001210EDB012808BF0E2003D002280CBFB4
:10BBA0000C200A204843503085FB00108111A1EB86
:10BBB000E07104F54770F4F732F8D6F8B81104F5DF
:10BBC0004A7091F83C1011B1F3F768FF01E0F3F708
:10BBD00060FE94F82800E16A012808BF182203D00B
:10BBE00002280CBF142210224A435032B2F5A07F23
:10BBF000B8BF01210EDB012808BF182003D002289E
:10BC00000CBF142010204843503085FB00108111D8
:10BC1000A1EBE07104F54A70F4F7FEF8D6F8B8111C
:10BC200004F5537091F83C1011B1F3F737FF01E0C0
:10BC3000F3F72FFEFF2104F55370F3F77FFFD3F7DF
:10BC4000BCFC014604F55370F3F752FF1220F0F7E5
:10BC5000E7FB014604F55370F3F759FF47F6FF7110
:10BC600004F55370F4F792F8E06AC0EB001050301E
:10BC7000B0F5A07FA3BF85FB00108111A1EBE0719F
:10BC8000012104F55370F4F7A4F8D3F796FC0146AC
:10BC900004F55370F4F782F8E06A00EB800050304E
:10BCA000B0F5A07FA3BF85FB00108111A1EBE0716F
:10BCB000012104F55370F4F788F8D6F8B81104F5AB
:10BCC000567091F83C1011B1F3F7E8FE01E0F3F77C
:10BCD000E0FDB4F83300ADF8000094F835008DF8BD
:10BCE000020004F556700099F3F75FFF0020D3F7C8
:10BCF0009FFE07EB4000B0F5A07FB8BF012109DB34
:10BD00000020D3F795FE07EB400085FB0010811162
:10BD1000A1EBE07104F55670F3F75AFFB4F8330065
:10BD2000ADF8000094F835008DF8020004F5567067
:10BD30000099F3F7C6FE0020D3F77AFE07EB400028
:10BD4000B0F5A07FB8BF012109DB0020D3F770FE5A
:10BD500007EB400085FB00108111A1EBE07104F5B9
:10BD60005670F3F7C1FE0020D3F762FE00EB4000EF
:10BD700007EB4000B0F5A07FB8BF01210BDB00202E
:10BD8000D3F756FE00EB400007EB400085FB0010A8
:10BD90008111A1EBE07102B004F55670BDE8F041ED
:10BDA000F3F7FFBE2DE9F05FFE480D46D0F8B8412D
:10BDB0000846ECF70FFA060031D0FB492846EBF7AE
:10BDC0001DF9002874D0F9493046EBF717F938B15E
:10BDD00001213046EBF76CFFA84208BFBDE8F09F99
:10BDE000F2493046EBF70AF908B300213046EBF789
:10BDF0005FFFA8421BD1002204F1B8012846EAF7F0
:10BE00007BFB042204F598712846EAF775FB04F5DC
:10BE10004D712846BDE8F05F0422EAF76DBB0022B1
:10BE200004F140012846EAF767FB00F0D9BE30462E
:10BE3000ECF7D0F9DD49EBF7E1F868B1002204F541
:10BE400080712846EAF758FB002204F5B6712846AF
:10BE5000EAF752FB00F0C4BED5493046EBF7CEF806
:10BE600068B100213046EBF723FFA84207D100223A
:10BE700004F1AC012846EAF73FFB00F028BECC49AC
:10BE80003046EBF7BBF8A0B101213046EBF710FFCD
:10BE9000A8420ED1002204F140012846EAF72CFB0B
:10BEA000002204F580712846EAF726FB00F098BED0
:10BEB0000FE0C0493046EBF7A1F8002818BFBDE8F5
:10BEC000F09F002204F164012846EAF715FB00F018
:10BED00087BEB9492846EBF791F800287ED0304656
:10BEE000ECF778F907002FD00021EBF7E1FEB04224
:10BEF0002AD1AE493846EBF781F828B3202204F165
:10BF0000C4012846EAF7F8FA012204F1880128461C
:10BF1000EAF7F2FA012204F550712846EAF7ECFA42
:10BF2000042204F598712846EAF7E6FA082204F597
:10BF30009E712846EAF7E0FA04F54D712846BDE8FF
:10BF4000F05F0422EAF7D8BA002204F17001284613
:10BF5000EAF7D2FA002204F17C012846EAF7CCFA8B
:10BF6000002204F5C2712846EAF7C6FA202204F13D
:10BF7000C4012846EAF7C0FA202204F5C871284611
:10BF8000EAF7BAFA042204F598712846EAF7B4FAF7
:10BF9000202204F5BC712846EAF7AEFA012204F12A
:10BFA00094012846EAF7A8FA802204F1D001284635
:10BFB000EAF7A2FA81493046EBF720F838B9804910
:10BFC0003046EBF71BF8002808BFBDE8F09F0022C1
:10BFD00004F532712846EAF78FFA00E007E004F52D
:10BFE00038712846BDE8F05F2022EAF785BA754926
:10BFF0002846EBF703F838B104F50B712846BDE885
:10C00000F05F0022EAF778BA6F492846EAF7F6FFB0
:10C01000DFF8C0916D4FDFF8B88109F1040A0028FC
:10C0200070D064493046EAF7E9FF4FF0000288B368
:10C0300004F517712846EAF75FFA042204F59871AF
:10C040002846EAF759FA082204F59E712846EAF7CD
:10C0500053FA4FF4A02204F51A712846EAF74CFA75
:10C060003A4604F1C4012846EAF746FA424604F18A
:10C07000D0012846EAF740FA4A4604F59871284666
:10C08000EAF73AFA524604F59E712846BDE8F05F99
:10C09000EAF732BA04F164012846EAF72DFA0422DD
:10C0A00004F598712846EAF727FA082204F59E71EC
:10C0B0002846EAF721FA4FF4A02204F1700128463D
:10C0C000EAF71AFA424604F1D0012846EAF714FAD0
:10C0D0003A4604F1C4012846EAF70EFA3E4A04F152
:10C0E0007C012846EAF708FA4A4604F59871284682
:10C0F000EAF702FA524604F59E712846BDE8F05F61
:10C10000EAF7FAB935492846EAF778FF38B300224A
:10C1100004F188012846EAF7EFF9002204F5A4713A
:10C120002846EAF7E9F9042204F598712846EAF767
:10C13000E3F9082204F59E712846EAF7DDF94FF489
:10C14000003204F17C012846EAF7D6F904F5A4711F
:10C150002846BDE8F05F4FF40032EAF7CDB9204938
:10C160002846EAF74BFFE8B3002204F1880128468D
:10C17000EAF7C2F9002204F5A4712846EAF7BCF9EF
:10C18000042204F598712846EAF7B6F9082204F566
:10C190009E712846EAF7B0F94FF4003204F17C01B1
:10C1A000284620E0700200202CE60308B0CF0408E7
:10C1B000F8D004082CC10408A4C0040868CB040803
:10C1C00044CB0408B8C90408E4C0040820000500F2
:10C1D00080000500040005000100050080C004087F
:10C1E000C8CD040825E0EAF787F94FF4003204F5DA
:10C1F000A4712846EAF780F94FF4403204F5DA7169
:10C200002846EAF779F9FE4E04F5BC713246284615
:10C21000EAF772F94FF4403204F5C2712846EAF7A2
:10C220006BF9324604F5C8712846BDE8F05FEAF7BD
:10C2300063B9F4492846EAF7E1FEE8B3002204F1C5
:10C2400064012846EAF758F9002204F1DC01284687
:10C25000EAF752F9002204F5AA712846EAF74CF9E8
:10C26000042204F598712846EAF746F9082204F5F5
:10C270009E712846EAF740F94FF4803204F14C01F0
:10C280002846EAF739F9E04A04F158012846EAF766
:10C2900033F94FF4A02204F1B8012846EAF72CF94B
:10C2A0004FF4A02204F50E712846EAF725F94FF461
:10C2B000A02204F5807100E016E02846EAF71CF998
:10C2C0003A4604F1C4012846EAF716F94A4604F151
:10C2D0007C012846EAF710F9524604F194012846F9
:10C2E000BDE8F05FEAF708B9C8492846EAF786FED4
:10C2F000DFF81CB3C74EE0B3002204F58671284670
:10C30000EAF7FAF8042204F598712846EAF7F4F8F7
:10C310005A4604F1D0012846EAF7EEF8720404F513
:10C3200002712846EAF7E8F8324604F17C01284613
:10C33000EAF7E2F8324604F505712846EAF7DCF838
:10C34000B54E04F1C40132462846EAF7D5F8324624
:10C3500004F5BC712846EAF7CFF8324604F5C871F7
:10C360002846EAF7C9F84FF4003204F5C2712846AE
:10C3700000E003E0BDE8F05FEAF7BEB8A749284651
:10C38000EAF73CFEE8B3002204F1AC012846EAF7E4
:10C39000B3F8002204F5A4712846EAF7ADF80022AC
:10C3A00004F5D4712846EAF7A7F8802204F1D001F9
:10C3B0002846EAF7A1F8042204F598712846EAF71E
:10C3C0009BF8324604F17C012846EAF795F84FF4D1
:10C3D000003204F5A4712846EAF78EF85A4604F1B3
:10C3E000D0012846EAF788F84FF4403204F5DA71B4
:10C3F0002846EAF781F84FF4403204F1B8012846A4
:10C4000000E01DE0EAF778F84FF4403204F50871D7
:10C410002846EAF771F8824A04F1D0012846EAF783
:10C420006BF8324604F5C8712846EAF765F804F55A
:10C43000C8712846BDE8F05F4FF40032EAF75CB8F7
:10C4400078492846EAF7DAFDA8B3002204F164012E
:10C450002846EAF751F8002204F1F4012846EAF7E9
:10C460004BF8002204F5F8712846EAF745F84FF436
:10C47000803204F14C012846EAF73EF8624A04F1A2
:10C4800058012846EAF738F84FF4A02204F5EC7179
:10C490002846EAF731F84FF4003204F5F2712846E5
:10C4A000EAF72AF804F5EC712846BDE8F05F4FF48E
:10C4B000C022EAF721B85C492846EAF79FFD60B33D
:10C4C000002204F164012846EAF716F8002204F578
:10C4D000CE712846EAF710F8002204F58C71284640
:10C4E000EAF70AF8002204F592712846EAF704F800
:10C4F000042204F598712846E9F7FEFF082204F5A6
:10C500009E712846E9F7F8FF04F17C012846BDE852
:10C51000F05F4FF48022E9F7EFBF44492846EAF77D
:10C520006DFDC0B3002204F164012846E9F7E4FF81
:10C53000002204F1F4012846E9F7DEFF002204F5A9
:10C54000C2712846E9F7D8FF202204F5C8712846B1
:10C55000E9F7D2FF202204F1C4012846E9F7CCFF15
:10C56000042204F598712846E9F7C6FF082204F56D
:10C570009E712846E9F7C0FF4FF4003204F5C871F8
:10C580002846E9F7B9FF04F1D0012846BDE8F05F7D
:10C590008022E9F7B1BF26492846EAF72FFD68B3A4
:10C5A000002204F164012846E9F7A6FF002204F501
:10C5B000B0712846E9F7A0FF002204F58C712846E7
:10C5C000E9F79AFF002204F5FE712846E9F794FF87
:10C5D0004FF4803204F14C012846E9F78DFF0A4AF6
:10C5E00004F158012846E9F787FF4FF4802204F14F
:10C5F000B8012846E9F780FF0E4A1DE029E0000057
:10C6000020000300D8CE0408400001002CC4040818
:10C61000800002000100020020000200B4CE0408E5
:10C6200080000300E4C1040810CD040868C40408B5
:10C630008CC404080100040004F17C012846E9F7D9
:10C640005BFF04F1C4012846BDE8F05FF54AE9F755
:10C6500053BFF5492846EAF7D1FCE0B1002204F5C2
:10C66000E0712846E9F748FF4FF4003204F5E07125
:10C670002846E9F741FF4FF4003204F5E6712846F9
:10C68000E9F73AFF04F5DA712846BDE8F05F4FF4A8
:10C690004032E9F731BFE5492846EAF7AFFCA8B1D7
:10C6A000002204F5E0712846E9F726FF4FF4003236
:10C6B00004F5E0712846E9F71FFF04F5E671284606
:10C6C000BDE8F05F4FF40032E9F716BFD8492846BD
:10C6D000EAF794FCC8B3002204F164012846E9F7A4
:10C6E0000BFF002204F1F4012846E9F705FF802240
:10C6F00004F1D0012846E9F7FFFE042204F5987101
:10C700002846E9F7F9FE082204F59E712846E9F764
:10C71000F3FE4FF4803204F14C012846E9F7ECFEB9
:10C72000C44A04F158012846E9F7E6FEC24A04F576
:10C7300011712846E9F7E0FE04F514712846BDE8BA
:10C74000F05F4FF40022E9F7D7BEBC492846EAF76C
:10C7500055FC68B1002204F164012846E9F7CCFEDB
:10C7600004F1DC012846BDE8F05F0022E9F7C4BE11
:10C77000B3492846EAF742FC20B9B2492846EAF70D
:10C780003DFC38B104F51D712846BDE8F05F00227C
:10C79000E9F7B2BEAC492846EAF730FCE8B300221C
:10C7A00004F140012846E9F7A7FE94F82800012883
:10C7B0000CBF04F1F40104F1E80100222846E9F776
:10C7C0009BFE042204F598712846E9F795FE08229D
:10C7D00004F59E712846E9F78FFE4FF4A02204F17C
:10C7E00070012846E9F788FE424604F1D001284648
:10C7F000E9F782FE4FF4A02204F1B8012846E9F7D8
:10C800007BFE4FF4A02204F541712846E9F774FE3F
:10C810003A4604F1C401284600E015E0E9F76CFE51
:10C820008A4A04F1AC012846E9F766FE4A4604F15B
:10C8300088012846E9F760FE524604F1A001284627
:10C84000BDE8F05FE9F758BE81492846EAF7D6FB14
:10C8500068B1002204F164012846E9F74DFE002288
:10C8600004F544712846E9F747FE00F0B9B9794963
:10C870002846EAF7C3FB68B1002204F1AC01284660
:10C88000E9F73AFE04F54A712846BDE8F05F002258
:10C89000E9F732BE70492846EAF7B0FB28B3002218
:10C8A00004F1B8012846E9F727FE002204F5477194
:10C8B0002846E9F721FE042204F17C012846E9F725
:10C8C0001BFE042204F54A712846E9F715FE2022D2
:10C8D00004F54A712846E9F70FFE04F1C401284621
:10C8E000BDE8F05F2022E9F707BE5C492846EAF779
:10C8F00085FB68B1002204F164012846E9F7FCFDDC
:10C9000004F520712846BDE8F05F0022E9F7F4BD88
:10C9100053492846EAF772FB38B1002204F5267124
:10C920002846E9F7E9FD00F05BB94E492846EAF7E9
:10C9300065FB38B1002204F529712846E9F7DCFDD2
:10C9400000F04EB948492846EAF758FBF8B10022F2
:10C9500004F523712846E9F7CFFD202204F538714C
:10C960002846E9F7C9FD212204F188012846E9F7A4
:10C97000C3FD012204F188012846E9F7BDFD04F159
:10C980007C012846BDE8F05F0422E9F7B5BD3749D0
:10C990002846EAF733FB20B935492846EAF72EFB4B
:10C9A00038B104F52F712846BDE8F05F0022E9F7A1
:10C9B000A3BD30492846EAF721FB30B1002204F537
:10C9C0002C712846E9F798FD0AE12B492846EAF739
:10C9D00015FB38B104F535712846BDE8F05F00223B
:10C9E000E9F78ABD25492846EAF708FB38B104F57E
:10C9F0003B712846BDE8F05F0022E9F77DBD204984
:10CA00002846EAF7FBFA60B1002204F164012846E7
:10CA1000E9F772FD002204F1DC012846E9F76CFD1C
:10CA200005E12FE02000040024C0040890CE040893
:10CA3000D4CF040840000100020006002CC1040805
:10CA400074C10408C0C1040838C504080100050009
:10CA5000DCC9040824CA040800CA040848CA040837
:10CA6000FCCA040820CB040890CA040868CB040858
:10CA700044CB04086CCA0408B4CA0408D8CA040821
:10CA8000B4CB040883492846EAF7B8FA38B104F56C
:10CA90003E712846BDE8F05F0022E9F72DBD7E49D2
:10CAA0002846EAF7ABFA68B1002204F1E80128460B
:10CAB000E9F722FD04F1AC012846BDE8F05F002251
:10CAC000E9F71ABD75492846EAF798FA38B104F132
:10CAD000E8012846BDE8F05F0022E9F70DBD704986
:10CAE0002846EAF78BFA68B14FF4803204F14C0122
:10CAF0002846E9F701FD6B4A04F158012846E9F799
:10CB0000FBFCE4E768492846EAF778FA20B9674968
:10CB10002846EAF773FA88B3002204F17001284628
:10CB2000E9F7EAFC002204F17C012846E9F7E4FC7D
:10CB3000002204F5C2712846E9F7DEFC202204F148
:10CB4000C4012846E9F7D8FC202204F5C87128461C
:10CB5000E9F7D2FC042204F598712846E9F7CCFCE9
:10CB6000012204F194012846E9F7C6FC04F1D00142
:10CB70002846BDE8F05F8022E9F7BEBC4C49284654
:10CB8000EAF73CFA00B3002204F164012846E9F711
:10CB9000B3FC002204F1F4012846E9F7ADFC0422BD
:10CBA00004F598712846E9F7A7FC082204F59E7160
:10CBB0002846E9F7A1FC04F17C012846BDE8F05FB6
:10CBC0004FF4C022E9F798BC3A492846EAF716FA2A
:10CBD00000287FF424A938492846EAF70FFA70B1F3
:10CBE0004FF4803204F14C012846E9F785FC04F14A
:10CBF00058012846BDE8F05F2A4AE9F77DBC2F4975
:10CC00002846EAF7FBF968B1002204F14001284602
:10CC1000E9F772FC04F1DC012846BDE8F05F002270
:10CC2000E9F76ABC26492846EAF7E8F938B104F57D
:10CC3000B0712846BDE8F05F0022E9F75DBC2149EC
:10CC40002846EAF7DBF938B104F553712846BDE808
:10CC5000F05F0022E9F750BC1B492846EAF7CEF9FD
:10CC6000002808BFBDE8F09F002204F55671284651
:10CC7000E9F742FC4FF4003204F556712846E9F713
:10CC80003BFC04F556712846BDE8F05F4FF4A02246
:10CC9000E9F732BC8CCC0408D8CB040820CC0408BB
:10CCA000FCCB04084000010068CC040844CC040814
:10CCB0006CCE0408B0D00408D4D00408B0CF040867
:10CCC000F8D0040894C9040870CD04082DE9F04791
:10CCD00082B00546E2F7DEFB04462846E2F716FC82
:10CCE00005460B2C1CBF02B0BDE8F087E4F794FFAB
:10CCF00028B1007A012804BF02B0BDE8F0872846B9
:10CD0000EBF701F906462846EBF7C6F804466946F4
:10CD10002846EBF7E5FADDE9000106EBD67200EBF9
:10CD2000620090FBF6F000FB06F704EBD47001EB19
:10CD3000600090FBF4F000FB04F94FF00F080024B2
:10CD40002846EBF702F800281FD921462846EAF7C3
:10CD5000AFFF8246ECF73BF906465046ECF762F926
:10CD6000BE4208BF484528460AD1C5F82CA09AF80B
:10CD70002C804FF000024FF02001EEF718FC04E089
:10CD8000641CEAF7E2FFA042DFD841462846EEF7EE
:10CD900048FE02B0BDE8F0870120887402480268AE
:10CDA0000A60406848607047200100202DE9F0418A
:10CDB000066804460025708D84B0C0F30513002B6F
:10CDC00087BF0420F26804B0BDE8F08100EBC50C19
:10CDD00052F80CC01CF0007F04D0A7682CF07F4CE8
:10CDE000BC4505D06D1CAB42F0D804B0BDE8F08165
:10CDF0000027009720793D283CD00DDC342823D033
:10CE000005DA1C281CBF2328312813D132E035282D
:10CE10001AD039282ED00DE0612820D006DC452814
:10CE200018BF582826D05A2813D003E0662810D0FF
:10CE3000672809D079B1FF290FD0D4E90302121A6B
:10CE4000514300EB212002E0FF2904DB05E00090C4
:10CE50002EE0FF2901DAE068F9E72069F7E7E068EA
:10CE60000028FAD02269002AF1D08029A8BF0092B8
:10CE70001EDAECE7002906DCA089ADF80000A07BF3
:10CE80008DF8020014E0FF2904DB208AADF80000D1
:10CE9000A07C0BE0CAB2D4E90310D2F7F0FA0290FA
:10CEA000BDF80800ADF800009DF80A008DF80200FA
:10CEB0000197F0680127217950F8350001AAF2F7AF
:10CEC000BAFC58B1DDE90081884507D14046D2F768
:10CED00045FA18B10198804508BF0027F06821790C
:10CEE000009A50F83500F2F7AFFE002F04BF04B0EF
:10CEF000BDE8F0812279A1682068EDF705FE04B055
:10CF0000BDE8F0812DE9F04104682E4F94F80480CB
:10CF100007F118002668E8F771FC010015D0A1425E
:10CF20000DD008682268904209D18868A2689042B2
:10CF300005D108792279904208BFBDE8F08107F158
:10CF40001800E8F76FFC0100E9D1708D0025C0F3EF
:10CF50000511002986BF0422F068BDE8F08100BFFA
:10CF600002EBC503C35813F0007F26D0D4F808C0E5
:10CF700023F07F43634520D1214607F11800E8F7ED
:10CF800005FD2046E2F794FFF068414600EBC5043A
:10CF90002068F2F721FDF06850F83500F2F77DFCCB
:10CFA000002808BFBDE8F0816068216820F07F425A
:10CFB0003046BDE8F041EDF7B5BF6D1CA942CFD8B2
:10CFC000BDE8F0817002002070B50468A068227985
:10CFD00000F47F0631462068EBF7E8FEE060257933
:10CFE0000020207123462A463146206800F012F8BE
:10CFF0002571A1682068C9F725FF21790068E268DA
:10D00000F2F722FE2279A1682068BDE87040EDF7B2
:10D010007BBD00002DE9FF5FDFF8B48006469B462C
:10D020000F46002408F11800E8F703FC050018BFBC
:10D030004FF0040947D05D4545D0294608F1180056
:10D04000E8F7F4FB82462868B04239D1A868B842B4
:10D0500018BFB7F5702F33D129790298814218BFD4
:10D06000FF282DD1708D4FF00004C0F3051000286B
:10D0700019D900BFF06809EBC401415811F0007FD5
:10D080000BD0B7F5702F1CBF21F07F41B94204D1FE
:10D0900050F834002979F2F79FFC708D641CC0F3BE
:10D0A0000510A042E6D800212846CCF7DFFD29462E
:10D0B00008F11800E8F76AFC2846E2F7F9FE0124B7
:10D0C0005FEA0A05B7D104B02046BDE8F09F000032
:10D0D000700200202DE9FF4F87B0984604460021DA
:10D0E0006E22EBF763FE0746204600216C22EBF729
:10D0F0005DFE0028D8BF01200646204600216D2293
:10D10000EBF754FE0028D8BF01200546002E08BFCB
:10D110000126002D08BF0125002F01BFB6F5807F35
:10D12000B5F5807F0BB0BDE8F08F20464FF00001D1
:10D130004FF06F02EBF73AFE049020460021702278
:10D14000EBF734FE05900498DFF8C89000F0C0407B
:10D15000DFF8C4B06FF0704AB0F1005F18D10498E6
:10D1600020F0C040814513DB04F11400CDF79EFE92
:10D170000146049820F0C040B0F1805FA8BFAAEB40
:10D18000000048438BFB00104111A1EBE0700490BC
:10D19000059800F0C040B0F1005F18D1059820F06C
:10D1A000C040814513DB04F11400CDF770FE014649
:10D1B000059820F0C040B0F1805FA8BFAAEB000046
:10D1C00048438BFB00104111A1EBE07005906069B2
:10D1D0000499B8F1000F08440490A0690599084427
:10D1E000059008D07F424FF6FF703118284491FB1C
:10D1F000F6F690FBF5F588F0010004A90095CDE95D
:10D200000110DDE9080133463A46EFF753F90BB058
:10D21000BDE8F08FFEFFFF1F1F85EB5170B4056A5C
:10D22000039CD0F818C0002D02BFBCF5807FC669F2
:10D23000B6F5807F2BD0C66AA1EB0601066BA2EB88
:10D24000060255B3BCF5807F04BFC569B5F5807F84
:10D2500033D04569066905FB01F506FB12554FEA17
:10D26000052595FBFCFC456A05EBAC0CC3F800C03A
:10D27000036903FB01F1436903FB0211C2694FEA31
:10D28000012191FBF2F1806A00EBA1002AE04FEA54
:10D29000012018604FEA022024E04FEA014191FB8F
:10D2A000FCF1D0F824C0614419604FEA0241C26920
:10D2B000806A91FBF2F1084414E0D0F814C00569CB
:10D2C0000CFB01FC05FB12CC456A05EBAC0CC3F86A
:10D2D00000C0036903FB01F14369806A03FB02118B
:10D2E00000EBA100206070BC704700002DE9FF4FEB
:10D2F00091B08846DDE913211198DDE921A901FBF0
:10D3000002000E90DDE91E7601EBD1704010DDF8D1
:10D3100080B0249D00240590B9F1000FDCBF15B04A
:10D32000BDE8F08FA8F101000990501ECDF8200053
:10D330000BFB04F007EB20230AFB04F006EB202292
:10D3400018124FEA222107D4804505DD0029A4BF29
:10D35000DDF84CC08C4502DC002000F0C0B8DBB228
:10D36000D2B2802BB4BF4FF0FF3C4FF0010CE64629
:10D37000B8BFC3F17F034FEA4303A8BFA3F580738F
:10D380000493802AB4BF4FF0FF3301230693B8BF44
:10D39000C2F17F024FEA4202A8BFA2F58072039257
:10D3A000119A02EB4003149A01FB0232239BB2F85C
:10D3B00000C023F814C0269B002B65D010EB0E0391
:10D3C00062D4DDF824C063455EDC069BCB185BD4D9
:10D3D000DDF820C0634557DC32F81E300A93DDF8D3
:10D3E00018C0149B0CFB03F3D25A0D92259A002A05
:10D3F00004BFFF20285528D00E9A0244059801FB4F
:10D40000002210782855DDE905C303FB0CF312F860
:10D410000E10D25C904209D0039BC3F5807300FBD1
:10D4200003FC039B02FB03C2C2F30722884208D01D
:10D43000049BC3F580734343049801FB0030C0F3A1
:10D4400007215018400828554CD0239830F8141064
:10D450000D98814204BF0A98814243D00398C2B21A
:10D460000D98D1F703FE00900498C2B2239830F8CB
:10D4700014100A98D1F7FAFD7F220099D1F7F6FD32
:10D48000239921F814002DE0259A002A08BFFF22D5
:10D4900005D00E9A1318059A01FB0232127810B9C2
:10D4A000BEF1000F05DB099B984209D1BEF1000FC8
:10D4B00006DD0498C0F1FF005043000A285511E032
:10D4C00011B90698002805DB0898814209D1069811
:10D4D000002806DD0398C0F1FF005043000A2855DC
:10D4E00000E02A55641C4C45FFF622AF15B0BDE89C
:10D4F000F08F00880988401A7047000010B584B08A
:10D50000E2F796F8040013D02168012088612146D3
:10D510002068E8F73BFA207C10F0010F1CBFE068A0
:10D52000E2F7C6FC204604B0BDE81040E2F7C0BCFC
:10D53000074A084B02F1100101F114000090CDE9F7
:10D540000112002211460320E8F752FAFEE700001C
:10D5500050C302081BBE04082DE9F04F85B00E46EB
:10D5600004468346E4F758FB0546E4F7A8FD012886
:10D570001CBF05B0BDE8F08F2846E4F792FD0028F7
:10D580001CBF05B0BDE8F08F02A92846E4F768FD8E
:10D59000032202A92046EEF7A3FD2046EBF702FD89
:10D5A00007462046EAF77EFD8742ACBF4FF00108F0
:10D5B0004FF0000826B19BF8A00010F0010F05D035
:10D5C000DBF89C0004F13806A8B1A0E0B8F1000F28
:10D5D00019BF0298DBF894100398DBF89810401AF2
:10D5E0000028D8BF404295F824108842BCBF05B03F
:10D5F000BDE8F08FE4E72046CEF726F901281CBFEE
:10D600000228002094F8A01004F12C0541F001023A
:10D6100084F8A020002818BF012802D0022803D0D7
:10D6200075E0C4F89C5072E0E4F7F6FA6946E4F756
:10D6300017FD032269462046EEF752FD20460021E1
:10D640002722EBF7B3FBC0B2012814BF4FF000094B
:10D650004FF0010927462046EBF7A4FC82463846E6
:10D66000EAF720FD8245ACBF0120002094F84C1061
:10D6700009EA0002914214BF0121002178B3002978
:10D6800000992DD0D4F884008142CADBE06F884233
:10D690003BDBE26F616F501A00EBD07001EB600171
:10D6A0000098081A0028DCBF0098401AD4F88C3083
:10D6B000D4F88420991A01EBD17102EB6102009930
:10D6C000511A0029DCBF0099891A81426FDA00BF24
:10D6D000C4F89C5094F8A00020F0020108E00AE091
:10D6E000D4F88C0081429CDC606F88420DDCD0E76E
:10D6F00084F8A0100BE00029019959D0D4F89000CB
:10D7000081428EDCA06F88425BDDC4F89C60DBE95F
:10D710000C01A1EB0009204600212722EBF746FB74
:10D72000C0B201280CBF012500252046EBF73AFCCA
:10D7300007462046EAF7B6FC8742ACBF012000202E
:10D740009BF84C102840814214BF4FF0010A4FF063
:10D75000000AB8F1000F20464FF0000158D0122205
:10D76000EBF724FB0746204600211322EBF71EFBB4
:10D7700005462046EBF716FCC01B411BBAF1000F13
:10D7800003BF029862693A44E0691CBF401B029AD9
:10D79000801A002962D000FB09F001EBD17200EB86
:10D7A000620090FBF1F0DBF83010084456E028E00E
:10D7B000D4F888008142FFF634AFD4F88000884264
:10D7C000A3DBD4F88020A16F501A00EBD07001EBDE
:10D7D00060010198081A0028DCBF0198401AD4F8AB
:10D7E0009030D4F88820991A01EBD17102EB6102D4
:10D7F0000199511A0029DCBF0199891A8142FFF66B
:10D8000067AFC4F89C6094F8A00040F002016FE795
:10D810001022EBF7CBFA0746204600211122EBF746
:10D82000C5FA05462046EAF73DFC401BC01B03999C
:10D83000BAF1000F19BFA2693A44226A2A44A1EB47
:10D84000020108BF494201FB09F100EBD07201EB74
:10D85000620191FBF0F0DBF830100844DBF89C30FB
:10D86000DBE90C21B3420CBFDBF82C10DBF83820CD
:10D870008842B4BF84468C469445B8BF104602DB4C
:10D880008842A8BF08461968814204BF05B0BDE8B8
:10D89000F08F1860B8F1000F05D04FF400712046EA
:10D8A000EDF7C0FA04E04FF480712046EDF7BAFAC4
:10D8B0002046EBF78BFF002220212046EDF777FE74
:10D8C00005B0BDE8F08F00002DE9F34F83B00646A8
:10D8D000008D0499884204BF05B0BDE8F08F0A4668
:10D8E000014602903046EEF7FFFA0190002801BF92
:10D8F0000498308505B0BDE8F08F3046EBF766FF41
:10D90000049830853046EEF72AFC4FF42070E8F793
:10D91000EFF800240546A3467DE0F068042101EB02
:10D92000CB0100EBCB0E40581FFA80F9C0F3074043
:10D930004FEA004A049839EA000004BFDEF8040008
:10D9400010F0007F65D1DEF800006622037AFF2B1D
:10D9500007D0D0F800C000200CEB8301002B58D971
:10D9600012E0016800200B78002B52D011F8303003
:10D97000934203D101EBC00047680AE0401C11F854
:10D980003030002BF2D144E00F5C974204D15CF8B8
:10D9900020704FF0000834E0401C8342F4D838E097
:10D9A0000020002C12D900BF00EB800105EB8102A2
:10D9B0005168127A01F47F0389B2624508BF53456A
:10D9C00001D1494502D2401CA042EDD3A04216D15C
:10D9D00004EB8400B98925F8201005EB8000398A12
:10D9E0004180B968C1603968641C11F8081001727F
:10D9F00079680161DEF8041021F07F41416008F18F
:10DA00000108386810F808C0BCF1000F18BF202CBE
:10DA1000C6D30BF1010B708DC0F30510834538BFE1
:10DA2000202CFFF47AAF0027002C0FD907EB8700DA
:10DA300005EB8000049B4168009001F47F013046B3
:10DA4000029AEEF76DF97F1CBC42EFD82846E2F748
:10DA50002FFA0198012818BF03280DD002281CBFF7
:10DA600005B0BDE8F08F3046EBF7B0FE05B03046AC
:10DA7000BDE8F04FECF7FEBF05B03046BDE8F04F13
:10DA8000FF224FF47021EDF73FB8000030B585B0AC
:10DA9000E1F73CFD0546EAF79DFBCFF767FF04463B
:10DAA00090F90200411E0C290DD321880FA21EA35C
:10DAB000CDE90032CDE902100022274B11460320A8
:10DAC000E7F796FFFEE701212846EAF7F1F894F917
:10DAD0000210224A02EB8101228851F8043C05B071
:10DAE0001FA1BDE83040E7F70BBA00006461746520
:10DAF0002D3E79656172203E3D203020262620642F
:10DB00006174652D3E6D6F6E7468203E3D2031203E
:10DB1000262620646174652D3E6D6F6E7468203C0E
:10DB20003D203132000000004173736572746564FA
:10DB30002061742065787072657373696F6E3A2026
:10DB4000257320496E76616C696420646174653A5E
:10DB50002025642D25640000A7C104089000002042
:10DB6000256420257300000070B5E1F7CFFC054661
:10DB7000EAF730FBCFF7FAFE044600212846EAF721
:10DB800097F80646E1F78EF80278C178303A02EB52
:10DB90004203C3EBC21201EBC201427880786423D6
:10DBA0005A4300EB800002EB40000844A0F5A0516E
:10DBB0002088D039091A3046E1F7ECFB01212846CC
:10DBC000EAF776F894F90210BDE87040491EE1F7D3
:10DBD000E1BBD0F840C01CF5004F08BF7047F8B556
:10DBE0000446D4E90E038342B8BF03F5B47394F836
:10DBF0004C10C1F34101002941D0012913D0022961
:10DC000018BFF8BD0090D4E911126046E7F784FF11
:10DC1000054626462046E16BCCF71DFF29463046D7
:10DC2000CCF76BFF3DE0C118D4E9115201EBD17183
:10DC30004E10A91801EBD17149108C4510DA03463A
:10DC40000A46294660460096E7F766FF0546014604
:10DC50002046CCF752FF31462046CCF7FCFE20E0B0
:10DC6000009333466046E7F757FF054631462046A6
:10DC7000CCF743FF29462046CCF7EDFE11E0009398
:10DC8000D4E9111203466046E7F746FF0546014610
:10DC900026462046A76BCCF7DEFE39463046CCF749
:10DCA0002CFFA565F8BD10B504460846D1F76FFBFB
:10DCB0006043C01DC00810BD2DE9F0410446E1F7E6
:10DCC00025FC07462046E1F7B3FC06463846E0F758
:10DCD000F1FF04463046CFF749FE05463846E0F7E7
:10DCE000E1FF0278C178303A02EB4203C3EBC21283
:10DCF00001EBC2014278807864235A4300EB800034
:10DD000002EB40000844A0F5A051D039081B2A6856
:10DD100081B23046BDE8F04142F30742CFF728BE5A
:10DD2000010202030405060708090A0B0C0D0E0F79
:10DD300010100000000000000000010203040607AC
:10DD40000809000000000102030464656C65746545
:10DD50005F63757272656E745F73637265656E0082
:10DD600072795F6765745F707265760072795F675C
:10DD700065745F6E657874006C765F6578616D7050
:10DD80006C655F616E696D5F310000003C000000F2
:10DD900050000000B40000005000000001BEEEEE94
:10DDA000EEEEEEEEEEEEEEEB100BFFFFFFFFFFFFF1
:10DDB000FFFFFFFFFFB00FFFFFFFFFFFFFFFFFFFB2
:10DDC000FFFFF00CFFFB14FD23EF54EF63CFFFD0F8
:10DDD00009FFF600D800AB008D005FFF9005FFFD46
:10DDE00068FE56FF54EF53CFFF6002FFFFFFFFFFB7
:10DDF000FFFFFFFFFFFF2000EFFFFF99FFCAFFC8F3
:10DE0000EFFFFE0000AFFFFA00AD008F004FFFFBF9
:10DE100000007FFFFC00CE109F307FFFF700003F27
:10DE2000FFFFFFFFEDFFFEFFFFF300000EFFFFFF10
:10DE3000FFFFFFFFFFFFE0000004EFFFFFFFFFFF1A
:10DE4000FFFFFE4000000000000000000000000096
:10DE5000000000000000320000002300000000006D
:10DE600000002BFF200002FFB2000000000019FF9D
:10DE7000FFD4445DFFFF8000000000AFFFFFFFFF05
:10DE8000FFFFFFFA000000008FFFFFFFFFFFFFFF13
:10DE9000F8000000002FFFFFFFFFFFFFFFF2000070
:10DEA00000002FFFFFFFFFFFFFFFF100000000BF9A
:10DEB000FFFFFFFFFFFFFFFB00000004FFFFFFFF6E
:10DEC000EEFFFFFFFF4000057EFFFFFFB2003CFFBB
:10DED000FFFFE741BFFFFFFFFB000000CFFFFFFF99
:10DEE000FBDFFFFFFFF30000003FFFFFFFFDDFFF51
:10DEF000FFFFF00000000FFFFFFFFDDFFFFFFFF05F
:10DF00000000000FFFFFFFFDDFFFFFFFF500000037
:10DF10005FFFFFFFFD8FFFFFFFFE100002EFFFFF1F
:10DF2000FFF8002BFFFFFFE7337EFFFFFFB200008B
:10DF300002FFFFFFFFFFFFFFFFFF200000008FFF3A
:10DF4000FFFFFFFFFFFFF8000000001FFFFFFFFFC4
:10DF5000FFFFFFF0000000004FFFFFFFFFFFFFFF8C
:10DF6000F300000000AFFFFFFFFFFFFFFFFA00001C
:10DF700000008FFFFFFFFFFFFFFFF700000000041E
:10DF8000DFFFA0000AFFFD40000000000006EC00DB
:10DF90000000CE6000000000000000000000000053
:10DFA0000000000000000000000110000000000060
:10DFB000000000029DFFFFD820000000000001AF1C
:10DFC000FFDCCEFFFA10000000003EFE71000017DB
:10DFD000EFE300000003FFA0000000001BFF300083
:10DFE000001EF70017CEEC71008FE10000AFA00516
:10DFF000EE9558EB000BF90002FE005F9000000167
:10E000000001FF2008F701E90000000006108F80E2
:10E010000CF107E0005BB6000B702FC00FE00C8026
:10E0200005FFFF8006C00EF01FC00F500CF53FE04B
:10E0300003F00CF01FC00F400DF00FF002F00CF0D9
:10E040000FE00C400DF00EF005D00EF00CF10000CA
:10E050000DF00EFA29801FC008F600010DF00EFF2A
:10E06000FFC27F8001FE005F5DF00D27FFFFFF50C4
:10E07000009F800BFFF00800C0BDCFD0000DF7BFA0
:10E08000FFF0040050900FF00002EFFB3BF00000A7
:10E0900000100EF100002DF400C0000000000EF191
:10E0A000000006FB0020000000000EF1000000DF71
:10E0B0006000000000000EF10000003FF1000000D1
:10E0C00000000DF100000008FB00000000000DF052
:10E0D00000000000DF60000000001FD00000000012
:10E0E0003FF300000000AF700000000007FF700069
:10E0F0000019FD0000000000007FFFCAABFFE20036
:10E100000000000000029EFFFFE800000000000089
:10E1100000000000000000000000000000010000FE
:10E12000000000000000007DFEFB30000000000049
:10E13000002DA30006E7000000000000D60000004C
:10E140001D6000000000089000000002E1000000D7
:10E15000000E200000000097000000002E010000CB
:10E1600000015A00000000BFFEFB307DFEFF3000C2
:10E17000002DBF0006FFA3006FE80001E60D400080
:10E18000FF6000B51D60099006C00892E104D0024E
:10E19000E10E1000AA1E20974E3000972D000009B6
:10E1A000FF32AFE300005A3C0000006FBCFF0000EC
:10E1B000004B1E0000001E0069000000690D3000C9
:10E1C000000D40B5000000B506C0000006C5E00027
:10E1D0000005E000BA000000FF4000004E30000AD9
:10E1E000E7435BEDE7435BE300000039CDB6003960
:10E1F000CDB600000000000000000000000000009C
:10E2000002210000010002210000003FDEA005FE07
:10E21000D23FDEC100004C00981E207A4C009800CE
:10E22000004C004B3C00044C004B00004C11B73C30
:10E2300000004C12B700004FFE803C00314FFFE061
:10E2400000004FE2003C01DB4C00A800004C8E2097
:10E250003C004B4C004B00004C07E20E63C64C23C5
:10E26000C7000029006802BC702DDC70000000238C
:10E270000000000000000000000000004DFEF9005A
:10E280000008F30004F70001F103F8002D90000EE0
:10E29000E90005FF1001F10BA00004E0004E6E0044
:10E2A00005EBA001F10F5000000000A91F5005E28E
:10E2B000F401F11F3000000001F30BA005E07D0127
:10E2C000F10F4000000006E338F105E00D71F10E9A
:10E2D000700002C10CEEEEF605E004F3F109E00077
:10E2E00008D02F2000AC05E000ACF101DC549F30D9
:10E2F0008C00004F15E0001FF10018CDA300840032
:10E30000000943900005A00000000000000000008C
:10E3100000000000000000000005FF2000000000D9
:10E3200000000000000005FF2000000000000000C9
:10E3300000000005FF2000000000000000BA0000FF
:10E3400005FF200002E300000009FFA00005FF20F8
:10E35000002EFE00000001CFFB0000000002EFF5E0
:10E36000000000001CFF800000000CFF50000000B7
:10E370000000BB0006985002E5000000000000000D
:10E3800004EFFFFD2000000000000000003FFFFF41
:10E39000FFE10000000000000000BFFFFFFFF800E9
:10E3A000000000BFFFF400FFFFFFFFFC00EFFFF1E4
:10E3B000BFFFF401FFFFFFFFFE00EFFFF157777291
:10E3C00001FFFFFFFFFE0077777000000001FFFFF5
:10E3D000FFFFFE0000000000000001FFFFFFFFFE46
:10E3E0000000000000000001FFFFFFFFFE00000032
:10E3F0000000000001FFFFFFFFFE00000000000022
:10E400000001FFFFFFFFFE0000000000000235FFDB
:10E41000FFFFFFFF3300000000000BFFFFFFFFFFC7
:10E42000FFFF10000000000BFFFFFFFFFFFFFF10CA
:10E430000000000002333EFB33DFB3330000000076
:10E440000000000DFA00DFA0000000000000000046
:10E450000DFA00DFA000000000000000000DFA002F
:10E46000DFA000000000000000000DFA00DFA000A7
:10E47000000000000000000DFA00DFA00000000016
:10E48000000000000674006750000000000000005B
:10E4900000000000000000000000001E1A0E020331
:10E4A000B600001E1A1A02FE0802001E181F03FC06
:10E4B0007C03001E161F04FCD104001E1C0B010669
:10E4C0006B05001E1A1E02FD0000050025006D00F0
:10E4D000D50004030AE6000005030100C8E40308B0
:10E4E00000000000060003009CDD030890E4030820
:10E4F000D4E40308000000000000010879FC0108D2
:10E50000FDF80108000000001F00000004000000EA
:10E5100000000000E8E40308000000000000000024
:10E520006C765F67726F75705F63726561746500AA
:10E530006C765F67726F75705F64656C657465009B
:10E540006C765F67726F75705F6164645F6F626A3B
:10E55000006C765F67726F75705F72656D6F766560
:10E560005F616C6C5F6F626A73006C765F67726F7D
:10E5700075705F666F6375735F6E657874006C7637
:10E580005F67726F75705F666F6375735F707265DA
:10E5900076006C765F67726F75705F666F63757318
:10E5A0005F667265657A65006C765F67726F75701D
:10E5B0005F73656E645F64617461006C765F67723F
:10E5C0006F75705F7365745F656467655F63620034
:10E5D0006C765F67726F75705F7365745F65646991
:10E5E00074696E67006C765F67726F75705F7365D4
:10E5F000745F7265666F6375735F706F6C69637962
:10E60000006C765F67726F75705F7365745F7772A9
:10E610006170006C765F67726F75705F6765745FBD
:10E620006F626A5F636F756E740000000000000027
:10E6300013720208937302080174020800000000BC
:10E640001CD104086300000063000000CA0200003F
:10E650006C765F6F626A5F637265617465006C7689
:10E660005F6F626A5F616C6C6F636174655F73702A
:10E6700065635F61747472006C765F6F626A5F637A
:10E680006C6173735F6372656174655F6F626A006A
:10E690006C765F6F626A5F6765745F6576656E74DE
:10E6A0005F636F756E74006C765F6F626A5F67653B
:10E6B000745F6576656E745F647363006C765F6F1C
:10E6C000626A5F72656D6F76655F6576656E740010
:10E6D0006C765F6F626A5F72656D6F76655F657697
:10E6E000656E745F6362006C765F6F626A5F72650D
:10E6F0006D6F76655F6576656E745F647363006CDD
:10E70000765F6F626A5F72656D6F76655F6576656D
:10E710006E745F63625F776974685F757365725F5B
:10E72000646174610000000000000000010000E06E
:10E73000010000E0000000006C765F6F626A5F61BC
:10E7400064645F7374796C65006C765F6F626A5F96
:10E750006765745F7374796C655F70726F70006C5D
:10E76000765F6F626A5F6861735F7374796C655F0F
:10E7700070726F70006C765F6F626A5F7374796C31
:10E78000655F6372656174655F7472616E736974ED
:10E79000696F6E006765745F6C6F63616C5F737443
:10E7A000796C65006765745F7472616E735F737412
:10E7B000796C65006C765F6F626A5F6D6F76655F1E
:10E7C000746F5F696E646578006C765F6F626A5F14
:10E7D0006765745F696E6465780064756D705F74F9
:10E7E0007265655F636F7265006C765F696E765FF8
:10E7F00061726561006C617965725F7265736861F1
:10E8000070655F647261775F627566006C765F64E5
:10E810006973706C61795F637265617465006C76B1
:10E820005F646973706C61795F7365745F6275664C
:10E8300066657273006C765F646973706C61795F92
:10E840006164645F6576656E745F6362006C765FB9
:10E85000646973706C61795F6765745F6576656E16
:10E86000745F636F756E74006C765F646973706C4F
:10E8700061795F6765745F6576656E745F64736305
:10E88000006C765F646973706C61795F64656C6558
:10E8900074655F6576656E74006C765F646973702D
:10E8A0006C61795F72656D6F76655F6576656E74B4
:10E8B0005F63625F776974685F757365725F6461D7
:10E8C0007461007363725F6C6F61645F696E74651D
:10E8D000726E616C006C765F647261775F6C6179F7
:10E8E00065725F637265617465006C765F64726106
:10E8F000775F6275665F696E76616C696461746585
:10E900005F6361636865006C765F647261775F6204
:10E9100075665F666C7573685F6361636865006CDC
:10E92000765F647261775F6275665F636C65617262
:10E93000006C765F647261775F6275665F636F70AB
:10E9400079006C765F647261775F6275665F696E8D
:10E950006974006C765F647261775F6275665F638D
:10E9600072656174655F6578006C765F647261776B
:10E970005F6275665F64657374726F79006C765F51
:10E98000647261775F6275665F676F746F5F7879D5
:10E99000006C765F647261775F6275665F61646A5E
:10E9A0007573745F737472696465006C765F64720A
:10E9B00061775F6275665F7072656D756C746970A2
:10E9C0006C79006C765F647261775F6275665F7305
:10E9D00065745F70616C6574746500006C765F646B
:10E9E0007261775F696D6167655F6E6F726D616C93
:10E9F0005F68656C706572006C765F647261775FEA
:10EA0000696D6167655F74696C65645F68656C708A
:10EA100065720000010000E0010000E0010000E07C
:10EA2000010000E0647261775F6C65747465720068
:10EA30006C765F696D6167655F6465636F6465725D
:10EA40005F637265617465006C765F696D616765AF
:10EA50005F6465636F6465725F706F73745F70721B
:10EA60006F6365737300696D6167655F6465636F8C
:10EA70006465725F6765745F696E666F006C765F70
:10EA8000636F6C6F725F3136615F3136615F6D69E4
:10EA900078006C765F636F6C6F725F33325F333216
:10EAA0005F6D697800616C6C6F636174655F697438
:10EAB000656D006C765F6772616469656E745F6333
:10EAC0006F6C6F725F63616C63756C617465006C11
:10EAD000765F6772616469656E745F696E69745FA1
:10EAE00073746F707300696D675F647261775F63E1
:10EAF0006F726500808080818182828384858687B1
:10EB0000898A8C8D8F91939597999B9EA0A2A5A79A
:10EB1000AAADAFB2B56C765F647261775F73775FF1
:10EB20006D61736B5F616E676C655F696E697400C0
:10EB30006C765F647261775F73775F6D61736B5F33
:10EB40007261646975735F696E6974006369726389
:10EB50005F63616C635F616134006C765F666F6EEA
:10EB6000745F6765745F676C7970685F6269746D04
:10EB70006170006C765F666F6E745F6765745F6767
:10EB80006C7970685F647363006C765F666F6E7437
:10EB90005F6765745F676C7970685F7769647468D4
:10EBA000006C765F666F6E745F7365745F6B657221
:10EBB0006E696E67000055AAFF0011223344556646
:10EBC000778899AABBCCDDEEFF0F40F30F30F20E31
:10EBD00020D10300811E303C1E3B0E3B0E1507006A
:10EBE0004803A000066058004FFFFFFF100A208472
:10EBF0000000C10A30000D00B100AFFFFFFB001C98
:10EC000000D00003A01C00000009200000920003B7
:10EC1000CFFB31F7A5744E092001F9B20002BFE81D
:10EC2000000097DA000924E5B4A5BA08EFFA10004D
:10EC30009200000410000AC8000C10660A2076003A
:10EC4000830742C000570A2B200009C6685C900069
:10EC500001C1C067000A43902A004901B04700C1C2
:10EC6000007BB1009ED400005C03D00004C05C00B7
:10EC7000000CBD200003DE801001E31D78806B00D6
:10EC80001DF204F413CF6006DFD62B000000000055
:10EC90003C3B3B150A71F15C0980B60C40D40C403A
:10ECA000B609805B01F10A706B00F20B607A05C057
:10ECB0004D03E04D05C07A0B60F16B0000B0089C7D
:10ECC000B50BF8087C9500A000000B000000F000D8
:10ECD000000F0002EEFEE2011F110000F000180418
:10ECE000F10D03804FFD02222A04D0000034000001
:10ECF000B50000F00005B0000A60000E10004C00E6
:10ED000000970000E20003D0000870000D20002DE5
:10ED10000000009EE9000AD44DA01F2002F15E0011
:10ED200000D56C0000C65E0000D51F2002F10AD499
:10ED30004DA0009EE900EFF322F300F300F300F38F
:10ED400000F300F300F300F319EFC208B43AE00057
:10ED5000002F100005E00002E50001D70001D800F7
:10ED600001DA22218FFFFF709FFFFF01222D80001B
:10ED700009B00005F200007CF8000002F200000E6D
:10ED80004B9439F13BFFC30000009B000004E100FD
:10ED9000001E500000AA000005E10D401E400D407D
:10EDA0008FFFFFFD12222E6200000E400CFFFF00BD
:10EDB000E522200F100001FFEB3002239F1000001E
:10EDC000D600000D69B438F12AEFC400006DFD5083
:10EDD00008D523201F2000004D6DEA106FC43CA011
:10EDE0005F3002F02F2002F00AC32BA001AFFA100F
:10EDF000AFFFFFBA9222D776003F10000A900001C1
:10EE0000F200007C00000E500005E00000C8000089
:10EE100003CFEA100E812CA02F1005D00E701B908E
:10EE200006FFFF203F5018E06C0000F23F6129E030
:10EE300005CFFB2007EFC306E315E198000B87D24F
:10EE400003FB0AFFD9C000108B00000D70624BD08D
:10EE50001CFEA1004E02A00000000002A04D004ECA
:10EE600002A00000000001804F10D0380000000216
:10EE700010004BE107DC5003F8000004BE710000F5
:10EE800029E2000000003FFFFF300000000000000A
:10EE900002EEEEE20111110012000002EB40000050
:10EEA0005CD6000008F2017EB402E92000000000F8
:10EEB000001AEFC309A32AE000003F00000AA000E7
:10EEC00009C00002F10000010000028000004D00B6
:10EED000000004BDDD8100009B30006D3007A08E76
:10EEE000E8D5D10D07D219F3774A0D4000F31B582E
:10EEF0000F2000D30C580D4000F31B3A07D21AF52F
:10EF0000770D008EE85FB006A000000000009B3087
:10EF10000240000005BDED600000006F3000000001
:10EF2000DD90000004E3F100000B80C700001F200B
:10EF30006E00008C001F5000EFEEEFB006E21114DF
:10EF4000F20C700000B9BFFFFB20B7112AD0B70048
:10EF500003F0B70008C0BFFFFF50B82226F2B70089
:10EF600000C7B71115F4BFFFFD60003BEFB3005FB2
:10EF70009338E00E60000004E00000006C00000028
:10EF800004E00000000E600000005F9338E0003BEA
:10EF9000FFB300BFFFEA300B82239F40B700007E23
:10EFA0000B700000F3B700000E5B700000F3B700B9
:10EFB000007E0B82239F40BFFFEB3000BFFFFF3B73
:10EFC000822220B700000B700000BFFFFA0B8222E4
:10EFD00010B700000B822220BFFFFF50BFFFFF3B96
:10EFE000822220B700000B700000BFFFFA0B8222C4
:10EFF00010B700000B700000B7000000003BEFC42A
:10F00000005F9438E10E70000004E00000006C0026
:10F01000000824E00000E30E60000E305F9337F339
:10F02000003BEFC400B70000B7B70000B7B700005F
:10F03000B7B70000B7BFFFFFF7B82222C7B700007D
:10F04000B7B70000B7B70000B7B7B7B7B7B7B7B72C
:10F05000B7B704FFFF00225F00003F00003F000041
:10F060003F00003F00004E0D52BA05DFB2B7000767
:10F07000D1B7005E20B704E300B73E4000B9EF20EF
:10F0800000BF89D000BA00CA00B7001E70B70003E5
:10F09000F3B700000B700000B700000B700000B762
:10F0A00000000B700000B700000B822220BFFFFFA2
:10F0B00000B8000001F3BF100009F3BEA0002EF35A
:10F0C000B7E300B7F3B67B04D0F3B60D4C50F3B6FC
:10F0D00005FC00F3B600B300F3B6000000F3B9007E
:10F0E00000B7BF5000B7BCF200B7B7AD00B7B70D5F
:10F0F00090B7B702F5B7B7006FD7B7000AF7B700F8
:10F1000000D7003BEFB40005F9338F600E600005B7
:10F11000F14E000000D56C000000B74E000000D595
:10F120000E600005F105F9338F60003BEFB400BFBE
:10F13000FFD800B8225D90B70004E0B70003F0B735
:10F14000002CA0BFFFFA10B8220000B7000000B7E3
:10F15000000000003BEFB40004F9338F600E600044
:10F1600005F14E000000D56C000000B74E00000015
:10F17000D60F600005F105F8327F60004CFFC50036
:10F1800000000CB028000001BFE50000000000BF37
:10F19000FFD800B8225D90B70004E0B70003F0B7D5
:10F1A000001BB0BFFFFB10B822B900B7001F30B77B
:10F1B0000007D003CFEB31F723744E000001F92094
:10F1C0000002BFD7000004CA000004E5B423BB0856
:10F1D000DFEA10FFFFFFF223F322001F100001F10E
:10F1E00000001F100001F100001F100001F10000DD
:10F1F0001F1000D60000E4D60000E4D60000E4D6DC
:10F200000000E4D60000E4C70000F39A0002F12FEA
:10F21000835DA004CFD8000C700000D506E0000488
:10F22000E000F4000A80009B001F20002F207B00DC
:10F23000000C80E4000005E5E0000000EE70000036
:10F24000008F10007C0000E80002F02F1003FD008A
:10F2500007A00D60089F200C5008B00E3B701F00E7
:10F2600003F03E06C06B0000E58901F1B600009A8C
:10F27000D400B7F100004FE0006FC000000FA00005
:10F280001F70005F1000E50AB009A001E64E1000F3
:10F290004FE400000DE000007DD80002F32F300C99
:10F2A0008007D08D0000C90C80000A803F1003E069
:10F2B00000AA00C60001F35D000007CE4000000E6A
:10F2C000B0000000B70000000B70000000B70000A5
:10F2D0006FFFFFF5022229D000003F300001E60059
:10F2E000000BA000008D000004F200001E8222210D
:10F2F0007FFFFFF8BFCB60B60B60B60B60B60B604C
:10F30000B60B60B60B60BFC03500002E00000D309C
:10F310000008800003D00000D200008700003C00FD
:10F32000000E100009700004C00000E10000A6CF2C
:10F33000B07B06B06B06B06B06B06B06B06B06B068
:10F340007BCFB00007000005E50000B4B0002C0C36
:10F350002008606800D000D0DDDDDD271005C10881
:10F36000DFC300A429D000001F108DEEF24E100F55
:10F3700024E007F209ED8F20E400000E400000E4D5
:10F3800000000E7CFC40EF528F2E6000B8E40008B5
:10F39000AE6000B8EF528F2E6DFC4002BFE800DA7D
:10F3A00024C35D000007B000005D000000DA24D334
:10F3B00002BFE800000001F1000001F1000001F1CE
:10F3C00002BFD6F10E923DF15D0004F17B0001F128
:10F3D0005D0003F10E912DF102BFE6F102BFD500F1
:10F3E000E814E45C0006B7FEEEEC5D000000E923E3
:10F3F000A202BFE90001CF609A110B600DFFF30B71
:10F400006000B6000B6000B6000B6000B60002BFE3
:10F41000E6E20EA23CF25D0002F27B0000F25D002B
:10F4200002F20EA23DF202BFE5F2000002F00C6211
:10F430003BA006DFEA10E400000E400000E40000FC
:10F440000E7DFC20EE42AC0E6002F0E4000F1E4088
:10F4500000F2E4000F2E4000F20D40820000E40EA6
:10F4600040E40E40E40E40E4000D50007200000045
:10F4700000D4000D4000D4000D4000D4000D400029
:10F48000D4000D4022F20DF800E400000E40000010
:10F49000E400000E400BA0E40BB00E4BC000EEFDEC
:10F4A000000EC1D900E402F40E4006E1E4E4E4E415
:10F4B000E4E4E4E4E4E4E7DFB29EE80ED32CFB23CB
:10F4C000E5E6004F10099E4003F0008AE4003F008B
:10F4D00008AE4003F0008AE4003F0008A0E6DFC267
:10F4E0000EE41AC0E6001F0E4000F1E4000F2E40AB
:10F4F00000F2E4000F2002BFE8000EA23E805D0093
:10F5000004F07B0001F15D0004F00DA23E8002BF1B
:10F51000E800E7DFC40EF416F2E6000A8E40008A27
:10F52000E7000B8EF528F2E6CFC40E400000E400A1
:10F53000000E40000002BFD5F10EA23EF15D0004B6
:10F54000F17B0001F15D0004F10EA23EF102BFD596
:10F55000F1000001F1000001F1000001F1E6D8EE38
:10F5600061E700E400E400E400E40009EFC26D227A
:10F57000617D200009FE910002C95622B84CFEA010
:10F58000053000B600DFFF30B6000B6000B6000BA0
:10F590006000AA1102DF60F3002F0F3002F0F300C9
:10F5A0002F0F3002F0E4004F0AB22CF01BFE6F0068
:10F5B0000D50009806C000F201F206B000A80C50F1
:10F5C000003E3E00000DD8000006F200C5003F10CE
:10F5D0000786A009F600D31F00E7B02D00B54C0E3A
:10F5E000188006A960A6D3001FE104ED0000BB004F
:10F5F0000E80005D004E10A91E4001ED900008F144
:10F600000002EBA000C70D607C003F200D50009869
:10F6100007B000E201F205C000A70B50004D1E002C
:10F62000000EB9000008F3000005D000052C6000B2
:10F630001CF900007FFFFB0002F3000C70009B0030
:10F6400004E1001E50008FFFFD00BF04E105C0056E
:10F65000C005C006C04F6008C005C005C005C00495
:10F66000E100BFB5B5B5B5B5B5B5B5B5B5B5B5B5C9
:10F67000CD100C7009900990099008A003F708B00C
:10F680000990099009900C80CD200BE80A33918DE8
:10F69000A006B7038084640373808406B700042245
:10F6A000FE0DA0000000000012000000037CFF001F
:10F6B0000059EFFFFF000EFFFFFFFF000FFFFD846B
:10F6C0008F000FD720008F000F8000008F000F8069
:10F6D00000008F000F80007BDF023F8006FFFFAF3E
:10F6E000FF8002EFF9EFFF6000021029A700000081
:10F6F00000B4DFFFFFFD4BE8E722227E8EC0C5008D
:10F70000006C0CFCF611117FCFC0CFFFFFFB0CFC8F
:10F71000F611117FCFC0C500006C0CE8E722227EF5
:10F720008EB4DFFFFFFD4BDFF69FFFFFFDFFF8CF3D
:10F73000FFFFFFEFF6AFFFFFFE132003333331FF70
:10F74000F7BFFFFFFFFFF8CFFFFFFFFFF7BFFFFF90
:10F75000FF132003333331EFF6AFFFFFFEFFF8CF87
:10F76000FFFFFFDFF6AFFFFFFD0000000003D40046
:10F770000000003FFE00000003FFF44D30003FFF9B
:10F7800040EFF303FFF4004FFF6FFF400004FFFF63
:10F79000F40000004FFF4000000003D300000014FD
:10F7A0000000220DF7004FF19FF74FFD00AFFFFD66
:10F7B0001000BFFE10004FFFF7004FFDAFF70EFD2A
:10F7C00010AFF25B100099000000077000000032DB
:10F7D0000FF0240005FC0FF0CF501FF40FF05FF185
:10F7E0007F800FF008F7BF200FF002FBCF100EE074
:10F7F00001FCAF40011004FA5FB000000BF60DFAF7
:10F800001001AFD002DFFCCFFD200008EFFE910019
:10F8100000000110000000001441000000007FF70C
:10F8200000000343DFFD34300EFFFFFFFFE06FFFFA
:10F83000FBBFFFF61BFF7007FFB107FF2002FF7041
:10F840001BFF7007FFB16FFFFBBFFFF60EFFFFFF4F
:10F85000FFE00342CFFC233000007FF700000000F0
:10F86000044100000000007303830000001DFF67D7
:10F87000F7000003EE5AFEF700006FD3B57FF700E4
:10F8800009FB3DFF85FE30BF95FFFFFB3EF4766F21
:10F89000FFFFFFD2A100CFFFFFFFF40000CFFA026D
:10F8A000FFF40000CFFA02FFF40000AFF801FFF30D
:10F8B0000000002772000000007FF7000000008FAA
:10F8C000F8000000008FF8000000008FF800000032
:10F8D000DFFFFFFD00004FFFFFF4000004FFFF40CB
:10F8E0000023335FF53332FFFFA44AFFFFFFFFFC25
:10F8F000CFFFFFFFFFFFFF5C8F9AAAAAAAAAA8006A
:10F900004FFFFFFFB00001ED888889F8000AF20080
:10F910000000AF305F700000001EC0EF886000285C
:10F920008BF6FFFFF300BFFFF8FFFFFFFFFFFFF8BD
:10F93000FFFFFFFFFFFFF7BFFFFFFFFFFFF4000028
:10F94000011000590019EFFD709F03EFDA9DFEBF13
:10F950000EF600005FFF7F70003FFFFF6900002A86
:10F96000AAA9000000000000AAAAA20000A6FFFEAB
:10F97000F30007F7FFF500007FE0FBEFD9ADFE30A5
:10F98000FA08EFFE910095000110000000002A0027
:10F9900002EF788EFFFFFFFFFFFFFFFFFFFFDFFF9C
:10F9A000FF0007FF00007F00000100002A000000A8
:10F9B0002EF000788EFF030FFFFFF0BAFFFFFF036A
:10F9C000FFFFFFF0AADFFFFF0400008FF000000040
:10F9D0008F00000000100000000000000000000088
:10F9E000000006D20000002A00118E100002EF0075
:10F9F0007D2B90788EFF030AB3F0FFFFFF0BA1F180
:10FA0000E3FFFFFF03F0E3C5FFFFFF0BA1F1E3DF1F
:10FA1000FFFF030AB3F00007FF007D2B9000007F7B
:10FA200000119E100000010006D20000000000003E
:10FA30000000BFFFFFFFFFFBFD5BFFFFFFFFF501C6
:10FA4000FFFFEFFFFB18FFF61CFFFFFCFF6001DF6D
:10FA5000FF609600008FF9000000008FFC88888806
:10FA600088CFBFFFFFFFFFFB000240000000CF1068
:10FA700000003FF700000AFFE00004FFFF8000EFF6
:10FA8000FFFF308FFFFFFC0EFFFFFFF2F9CFFFFFFC
:10FA90003DC5FFFFF16FA3BFFA008FFFFB000026FB
:10FAA000740000580000359F1005FE9F106FFE9FE8
:10FAB00017FFFE9F9FFFFE9FFFFFFE9FEFFFFE9F32
:10FAC0002DFFFE9F10CFFE9F100BFE8F00009B00AE
:10FAD00000000046000000000FFD40000000FFFF96
:10FAE000A100000FFFFFF70000FFFFFFFD500FFF19
:10FAF000FFFFFFB1FFFFFFFFFF6FFFFFFFFFB1FF42
:10FB0000FFFFFD400FFFFFF70000FFFFA100000F08
:10FB1000FD40000000360000000000AFFE30AFFEE8
:10FB20003FFFF70FFFF7FFFF80FFFF8FFFF80FFF8B
:10FB3000F8FFFF80FFFF8FFFF80FFFF8FFFF80FF48
:10FB4000FF8FFFF80FFFF8FFFF80FFFF8FFFF70F1A
:10FB5000FFF748981048981048888888881FFFFF4A
:10FB6000FFFFF7FFFFFFFFFF8FFFFFFFFFF8FFFF24
:10FB7000FFFFFF8FFFFFFFFFF8FFFFFFFFFF8FFF7C
:10FB8000FFFFFFF8FFFFFFFFFF8FFFFFFFFFF7AF54
:10FB9000FFFFFFFE30260000587FA000BF8FFB0054
:10FBA000BF8FFFC1BF8FFFFDCF8FFFFFFF8FFFFF15
:10FBB000EF8FFFF4BF8FFF40BF8FE300BF5D2000DA
:10FBC000AE0000000000000370000000003FFA00DB
:10FBD000000002EFFF9000001EFFFFF80001DFFFB2
:10FBE000FFFF700CFFFFFFFFF40DFFFFFFFFF501AC
:10FBF00034444444300DFFFFFFFFF50FFFFFFFFFCC
:10FC0000F80CFFFFFFFFF5000003100005FB0005E7
:10FC1000FF4005FF4005FF5003FF50000BFC1000A4
:10FC20000BFC10000CFC10000CFB00000A50031031
:10FC30000003FC10000BFC10000BFC10000BFC1070
:10FC4000000DFB0005FF5005FF5005FF5003FF505E
:10FC5000000A500000000069100000000DF50000CF
:10FC60000000EF600000000EF600005888FFB88822
:10FC70001FFFFFFFFFF79BBBFFDBBB30000EF60053
:10FC8000000000EF600000000EF6000000009D2064
:10FC9000000046666666661FFFFFFFFFF7ADDDDD0D
:10FCA000DDDD400003ADFFC70000009FE624AFE3A9
:10FCB000000BFF207709FF407FF900CFA1FFE1EFA4
:10FCC000F67FFFF0EFF78FF93FFFC1FFE10BFF2653
:10FCD000CA19FF40009FE624AFE30000039DFFC761
:10FCE00000003200000000000000DF5000000000B3
:10FCF00000001CF84AEFEB500000009FFD525DFC35
:10FD000010000005FE4A70CFE1000B802DFFF74F79
:10FD1000FB002FFB00AFFB2FFF300BFF5007FE7FD8
:10FD2000FB0001DFC0003EFFE100001BFC4201BF01
:10FD3000A00000005BEFB008FC1000000000000015
:10FD40004FE000000000000002400000000310002F
:10FD50000000000005FD000000000000EFF70000BB
:10FD60000000008FFFF1000000002FFDEFA0000059
:10FD7000000BFB03FF30000004FFC04FFC0000003D
:10FD8000DFFD05FFF600007FFFF8CFFFE1001FFF5A
:10FD9000FC04FFFF900AFFFFD27FFFFF20FFFFFF61
:10FDA000FFFFFFF60478888888888700000000003D
:10FDB0000610000000000FC1FFF8002EFFFCCDFF71
:10FDC00062EFDFF9002C4EF90F900002EF90070070
:10FDD000002EF8880FA0CDFF80DFDFF9FFF8001EAE
:10FDE000FFFC000000000FC0000000000610000033
:10FDF00027000000002EF90000002EFFF900002E61
:10FE0000F92EF9002EF9002EF90BF900002EF42737
:10FE1000000000270027000000270BF900002EF447
:10FE20002EF9002EF9002EF92EF900002EFFF90010
:10FE300000002EF900000000260000000001000074
:10FE400000000000003FC0077777720003FFFC2E20
:10FE5000FFFFF9000FCFCFA00000E900041E9320A0
:10FE60000000E900000E90000000E900000E900084
:10FE700000B5E997000EC77773BFFFF6000DFFFFCF
:10FE8000FD0BFF70000000000000A600BFFFF600A1
:10FE90000000FFFFFF988874FFFFFFFFFFFFFFFFD9
:10FEA000FFFFFFFFFFFFFFFFFFFFFFFFFFFFFFFF62
:10FEB000FFFFFFFFFFFFFFFFFFFFFFFFBFFFFFFF92
:10FEC000FFFB00000220000000003EE300000003F2
:10FED000EFFE3000003EFFFFE30000EFFFFFFE00FB
:10FEE00000008FF8000000008FF8000000008FF87D
:10FEF000000023328FF82332FFFE3993EFFFFFFF1C
:10FF0000C99CFFFFFFFFFFFF5C8F9AAAAAAAAAA8BD
:10FF10000000000003620000000000CFFE000000AF
:10FF2000003FFFE000000009FFFD000000002DFF82
:10FF300090000000004FF4000000000CFD000001E4
:10FF40000009FF40018EE11AFF7000EFFFDEFF9015
:10FF5000000CFFFFFF6000008FFFE9100000027639
:10FF6000300000000007930000220AFFF2008FF526
:10FF7000F91F708FF90CFCF88FF9001AEFFFF900E8
:10FF80000000EFFC000007BFFFF6000AFFFABFF613
:10FF900000F91F70BFF60CFCF400BFF41AC6000095
:10FFA000560000034441200000FFFF5E40241FFF75
:10FFB000F5EE2FF4FFFFC882FF4FFFFFFF5FF4FF56
:10FFC000FFFFF5FF4FFFFFFF5FF4FFFFFFF5FF4F60
:10FFD000FFFFFF5FF4FFFFFFF4FF934444430FFF75
:10FFE000FFFF500068888871000048888887000FEC
:10FFF000FFFFFFFB00F800000BFB0F800000BFF3CA
:020000040804EE
:10000000FB77777DFF4FFFFFFFFFF4FFFF42DFFF2E
:100010004FFFC008FFF4FFFE00AFFF4FFFFCAFFF34
:10002000F4AFFFFFFFFD1000000000000FFFFFFF17
:10003000FFF79AAAAAAAAA4000000000008999998D
:1000400099993FFFFFFFFFF71222222222000000B2
:100050000000009AAAAAAAAA4FFFFFFFFFF700001C
:1000600000000000BFFFFFFFFFFBFFFFFFFFFFFFE0
:100070004EFFFFFFFFE4C3BFFFFFFB3CFF57FFFF47
:1000800075FFFFF93DD39FFFFFFFD55DFFFFFFFF2A
:10009000FFFFFFFFBFFFFFFFFFFB01BBBA10005FC9
:1000A000FFF10007FFFB00009FFF60000BFFFFFF59
:1000B00060EFFFFFF10EFFFFF800000CFE000000F4
:1000C000FF5000003FC0000007F3000000A900003F
:1000D0000002000000002A5000000EFF8FFF2000E9
:1000E000FFF8FFF4000FFFEBBB3000FFF4999260C4
:1000F0000FFF5FFF4FA0FFF5FFF5561FFF5FFFFFEC
:10010000F4FFF5FFFFFF4EFF5FFFFFF40005FFFF69
:10011000FF40005FFFFFF40000444444000000156E
:100120000000000009F10000002DFFF900000EFFA3
:10013000FFF70005FFFFFFD0008FFFFFFF000AFF62
:10014000FFFFF200DFFFFFFF506FFFFFFFFD0EFF1D
:10015000FFFFFFF6244444444300002FF900000051
:100160000046000000BFFFFFFFFFFFF4FC8E8E8EF5
:1001700088E8F7F80C0C0B00B0F8FFECFCECEECFC5
:10018000F8FFA0C0A0772FF8FFECFCECEECFF8F85A
:100190000C000000B0F8FC8E888888E8F7BFFFFFED
:1001A000FFFFFFF400000000000630000000001810
:1001B000EFE000000029FFFFB000003AFFFFFF3032
:1001C000004CFFFFFFFC000BFFFFFFFFF5000EFFE1
:1001D000FFFFFFD000013444DFFF6000000000CFCC
:1001E000FE0000000000CFF80000000000CFF1008A
:1001F00000000000BF900000000000260000009BEF
:10020000BBB2700FFFFF4F90FFFFF4FF9FFFFF5443
:1002100044FFFFFFFFFFFFFFFFFFFFFFFFFFFFFFA9
:10022000FFFFFFFFFFFFFFFFFFFFFFFFFFFFFFFFDE
:10023000FFFFFFFFFF344444443000000000000093
:10024000000000059BCB950000008FFFFFFFFF80A3
:1002500003EFFA53235AFFE3DFA100000001AFD2FE
:100260006005BEFEB50052001CFFFEFFFC10000240
:10027000EC40004CE2000001000100010000000021
:100280000AFA000000000000FFF000000000000675
:10029000D6000000377777777777750FFFFFFFFF7E
:1002A000FFFFF3F834444444444FDF8CFFFFFFFF6B
:1002B000F2CFF8CFFFFFFFFF08FF89CCCCCCCCC337
:1002C000FFFB77777777779F9CFFFFFFFFFFFFE1CB
:1002D0000000000000000000377777777777750F10
:1002E000FFFFFFFFFFFFF3F834444443004FDF8C70
:1002F000FFFFFFC002CFF8CFFFFFFC0008FF89CC53
:10030000CCCC9003FFFB77777777779F9CFFFFFF3D
:10031000FFFFFFE100000000000000003777777763
:100320007777750FFFFFFFFFFFFFF3F834444200BC
:10033000004FDF8CFFFF800002CFF8CFFFF80000F6
:1003400008FF89CCCC600003FFFB77777777779F36
:100350009CFFFFFFFFFFFFE1000000000000000026
:10036000377777777777750FFFFFFFFFFFFFF3F89A
:1003700034410000004FDF8CFF40000002CFF8CF77
:10038000F400000008FF89CC30000003FFFB777702
:100390007777779F9CFFFFFFFFFFFFE100000000E2
:1003A00000000000377777777777750FFFFFFFFF43
:1003B000FFFFF3F800000000004FDF8000000000A6
:1003C00002CFF8000000000008FF800000000003DA
:1003D000FFFB77777777779F9CFFFFFFFFFFFFE1BA
:1003E000000000000000000000000000000000000D
:1003F00000000025FB000000000005CBFE0000000F
:1004000001000D10420000009FD16800000068004C
:10041000FFFEEEEDDDDDEFC09FD100B30000680010
:100420000100003B0574000000000009BEFB000055
:10043000000000002DFB0000000000000000000094
:100440000000342000006EFEFD2004FFF3FFD00CFE
:10045000FFF04FF50FD5F295F82FF7413CFA3FFF2B
:1004600060AFFB3FFE204FFB2FE29275FA0FEBF1DE
:1004700049F809FFF09FF201DFF9FF900006AB9504
:100480000000048870000BCCFFFFDCC5BCCCCCCCDA
:10049000CC5288888888604FFFFFFFFC04FAAE6F5B
:1004A0005FC04FAAE6F4FC04FAAE6F4FC04FAAE655
:1004B000F4FC04FAAE6F4FC04FAAE6F5FC03FFFF51
:1004C000FFFFB006888888720000000000017100FC
:1004D00000000002EFD1000000015FFFC000000239
:1004E000EA5FFD000002EFFA5D200002EFFFF80076
:1004F0000002EFFFFE200002EFFFFE200002EFFFF0
:10050000FE200000BFFFFE2000000DFFFE200000C7
:1005100000FFFE200000000664100000000000053F
:10052000EFFFFFFFFF8005FFFFFFFFFFFF05FFFF5E
:1005300091DD19FFF5FFFFFD1111DFFFEFFFFFFB5D
:1005400000BFFFF5FFFFFD1111DFFF05FFFF91DD8C
:1005500019FFF005FFFFFFFFFFFF0004EFFFFFFFA4
:10056000FF8000178887202DFFFFFD2EA0B378FEA7
:10057000FA0B378FFFFFFFFFFFFFFFFFFFFFFFFFBC
:10058000FFFFFFFFFFFFFFFFFFFFFFFFFFFFFFFF7B
:10059000FFFFFFFCFFFFFFFC044444440000000099
:1005A000000002000000000004F00069000000DF0D
:1005B000007FC000000DF08FFFDDDDDDFF0BFFFFD2
:1005C000FFFFFFF00BFC00000000000AC00000006D
:1005D000000000000000000000000000000000001B
:1005E0000000400300000000000030030309000089
:1005F0000E00B0040404000516007008090900008C
:100600003F007007070D00FE6D00200A0A09000078
:100610009A004008090A00FFC70080020204000592
:10062000CB001004030D01FDDF001004030D00FDDD
:10063000F300D004050500050001000707060002CD
:100640001501C002030400FE1B01A0040402000205
:100650001F01C0020302000022014004060DFFFF3B
:1006600049010008080900006D0170040409000038
:100670007F01E006070900009F01E006070900006E
:10068000BF01000808090000E301E00607090000B7
:10069000030260070809000027023007070900006D
:1006A0004702C007080900006B0260070709000045
:1006B0008B02C002030700009602C002030900FE7D
:1006C000A402000707070001BD020007070500029A
:1006D000CF02000707070001E802E0060709000053
:1006E0000803700C0C0C00FD5003D0080A09FF0031
:1006F0007D03100908090100A103B00809090000E1
:10070000CA03F00909090100F303100807090100F1
:100710001304A00707090100330440090909000078
:100720005C04C009080901008004C003020901003B
:10073000890420060609FF00A404A0080809010096
:10074000C804200707090100E804700B0A0901002A
:100750001505C009080901003905100A0A09000039
:100760006605B008080901008A05100A0A0C00FD98
:10077000C605C00808090100EA057007070900005E
:100780000A061007070900002A0680090809010067
:100790004E0690080A09FF007B06800D0E09000036
:1007A000BA06100808090000DE06C0070909FF00A4
:1007B0000707E007080900002B070004030D01FDEF
:1007C0003F074004060DFFFF66070004030D00FD10
:1007D0007A070007070600028F070006060100FFE0
:1007E0009207300704020108960730070707000048
:1007F000AF073008070A0100D207E006070700002C
:10080000EB073008080A000013086007070700001C
:100810002C084004050A000045084008080A00FDAD
:100820006D083008070A010090086003030A000001
:100830009F087003050DFEFDC0086007070A010050
:10084000E3086003020A0100ED08B00C0B07010089
:1008500014093008070701002D09A0070807000048
:1008600049093008070A01FD6C093008080A00FD33
:100870009409F00404070100A2090006060700001D
:10088000B709F00405090000CE0920080707010098
:10089000E709B0060807FF00030AD00A0B070000AB
:1008A0002A0AA00607070000430AB006080AFFFD4F
:1008B0006B0A400606070000800A3004040D00FDA4
:1008C0009A0A9003020D01FDA70A3004040D00FDF1
:1008D000C10A000707020004C80A00050505000553
:1008E000D50AC00303030002DA0A000C0C0D00FE57
:1008F000280B000C0C0900005E0B000C0C0B00FF19
:10090000A00B000C0C090000D60B400809090000E0
:10091000FF0B000C0C0D00FE4D0C000C0C0D00FE2E
:100920009B0C800D0E0B00FFE80C000C0C0D00FE64
:10093000360D800D0E090000750D000C0C0D00FE2B
:10094000C30D0006060A00FFE10D0009090A00FFB9
:100950000E0E800D0E0D00FE690E000C0C0900003D
:100960009F0E4008090D00FEDA0E800A080C01FEF9
:100970000A0F800A0B0D00FE520F800A0B0B00FFBE
:100980008F0F800A0B0B00FFCC0F800A080C01FEB2
:10099000FC0F800A0C0BFFFF3E108007070B00FFC7
:1009A00065108007070B00FF8C10800A0B0B00FFFF
:1009B000C910800A0B030003DA10800D0E09000035
:1009C0001911000F100D00FE8111800D0F0DFFFE9B
:1009D000E311000C0C0B00FF2512800A0B0700012D
:1009E0004C12800A0B0700017312000F100AFF005F
:1009F000C312000C0C090000F912000C0C0D00FED3
:100A00004713000C0D0DFFFE9C13800A0B0B00FF1B
:100A1000D913800A0B0D00FE2114800A0B0B00FF76
:100A20005E14800A0B0B00FF9B14000C0C090000E5
:100A3000D1148007090DFFFE0C15800A0B0D00FE76
:100A40005415800A0B0D00FE9C15800D0E09000048
:100A5000DB15000C0E0DFFFE36160009090D00FE19
:100A60007116000F0F0C00FFCB16000F0F090000CE
:100A70000F17000F0F0900005317000F0F09000098
:100A80009717000F0F090000DB17000F0F09000078
:100A90001F18000F100B00FF7718800A0A0D00FEC8
:100AA000B818800A0B0D00FE0019000C0D0DFFFE9A
:100AB0005519000F0F09000099190009090D00FED2
:100AC000D419100C0D0900000000721F51EF58EFEF
:100AD0005BEF5CEF5DEF61EF63EF65EF69EF6CEF8C
:100AE00071EF76EF77EF78EF8EEF93EF98EF9BEF64
:100AF0009CEF9DEFA1EFA2EFA3EFA4EFB7EFB8EF4C
:100B0000BEEFC0EFC1EFC4EFC7EFC8EFC9EFCBEF47
:100B1000E3EFE5EF14F015F017F019F030F037F0CF
:100B20003AF043F06CF074F0ABF03BF190F191F1DE
:100B300092F193F194F1D7F1E3F13DF254F2AAF47A
:100B400012F7F2F7200000005F0001000000000033
:100B50000000000000000200B0000000F3F7600099
:100B6000C80A0408000000003E0003000000010263
:100B70000003040502060708090A090A0B0C000D08
:100B80000E0F101112130C14140000001516171874
:100B900019161A1B1C1D1D1E1F201D1D1621222388
:100BA00003241E2525262728292A2B002C002D2E3C
:100BB0002F303132332D343435302D2D2E2E363723
:100BC0003839333A3A3B3A3C290000093D090000E4
:100BD0000000000000000000000000000000000015
:100BE0000000000000000000000000000000000005
:100BF00000000000000000000000000000000000F5
:100C000000000000000000000000000001020003DE
:100C1000040502060708090A090A0B0C0D0E0F103D
:100C2000110C1213141515000000161718191719B6
:100C300019191719191A1919191917191719031B3D
:100C40001C1D1D1E1F2021222300240025262727CE
:100C500027002726282926262A2A272A272A2B2C36
:100C60002D2E2E2F2E300000230931090000000008
:100C70000000000000000000000000000000000074
:100C80000000000000000000000000000000000064
:100C90000000000000000000000000000000000054
:100CA0000000000000000000000100000000000043
:100CB0000001000002000000000100000000000030
:100CC0000000000000000000000001000000000023
:100CD00000000000000000000001090005FC000009
:100CE0000000F5F401090403F801090108020600F7
:100CF000000000000000000000000C02FF000000E7
:100D00000000000000000000000400FA00000000E5
:100D100000FC03040000FE00FF0200FE00FEFFFCDA
:100D200000000000FE0000FEFD0000FE00FC0000D0
:100D300000000000000000FEFE00FD00FB00E900D6
:100D400000FC0004060000FC02020604FD04000092
:100D5000F50000000000000000000000F9000000A5
:100D60000000000000000000000000FBFEF700F89B
:100D7000FF00000000000700FAFEFF0100FD000078
:100D8000FFF20000000000000000000000F1FE077C
:100D9000000000000000000000000000F80000005B
:100DA000000000000000000600020000FC0000003F
:100DB000000000000000000000000000000007022A
:100DC0000100000000000000000000000000000022
:100DD0000000000000000000000000000000000013
:100DE0000000000000000000F9000000000000000A
:100DF00000000000000000000000000000000001F2
:100E0000040206FE000004FEFAE601050400FE00EE
:100E1000070006000600EE00FE060006FE040200C3
:100E20000001FE0000FD0F000F000600080203068F
:100E3000000000F90000000001FF0001FDFEFC01C0
:100E400000FE000000F800000000000000000000AC
:100E500000F400000000000000000000000000009E
:100E60000001F500F400000000FF0013FEFE020286
:100E7000FE00FE020000F60000000000000000007E
:100E80000000ED0002000000000000000000000073
:100E900000F4000C0000F9000600F3EDF3FC06007E
:100EA00000F30002FC00FD00000000000000000054
:100EB0000000000506E9000000000000000000003E
:100EC000000009000100000000000101FEFC00FF1D
:100ED000FFFE0000FF000000FC00FE00FCFC00FB29
:100EE000FAFAFC00FC00FC00000000FE000002001A
:100EF00001FE000100000002FF000000FF0202FFEF
:100F0000000000FC00FF0000000000010002FF00E4
:100F1000FE00FD0000FF00060000FE0000000000D3
:100F2000FF01FFFF0000FE00FE00000000000000C7
:100F30000000FFFF00FEFE0000000000010000FFB7
:100F400000FEFEFE000000000000000000FF0000A8
:100F50000000FFFE00FD00FAFFFA040000FC02049E
:100F60000500FBFFFE00FFF702FF01F60200000193
:100F7000F600F6FEEFFF00F6000405000200000098
:100F8000000000FDFE00FA000000FE000000FE0070
:100F900000000000FFFF00FFFE0000000000000056
:100FA000FEFE00FFFEFE0000FE000000000000004C
:100FB00000000000FEFE00FE00FF00FC020000FE3C
:100FC000010202000000000000FF0000000000011C
:100FD0000000FE00FEFFFE00000000000000020016
:100FE000FE00000000FEFD00FC0006FF01FA00000C
:100FF00005F6F6F8FC0200FEF4FD00FD00FC03FD22
:10100000F400FB000001FF02FF000200FAF900F605
:10101000FBFCFBFAFEFB00FCFB01000100FE0000F4
:10102000000100020000000000000000000000FEBF
:1010300000FF00FFFE00FDFCFCFF00FA00000000C6
:101040000000FE0000000001FF00000002000000A0
:101050000000000000090000000000000100000086
:10106000FE0000000000000000000000FD00020083
:10107000000000000000000000000000FF00000071
:10108000FC00000000F6FA000000FDF60000FE0281
:1010900000FB00000000000000000000FD0000FC5C
:1010A0000000000000000000000000000200FD0041
:1010B000000000020001FCFC00FEFEFE000000003B
:1010C0000000FA00FE00FDFE00FCFBFAFE00FC0042
:1010D000FA000000000F0000010000FE000200F80E
:1010E0000000000000EEFD0606FEF80002FD00F61E
:1010F000FFFE02F3FE020003F9FDF9FAF80000F426
:10110000000B0000FF000000FFFFFEFBFA00EE00F6
:1011100000000000000000000100000000000000CE
:10112000000000000000000000FE00FFFEFD0000C7
:10113000FC00FE00000000000000000000000000B5
:101140000000FF00FC000004FF0200FC02FFFFFBA8
:10115000FE00FEFEFF00FDFD0000FEFFFFFDFE00A5
:1011600000FE0002FF00FC000000FC00FD00FDFD91
:10117000020000000000000000FC0200FD00FFFE75
:10118000FAFFFFFFFFFFFEFF0000000000FEFEFE73
:101190000000000002FF00FF000000FFFEFFFEFE57
:1011A000FE000208FF00FB00FF0400FEF8FE030043
:1011B00000F7FD02FD0100FFFEFA00FD010000FD49
:1011C0000000000202FCFC00FDFEFDFEFE00FD0131
:1011D000FCFD06000000000000000000020000000E
:1011E00000000000000000000000000000000000FF
:1011F00000000000FD0000000000000000000000F2
:1012000000000000000000000000000000000000DE
:1012100000000000000000000000000000000000CE
:10122000FF000000000000000000000000000000BF
:101230000000000000000000000000000000FEFEB2
:10124000000000000000000000000000FD0000FEA3
:101250000000FEFE00000000FE00000000FF000095
:10126000000000FF00000000FD00FC000000FA008C
:1012700001FC0400FFF70000FCFE00F8FBFB00008F
:10128000F8FEF8F9F700FB00020DFE00FCFEFFFE81
:10129000FDFBFDF9F8FCFE0000FF00010000F3FE7D
:1012A0000604FCF90001FA00F6FFFE04EEFE010060
:1012B00000F4FEF6FEF20000F3000B0100FF000058
:1012C0000000FFFFF9FF00F400000000FA00FE003C
:1012D000FFFBF70000FFFDFAFE00FF00000000F733
:1012E000FEFAFAFEFDFBFEFD00FCFEFAFD00FEFC30
:1012F000FEFC000100FFFA000400FD0000000002F7
:101300000001FC0800FEFEFE000000000000FA00E4
:10131000FE00FDFE00FCFBFAFE00FC0208000000DF
:10132000000F0000010000FE0002000000000000AD
:101330000000000000000000FFFC0000000000FFB3
:10134000000000FEFE0000FCFE0000FC0003FF00A9
:1013500000000000000100000000030402FE00FA8B
:10136000FD0006FAFAFCFC080302EFFF04FE00FE93
:1013700002FEF900FE02FEFEFAFE0000060400FB7B
:1013800000F5FE06FEF901FEFAFAFE080200FD0075
:10139000FB000206FCF9F8FB060001F2FE02FDFF6D
:1013A000FC00FCF9FDFDFE0000FCFCFE000604FE56
:1013B000F500F5FD00F9F5FFFAFDFAFB050000FE6A
:1013C00000FCFE00FEFD0003FA020000F600FEFC39
:1013D000FDFFFAFBFAFC00FAFEFCFCFAFE0000013D
:1013E00009FD00FAFE00FEFCFCFBFBF9FEFC04001C
:1013F000FD00F6FE0104FAF9FCFA06FE01EEFD041A
:10140000FCFDF900FAF8FEFEFEFEFCFAFF00000605
:1014100005FFF400F4FC05F9F3FCF9F8F6FA040012
:10142000000000FE000002FE0401FC040000FAFFC0
:1014300000FF000101FE000000000000FE000000AF
:101440000002060000FE00000000FFFFFE0000009A
:101450000102000000000200FE000700030101FE7F
:101460000004000000020000000000000000000076
:101470000006000500000000000000000000000061
:101480000000F400FE03000600001302FCFC020250
:10149000FF01F6000009F400000000000000000059
:1014A0000000F3071B000000000000000000000027
:1014B00000F4000000000000000000000000000038
:1014C000000000000000000000000000FD0000FC23
:1014D000FE0000000000000000000000000000000E
:1014E00000000000FF00FB00000100000219FCFEEC
:1014F0000605FB0200000202FE00000000000000E2
:1015000000000000E70500000000000000000000EF
:1015100000000000000000FB000000FB00000000D5
:10152000FCFF000000FC00FE00F7000000000000CF
:101530000000000000F300000000010000000000B7
:1015400000FE0000FC00FD00FB000000FD02FE00AC
:1015500000FBFEFC0000FB00FE00F700FE0000F0B8
:10156000FCF8FEF90000F300FBFF000000000000A3
:101570000000FDFDFEFD00000000FC00FC02FE047A
:1015800000FFFCFFFDFC00FEFFFF01FBFF00000071
:10159000EFFEFD00FC00FFF7FE0000FFFE00000074
:1015A000000100FFFDFF030000000000000000003C
:1015B000000000000000000000000000000000002B
:1015C000000000000000000000000000000000001B
:1015D000000002000000000000FC00FF000000FC12
:1015E00002000000FBFEFC0000FB00FE00F7000014
:1015F0000000ED00FCF9F60000F300FFFD00000024
:101600000000000000FEFDFFFD01000003FE0006DB
:1016100009FEFEFA02090304FB02080206040500A3
:10162000000000000000000000000C09FDFE00FEAC
:101630000F080F000000020000070000FD0000007E
:10164000000000000000FF00000000000000000398
:1016500000000000F0FEFEF8F70000F300000000BC
:1016600000000000000000000000000000FD00007D
:1016700000000000000000FF00000000000000006B
:101680000300000000F0FEFEF8F70000F800000084
:10169000000000000000000000000000000000004A
:1016A000FE000000FC0200FE020302FA0000FE023F
:1016B000000200000000FB00FEFFFC00FEF8000C32
:1016C000FE00FCFF00FFFD00FEFBFCFE000000FD35
:1016D000000000000000000000FF0000000000000B
:1016E00000000300000000F0FEFEF8F70000F30029
:1016F00000000000000A00000000000000000000E0
:10170000FD00FAFEFE06FEFEF801FF01FFFB0004ED
:1017100000020102FBF8FE00F9FCFBF8F900FDFCF9
:10172000FEFEFEFFFEFF00FFFF030003FF000600BA
:101730000000000000000000000000FFFEFE0000AE
:10174000FB00FF00FD0000000000000000000000A2
:10175000F40000000000000000000000FEFE00FE9B
:1017600000000000FE0000FDFE0200FDFCFF00FA8C
:10177000FFFCFFFE00FD0000000000000000000074
:1017800000F300060000FD00000000FE00FE000067
:10179000FF0000FF00FC000008FEFAFA0102020050
:1017A000FB010301060106FFFB0000F80000FAFB45
:1017B0000000FC00FEFD00FD00FD00FF0300FEFA3E
:1017C000FE070000FE00FC000002FC0002FE02001A
:1017D00000FA00FFFF00FE02FE000000F8FEFC0021
:1017E000FA0000F70007FE00FD000100FE00FEFA0F
:1017F00000FE0200000000FF000002FE010000FEEB
:10180000FF00FE00000000000000000000000000DB
:1018100000000000F400040000FE000000000000D2
:10182000FEFE0000000400040000000000F4F501CA
:10183000080603F80108000700040000000000008B
:1018400000000000000A000000000000000000008E
:101850000000000000000000A80C04086C0B040845
:101860000A0C04083D310000C9EB0308D805040840
:10187000440B0408581804081000022879FC0108D9
:10188000FDF80108000000000F0000000300000048
:1018900000FF0100681804080000000000000000BC
:1018A0000EA0D90D90C80C80B70A60110B80D91F0B
:1018B0000991F0881F0880F088000000000D203C8E
:1018C00000000F0069002FFFFFFFF7015C11A61059
:1018D000006900C300008800D2009FFFFFFFF012E4
:1018E000C523E22000D203C00000F004B0000000D5
:1018F000700000000E00000000E0000019EFEA3068
:101900000CD6E6A702F40E00001F80E000006FEF87
:1019100050000016FFE500000E0AF00100E05F1322
:10192000F85E6EB005CFFE9100000E000000007062
:10193000000008DD3000A7004B02D004C000770093
:10194000D01D20004B03D0A7000007DC34C4CC30EE
:1019500000001D2D22D00000A63B00B30005C03AB8
:1019600000A3001D200D00D000A60004CC40004DB7
:10197000FC300000F718C00001F205D00000BB6E7B
:101980004000005FF3000007E6DB03802F301DBA44
:10199000A05F0001DF401FB448FEC003BFFC40B29F
:1019A00000000000001F01F01F00F0000003F10B19
:1019B000900F404F007D009B00AA00AA009B007D75
:1019C000004F000F400B9003F15E000E6008C00452
:1019D000F001F300F500E600E600F501F304F0087D
:1019E000C00E605E0000930088A6C209FE404DDD77
:1019F000B1429350005200000450000008A00000C3
:101A000008A0001FFFFFF30339B3300008A0000057
:101A100008A0000103F61E60E12C00000003FFF99E
:101A20000333100003F52E4000000E400004E000D8
:101A3000009A00000E400004F000009A00000E40E2
:101A40000003F000009A00000E500003F000009A1E
:101A500000000E500003F00000004CFE70004FB676
:101A60008F900DB0005F32F40000E74F20000CA40F
:101A7000F20000CA2F40000E70DB0005F204FB6884
:101A8000F90004CFE700EFFB44CB00AB00AB00ABA9
:101A900000AB00AB00AB00AB00AB07DFEA108E85FC
:101AA0007EC0010006F1000006F000000D9000006D
:101AB000CC00001CC00001DB00001DE544427FFF9C
:101AC000FFF97FFFFFF024445F900000BC00000995
:101AD000E100003FD81000046DD0000002F41000B7
:101AE00002F4BD757DD019DFEA1000000DA00000E2
:101AF00000AC00000007E10000004F40100002F6BB
:101B000000F5001DA000F5007FFFFFFFF313333346
:101B1000F730000000F500000000F50009FFFFF0BD
:101B20000AB444400C8000000E7000000FFFFC401F
:101B300003345CF2000000F7100000F78E856CF1B2
:101B400008DFFB30002AEFD5003FD657400CC0001D
:101B50000002F40000004F5BFFA104FE845DD03F53
:101B600080003F30E80003F206F845DC0005DFE9BD
:101B7000109FFFFFFD9D4444E99C0004F200000B10
:101B8000B000002F400000AD000001F6000008E0AA
:101B900000000E8000006F1000019EFE9100BE63E9
:101BA0006EC00F60006F00CC202BC002EFFFE20080
:101BB000DC424CD05F20001F55F20002F50ED535F7
:101BC000DE001AEFEA1003BFEA202FA44BE18E00DB
:101BD00000E99D0000DD4F7129FF07FFFC9E000218
:101BE00010AC000002F607658FB00AEFD7002E5345
:101BF000F50000000000003F52E42E53F500000005
:101C00000000002E52F60D21D0010000000031002E
:101C1000006CF2018ED6000FC300000AFB400000EA
:101C200017EE70000005C3000000001FFFFFF30364
:101C300033333000000000000000001FFFFFF303FB
:101C4000333330040000000ED71000005CF9200090
:101C5000002AF20003AFB106DE82001C6000000023
:101C600000000007DFEA109E746EC0010006F0005D
:101C70000009C000008E200006F20000087000007D
:101C8000000000000B8000000C900000006CEFDAF8
:101C90004000003DA41016D90001E509EE98CA9055
:101CA0000A80BD43AFC0D30F13F2000CC0693C06DD
:101CB000D00007C03B4B06D00007C02C3C03F2000D
:101CC0000CC04A0F10BD439EE3C50A8009EE91CFB8
:101CD0009001E50000000000003DA4102800000075
:101CE000007CEFD9100000000CF1000000003FD78D
:101CF00000000000B96E00000002F20E5000000962
:101D0000A007D000001F3000F400007FFFFFFB00A1
:101D100000E733334F2005F000000C900C900000DA
:101D200006F18FFFFEC408E3334BF28E00001F580C
:101D3000E00018F18FFFFFF808E33337F68E00005C
:101D400009C8E000009D8E33347F78FFFFFD7000EE
:101D500007CFFB4000CF966AF50AE20000301F6013
:101D60000000004F200000004F200000001F600016
:101D700000000AE200003001CF966AF50007DFFBA1
:101D8000408FFFFEA4008E4446CF708E000007F304
:101D90008E000000DA8E0000009D8E0000009D8EF7
:101DA000000000DA8E000007F38E4446BF708FFFFC
:101DB000FEA4008FFFFFF68E4444418E0000008E8B
:101DC0000000008FFFFFC08E3333208E0000008E96
:101DD0000000008E4444428FFFFFF98FFFFFF68E14
:101DE0004444418E0000008E0000008E0000008FF1
:101DF000FFFFC08E3333208E0000008E0000008E67
:101E00000000000007CFFC5000CF966AF60AE200FF
:101E100000201F600000004F200000004F20000045
:101E2000B91F600000B90AE30000B900CF966AF854
:101E30000007DFFC608E000008E8E000008E8E00E6
:101E40000008E8E000008E8FFFFFFFE8E333339ED9
:101E50008E000008E8E000008E8E000008E8E00038
:101E6000008E8E8E8E8E8E8E8E8E8E8E02FFFFC098
:101E70000444BC000009C000009C000009C0000030
:101E80009C000009C02000BA0EB58F603CFE808E19
:101E900000004F508E0004F6008E003F70008E034D
:101EA000F800008E2EC000008EECF600008FB07F90
:101EB00030008E000AE1008E0000CC008E00001E73
:101EC000A08E0000008E0000008E0000008E00003A
:101ED000008E0000008E0000008E0000008E0000CA
:101EE000008E4444408FFFFFF28E00000008E8F7A8
:101EF000000002FE8FF10000BFE8DCA0004F9E8DC5
:101F00002F300D87E8D09C06E07E8D01E7E507E8DD
:101F1000D006FC007E8D000A2007E8D00000007E7D
:101F20008E100008E8FC00008E8FF90008E8E6F645
:101F3000008E8E09F308E8E00CE18E8E001EB8E8F2
:101F4000E0003FEE8E00006FE8E00000AE0007CF3B
:101F5000EB500000CF966BF9000AE200005F601FB3
:101F60006000000AD04F20000006F04F200000065D
:101F7000F01F6000000AD00AE200005F6000CF9608
:101F80006BFA000007DFEB50008FFFFD7008E4459F
:101F90008FB08E00005F38E00001F58E00003F48F2
:101FA000E0014DD08FFFFFB208E33310008E000038
:101FB0000008E00000000007CFEB500000CF966B58
:101FC000F9000AE200005F601F6000000AD04F20A5
:101FD000000006F04F20000005F01F6000000AD04E
:101FE0000AE200005F6001DF855AFA000008DFFCAA
:101FF0005000000001EC21940000001BFFC1000014
:10200000000012008FFFFD7008E4458FB08E0000C5
:102010005F38E00001F58E00003F38E0014DD08FC1
:10202000FFFFC208E333DA008E0002F608E0000585
:10203000F3019EFDA200CE646B702F40000001F8FA
:1020400000000006FD950000016AEE500000009FB0
:1020500000200005F13FA547EB004BEFE910FFFF23
:10206000FFFF2444BD44400009C00000009C000064
:102070000009C00000009C00000009C00000009C96
:1020800000000009C00000009C00009C00000BA99B
:10209000C00000BA9C00000BA9C00000BA9C000060
:1020A0000BA9C00000BA8E00000D94F40003F50CDB
:1020B000F868FD0009EFE9100CB000000AC05F20CD
:1020C0000001F500E900008E0008F0000E70001F0E
:1020D0006005F10000AD00C9000003F43F300000CE
:1020E0000CBAC00000005FF500000000EE00006FB9
:1020F00010000DB00002F21F60003FF10008D00B8D
:10210000B0008BE6000D7006F000E69B002F20016A
:10211000F503F14F108D0000CA09B00E60D8000021
:102120006F0E6009B2F300001F9F1004F9D0000089
:102130000CFB0000EF80000007F600009F30003F1E
:1021400050000DA008F2009D0000CC04F300002F09
:102150009E70000006FC00000009FE1000004F4DBC
:10216000B00001E802F7000BD0007F207F20000BB9
:10217000D00CB000009C002F50002F30009E000CAF
:10218000900000E805F1000005F3E60000000CFDFA
:10219000000000003F4000000002F3000000002F9C
:1021A0003000000002F300004FFFFFFF9144444A5B
:1021B000F3000003F6000001EA000000CC0000007C
:1021C0009E1000006F4000003F7000001ED4444489
:1021D00036FFFFFFFC8FF68D318D008D008D008D59
:1021E000008D008D008D008D008D008D008D318F54
:1021F000F65D000000F200000B8000006D000001A1
:10220000F200000B8000006D000001F200000B7076
:1022100000006D000001F200000B7000006D000076
:1022200001F2BFF325F302F302F302F302F302F328
:1022300002F302F302F302F302F325F3BFF300AD5E
:1022400000001EC4000885A000E20E105B00970B82
:102250005002E0EEEEEEE00BC00009B004CFEA1051
:102260000B745DB0000004F004CEEEF21F8214F295
:102270004F1004F21F703DF204DFD7F2BA000000E5
:10228000BA000000BA000000BA8EFC30BFD54BF394
:10229000BE1000CABA00007EBA00007EBE1000CA9E
:1022A000BFD55BF3B98EFC30007DFD6009F748F4C3
:1022B0002F5000205F0000005F0000002F50002022
:1022C00009F748F4007DFD600000001F4000000198
:1022D000F40000001F4008EFC4F40AF748FF42F57D
:1022E0000007F45F00002F45F00001F42F50006F4D
:1022F00040AE637EF4008EFC4F40008EFC400AD559
:1023000038F42F20008C5FEEEEFF5F2111112F704B
:10231000001009F846E4007DFE80009EE305F441CC
:1023200008C000CFFFF029D32008D00008D0000853
:10233000D00008D00008D00008D000007EFC4E601D
:10234000AF747FF62F50005F65F00000F65F00006D
:102350000F62F60006F609F747FF5007EFC4F500D5
:1023600000003F20CB646EB003AEFD8000BA0000D9
:1023700000BA000000BA000000BA8EFB20BFC56D95
:10238000D0BE0003F2BA0000F4BA0000F5BA0000B3
:10239000F5BA0000F5BA0000F5BAA800BABABABAA0
:1023A000BABABABA000AB0009900000000AB000A3D
:1023B000B000AB000AB000AB000AB000AB000AB03E
:1023C00000AA064E71DFA0BA000000BA000000BAF1
:1023D000000000BA001CC0BA01CC00BA1CD100BB7E
:1023E000CF6000BFDBE100BD11DC00BA003F70BA76
:1023F0000007F3BABABABABABABABABABABAB99E8E
:10240000FA15DFD40BFB45EDE64AF2BE0006F600F6
:102410000E7BA0004F2000C9BA0003F1000C9BA066
:10242000003F1000C9BA0003F1000C9BA0003F1050
:1024300000C9B99EFB20BFB45DD0BE0003F2BA0054
:1024400000F4BA0000F5BA0000F5BA0000F5BA00D1
:1024500000F5007DFD60009F748F702F50007F0598
:10246000F00001F35F00002F32F50007F009F74894
:10247000F70007DFD600B98EFC30BFC43AF3BE10B8
:1024800000CABA00007EBA00007EBE1000CABFD5E6
:102490005BF3BA7EFC30BA000000BA000000BA005C
:1024A0000000008EFC3F40AF748EF42F50007F453B
:1024B000F00001F45F00002F42F50007F40AF7482E
:1024C000FF4008EFC4F40000001F40000001F400CA
:1024D00000001F40B98E4BFD71BE100BB000BA005A
:1024E0000BA000BA000BA00005DFEA13F735A06FC0
:1024F000000001EE9610016AEF300000D96C646FA5
:1025000062AEFD7008D00008D000CFFFF029D320C4
:1025100008D00008D00008D00008D00005F5510010
:102520009FE3C80002F3C80002F3C80002F3C8002A
:1025300002F3C90003F3AB0007F35F837EF306DF0A
:10254000C5F30D90000AA06E0001F300F5007D00B8
:1025500009C00E60003F24F00000C8B9000006FF6B
:102560003000000FC000C80006F1000D56D000CFAB
:102570006003F01F302F9C009A00B807B2F10E40A4
:1025800005E0D60C74E0000F6F007C990000AFA04E
:1025900001FF400005F4000BE0004F3007E109D0D7
:1025A0002F4000D9D900003FD000004FE10001E7E3
:1025B000BB000BB01E707E1005F30D90000AA06FDB
:1025C0000001F300F6007D0009C00D60002F34F01B
:1025D0000000C9A9000005FF2000000EC000000097
:1025E000E5000094AD00001BFC2000005FFFFFA190
:1025F0003337F40001E70000CB00008E10004F409D
:10260000001EA33326FFFFFC006EA00F9201F40012
:102610001F4001F4003F303FC0006F3001F4001F45
:102620004001F4001F4000FA2005EA8B8B8B8B8B56
:102630008B8B8B8B8B8B8B8B8BBE5002AE0005F004
:10264000005F0005F0004F1000DF104F5005F00054
:102650005F0005F0005F002AE00BE40007EC40B4E7
:102660001E25DFC00100000004CC302B01C0570044
:10267000932B01C005CC3006A10FF60BE200000041
:10268000000000000000000000027BFB00000004CE
:102690009DFFFFD00003AFFFFFFFFD0000AFFFFF76
:1026A000FFDFD0000AFFFFB610ED0000AF9400007E
:1026B0000ED0000AF1000000ED0000AF1000000E87
:1026C000D0000AF1000045FD0000AF1001EFFFD07F
:1026D000179DF1005FFFFC0EFFFF1000AFFD31FF03
:1026E000FFE00000010003BDA3000000000050183F
:1026F0008888888405FABFDDDDDDFDAFE47F10004A
:1027000000CA4EE04F100000C80EFEEF100000CFD0
:10271000EFE03FEEEEEEF80EF68F766666EB6FF8C2
:10272000AF100000CC8FE03F100000C80EFCDF654A
:102730005555EECFC25FFFFFFFF92C577505777730
:102740007775FFFF1FFFFFFFFFFFFF2FFFFFFFFF5B
:10275000EFFF0EFFFFFFFE01100011111110EFFE41
:102760000EFFFFFFFEFFFF2FFFFFFFFFFFFF1FFF1B
:10277000FFFFFF68870788888886688707888888BA
:1027800086FFFF1FFFFFFFFFFFFF2FFFFFFFFFDFA2
:10279000FD0DFFFFFFFD00000000000150000000E4
:1027A00000001DF80000000001DFFD000000001D1A
:1027B000FFE22D600001DFFE20DFF7001DFFE200D9
:1027C0008FFF71DFFE200008FFFEFFE20000008F98
:1027D000FFFE2000000008FFE200000000007D2056
:1027E00000000000000000007F60000BE2EFF60038
:1027F000BFF84FFF6BFFD104FFFFFD10005FFFE14B
:102800000000BFFFF6000BFFDFFF60BFFD14FFF508
:10281000CFD1004FF6171000036000000011000038
:1028200000000000FF000000006F21FF12F700060B
:10283000FF61FF16FF601FF901FF109FF16FE001BC
:10284000FF100EF6AF8001FF1008FACF6001FF10F5
:1028500006FCAF8000AA0008FB7FD00000000DF747
:102860001FF80000008FF107FF91002AFF70009F02
:10287000FFEEFFF9000005CFFFFD5000000002440D
:102880002000000000000000000000000AFFA0007F
:102890000000000CFFC0000003D6DFFFFD6D300E0E
:1028A000FFFFFFFFFFE05FFFFFAAFFFFF51AFFF446
:1028B000004FFFA103FFD0000DFF3004FFF0000F19
:1028C000FF404FFFFB22BFFFF42FFFFFFFFFFFF290
:1028D00009FEFFFFFFEF9000505EFFE505000000DE
:1028E0000CFFC0000000000477400000000000035F
:1028F000100341000000009FF50DF50000001BFDD6
:10290000FF8DF5000002DFB12DFFF500004FF83E0E
:10291000C2BFF50007FF55FFFE39FE409FE38FFF62
:10292000FFF56FF6AC2AFFFFFFFF73E6005FFFFFC6
:10293000FFFFF100006FFFD77FFFF200006FFF90F5
:102940000DFFF200006FFF900DFFF200004FFF70CF
:102950000BFFE1000000003300000000000BFFB09F
:10296000000000000CFFC0000000000CFFC00000D1
:1029700000000CFFC0000000000CFFC00000008F32
:10298000FFFFFFF800002EFFFFFFE2000002EFFF55
:10299000FE200000002DFFE20000799982DE2899D8
:1029A00097FFFFFB22BFFFFFFFFFFFFFFFFFFFFFC0
:1029B000FFFFFFFAB3CFACCCCCCCCCCCCA0006BB6B
:1029C000BBBBBA3000004FFFFFFFFFE10000EF305C
:1029D000000006FB0009F800000000CF504FD000B7
:1029E0000000002FE1DF84420000344BF9FFFFFDBF
:1029F0000001FFFFFBFFFFFF988BFFFFFCFFFFFFC6
:102A0000FFFFFFFFFCFFFFFFFFFFFFFFFB9FFFFF3D
:102A1000FFFFFFFFF60000000000003300018DFF04
:102A2000C600EF004EFFFFFFE4DF04FFB3004CFFE2
:102A3000FF0EF90000008FFF6FC00001FFFFFF8E47
:102A4000500001DEEEED0000000000000022222216
:102A500000000021FFFFFF100008F8FFFBBC100082
:102A60001EF4FFFC100001DFC0FEEFE8448EFE10F4
:102A7000FE1AFFFFFFC100FD0028BB94000000000C
:102A800002700002EF0002EFFDFFFFFFFFFFFFFFFC
:102A9000FFFFFFFFFFFFFFFFFFFF3447FFF00005D1
:102AA000FF000005C00000000000027000000002EE
:102AB000EF00000002EFF0000DFFFFFF0220FFFF1C
:102AC000FFF08E1FFFFFFF00E7FFFFFFF03F5FFFFC
:102AD000FFFF08903447FFF000000005FF000000F2
:102AE0000005C0000000000000000000000000071A
:102AF0007000000002700005FA0000002EF0008156
:102B00004F600002EFF001DD07F0DFFFFFF0321E43
:102B100080F6FFFFFFF08E27E0B9FFFFFFF00E7396
:102B2000F19BFFFFFFF03F54F09AFFFFFFF0890A8F
:102B3000C0D83447FFF0007F43F300005FF002F697
:102B40000CB0000005C00000BF100000000000092C
:102B5000E3000000000000021000378888888888A1
:102B600073EFFFFFFFFFFFFEFE32DFFFFFFFFFF906
:102B7000007FFFFDFFFFFD10CFFFA07FFFFFFFFFE6
:102B8000FA0007FFFFF35FA00000CFFF3003000053
:102B900000CFFC0000000000CFFFCCCCCCCCCCFFA1
:102BA000AFFFFFFFFFFFF900002000000001FA0067
:102BB000000006FF1000000DFF7000006FFFF10025
:102BC00001EFFFFA000BFFFFFF605FFFFFFFE0CFA9
:102BD000FFFFFFF6FEBFFFFFF9FD4FFFFFF9BF4903
:102BE000FFFFF53FE52EFFD006FFFFFD200028BACE
:102BF000600004300000311FE00006F91FE0007F94
:102C0000FA1FE009FFFA1FE0AFFFFA1FEBFFFFFA20
:102C10001FFFFFFFFA1FFFFFFFFA1FE6FFFFFA1F6C
:102C2000E05FFFFA1FE004FFFA1FE0003EFA0FD05A
:102C30000002D700000000000200000000000CFBB2
:102C40002000000000FFFF900000000FFFFFE600E3
:102C50000000FFFFFFFC30000FFFFFFFFF9100FFB0
:102C6000FFFFFFFFE60FFFFFFFFFFFF2FFFFFFFF8A
:102C7000FFFD0FFFFFFFFFF800FFFFFFFFB2000F98
:102C8000FFFFFD400000FFFFF70000000FFFA10065
:102C90000000006A4000000000001444200144428B
:102CA0000DFFFF10DFFFF1FFFFF30FFFFF3FFFFFFF
:102CB00040FFFFF4FFFFF40FFFFF4FFFFF40FFFF58
:102CC000F4FFFFF40FFFFF4FFFFF40FFFFF4FFFF94
:102CD000F40FFFFF4FFFFF40FFFFF4FFFFF40FFF74
:102CE000FF4FFFFF30FFFFF39FFFC009FFFC001401
:102CF00044444444420DFFFFFFFFFFF1FFFFFFFF8D
:102D0000FFFF3FFFFFFFFFFFF4FFFFFFFFFFFF4F4E
:102D1000FFFFFFFFFFF4FFFFFFFFFFFF4FFFFFFF7E
:102D2000FFFFF4FFFFFFFFFFFF4FFFFFFFFFFFF479
:102D3000FFFFFFFFFFFF4FFFFFFFFFFFF39FFFFFBF
:102D4000FFFFFC0002100000420FE20003FB0FFE39
:102D50003004FB0FFFF404FB0FFFFF54FB0FFFFFDA
:102D6000FAFB0FFFFFFFFB0FFFFFFFFB0FFFFFD67D
:102D7000FB0FFFFD14FB0FFFC104FB0FFB0004FB67
:102D80000CA00003FA000000000000000012000088
:102D900000000003FF60000000002EFFF5000000AF
:102DA00001EFFFFF4000001DFFFFFFF30000CFFF1A
:102DB000FFFFFE200AFFFFFFFFFFE00EFFFFFFFF08
:102DC000FFF20399999999995005888888888870A5
:102DD0000FFFFFFFFFFFF30FFFFFFFFFFFF40BFFEE
:102DE000FFFFFFFFD1000000000000003F90000047
:102DF0003FFC00003FFD10003FFD10003FFD1000B4
:102E00001FFD100000CFF4000000CFF4000000CF41
:102E1000F4000000CFF4000000CFE0000000A400A8
:102E20000000000000CD1000001FFD1000003FFD5D
:102E30001000003FFD1000003FFD1000003FFD00AE
:102E40000008FF900008FF900008FF900008FF9026
:102E50000002FF9000000780000000000004500006
:102E600000000002FF60000000003FF700000000CB
:102E700003FF70000000003FF7000006999AFFC9A9
:102E80009980FFFFFFFFFFFF3DFFFFFFFFFFF20104
:102E9000113FF71110000003FF70000000003FF722
:102EA0000000000003FF70000000000CD3000000D1
:102EB0006999999999980FFFFFFFFFFFF3DFFFFFD3
:102EC000FFFFFF200000000000000000015664002A
:102ED00000000003BFFEEFF91000007FFA1003DFCF
:102EE000E40008FFA009B41EFF504FFF200BFF268F
:102EF000FFE1EFFF09CFFF63FFFABFFF09FFFF54B8
:102F0000FFF61EFF51DFFB09FFB003EFE204305F65
:102F1000FC10002CFF956AFF9000000049DFFD9235
:102F20000000000000000000000000CD20000000B4
:102F3000000000008FF50014664000000004EFACB4
:102F4000FFEFFF910000001CFFA1004DFE300000CC
:102F5000009FF5AB31EFF40007B105FFFFE17FFE05
:102F6000100FFE302DFFF54FFF900CFFE000AFF685
:102F70005FFF6002FFF40006FFEFFB00004FFD1053
:102F8000003EFFC0000002DFE85401BFE300000084
:102F900005AEFF6007FF60000000000000004EF675
:102FA0000000000000000001A1000000000000007F
:102FB00000000000003ED00000000000000CFF8078
:102FC000000000000006FFFF200000000000EFFFEF
:102FD000FB00000000008FFCCFF4000000002FFB7E
:102FE00000FFD00000000BFFC00FFF70000004FFC7
:102FF000FD01FFFF100000DFFFE02FFFFA00007F60
:10300000FFFF9BFFFFF3001FFFFFB00EFFFFC00A93
:10301000FFFFFE24FFFFFF60FFFFFFFFFFFFFFFA40
:1030200006CCCCCCCCCCCCCB3000000000003600A1
:1030300000000000007F80DDDB00008DEFF8FFFF67
:10304000B007FFFFFD556FF46FF8AFE2000574FFA6
:10305000907E2000003FFA0000000002EFB2504ACC
:1030600000012EFD1DF48FB0FFFFD10BFFFFFBFF12
:10307000FE2000CFFFFB12210000029FC0000000D5
:1030800000005B00000007A00000000008FFB00087
:10309000000008FFFFB0000008FF95FFB00008FF28
:1030A0009005FFB007FF900005FFB09F900000055E
:1030B000FD004000000003104C20000000B60BFE95
:1030C000200000CFF02EFE2000CFF4002EFE20CFF7
:1030D000F400002EFECFF40000002EFFF4000000EC
:1030E000002EF40000000000130000000008300073
:1030F000000000000000BFF308BBBBBB90000BFF4B
:10310000FF39FFFFFFF1008FCFCFF000000AF10081
:10311000382F948000000AF100002F900000000A70
:10312000F100002F900000030AF130002F90000002
:103130001FCBF8F8002FEBBBBB39FFFFE2001FFFEE
:10314000FFFFB09FFD2000000000000008D1003705
:10315000888700000000EFFFFFA0000000FFFFFFD6
:10316000FDCCCCB6FFFFFFFFFFFFFFFFFFFFFFFF20
:10317000FFFFFFFFFFFFFFFFFFFFFFFFFFFFFFFF5F
:10318000FFFFFFFFFFFFFFFFFFFFFFFFFFFFFFFF4F
:10319000FFFFFFFFFFAFFFFFFFFFFFF90000000091
:1031A000000000000001DD10000000001DFFD10044
:1031B000000001DFFFFD1000001DFFFFFFD1000038
:1031C0009FFFFFFFF90000011CFFC1100000000C71
:1031D000FFC0000000000CFFC0000000000CFFC09A
:1031E000000079993BFFB39997FFFFB2442BFFFF93
:1031F000FFFFFEDDEFFFFFFFFFFFFFFAB3CFACCC19
:10320000CCCCCCCCCA0000000000020000000000C2
:103210000004FFC70000000000AFFFF00000000046
:103220001FFFFD0000000006FFFFC00000000008B7
:10323000FFF700000000000CFF300000000004FF5A
:10324000C00000000001EFF300004A3002DFF80088
:1032500005DFFE15EFFB0000EFFFFFFFFA00000B9C
:10326000FFFFFFF70000007FFFFFA200000002BA8F
:1032700085000000000004860000001006FFFA0030
:1032800002DFD1EF3CF101DFFA0EE0AF21DFFA00FF
:103290009FEFF6DFFA00008DFFFFFB00000006FF46
:1032A000FD00000048EFFFF600006FFFFBFFF60097
:1032B0000EF3CF23FFF600EE0AF204FFF609FEFC40
:1032C0000004FFF108DA10000262000000000000B4
:1032D0000000006FFFF987000008FFFF98F708A6BD
:1032E0008FFFF95990FFA8FFFFFCCC0FFA8FFFFF6B
:1032F000FFF1FFA8FFFFFFFF1FFA8FFFFFFFF1FFA6
:10330000A8FFFFFFFF1FFA8FFFFFFFF1FFA8FFFFDE
:10331000FFFF1FFA7FFFFFFFF0FFE3122222210FC2
:10332000FFFFFFF90000ACCCCCCB500000499999CD
:103330009995000EFFFFFFFFF600FD2222224FF6B7
:103340000FC0000001FFF3FC0000001FFF6FC00072
:103350000002FFF6FFFFFFFFFFFF6FFFFFDCFFFF35
:10336000F6FFFFB005FFFF6FFFF6000FFFF6FFFF50
:10337000C006FFFF6FFFFFEDFFFFF69FFFFFFFFFA0
:10338000FD10CDDDDDDDDDDD2FFFFFFFFFFFF312E3
:103390002222222222000000000000000000000083
:1033A00000000FFFFFFFFFFFF3DEEEEEEEEEEE207C
:1033B0000000000000000000000000000DEEEEEE36
:1033C000EEEEE2FFFFFFFFFFFF3000000000000015
:1033D00037888888888873EFFFFFFFFFFFFEEFFFC5
:1033E000FFFFFFFFFE1CFFFFFFFFFFC1D28FFFFFAC
:1033F000FFF82DFF64EFFFFE45FFFFFA2BFFB2AF92
:10340000FFFFFFD3553DFFFFFFFFFFBBFFFFFFFFA8
:10341000FFFFFFFFFFFFAFFFFFFFFFFFF90000000F
:10342000000001FFFFF00004FFFFD00006FFFF8057
:103430000008FFFF30000AFFFFAAA60CFFFFFFF8FD
:103440000EFFFFFFE10BDDDFFF6000004FFD00001E
:10345000007FF3000000BFA0000000FF1000000389
:10346000F800000003C00000000020000000045528
:10347000EFB5520000FFFD1FFFB0000FFFFFFFFC84
:103480000000FFFF533320000FFF97FFFB5700FFA3
:10349000F8AFFFC6F80FFF8AFFFC4AA1FFF8AFFFA5
:1034A000E3220FFF8AFFFFFFF4FFF8AFFFFFFF4F9C
:1034B000FF8AFFFFFFF43552AFFFFFFF40000AFF16
:1034C000FFFFF400007FFFFFFE200000011000005E
:1034D000000000AF00000000018FFA30000002EF92
:1034E000FFFF500000BFFFFFFF10001FFFFFFFF5B1
:1034F0000003FFFFFFFF70005FFFFFFFF90008FF01
:10350000FFFFFFC000DFFFFFFFFF209FFFFFFFFF68
:10351000FD0EFFFFFFFFFFF2022222222221000008
:1035200008FFC00000000009A20000005BBBBBBB9D
:10353000BBBBBBA3FFFFFFFFFFFFFFFBFC0C30E1AA
:103540001D0D11FCFC0B30E01D0D10FCFFFEFFEF0C
:10355000FEFEEFFCFFF15A0870A05FFCFFF37B2931
:1035600092C27FFCFFBFCBBBBBBFCBFCFC0B2000E0
:10357000000D00FCFFCFCCCCCCCFCCFB9FFFFFFFDE
:10358000FFFFFFF600000000000002000000000046
:103590000005DFB00000000007EFFFD000000018BA
:1035A000FFFFFF70000029FFFFFFFF00003BFFFF50
:1035B000FFFFF8000AFFFFFFFFFFF1000FFFFFFF13
:1035C000FFFFA000049AAAAFFFFF20000000000E3A
:1035D000FFFB00000000000EFFF400000000000EE2
:1035E000FFC000000000000EFF5000000000000DB2
:1035F000FD00000000000004B30000003555550236
:10360000000FFFFFF2F400FFFFFF2FF40FFFFFF2A8
:10361000FFF3FFFFFF32221FFFFFFFFFF7FFFFFF58
:10362000FFFF8FFFFFFFFFF8FFFFFFFFFF8FFFFF91
:10363000FFFFF8FFFFFFFFFF8FFFFFFFFFF8FFFF18
:10364000FFFFFF8FFFFFFFFFF88AAAAAAAAA300098
:1036500000002455310000000003AFFFFFFFC7004A
:103660000002BFFFFEDEFFFFF6005FFFB5100003A4
:103670008EFFB0DFD300000000008FF5180005AE0C
:10368000FEC81004600002DFFFFFFFF80000000C1E
:10369000FF95347DFF40000002A20000007700008B
:1036A0000000000296000000000000000DFF500026
:1036B00000000000000EFF6000000000000005DABE
:1036C000000000005BBBBBBBBBBBBBBA20FFFFFF66
:1036D000FFFFFFFFFF90FC1222222222220FF7FCA5
:1036E0005FFFFFFFFFFF2CFAFC5FFFFFFFFFFF21E3
:1036F000FAFC5FFFFFFFFFFF27FAFC26666666669F
:10370000661FFAFEBBBBBBBBBBBBBFB1AFFFFFFFBE
:10371000FFFFFFFF500000000000000000005BBB47
:10372000BBBBBBBBBBBA20FFFFFFFFFFFFFFFF9090
:10373000FC1222222221000FF7FC5FFFFFFFF8009E
:103740000CFAFC5FFFFFFFF80001FAFC5FFFFFFFD0
:10375000F80007FAFC2666666663000FFAFEBBBB3C
:10376000BBBBBBBBBFB1AFFFFFFFFFFFFFFF500005
:1037700000000000000000005BBBBBBBBBBBBBBAD2
:1037800020FFFFFFFFFFFFFFFF90FC12222210002F
:10379000000FF7FC5FFFFFD000000CFAFC5FFFFF9B
:1037A000D0000001FAFC5FFFFFD0000007FAFC2602
:1037B00066665000000FFAFEBBBBBBBBBBBBBFB114
:1037C000AFFFFFFFFFFFFFFF500000000000000001
:1037D00000005BBBBBBBBBBBBBBA20FFFFFFFFFF57
:1037E000FFFFFF90FC1222000000000FF7FC5FFFBC
:1037F000300000000CFAFC5FFF3000000001FAFC12
:103800005FFF3000000007FAFC2666100000000F82
:10381000FAFEBBBBBBBBBBBBBFB1AFFFFFFFFFFF34
:10382000FFFF500000000000000000005BBBBBBBBE
:10383000BBBBBBBA20FFFFFFFFFFFFFFFF90FC00F9
:1038400000000000000FF7FC0000000000000CFA70
:10385000FC00000000000001FAFC00000000000075
:1038600007FAFC0000000000000FFAFEBBBBBBBB68
:10387000BBBBBFB1AFFFFFFFFFFFFFFF500000006A
:103880000000000000000000000007B2000000007F
:1038900000000ADFFA000000000000A93DF500006A
:1038A00000044002E00010000000AFF80B600000D0
:1038B000006C30FFFFFFFFFFFFFFFFF4AFF9000CCC
:1038C0005000006D4005500004C0000010000000D2
:1038D0000000C43EE80000000000002EEFFA0000E7
:1038E00000000000004FFA0000000000000000008F
:1038F00000000000011000000007EFFFB30000AF60
:10390000FD8FFF2004FFFD09FFB00AFEFD12AFF09E
:103910000EF55D2C0EF30FFF33129FF50FFFF3072B
:10392000FFF60FFFE206FFF60FFE24137FF50DF5FD
:103930007D2C0DF30AFFFD11BFF003FFFE0BFFA06E
:10394000007FFEBFFE100003ACDC810000003443AA
:10395000000005667FFFF96650FFFFFFFFFFFF35A0
:103960006666666666501CCCCCCCCCC402FFFFFFFA
:10397000FFFF602FF3FB7F6DF602FF2FB7F5DF60CF
:103980002FF2FB7F5DF602FF2FB7F5DF602FF2FB12
:103990007F5DF602FF2FB7F5DF602FF3FB7F6DF63B
:1039A00001FFFFFFFFFF5007BCCCCCCC9000000014
:1039B0000000000120000000000004FF5000000093
:1039C0000002FFFF500000000439FFFE0000000469
:1039D000FF39FFA0000004FFFF39B0000004FFFF23
:1039E000FF20000004FFFFFFB0000004FFFFFFB056
:1039F000000004FFFFFFB0000004FFFFFFB0000065
:103A000000BFFFFFB00000000DFFFFB0000000008E
:103A1000FFFFB00000000009A860000000000000E7
:103A200000178888888887400002EFFFFFFFFFFFAC
:103A3000F4003EFFFFCFFFCFFFF703EFFFF908F8D9
:103A400009FFF83EFFFFFE20402EFFF8DFFFFFFFDB
:103A5000E101EFFFF89FFFFFFF80008FFFF809FFF4
:103A6000FFF902C209FFF8009FFFFE4EFE4EFFF86D
:103A70000009FFFFFFFFFFFFF700008FFFFFFFFFC1
:103A8000FFC100000000000003EFFFFFE203FBFBAB
:103A9000CEBFA4FF1D03A1FAFFF1D03A1FAFFFFF75
:103AA000FFFFFAFFFFFFFFFFAFFFFFFFFFFAFFFF80
:103AB000FFFFFFAFFFFFFFFFFAFFFFFFFFFFAFFFBB
:103AC000FFFFFFFAFFFFFFFFFFADFFFFFFFFF8293A
:103AD000AAAAAAA80000000000000003000000003D
:103AE000000004F1000820000001FF100BF70000A7
:103AF000002FF10CFF94444445FF1BFFFFFFFFFF25
:103B0000FFF18FFFFFFFFFFFFD007FF700000000C8
:103B100000006F60000000000000300000000000A6
:103B200000000000000000000000C00300000000D2
:103B30000000C003030A00000F0080050505000512
:103B40001C00D0090A0A00004E00B008090F00FE50
:103B50009200D00B0C0A0000CE00A0090A0B00FF57
:103B60000501F002030500050D01B004040E01FD7E
:103B70002901C004040E00FD4501A005060600054C
:103B8000570120080807000273013003030500FEF7
:103B90007B0160050503000383013003030300007C
:103BA0008801F004070EFFFFB9015009090A00005F
:103BB000E6013005040A0000FA011008080A0000B6
:103BC00022020008080A00004A0260090A0A0000EE
:103BD0007C021008080A0000A402A008090A0000DC
:103BE000D1026008080A0000F9020009090A000071
:103BF0002603A008080A00004E0330030308000053
:103C00005A033003030B00FD6B0320080808000172
:103C10008B03200808060002A303200808080001FF
:103C2000C3030008080A0000EB03800E0E0D00FD20
:103C30004604400A0C0AFF008204A00A090A010097
:103C4000AF04200A0A0A0000E104900B0A0A0100EE
:103C500013056009080A01003B05E008080A010095
:103C60006305D00A0A0A00009505600B090A0100E5
:103C7000C2055004020A0100CC053007070AFF0004
:103C8000EF05100A0A0A010021065008080A01007F
:103C90004906600D0B0A01008006600B090A01004D
:103CA000AD06C00B0C0A0000E906200A090A010053
:103CB0001607C00B0C0D00FD6407300A090A01004D
:103CC0009107B008090A0000BE073008090A000081
:103CD000EB07100B090A01001808F0090B0AFF0096
:103CE0004F08C00F100A00009F0870090A0A000060
:103CF000D10810090B0AFF0008093009090A000061
:103D00003509B004040E01FD5109F004070EFFFF50
:103D10008209B004040E00FD9E0930080706010266
:103D2000B3090007070100FFB70960080502010990
:103D3000BC09600808080000DC099009080B0100B4
:103D4000080A000808080000280A9009090B00006A
:103D50005A0A9008080800007A0AF004060B0000CE
:103D60009B0AB009090B00FDCD0A9009080B010060
:103D7000F90AE003020B0100040B0004050EFEFD2E
:103D8000270BA008080B0100530BE003020B0100F6
:103D90005E0BD00E0D080100920B9009080801007F
:103DA000B20BE00809080000D60B9009080B01FDD2
:103DB000020C9009090B00FD340CC0050508010038
:103DC000480C000707080000640CD005060A000034
:103DD000820C800908080100A20CD0070908FF0026
:103DE000C60C900C0D080000FA0CC0070808000073
:103DF0001A0DD007090BFFFD4C0D500707080000F6
:103E0000680DF004050E00FD8B0D3004020E01FD5F
:103E1000990DF004050E00FDBC0D200808030003F9
:103E2000C80DE00506050006D70D60040403000375
:103E3000DD0D000E0F0FFFFE4E0E000E0E0B0000EC
:103E40009B0E000E0E0D00FFF60E000E0E0B000076
:103E5000430FA0090A0B00007A0F000E0E0F00FEA0
:103E6000E30F000E0E0F00FE4C10C00F100D00FFF0
:103E7000B410000E0E0F00FE1D11C00F100B00003D
:103E80007511000E0E0F00FEDE110007070C00FF7B
:103E90000812800A0B0C00FF4A12C00F100E00FE21
:103EA000BA12000E0E0B00000713A0090A0F00FE45
:103EB0005213400C0A0E01FE9813400C0D0F00FE29
:103EC000FA13400C0D0D00FF4F14400C0D0D00FFB8
:103ED000A414400C0A0E01FEEA14400C0E0DFFFF64
:103EE0004515C008090D00FF8015C008090D00FF29
:103EF000BB15400C0D0D00FF1016400C0D04000307
:103F00002A16C00F100B000082168011120F00FE3F
:103F10000917C00F110FFFFE8917000E0E0D00FFCD
:103F2000E417400C0D0800011818400C0D080001A2
:103F30004C188011120B0000AF18000E0E0B000081
:103F4000FC18000E0E0F00FE6519000E0F0FFFFE8D
:103F5000D619400C0D0D00FF2B1A400C0D0F00FE62
:103F60008D1A400C0D0D00FFE21A400C0D0C00FFE5
:103F7000301B000E0E0B00007D1BC0080A0FFFFE59
:103F8000C81B400C0D0F00FE2A1C400C0D0F00FE3C
:103F90008C1CC00F100B0000E41C000E100FFFFE65
:103FA0005C1D800A0B0F00FEAF1D8011120D00FF7B
:103FB000241E8011120A00007E1E8011120A0000C9
:103FC000D81E8011120A0000321F8011120A000050
:103FD0008C1F8011120A0000E61F8011120C00FFD6
:103FE0005220400C0C0F00FEAC20400C0D0F00FEC8
:103FF0000E21000E0F0FFFFE7F218011120B00001B
:10400000E221800A0B0F00FE3522100E0F0A00007D
:104010000000721F51EF58EF5BEF5CEF5DEF61EF57
:1040200063EF65EF69EF6CEF71EF76EF77EF78EFA5
:104030008EEF93EF98EF9BEF9CEF9DEFA1EFA2EF38
:10404000A3EFA4EFB7EFB8EFBEEFC0EFC1EFC4EF3F
:10405000C7EFC8EFC9EFCBEFE3EFE5EF14F015F0D2
:1040600017F019F030F037F03AF043F06CF074F0DC
:10407000ABF03BF190F191F192F193F194F1D7F122
:10408000E3F13DF254F2AAF412F7F2F72000000037
:104090005F000100000000000000000000000200BE
:1040A000B0000000F3F760001040040800000000BA
:1040B0003E00030000000102000304050206070899
:1040C000090A090A0B0C000D0E0F101112130C1423
:1040D000140000001516171819161A1B1C1D1D1E9A
:1040E0001F201D1D1621222303241E2525262728D7
:1040F000292A2B002C002D2E2F303132332D343431
:1041000035302D2D2E2E36373839333A3A3B3A3C5E
:10411000290000093D090000000000000000000027
:10412000000000000000000000000000000000008F
:10413000000000000000000000000000000000007F
:10414000000000000000000000000000000000006F
:104150000000000001020003040502060708090A26
:10416000090A0B0C0D0E0F10110C1213141515006B
:10417000000016171819171919191719191A1919EA
:10418000191917191719031B1C1D1D1E1F20212289
:10419000230024002526272727002726282926262E
:1041A0002A2A272A272A2B2C2D2E2E2F2E300000AC
:1041B0002309310900000000000000000000000099
:1041C00000000000000000000000000000000000EF
:1041D00000000000000000000000000000000000DF
:1041E00000000000000000000000000000000000CF
:1041F00000010000000000000001000002000000BB
:1042000000020000000000000000000000000000AC
:10421000000001000000000000000000000000009D
:1042200000010A0006FB00000000F4F3020B050485
:10423000F7020B0109020700000000000000000067
:1042400000000D02FE000000000000000000000061
:10425000000400F90000000000FC04040000FE005F
:10426000FE0200FE00FEFFFC00000000FE0000FD5C
:10427000FD0000FE00FC000000000000000000FE49
:10428000FE00FD00FA00E50000FC0004070000FC51
:1042900002020704FC040000F3000000000000001C
:1042A00000000000F8000000000000000000000016
:1042B000000000FAFDF500F7FE0000000000090014
:1042C000F9FEFF0100FC0000FEEF0000000000000E
:1042D0000000000000EEFE090000000000000000E9
:1042E00000000000F70000000000000000000007D0
:1042F00000020000FC0000000000000000000000C0
:1043000000000000000009020100000000000000A1
:10431000000000000000000000000000000000009D
:10432000000000000000000000000000000000008D
:10433000F800000000000000000000000000000085
:104340000000000000000002040207FE000004FE5E
:10435000F9E102060400FD00080007000700EB0079
:10436000FD070007FE0402000001FE0000FC120031
:104370001200070009030407000000F80000000015
:1043800001FE0002FCFDFC0200FE000000F7000040
:10439000000000000000000000F10000000000002C
:1043A00000000000000000000001F400F200000026
:1043B00000FE0016FDFD0202FE00FD020000F400FA
:1043C00000000000000000000000EA000200000001
:1043D000000000000000000000F2000D0000F800E6
:1043E0000700F1EAF1FC070000F10003FB00FD000B
:1043F00000000000000000000000000607E50000CB
:10440000000000000000000000000B00020000009F
:1044100000000202FDFC00FFFFFE0000FE000000A5
:10442000FC00FE00FBFC00FAF9F9FC00FC00FC00BB
:10443000000000FE0000020002FE00010000000279
:10444000FE000000FE0202FF000000FC00FF000072
:10445000000000010003FE00FD00FC0000FE00075C
:104460000000FE0000000000FF01FEFE0000FE0054
:10447000FE000000000000000000FFFF00FEFD0045
:1044800000000000010000FE00FEFEFE0000000033
:104490000000000000FF00000000FEFD00FD00F92C
:1044A000FEF9040000FC02040600FAFFFD00FFF51F
:1044B00002FE02F402000001F400F4FEEDFE00F53D
:1044C0000004060003000000000000FCFD00F900ED
:1044D0000000FE000000FE0000000000FFFF00FFE3
:1044E000FD00000000000000FEFE00FEFDFE0000DA
:1044F000FE0000000000000000000000FEFE00FDC5
:1045000000FE00FC020000FD0102020000000000AD
:1045100000FE0000000000020000FE00FEFEFD00A4
:104520000000000000000200FE00000000FEFD0090
:10453000FC0007FE01F9000006F5F4F7FC0200FE9E
:10454000F1FC00FC00FC03FCF200FA000001FF0299
:10455000FE000200F9F700F5FBFBFBF9FDFA00FC99
:10456000FA01000100FE000000020002000000004D
:1045700000000000000000FE00FF00FFFE00FCFB4A
:10458000FBFF00F9000000000000FE000000000139
:10459000FF0000000200000000000000000B00000F
:1045A0000000000002000000FE000000000000000B
:1045B00000000000FC0002000000000000000000FD
:1045C00000000000FE000000FC00000000F5F90003
:1045D0000000FDF50000FE0200FA000000000000EF
:1045E00000000000FC0000FC0000000000000000D3
:1045F000000000000200FC00000000030002FCFCC0
:1046000000FEFEFD000000000000F900FE00FDFEBF
:1046100000FBFAF9FE00FC00F900000000120000A7
:10462000010000FD000200F60000000000EBFC07A6
:1046300007FEF70002FD00F5FFFD02F0FE03000398
:10464000F8FDF8F9F70000F3000D0000FF0000008E
:10465000FFFFFEFAF900EB00000000000000000080
:104660000100000000000000000000000000000049
:1046700000FE00FFFEFD0000FC00FE000000000048
:1046800000000000000000000000FF00FC0000042B
:10469000FF0300FB02FEFFFAFE00FDFEFE00FDFC34
:1046A0000000FEFFFEFCFD0000FE0002FE00FB001D
:1046B0000000FC00FC00FCFC020000000000000008
:1046C00000FC0200FD00FEFDF9FEFEFEFFFEFDFF08
:1046D0000000000000FEFEFE0000000003FE00FEE1
:1046E000000000FEFDFEFEFDFE000209FF00FA00D4
:1046F000FE0400FEF7FD030000F5FC02FC0200FED4
:10470000FEF900FD010000FC0000000202FCFC00BC
:10471000FCFEFDFEFE00FC01FCFC070000000000AA
:104720000000000002000000000000000000000087
:10473000000000000000000000000000FC0000007D
:104740000000000000000000000000000000000069
:104750000000000000000000000000000000000059
:104760000000000000000000FE000000000000004B
:104770000000000000000000000000000000000039
:10478000000000000000FEFE00000000000000002D
:1047900000000000FD0000FD0000FEFE0000000023
:1047A000FE00000000FF0000000000FE000000000E
:1047B000FD00FC000000F90002FB0400FEF5000013
:1047C000FBFE00F7FAFA0000F6FEF7F7F500FA0034
:1047D000020FFD00FBFEFFFEFCFAFCF8F7FBFE00FB
:1047E00000FE00010000F0FE0705FBF80001F900E3
:1047F000F5FEFE04EBFD010000F1FDF4FEF000000B
:10480000F0000D0100FE00000000FFFEF7FE00F1C9
:1048100000000000F900FE00FFFAF50000FFFDF9BE
:10482000FE00FE00000000F6FEF9F9FEFCFAFEFCB8
:1048300000FCFEF9FD00FDFCFEFC000100FEF9009D
:104840000400FC00000000030002FC0900FEFEFD65
:10485000000000000000F900FE00FDFE00FBFAF978
:10486000FE00FC020900000000120000010000FD33
:104870000002000000000000000000000000000036
:10488000FEFC0000000000FF000000FEFE0000FC37
:10489000FE0000FC0004FF0000000000000100001A
:1048A0000000030402FE00F9FC0007F9F9FCFC0912
:1048B0000402EDFE04FE00FE02FEF800FE02FDFE14
:1048C000F9FE0000070400FA00F4FD06FDF701FD03
:1048D000F9F9FE090200FD00FA000207FBF8F7FAF9
:1048E000070001F0FE02FCFEFB00FBF8FDFDFE00F0
:1048F00000FBFBFE000705FEF400F4FD00F8F3FFEB
:10490000F9FCF9FA060000FD00FCFE00FEFC0004C4
:10491000F9020000F400FEFBFCFEF9FAF9FB00F9D5
:10492000FEFBFCF9FE0000010BFC00F9FE00FEFCA2
:10493000FBFAFAF7FDFC0400FD00F5FD0104F9F8AF
:10494000FCF907FE01EBFC04FBFCF800F9F7FDFEA7
:10495000FEFEFBF9FF00000706FEF100F3FB05F782
:10496000F1FCF8F7F5F90400000000FD000002FD7D
:104970000402FC040000F9FF00FF000101FE00003A
:1049800000000000FE0000000002070000FD000023
:104990000000FEFEFD000000010200000000020019
:1049A000FE000900040101FD0004000000020000F7
:1049B00000000000000000000007000600000000EA
:1049C00000000000000000000000F300FE040007EB
:1049D00000001603FCFC0202FE01F500000BF300D0
:1049E00000000000000000000000F1091F000000AE
:1049F000000000000000000000F3000000000000C4
:104A000000000000000000000000000000000000A6
:104A100000000000FC0000FCFE00000000000000A0
:104A2000000000000000000000000000FE00FA008E
:104A300000010000021DFCFE0706FA02000002024F
:104A4000FD0000000000000000000000E306000080
:104A5000000000000000000000000000000000FA5C
:104A6000000000FA00000000FBFF000000FB00FD5A
:104A700000F50000000000000000000000F1000050
:104A8000000001000000000000FE0000FC00FD002E
:104A9000FA000000FC02FD0000FAFEFB0000FA0034
:104AA000FE00F500FE0000EEFCF7FEF80000F1004D
:104AB000FAFF0000000000000000FDFCFEFC00000A
:104AC0000000FB00FB03FE0400FEFBFEFCFC00FDFF
:104AD000FFFE02FAFF000000ECFEFD00FB00FEF509
:104AE000FE0000FEFE000000000200FEFCFE0400CE
:104AF00000000000000000000000000000000000B6
:104B000000000000000000000000000000000000A5
:104B10000000000000000000000003000000000092
:104B200000FB00FE000000FC02000000FAFEFC009A
:104B300000FA00FE00F500000000EA00FCF8F500B5
:104B400000F100FEFD0000000000000000FEFDFF7F
:104B5000FD01000004FD00070BFEFEF9030B040538
:104B6000FA0309030605060000000000000000002B
:104B700000000E0BFCFE00FE120A120000000200F4
:104B800000080000FC000000000000000000FE0023
:104B9000000000000000000300000000EDFDFEF733
:104BA000F50000F10000000000000000000000001F
:104BB0000000000000FC000000000000000000FEFB
:104BC00000000000000000000300000000EDFDFEFA
:104BD000F7F50000F70000000000000000000000F2
:104BE0000000000000000000FE000000FB0200FECC
:104BF000020402F90000FE02000200000000FA00B8
:104C0000FEFEFC00FEF7000EFE00FBFE00FEFC00B8
:104C1000FEFAFCFD000000FC0000000000000000A7
:104C200000FE00000000000000000300000000ED96
:104C3000FDFEF7F50000F10000000000000B000091
:104C40000000000000000000FC00F9FDFE07FEFE71
:104C5000F701FF01FEFA000500020102FBF7FD006B
:104C6000F7FCFAF7F700FCFCFDFDFEFEFDFE00FE82
:104C7000FF030003FE00070000000000000000002A
:104C8000000000FEFEFE0000FA00FF00FC00000035
:104C90000000000000000000F30000000000000021
:104CA00000000000FEFE00FD00000000FE0000FC11
:104CB000FE0200FCFCFE00FAFEFBFEFD00FC000014
:104CC000000000000000000000F100070000FC00F0
:104CD000000000FD00FE0000FF0000FE00FB0000E1
:104CE00009FDF9F902020200FA020302070207FEB7
:104CF000FA0000F70000F9FA0000FC00FDFC00FDDE
:104D000000FD00FE0300FEF9FE080000FE00FC00AE
:104D10000003FB0002FE020000F900FEFF00FE029D
:104D2000FE000000F7FDFB00F90000F50008FE00A2
:104D3000FC000100FE00FEF900FE0200000000FE83
:104D4000000002FD010000FDFE00FD00000000006B
:104D5000000000000000000000000000F20005005C
:104D600000FE000000000000FEFE00000004000540
:104D70000000000000F2F3010A0704F7020900082E
:104D8000000400000000000000000000000C000013
:104D90000000000000000000000000000000000013
:104DA000F0410408B4400408524104083D310000B9
:104DB000A0180408203B04088C400408A04D0408F7
:104DC0001000022879FC0108FDF80108000000002D
:104DD000100000000300000000FF0100B04D0408B7
:104DE00000000000000000004FF23FF23FF12FF101
:104DF0001FF01FF00FF00FE00FD00FD00A9000004F
:104E000000001BB06FF52DD19F309F39F309F28F51
:104E1000209F28F208F28F108F17F108F100000090
:104E20000000000F90004F40000001F70006F20064
:104E300000003F50008F00000005F3000AE0000B67
:104E4000FFFFFFFFFFFFE07AADFAAAAFDAA800008C
:104E5000BD0000F80000000DB0002F60000000F958
:104E60000003F50000001F70005F30004AABFCAA91
:104E7000ACFAAA16FFFFFFFFFFFFF20006F2000BDD
:104E8000D00000008F0000DB0000000AE0000F905F
:104E9000000000CC0001F7000000000065000000E9
:104EA00000000CA00000000000CA000000003AEF63
:104EB000FEC710007FFFFFFFFE003FF81CA04AA0C6
:104EC00009FA00CA000000BF700CA0000009FD0034
:104ED000CA0000002FFE7DA00000004EFFFE9400DF
:104EE000000006BFFFFD30000000CC9FFF20000047
:104EF0000CA01DF9000000CA007FB042000CA00900
:104F0000FA0DF820CA17FF408FFFFFFFFF8000282F
:104F1000CFFFEA400000000CA00000000000CA0023
:104F20000000000006500000006DFD4000000AF186
:104F30000006F85AF300004F60000E9000CB00000E
:104F4000EB00001F50008E0009F100002F40007E92
:104F5000004F6000000F8000BC00EC00000008F56E
:104F600016F509F200000000AFFF803F709FFB20A4
:104F700000013100DC09F65DD000000008F21F607E
:104F800002F60000003F704F1000D9000000DC0066
:104F90006F0000BB000008F2004F1000C900003F86
:104FA00080001F5001F50000DD000008E53CD00046
:104FB00008F30000008EFB1000004CEEC40000005F
:104FC000007FFAAFF50000000FF2002FC0000001D3
:104FD000FE0000FD0000000FF2006F900000008F47
:104FE000C18FE100000000CFFFC1000000002CFFD6
:104FF000D0000000004FF8DFA00063003FF401DFA5
:10500000A00EE00BF60001DFA4F900FF100001DFA5
:10501000FF300EF4000001EFD0009FE30002AFFF6D
:10502000A001CFFECEFFC3DF80006BEFEB5001C2CB
:1050300000000000000000009F39F38F28F28F1756
:10504000F10000008F701FF008F800DF302FE0063D
:10505000FA008F800BF500CF400DF300EF200DF329
:1050600000CF400BF5008F7005FA002FE000DF3015
:1050700007F8001FF0008F701FE00009F70002FE24
:105080000000CF40007F90004FC0001FF0000EF2E4
:10509000000DF3000CF4000BF5000CF4000DF30010
:1050A0000EF2001FF0003FC0007F9000CF4002FED4
:1050B0000009F7001FE0000004F00000404F00501E
:1050C0005FB6F4DF204DFFFC30008FFF6004EFAFD0
:1050D000AFC22A13F03B00004F0000000160000047
:1050E00000006D4000000008F5000000008F500037
:1050F000000008F500006CCCEFDCCC48FFFFFFFFA0
:10510000F500008F5000000008F5000000008F50EF
:1051100000000008F50000030BFBDFE4FB3F67F134
:10512000BB00ADDDDD2CFFFFF20009F9FFE8F70061
:10513000000008F60000000DF10000003FB0000084
:10514000009F50000000EF00000004FA000000097A
:10515000F50000000EF00000004F90000000AF408E
:10516000000000FE00000005F90000000AF3000046
:10517000000FE00000005F80000000BF3000000171
:10518000FD00000006F80000000BF20000001FD038
:105190000000007F700000000003AEFD81000007EA
:1051A000FFFFFFE30006FF8103BFF100EF60000097
:1051B000BFA05FD0000003FF1AF80000000DF5CF7C
:1051C00050000000AF7EF400000009F9EF4000003D
:1051D000009F9CF50000000AF7AF80000000DF553B
:1051E000FD0000002FF11EF600000BFA006FF71013
:1051F0002BFF10008FFFFFFE3000003AEFD81000A9
:10520000DFFFFDCFFFFD0005FD0005FD0005FD00F2
:1052100005FD0005FD0005FD0005FD0005FD00057F
:10522000FD0005FD0005FD0005FD0005FD0005FD77
:105230000039DFFD81000AFFFFFFFE206FE7201528
:10524000EFC0062000004FF1000000000FF3000047
:1052500000001FF1000000008FC000000004FF40AC
:105260000000003FF700000003FF900000003FF83F
:1052700000000003FF800000003FF800000004FF72
:10528000800000001FFFFFFFFFFD3FFFFFFFFFFE4D
:105290003FFFFFFFFFF02FFFFFFFFFE000000003D5
:1052A000FF300000001EF600000000CFA00000004C
:1052B00009FD000000005FF600000000AFFFF900EC
:1052C0000000468BFFB0000000004FF4000000001B
:1052D0000CF8000000000AF8060000001EF68FC55A
:1052E0001014CFE06FFFFFFFFE30017BEFED810078
:1052F00000000000AFB000000000006FE1000000FF
:1053000000003FF300000000000DF7000000000067
:105310000AFB000000000007FE100000000003FF71
:10532000300363000001EF70008F800000BFB00009
:1053300008F800007FE100008F80001FFFFFFFFFE3
:10534000FFFF62FFFFFFFFFFFFF70000000009F80B
:105350000000000000009F80000000000009F8002D
:1053600000000000009F800000BFFFFFFFF000DF93
:10537000FFFFFFF000FF1000000000FF0000000032
:1053800002FE0000000003FC0000000005FFFFEC2F
:10539000820007FFFFFFFF6000000014BFF3000062
:1053A00000000CFA0000000006FD0000000006FCF2
:1053B000070000000CF94FE72003BFF33DFFFFFF9C
:1053C000FF60005ADFFD920000017CEFDB60003ED1
:1053D000FFFFFFD003FFB30004400DF90000000001
:1053E0004FE0000000009F8000000000CF506ACB1B
:1053F0008200EF6DFFFFFF60EFFF7102AFF4DFF49B
:1054000000000AFBBFE0000004FE8FD0000003FE96
:105410002FF2000008FB09FD40006FF400AFFEDF33
:10542000FF700005BEFEA3005FFFFFFFFFFF45FF0B
:10543000FFFFFFFFF35FC0000006FD05FC0000005A
:10544000DF604D9000004FF0000000000BF90000FD
:10545000000002FF20000000009FB0000000001FBD
:10546000F40000000007FD0000000000EF600000F5
:1054700000005FF0000000000CF80000000003FFD7
:105480002000000000AFB0000000001FF40000008A
:1054900000029DFFD93000004FFFEEFFF70001FF33
:1054A000A10019FF2005FE000000BF8007FC0000DE
:1054B000008F9004FE100000CF7000CFC4103BFEA0
:1054C00010001CFFFFFFD200008FFECCEFFA000798
:1054D000FE500003DF900EF50000003FF00FF300D8
:1054E00000000FF20EF70000004FF007FF6000050C
:1054F000EFA000AFFFEDFFFC100004ADFFEB50008C
:105500000007CFFD9100001CFFEDFFF4000BFD3004
:10551000008FF202FF2000009FB05FD0000003FF69
:1055200015FD0000004FF42FF300000BFF60BFE6F5
:10553000103AFFF701CFFFFFF9BF70005ACC940C6F
:10554000F50000000000FF20000000005FD0000018
:1055500000001EF6000720016EFB0005FFFFFFFAAA
:10556000000018CEFDA400008F8FFE9F8000000079
:10557000000000000009F9FFE8F78F8FFE9F800010
:105580000000000000000008F8EFE7FC2F76F2AC06
:105590000320000000001730000003AFF500017D7C
:1055A000FFC6003AFFE920007FFC50000008FE71B2
:1055B00000000018EFFA400000005BFFE710000059
:1055C000028EFF4000000005B50000000000008FC3
:1055D000FFFFFFFF56CCCCCCCCC400000000000085
:1055E0000000000000000000000006CCCCCCCCC4C1
:1055F0008FFFFFFFFF50560000000008FE920000E2
:105600000017DFFC500000004AFFE8200000016D99
:10561000FF400000028FF500005CFFD70029EFFA81
:1056200030007FFD71000008A400000000000000B1
:10563000000000004ADFFD81000AFFFEFFFE308F00
:10564000E50004EFC0061000005FF0000000002F2E
:10565000F0000000007FD000000004FF40000000C8
:105660004FF600000002FF600000000BF900000090
:10567000000DE3000000000000000000000000003A
:105680000000000AC2000000004FF8000000000CFB
:10569000E300000000005ADFFFD9400000000006D0
:1056A000EFEA878AEFD40000000AFC400000004DBA
:1056B000F800000BF8000000000009F70006F900F0
:1056C00005CFFC50FE0AF300EC000AFFDCEF9FE080
:1056D0000EC06F4007FD20008FFE006F2AF000EF24
:1056E000200000AFE001F6DC004FB0000003FE0038
:1056F0000E9EA006F90000000FE000DAEA006F90AD
:10570000000000FE000DADC004FB0000003FE00003
:10571000E9AF000EF200000AFE002F65F5007FD20F
:105720000008FFF109F10ED000AFFCCEF99FECF8B4
:10573000006F90005CFFC501BFE70000AF80000074
:1057400000000000000000AFC400000002000000E4
:1057500000006EFEA889BFE0000000000005ADFF5C
:10576000EC8300000000000004FF50000000000077
:10577000000BFFC00000000000002FEEF30000004F
:105780000000009F87FA000000000000FF21FF10CA
:105790000000000007FB00AF80000000000DF400D7
:1057A0003FE0000000005FD0000CF600000000CFDA
:1057B000600005FD00000002FF000000EF40000057
:1057C00009FFCCCCCCEFB000001FFFFFFFFFFFF2C2
:1057D00000007FB00000000AF90000EF4000000068
:1057E00003FF1005FD0000000000DF700CF7000053
:1057F0000000006FE0BFFFFFFFEB5000BFEDDDDDFD
:10580000FFFA00BF80000007FF50BF80000000BF0C
:10581000A0BF800000008FB0BF80000000BF80BF2D
:1058200080000007FF20BFEDDDDDFFF400BFFFFFBC
:10583000FFFFFB10BF80000014CFD0BF800000002E
:105840000EF5BF800000000BF8BF800000000DF7D0
:10585000BF800000019FF2BFEDDDDDEFFF70BFFFF5
:10586000FFFFFD9300000029DFFEA50000008FFF71
:10587000FFFFFD2000CFFA41026EFC009FF5000003
:105880000009202FF5000000000009FC00000000C6
:105890000000CF7000000000000EF40000000000C7
:1058A00000EF4000000000000CF7000000000000C6
:1058B0009FC0000000000003FF500000000000092E
:1058C000FF4000000092000CFFA41016EFC000097A
:1058D000FFFFFFFFD20000039DFFEA5000BFFFFF64
:1058E000FED9300000BFFFFFFFFFFB1000BF8000AC
:1058F0000038FFE100BF800000002DFC00BF8000E9
:10590000000002FF60BF80000000009FC0BF800059
:105910000000004FF0BF80000000002FF1BF8000AA
:105920000000002FF1BF80000000004FF0BF80009A
:105930000000009FB0BF8000000002FF60BF800039
:1059400000002DFC00BF80000038FFE100BFFFFF1A
:10595000FFFFFB1000BFFFFFFED9300000BFFFFFBD
:10596000FFFFF2BFFFFFFFFFF2BF8000000000BF9C
:105970008000000000BF8000000000BF8000000029
:1059800000BF8000000000BFFEEEEEEE30BFFFFF64
:10599000FFFF30BF8000000000BF8000000000BF9C
:1059A0008000000000BF8000000000BF80000000F9
:1059B00000BFFFFFFFFFF7BFFFFFFFFFF7BFFFFFC6
:1059C000FFFFF2BFFFFFFFFFF2BF8000000000BF3C
:1059D0008000000000BF8000000000BF80000000C9
:1059E00000BF8000000000BF8000000000BFFFFF7C
:1059F000FFFF30BFFFFFFFFF30BF8000000000BF90
:105A00008000000000BF8000000000BF8000000098
:105A100000BF8000000000BF8000000000000029DF
:105A2000DFFEB60000008FFFFFFFFE3000CFFA411F
:105A3000015CFE009FF500000008302FF50000001B
:105A4000000008FC000000000000CF700000000013
:105A5000000EF4000000000110EF4000000000FF05
:105A60001CF7000000000FF18FC000000000FF12C3
:105A7000FF500000000FF109FF50000000FF100C64
:105A8000FFA41025CFF10008FFFFFFFFF600000282
:105A90009DFFEB6000BF800000000AF8BF8000009F
:105AA000000AF8BF800000000AF8BF800000000A6A
:105AB000F8BF800000000AF8BF800000000AF8BFAD
:105AC000800000000AF8BFFFFFFFFFFFF8BFFFFFE5
:105AD000FFFFFFF8BF800000000AF8BF8000000051
:105AE0000AF8BF800000000AF8BF800000000AF832
:105AF000BF800000000AF8BF800000000AF8BF80E5
:105B00000000000AF8BF8BF8BF8BF8BF8BF8BF8B83
:105B1000F8BF8BF8BF8BF8BF8BF8BF8BF800AFFFD7
:105B2000FFFF1009FFFFFFF100000001FF10000060
:105B3000001FF100000001FF100000001FF1000035
:105B40000001FF100000001FF100000001FF100025
:105B500000001FF100000001FF100000002FF00303
:105B6000500005FE00EF7003EF9008FFFFFFE1001B
:105B700004AEFE9100BF800000009FD1BF800000F6
:105B800008FE10BF8000007FE200BF800006FF30EB
:105B900000BF80005FF40000BF8004FF500000BF22
:105BA000803FF7000000BF83FFF1000000BFAEFFA1
:105BB000FC000000BFFFB4FF900000BFFC005FF6D8
:105BC0000000BFC00008FF3000BF800000BFE10040
:105BD000BF8000000DFC00BF80000001EF90BF807F
:105BE0000000003FF6BF800000000BF8000000003E
:105BF000BF800000000BF800000000BF8000000024
:105C00000BF800000000BF800000000BF80000004F
:105C100000BF800000000BF800000000BF80000003
:105C2000000BF800000000BF800000000BF800002F
:105C30000000BFFFFFFFFFCBFFFFFFFFFDBF6000C6
:105C4000000000006FABFE00000000000EFABFF87D
:105C50000000000008FFABFFF200000002FFFABFE7
:105C6000EFA0000000AFEFABF7EF3000003FD7FA36
:105C7000BF65FC00000CF56FABF60CF60005FC06EA
:105C8000FABF603FE000EF306FBBF600AF807F905F
:105C900006FBBF6001FF3FF1006FBBF60007FFF797
:105CA0000006FBBF60000EFD00006FBBF600005F4A
:105CB000500006FBBF6000001000006FBBF6000044
:105CC00000000006FBBF700000000AF8BFF40000EF
:105CD000000AF8BFFE1000000AF8BFFFC000000A6B
:105CE000F8BFBFF900000AF8BF86FF50000AF8BFEE
:105CF000809FF2000AF8BF800CFD000AF8BF800206
:105D0000EFB00AF8BF80004FF70AF8BF800008FF25
:105D10004AF8BF800000BFEBF8BF8000001EFFF80C
:105D2000BF80000003FFF8BF800000006FF8BF8055
:105D30000000000AF8000028DFFEB6000000008F17
:105D4000FFFFFFFD300000BFFA41027EFF40008FE1
:105D5000F40000001BFE102FF5000000000DFA08F3
:105D6000FC00000000005FF1CF700000000000FFA9
:105D70004EF400000000000DF6EF400000000000AF
:105D8000DF6CF700000000000FF48FC0000000007F
:105D900005FF12FF5000000000DFA008FF400000D8
:105DA00000BFE2000CFFA41026EFF4000008FFFF84
:105DB000FFFFD3000000029DFFEB600000BFFFFF6C
:105DC000FEB6000BFFFFFFFFFD20BF8000016EFD50
:105DD0000BF80000001EF6BF800000009FABF8002B
:105DE000000007FBBF800000009FABF80000001E12
:105DF000F6BF8000016EFD0BFFFFFFFFFD20BFFF20
:105E0000FFFEB6000BF80000000000BF800000009D
:105E1000000BF80000000000BF80000000000BF83D
:105E20000000000000000028DFFEB60000000008AF
:105E3000FFFFFFFFD3000000BFFA41027EFF4000DA
:105E400008FF50000001BFE1002FF5000000000D29
:105E5000FA008FC00000000005FF00CF70000000B6
:105E60000000FF40EF400000000000DF60EF400056
:105E700000000000DF50CF700000000000FF408FE6
:105E8000C00000000005FF002FF5000000000DFA23
:105E9000000AFF30000000AFF20000DFF930016DB2
:105EA000FF5000000BFFFFFFFFE4000000004AEF7F
:105EB000FFD600000000000000BFE50007800000E2
:105EC000000009FFECFFC000000000004AEFD7000F
:105ED000BFFFFFFEB6000BFFFFFFFFFD20BF8000EE
:105EE000016EFD0BF80000001EF6BF800000009F51
:105EF000ABF800000007FBBF800000009F9BF8008C
:105F000000001EF5BF8000015DFD0BFFEEEFFFFD01
:105F100020BFFFFFFFFA000BF800005FE100BF8029
:105F20000000BFA00BF8000001EF50BF800000068A
:105F3000FE1BF80000000BFA00029DFFEB6000065C
:105F4000FFFFEFFFE003FF920004BA009FB00000E4
:105F500000000AF700000000009FC00000000002DF
:105F6000FFE72000000004EFFFEA500000006BFF95
:105F7000FFD40000000038FFF20000000001DF90B5
:105F80000000000007FB0420000000AF90DF940039
:105F9000018FF307FFFFEFFFF700017BEFFD92009A
:105FA000EFFFFFFFFFFFDDFFFFFFFFFFFC00000A29
:105FB000F80000000000AF80000000000AF80000B8
:105FC000000000AF80000000000AF80000000000A0
:105FD000AF80000000000AF80000000000AF800061
:105FE0000000000AF80000000000AF800000000080
:105FF0000AF80000000000AF80000000000AF8006E
:1060000000000000AF800000DF600000000FF3DF41
:10601000600000000FF3DF600000000FF3DF60009E
:1060200000000FF3DF600000000FF3DF60000000EE
:106030000FF3DF600000000FF3DF600000000FF3DC
:10604000DF600000000FF3CF600000000FF2BF80A0
:106050000000001FF18FC00000005FE02FF500007E
:1060600000DF800AFF71004DFE1000BFFFFFFFE35D
:10607000000005BEFFC710000CF90000000000BFC3
:10608000706FF0000000002FF100EF6000000009C9
:10609000FA0008FD00000000FF30001FF4000000BF
:1060A0006FC00000BFA000000DF5000004FF10004D
:1060B00004FE0000000DF80000BF800000006FE04B
:1060C000002FF100000000FF5008FA000000000956
:1060D000FC00FF40000000002FF36FD00000000024
:1060E00000BF9DF6000000000004FFFF000000005C
:1060F00000000EFF900000000000007FF200000092
:106100002FF20000000BFA00000002FE00DF70001A
:106110000000FFF00000008F9007FC0000005FFF10
:106120004000000DF4002FF100000BFCF90000020C
:10613000FE0000DF600000FF3FE000007F900008ED
:10614000FB00005FA0DF40000CF400003FF1000BFB
:10615000F508F90002FF000000EF5001FF003FE0EA
:10616000007FA0000008FA005FA000DF300CF500FF
:1061700000003FF00BF50008F901FF00000000EF00
:1061800051FF00003FE06FB000000009FA6FA0006F
:1061900000DF3CF5000000004FFBF5000008FAFFAF
:1061A0001000000000EFFF0000003FFFB000000003
:1061B000000AFFB0000000EFF600000000004FF5FD
:1061C00000000008FF1000001EF70000000AFC009D
:1061D0005FF3000005FF10009FD00001EF500000AA
:1061E000DF9000BFA0000003FF406FE10000000847
:1061F000FE3FF4000000000CFFF800000000002F3C
:10620000FD000000000006FFF30000000002FFBFD9
:10621000E000000000CF90DFA00000008FD002FF60
:106220005000004FF30007FE10001EF800000CFBAA
:10623000000AFD0000001FF705FF200000005FF2CC
:106240000CF8000000002FF103FF20000000BF70D9
:1062500000AFB0000005FD00001FF400000EF400C8
:106260000007FD00008FB0000000DF7001FF20007C
:1062700000004FF10AF8000000000BFA4FE00000A8
:10628000000002FFEF5000000000008FFC00000043
:106290000000000FF40000000000000FF3000000F9
:1062A0000000000FF30000000000000FF3000000EA
:1062B0000000000FF30000000000000FF3000000DA
:1062C0000EFFFFFFFFFFF80DFFFFFFFFFFF70000CE
:1062D000000000CFC00000000009FE100000000018
:1062E0005FF40000000002FF70000000000DFB00E2
:1062F00000000000AFD10000000007FF30000000E8
:10630000003FF60000000001EF90000000000BFDD0
:1063100000000000008FF20000000004FF500000A9
:1063200000000EFFFFFFFFFFFC0FFFFFFFFFFFFD61
:10633000BFFFEBFDCBBF600BF600BF600BF600BFED
:10634000600BF600BF600BF600BF600BF600BF608D
:106350000BF600BF600BF600BF600BF600BF600BD2
:10636000FDCBBFFFE0AF400000005F900000000FDA
:10637000E00000000AF400000004FA00000000EF52
:10638000000000009F500000004FA00000000EF031
:1063900000000008F500000003FB00000000DF1013
:1063A0000000008F600000002FB00000000DF10021
:1063B000000007F700000002FC00000000CF2000F2
:1063C00000007F700000001FD00000000CF29FFF53
:1063D000F07CCFF0001FF0001FF0001FF0001FF056
:1063E000001FF0001FF0001FF0001FF0001FF00062
:1063F0001FF0001FF0001FF0001FF0001FF0001F33
:10640000F0001FF0001FF07CCFF09FFFF00000486D
:10641000300000000DFB00000004FCF1000000AEA5
:106420002F8000001F80BE000008F204F50000EB82
:10643000000EB0005F50008F200BE00001F802F862
:1064400000000BE011111111111FFFFFFFFFFF44AE
:1064500044444444401BFB000009FB000006FB00D1
:10646000028DFFEA2004FFFEEFFF301D61002CFCCF
:10647000000000001FF100000000EF303AEFFFFFC6
:10648000F34FFC9888FF3CF800000EF3EF3000015A
:10649000FF3BF80000BFF33FFC99EFEF302AEFEA33
:1064A0002CF3FF10000000000FF10000000000FFBF
:1064B00010000000000FF10000000000FF100000BD
:1064C00000000FF14BEFD81000FF9FFFEFFE400FD1
:1064D000FFC3002BFE10FFD000000CF90FF50000E9
:1064E000005FE0FF20000001FF0FF20000001FF03E
:1064F000FF50000005FE0FFD000000DF80FFFC30B4
:1065000003CFE10FF8FFFFFFE300FF04BEFD8100B2
:106510000000007CEFD800003DFFFEFFE201EFC36A
:10652000002BF808FC000000500EF5000000000FE2
:10653000F1000000000FF1000000000DF500000068
:106540000008FC0000005001EFC3002CF9002DFFF3
:10655000FFFFD100007CEFD70000000000001FF01B
:106560000000000001FF00000000001FF00000001C
:106570000001FF00000000001FF00018DFEB41FFEA
:10658000004EFFEFFF9FF01EFC2003CFFF09FD0030
:106590000000DFF0EF50000005FF0FF10000002FBA
:1065A000F0FF10000002FF0EF40000005FF09FC03B
:1065B00000000CFF01EFA1001AFFF004EFFCDFF96F
:1065C000FF00018DFFB50FF000018DFEB500000347
:1065D000EFFDEFFA0001EF90003DF8008F90000012
:1065E0002FF10EF2000000AF50FFFFFFFFFFF70F8B
:1065F000F98888888840EF500000000008FD0000FE
:106600000010001EFC40017F50003EFFFEFFF50021
:106610000007CEFD92000002BFFC3000EFEDF3005A
:106620007FC0020009F6000000BF60000AFFFFFF04
:10663000C08CEFDCC9000BF6000000BF6000000B4F
:10664000F6000000BF6000000BF6000000BF600015
:10665000000BF6000000BF6000000BF6000000BF5A
:1066600060000000028DFEC60DF2005FFFFFFFBD5F
:10667000F203FFB20019FFF20AFA0000008FF20FD6
:10668000F30000001FF20FF10000000EF20FF30004
:1066900000001FF20AFB0000009FF203FFA2001996
:1066A000FFF2005FFFEEFFAFF200029DFFC50FF1AA
:1066B00000000000001FF000200000008FC001EC6F
:1066C000510007FF6002DFFFEEFFF9000005ADFF9C
:1066D000EA4000FF1000000000FF1000000000FF73
:1066E0001000000000FF1000000000FF100000007C
:1066F00000FF15BEFD8000FFBFFFFFFD00FFFA2079
:1067000006FF80FFC000007FD0FF5000002FF0FF89
:106710002000000FF0FF1000000FF1FF1000000F2D
:10672000F1FF1000000FF1FF1000000FF1FF10004B
:10673000000FF1FF1000000FF11DE25FF60AA1004B
:106740000000000FF10FF10FF10FF10FF10FF10F3A
:10675000F10FF10FF10FF10FF10FF100000CE30059
:10676000003FF8000009B200000000000000000037
:10677000000EF300000EF300000EF300000EF30015
:10678000000EF300000EF300000EF300000EF30005
:10679000000EF300000EF300000EF300000EF300F5
:1067A000000FF201004FF00BFDFF8008EFE800FF43
:1067B0001000000000FF1000000000FF10000000AB
:1067C00000FF1000000000FF1000000000FF10009C
:1067D00002EF80FF10003EF800FF1003FF8000FF73
:1067E000104FF80000FF15FF900000FF7FFF8000B2
:1067F00000FFFFBFF40000FFF60AFE2000FF60006C
:10680000CFC000FF10002EF900FF100004FF50FF62
:106810001000007FF2FF1FF1FF1FF1FF1FF1FF1FAC
:10682000F1FF1FF1FF1FF1FF1FF1FF1FF1FF10FF2D
:1068300006CFFC6003AEFEA200FFBFFDFFFA6FFEB5
:10684000DFFF30FFF70007FFFE3001CFD0FFA000D1
:1068500000BFF400002FF2FF4000007FE000000DB9
:10686000F5FF2000006FC000000CF5FF1000006F66
:10687000B000000CF5FF1000006FB000000CF5FF39
:106880001000006FB000000CF5FF1000006FB000AA
:10689000000CF5FF1000006FB000000CF5FF1000B9
:1068A000006FB000000CF5FF06CEFD8000FFBFFDBD
:1068B000EFFD00FFF80004EF80FFB000006FD0FF95
:1068C0004000002FF0FF2000000FF0FF1000000F2D
:1068D000F1FF1000000FF1FF1000000FF1FF10009A
:1068E000000FF1FF1000000FF1FF1000000FF1008A
:1068F000017CFFC71000003EFFEFFFD30001EFB2A5
:10690000002BFE1008FC000000CF800EF5000000F8
:106910005FD00FF10000002FF00FF10000002FF00A
:106920000EF50000005FD008FD000000DF7001EFF1
:10693000C3003CFD10003DFFFFFFD20000017CFFC3
:10694000C70000FF05BEFD81000FFAFFDDFFE40078
:10695000FFFB1001AFE10FFC000000CF90FF5000E3
:106960000004FE0FF20000001FF0FF20000001FFF6
:106970000FF50000005FE0FFD000000DF80FFFC32F
:10698000003CFE10FF9FFFFFFE300FF14BEFD810D1
:1069900000FF10000000000FF10000000000FF10D9
:1069A000000000000FF1000000000000018DFEB4A7
:1069B0000FF004EFFEFFF8FF01EFB2003CFFF09F85
:1069C000C000000DFF0EF50000005FF0FF1000009A
:1069D00002FF0FF10000002FF0EF50000005FF094B
:1069E000FD000000DFF01EFC3003CFFF004EFFFF74
:1069F000FF9FF00018DFEB41FF00000000001FF0D8
:106A00000000000001FF00000000001FF000000077
:106A10000001FFFF05BE4FF8FFF4FFFC410FFD0032
:106A200000FF50000FF30000FF10000FF10000FF07
:106A300010000FF10000FF10000FF100000029DF2F
:106A4000FD93005FFFDEFFC00EF800017301FF0041
:106A50000000000EFA200000005FFFEB720000282B
:106A6000CFFFF8000000028FF300000000CF50D8E5
:106A700020004FF34FFFFEFFF90028CFFDB40000C8
:106A8000583000000BF6000000BF60000AFFFFFF57
:106A9000C08CEFDCC9000BF6000000BF6000000BEB
:106AA000F6000000BF6000000BF6000000BF6000B1
:106AB000000AF70000007FC0020001FFFEF40002A0
:106AC000BEEB201FF0000003FE1FF0000003FE1FBE
:106AD000F0000003FE1FF0000003FE1FF0000003A3
:106AE000FE1FF0000003FE1FF0000004FE1FF10077
:106AF0000006FE0EF500000CFE09FE30009FFE01B0
:106B0000DFFEDFFBFE0008DFFC52FE0DF50000009B
:106B10000EF106FC0000006FA000FF300000DF4017
:106B2000008F900003FD00002FF1000AF600000B1B
:106B3000F7001FE0000004FD008F80000000DF4030
:106B4000EF200000006FB5FB000000000FFDF40017
:106B500000000009FFD00000000002FF600000BF3D
:106B60005000002FF0000006F75FA000008FF50036
:106B7000000CF10FF00000DFFB00002FB009F60061
:106B800003FADF10008F5003FB0009F48F7000DF61
:106B90000000EF100FE02FC003FA00008F605F804D
:106BA0000CF209F400002FC0BF2006F80EE0000030
:106BB0000CF3FC0000FE5F90000007FEF60000AF43
:106BC000DF30000001FFF100004FFD00000000BFBA
:106BD000A000000EF700002FF400002FF305FE10B8
:106BE00000CF70009FB009FB00000DF74FE10000DF
:106BF00002FFEF300000006FF7000000009FFA0076
:106C0000000005FEDF6000002FF42FF30000CF80AE
:106C100006FE1009FC0000AFB05FE100000DF70DAB
:106C2000F60000000EF106FC0000006FA000EF402F
:106C30000000DF30007FB00004FC00001FF2000BFA
:106C4000F5000009F9002FD0000002FF009F70003E
:106C50000000BF71FF000000004FD7F800000000E7
:106C60000CFFF20000000005FFA00000000000FF84
:106C7000300000000005FC00000006102EF50000AA
:106C8000004FFEFFA000000008EFD7000000000F3B
:106C9000FFFFFFFF70CCCCCCDFF50000000CF9004B
:106CA000000009FC00000005FE20000002FF40007B
:106CB0000001DF80000000BFB00000007FD10000B5
:106CC000004FF30000000EFECCCCCC72FFFFFFFFA4
:106CD000FA0009EF4009FFD300EF60000FF2000057
:106CE000FF20000FF20000FF20000FF20001FF1054
:106CF00009EFB000CFF800003FF00000FF10000FD8
:106D0000F20000FF20000FF20000FF20000FF20051
:106D100000DF600008FFD30008EF40BF4BF4BF4B1B
:106D2000F4BF4BF4BF4BF4BF4BF4BF4BF4BF4BF479
:106D3000BF4BF4BF4BF4BF4BF4BF409FD60007EFEF
:106D4000F40000AFA00006FB00006FB00006FB00DF
:106D5000006FB00006FB00005FD00001EFD5000B14
:106D6000FF7004FE10005FB00006FB00006FB00073
:106D700006FB00006FB00006FB0000AF9007EFF3CA
:106D8000009FD50000018950000951EFFFA002F5D6
:106D90007F418FD8DF1AB0003CFD40004CFD600001
:106DA0004F836F800C80005F00F40001F30D6000E2
:106DB0004F107E503DA0008FFFA000000210000089
:106DC0000001CFB07FFF56FFF50BFA000000000076
:106DD00000000000000001000000000000000000B2
:106DE000059EF80000000000000026BFFFFFD00055
:106DF0000000000048DFFFFFFFFD000000015AFF18
:106E0000FFFFFFFFFFD0000005FFFFFFFFFFFFFFB9
:106E1000FD000000AFFFFFFFFFFFFFFFD000000AF3
:106E2000FFFFFFFFFD940EFD000000AFFFFFFC72AF
:106E30000000EFD000000AFFEA500000000EFD0045
:106E40000000AFF10000000000EFD000000AFF10CA
:106E5000000000000EFD000000AFF1000000000087
:106E6000EFD000000AFF10000000000EFD0000003F
:106E7000AFF10000000354FFD000000AFF10000033
:106E80005EFFFFFD000000AFF100003FFFFFFFD0FD
:106E900001699DFF100006FFFFFFFC06FFFFFFF1E9
:106EA00000001EFFFFFF61FFFFFFFF1000002AFF31
:106EB000FC501FFFFFFFF0000000001000009FFFCC
:106EC000FFF700000000000000004ACCA300000013
:106ED00000000000004200788888888888870024A5
:106EE000F822EFFFFFFFFFFFFE228FFFFFFFB999A0
:106EF00099999BFFFFFFF944FF3000000003FF4416
:106F00009FF600EF3000000003FE006FF700EF3047
:106F100000000003FE007FFFFFFF3000000003FFC2
:106F2000FFFFFA66FF7444444447FF66AFF600EF84
:106F3000FFFFFFFFFFFE006FF600EFDCCCCCCCCDF7
:106F4000FE006FFFEEFF3000000003FFEEFFFC8845
:106F5000FF3000000003FF88CFF600EF3000000094
:106F600003FE006FF600EF3000000003FE006FFE2E
:106F7000CCFF4111111114FFCCEFFDAAFFFFFFFF61
:106F8000FFFFFFAADFC600EFFFFFFFFFFFFE006C61
:106F9000BFFFFE31DFFFFFFFFFFFFBFFFFFF63FFD0
:106FA000FFFFFFFFFFFFFFFFFF63FFFFFFFFFFFF8D
:106FB000FFFFFFFF63FFFFFFFFFFFFFFFFFFFF6319
:106FC000FFFFFFFFFFFFFF588887007888888888C9
:106FD00088850000000000000000000000CFFFFFD7
:106FE00031EFFFFFFFFFFFFCFFFFFF63FFFFFFFF2E
:106FF000FFFFFFFFFFFF63FFFFFFFFFFFFFFFFFF3D
:10700000FF63FFFFFFFFFFFFFFFFFFFF53FFFFFFD8
:10701000FFFFFFFF4788870068888888888874009A
:1070200000000000000000000000CFFFFF31EFFF74
:10703000FFFFFFFFFCFFFFFF63FFFFFFFFFFFFFFFF
:10704000FFFFFF63FFFFFFFFFFFFFFFFFFFF63FF88
:10705000FFFFFFFFFFFFFFFFFF52FFFFFFFFFFFFED
:10706000FF377776005777777777777400000000DF
:1070700000000000001600000000000000000002F8
:10708000EFB000000000000000002EFFFB00000039
:107090000000000002EFFFFE000000000000002ED4
:1070A000FFFFF300000000000002EFFFFF3004E8E4
:1070B000000000002EFFFFF3004FFF80000002EFF2
:1070C000FFFF3000EFFFF800002EFFFFF30000AFDE
:1070D000FFFF8002EFFFFF3000000AFFFFF82EFFE6
:1070E000FFF300000000AFFFFFFFFFFF30000000D4
:1070F000000AFFFFFFFFF3000000000000AFFFFFEA
:10710000FF300000000000000AFFFFF30000000055
:1071100000000000AFFE3000000000000000000989
:10712000D300000000000008C400000002C9009F56
:10713000FF4000002EFFB0FFFFF40002EFFFF17FE1
:10714000FFFF402EFFFF9008FFFFF6EFFFFA000061
:107150008FFFFFFFFFA0000008FFFFFFFA00000005
:10716000009FFFFFB000000002EFFFFFF4000000EF
:107170002EFFFFFFFF400002EFFFFDFFFFF4002E98
:10718000FFFFA08FFFFF40DFFFFA0008FFFFF0DFE7
:10719000FFA000008FFFE02EFA00000008FF300083
:1071A000300000000021000000000001330000005A
:1071B0000000000000000DFF600000000000000063
:1071C000000EFF80000000000000AF500EFF800B9B
:1071D000F40000000BFFE00EFF804FFF5000009F07
:1071E000FFE00EFF805FFFF20003FFFE300EFF8026
:1071F00008FFFC000BFFF3000EFF8000AFFF501FE5
:10720000FF90000EFF80001FFFB06FFF30000EFFE9
:10721000800009FFF08FFF00000EFF800005FFF2E5
:10722000AFFD00000EFF800003FFF39FFD00000C88
:10723000FF500004FFF28FFF00000011000006FF66
:10724000F14FFF5000000000000BFFE00FFFC000F7
:10725000000000003FFF9008FFF80000000001EF71
:10726000FF2001EFFF900000002DFFF900004FFF0D
:10727000FD620149FFFFC0000006FFFFFFFFFFFFA7
:10728000FD100000004EFFFFFFFFFFA00000000008
:10729000007DFFFFFFB40000000000000025653006
:1072A00000000000000000000000000000000000DE
:1072B0000000006CEEC70000000000000000BFFFEF
:1072C000FC0000000000000000BFFFFC0000000008
:1072D0000008302AFFFFFFB2038000008FFBFFFF92
:1072E000FFFFFFBFF80003FFFFFFFFFFFFFFFFFFF0
:1072F000400BFFFFFFFFFFFFFFFFFFB01FFFFFFF80
:10730000FA55AFFFFFFFF206EFFFFF700007FFFF28
:10731000FF60002FFFFD000000CFFFF300003FFFE4
:10732000FA0000009FFFF300002FFFFB000000AFFA
:10733000FFF300008FFFFF200001FFFFF9001EFF99
:10734000FFFFD3003DFFFFFFE10EFFFFFFFFEEFF5A
:10735000FFFFFFE007FFFFFFFFFFFFFFFFFF8000D2
:10736000DFFFFFFFFFFFFFFFFD00002FB29FFFFFCA
:10737000FFFA2AF30000010002DFFFFE30001000D8
:1073800000000000BFFFFC0000000000000000BF84
:10739000FFFB000000000000000014664100000038
:1073A0000000000000001BE90005FFD00000000005
:1073B00000003EFFFC107FFF0000000000006FFF98
:1073C000FFFE37FFF000000000009FFFB4DFFFBFAB
:1073D000FF0000000001BFFF8001BFFFFFF00000C1
:1073E0000002DFFF508F509FFFFF00000004FFFEF0
:1073F00030BFFF706FFFF1000007FFFC12DFFFFFDF
:10740000A03EFFE3000AFFFA03EFFFFFFFC12DFFDD
:10741000F60CFFF706FFFFFFFFFFE30BFFF89FF5FA
:1074200009FFFFFFFFFFFFF508FF50930AFFFFFF73
:10743000FFFFFFFFF605700000EFFFFFFFFFFFFFFC
:10744000FFA00000000EFFFFFFCCCFFFFFFA0000FF
:107450000000EFFFFF50009FFFFFA00000000EFFA5
:10746000FFF50009FFFFFA00000000EFFFFF5000EA
:107470009FFFFFA00000000EFFFFF50009FFFFFACD
:1074800000000000DFFFFF40008FFFFF90000000C2
:107490000244444000014444410000000000000256
:1074A000222000000000000000009FFFF900000003
:1074B0000000000000CFFFFC000000000000000002
:1074C000CFFFFC0000000000000000CFFFFC000028
:1074D000000000000000CFFFFC00000000000000E2
:1074E00000CFFFFC0000000000000000CFFFFC0008
:1074F00000000000000000CFFFFC000000000003BF
:10750000EEEEFFFFFFEEEE20000002FFFFFFFFFFA9
:10751000FFFF200000003FFFFFFFFFFFF300000020
:107520000003FFFFFFFFFF3000000000003FFFFFF0
:10753000FFF300000000000003FFFFFF4000000019
:10754000000000004FFFF400000000CFFFFFFC042C
:10755000FF40CFFFFFFCFFFFFFFFC0230CFFFFFF3B
:10756000FFFFFFFFFFFC44CFFFFFFFFFFFFFFFFF19
:10757000FFFFFFFFFFFFFFFFFFFFFFFFFFFFF16EBA
:107580000BFFFFFFFFFFFFFFFFF6AF5DFFBFFFFF3A
:10759000FFFFFFFFFFFFFFFB000004ABBBBBBBBB5C
:1075A000BBA20000000004FFFFFFFFFFFFFFE100A0
:1075B000000000EFFFFFFFFFFFFFFFB00000009F94
:1075C000FA00000000001DFF5000004FFE100000F8
:1075D0000000004FFE10000DFF60000000000000E2
:1075E000AFFA0009FFB000000000000001EFF50352
:1075F000FFF20000000000000005FFE1DFFA444454
:107600002000000034444DFF8FFFFFFFFE0000000C
:107610003FFFFFFFFBFFFFFFFFF700000BFFFFFF38
:10762000FFCFFFFFFFFFE88888FFFFFFFFFCFFFFA2
:10763000FFFFFFFFFFFFFFFFFFFFCFFFFFFFFFFF8A
:10764000FFFFFFFFFFFFFCFFFFFFFFFFFFFFFFFF4D
:10765000FFFFFFBDFFFFFFFFFFFFFFFFFFFFFFF982
:107660004EFFFFFFFFFFFFFFFFFFFFFC10000000CA
:107670000000000000000676000000059CDDB83028
:10768000000FFF000006EFFFFFFFFC400FFF0000B0
:10769000BFFFFFFFFFFFF90FFF000CFFFFA5346BDB
:1076A000FFFFCEFF00AFFFB20000002BFFFFFF0582
:1076B000FFF900000000008FFFFF0DFFB000000089
:1076C0007DDCBFFFFF2FFF20000000AFFFFFFFFFAB
:1076D0006FFB000000009FFFFFFFFF022000000083
:1076E0000002222222210000000000000000000011
:1076F000000000000000000000000000DEEEEEEEE2
:10770000E7000000009EE5FFFFFFFFFA0000000118
:10771000FFF3FFFFFFFFF900000009FFE0FFFFF4A8
:1077200000100000005FFF70FFFFFF700000000707
:10773000FFFD00FFFFFFFD610005CFFFF200FFE34B
:10774000EFFFFFEEFFFFFE3000FFF019FFFFFFFF2E
:10775000FFB10000FFF00028DFFFFEA3000000AB38
:10776000A000000133100000000000000000033002
:1077700000000006FF00000006FFF0000006FFFF0B
:10778000244447FFFFFEFFFFFFFFFFFFFFFFFFFF58
:10779000FFFFFFFFFFFFFFFFFFFFFFFFFFFFFFFFF9
:1077A000FFFFFFFFFFFFFFFFFFFFFFFFBFFFFFFF29
:1077B000FFF000002EFFFF0000002EFFF000000091
:1077C0002EFF000000002EC000000000000000009E
:1077D00000033000000000000006FF000000000071
:1077E0000006FFF0000000000006FFFF000000247C
:1077F0004447FFFFF000000EFFFFFFFFFF00750092
:10780000FFFFFFFFFFF02FF70FFFFFFFFFFF007FDE
:10781000F0FFFFFFFFFFF000DF3FFFFFFFFFFF0074
:107820000FF3FFFFFFFFFFF00CFD0FFFFFFFFFFF58
:1078300001FE20BFFFFFFFFFF001000000002EFF50
:10784000FF0000000000002EFFF00000000000001C
:107850002EFF000000000000002DC000000000000E
:1078600000000000000000000000000000000073A5
:1078700000000000000000000000004FF7000000C2
:1078800000000003300000009FF700000000000629
:10789000FF000001007FF50000000006FFF000057A
:1078A000F9009FE100000006FFFF00004FFB00DF32
:1078B00080244447FFFFF000003FF704FF0EFFFF66
:1078C000FFFFFF0086004FF10DF4FFFFFFFFFFF009
:1078D0002FF700CF609F8FFFFFFFFFFF006FF107C3
:1078E000F906FAFFFFFFFFFFF000DF405FB05FBF68
:1078F000FFFFFFFFFF001FF205FA05FBFFFFFFFF81
:10790000FFF00DFC009F807F9FFFFFFFFFFF01FD49
:10791000201EF30BF6BFFFFFFFFFF001000AFC0182
:10792000FF2000002EFFFF00000BFF208FC0000093
:10793000002EFFF00007FF402FF4000000002EFF94
:10794000000019201DFA00000000002EC0000000F9
:107950002DFD100000000000000000002FFD2000A1
:10796000000000000000000002FB1000000000000A
:107970000000000000000000000577777777777738
:10798000777777509FFFFFFFFFFFFFFFFFFFF9FFB4
:10799000FFFFFFFFFFFFFFFFFFFFFFF601BFFFFF3E
:1079A000FFFFFFFFFFFF90000FFFFFFFFFFFFFFF45
:1079B000FF70000DFFFFFFDBFFFFFFFFC0002FFF89
:1079C000FFFD10AFFFFFFFFB56EFFFFFD1000AFFE7
:1079D000FFFFFFFFFFFFFD100000AFFFFFFFF72ECF
:1079E000FFD10000000DFFFFFF7002ED100000004E
:1079F0000CFFFFF7000021000000000CFFFFC0009B
:107A00000000000000000CFFFFC0000000000000AC
:107A1000000CFFFFFCCCCCCCCCCCCCCCCFFFEFFF10
:107A2000FFFFFFFFFFFFFFFFFD4EFFFFFFFFFFFF19
:107A3000FFFFFFE400000001000000000000007FE5
:107A400090000000000000EFF1000000000005FFC2
:107A5000F700000000000CFFFD00000000004FFFD9
:107A6000FF6000000000CFFFFFE000000006FFFF06
:107A7000FFF80000002FFFFFFFFF300000CFFFFFE7
:107A8000FFFFD00007FFFFFFFFFFF9001FFFFFFF11
:107A9000FFFFFF207FFFFFFFFFFFFF90CFFFFFFFF4
:107AA000FFFFFFE0EFFBFFFFFFFFFFF0FFC0DFFF87
:107AB000FFFFFFF1DFE09FFFFFFFFFF09FF51EFFDD
:107AC000FFFFFFB03FFE218BFFFFFF500AFFF720B3
:107AD000DFFFFB0000BFFFFFFFFFD1000008FFFF3B
:107AE000FFFA0000000017ABA72000000000000014
:107AF00000000001EFC00000000BD32FFE000000CB
:107B00001DFF82FFE000002DFFF92FFE00002EFF79
:107B1000FF92FFE0003EFFFFF92FFE004FFFFFFF47
:107B200092FFE05FFFFFFFF92FFE6FFFFFFFFF9265
:107B3000FFFFFFFFFFFFF92FFFFFFFFFFFFF92FF98
:107B4000FFFFFFFFFFF92FFFCFFFFFFFFF92FFE0D7
:107B5000BFFFFFFFF92FFE00AFFFFFFF92FFE00026
:107B60008FFFFFF92FFE00007FFFFF92FFE0000074
:107B70006FFFF92FFE0000005FFF92FFE0000000A2
:107B80004FF5044300000000130002200000000035
:107B9000000000008FFB2000000000000000FFFF3D
:107BA000F800000000000000FFFFFFE500000000FB
:107BB0000000FFFFFFFFC20000000000FFFFFFFF0B
:107BC000FF9100000000FFFFFFFFFFFE60000000CC
:107BD000FFFFFFFFFFFFFC300000FFFFFFFFFFFF85
:107BE000FFF91000FFFFFFFFFFFFFFFFF700FFFFA0
:107BF000FFFFFFFFFFFFFFC0FFFFFFFFFFFFFFFFD4
:107C0000FFF3FFFFFFFFFFFFFFFFFFF1FFFFFFFF9E
:107C1000FFFFFFFFFE40FFFFFFFFFFFFFFFF8000B2
:107C2000FFFFFFFFFFFFFFB20000FFFFFFFFFFFFAF
:107C3000D4000000FFFFFFFFFFF700000000FFFF80
:107C4000FFFFFA1000000000FFFFFFFD40000000F2
:107C50000000FFFFFF70000000000000CFFF910058
:107C60000000000000002AA3000000000000000047
:107C7000000000000000000000003DFFFFE60003E0
:107C8000DFFFFE60DFFFFFFF100DFFFFFFF1FFFFD3
:107C9000FFFF300FFFFFFFF3FFFFFFFF400FFFFF6E
:107CA000FFF4FFFFFFFF400FFFFFFFF4FFFFFFFFA9
:107CB000400FFFFFFFF4FFFFFFFF400FFFFFFFF448
:107CC000FFFFFFFF400FFFFFFFF4FFFFFFFF400F2D
:107CD000FFFFFFF4FFFFFFFF400FFFFFFFF4FFFF79
:107CE000FFFF400FFFFFFFF4FFFFFFFF400FFFFF0D
:107CF000FFF4FFFFFFFF400FFFFFFFF4FFFFFFFF59
:107D0000400FFFFFFFF4FFFFFFFF400FFFFFFFF4F7
:107D1000FFFFFFFF400FFFFFFFF4FFFFFFFF400FDC
:107D2000FFFFFFF4FFFFFFFF300FFFFFFFF38FFFA9
:107D3000FFFB0008FFFFFFB0024444300000244472
:107D400043003DFFFFFFFFFFFFFFFE60DFFFFFFF80
:107D5000FFFFFFFFFFF1FFFFFFFFFFFFFFFFFFF34D
:107D6000FFFFFFFFFFFFFFFFFFF4FFFFFFFFFFFF2E
:107D7000FFFFFFF4FFFFFFFFFFFFFFFFFFF4FFFF29
:107D8000FFFFFFFFFFFFFFF4FFFFFFFFFFFFFFFF0E
:107D9000FFF4FFFFFFFFFFFFFFFFFFF4FFFFFFFF09
:107DA000FFFFFFFFFFF4FFFFFFFFFFFFFFFFFFF4F9
:107DB000FFFFFFFFFFFFFFFFFFF4FFFFFFFFFFFFDE
:107DC000FFFFFFF4FFFFFFFFFFFFFFFFFFF4FFFFD9
:107DD000FFFFFFFFFFFFFFF4FFFFFFFFFFFFFFFFBE
:107DE000FFF4FFFFFFFFFFFFFFFFFFF4FFFFFFFFB9
:107DF000FFFFFFFFFFF38FFFFFFFFFFFFFFFFFB05E
:107E00000244444444444444430000000000000051
:107E10000002DC10000000BFF37FFD2000000DFF1A
:107E200047FFFE300000DFF47FFFFF40000DFF47FB
:107E3000FFFFFF5000DFF47FFFFFFF600DFF47FFF4
:107E4000FFFFFF70DFF47FFFFFFFFF8DFF47FFFFA6
:107E5000FFFFFFFFF47FFFFFFFFFFFFF47FFFFFF75
:107E6000FFFFFFF47FFFFFFFFFCDFF47FFFFFFFF97
:107E7000B0DFF47FFFFFFFA00DFF47FFFFFF900083
:107E8000DFF47FFFFF80000DFF47FFFF700000DF82
:107E9000F47FFF6000000DFF44FF50000000CFF4AE
:107EA00002200000000244000000000008EA100068
:107EB00000000000000009FFFC00000000000000BE
:107EC00007FFFFFB00000000000006FFFFFFFA00B5
:107ED0000000000005FFFFFFFFF90000000004FFA5
:107EE000FFFFFFFFF700000003FFFFFFFFFFFFF6AC
:107EF000000002EFFFFFFFFFFFFFF50001EFFFFFB4
:107F0000FFFFFFFFFFF400CFFFFFFFFFFFFFFFFFBB
:107F1000E10FFFFFFFFFFFFFFFFFFF309FFFFFFFAE
:107F2000FFFFFFFFFFD00056666666666666666105
:107F300000000000000000000000000AFFFFFFFF3B
:107F4000FFFFFFFFFD00FFFFFFFFFFFFFFFFFFF34E
:107F50000FFFFFFFFFFFFFFFFFFF40FFFFFFFFFFE0
:107F6000FFFFFFFFF40EFFFFFFFFFFFFFFFFFF20FC
:107F700027777777777777777730000000001920B9
:107F800000000001DFE20000001DFFF8000001DF3B
:107F9000FFD100001DFFFC100001DFFFC100001D2C
:107FA000FFFC100001DFFFC100001DFFFC100000FE
:107FB000BFFFD10000007FFFF600000007FFFF6059
:107FC0000000007FFFF600000007FFFF60000000D8
:107FD0007FFFF600000007FFFF600000007FFFF555
:107FE00000000007FFF6000000007F900000000086
:107FF00001000580000000005FFB00000000CFFFD3
:10800000B00000003EFFFB00000003EFFFB00000E7
:10801000003EFFFB00000003EFFFB00000003EFF4A
:10802000FB00000003EFFFB00000003FFFF700007F
:10803000009FFFF3000009FFFF4000009FFFF400D6
:108040000009FFFF4000009FFFF4000009FFFF4010
:1080500000008FFFF4000000AFFF400000001CF4A0
:108060000000000000000000000000000001BED37E
:108070000000000000000006FFFA00000000000001
:108080000007FFFB0000000000000007FFFB0000EE
:10809000000000000007FFFB0000000000000007D8
:1080A000FFFB0000000000000007FFFB00000000D5
:1080B00014555559FFFC55555420DFFFFFFFFFFFB6
:1080C000FFFFFFF1FFFFFFFFFFFFFFFFFFF3FFFFDA
:1080D000FFFFFFFFFFFFFFF36CDDDDDEFFFFDDDDF8
:1080E000DC9000000007FFFB00000000000000071C
:1080F000FFFB0000000000000007FFFB0000000085
:1081000000000007FFFB0000000000000007FFFB6D
:108110000000000000000007FFFB0000000000005E
:108120000004FFF8000000000000000036500000CE
:10813000000002222222222222222200BFFFFFFF71
:10814000FFFFFFFFFFE1FFFFFFFFFFFFFFFFFFF369
:10815000FFFFFFFFFFFFFFFFFFF38FFFFFFFFFFFAB
:10816000FFFFFFB0000000000023431000000000EC
:10817000000000005BFFFFFFEA4000000000000578
:10818000EFFFFDCEFFFFC3000000001BFFFF7100EB
:10819000029FFFF80000002DFFFE200253005FFF4A
:1081A000FB00001EFFFF30006FFC107FFFFB000C88
:1081B000FFFFA00006FFFC00EFFFF806FFFFF50140
:1081C00003EFFFF409FFFFF3EFFFFF30BFFFFFFFF7
:1081D000707FFFFFADFFFFF30AFFFFFFF607FFFF12
:1081E000F93FFFFF605FFFFFFF10AFFFFE108FFF43
:1081F000FC00AFFFFF601FFFFF5000AFFFF6006CF9
:10820000DB400AFFFF700000AFFFF600000009FF2F
:10821000FF700000006FFFFC52126DFFFE40000077
:10822000000019FFFFFFFFFFF80000000000000141
:108230005ADEFED9500000000000000000000000DF
:10824000000000000000004E700000000000000070
:108250000000000000EFFB00000000000000000034
:108260000000006FFFD20000002432000000000078
:108270000003EFFF6028CFFFFFFB6000000000005D
:108280001BFFFCFFFFECDFFFFE7000000000008F13
:10829000FFFFA300006EFFFC200000000004EFFFC2
:1082A00070154001DFFFE300000001001CFFFB1F11
:1082B000FE502FFFFF2000007E30009FFFEFFFF3F6
:1082C00008FFFFD00002FFF60005FFFFFFFA03FFE3
:1082D000FFF80008FFFFA0002DFFFFFD01FFFFFFDB
:1082E0000006FFFFFA0000AFFFFB02FFFFFE0000E9
:1082F000DFFFFD000006FFFF55FFFFF500002FFF29
:10830000FF4000003DFFFEFFFF90000004FFFFD094
:10831000000000BFFFFFFB000000004FFFFB10004C
:108320000007FFFFC00000000002DFFFE83120006F
:108330003EFFF6000000000006EFFFFFFB0001BF5C
:10834000FFA00000000000049CEFFD800008FFFD7E
:108350002000000000000000000000004EFFF300BD
:108360000000000000000000000001CFF400000049
:108370000000000000000000000860000000000095
:1083800000000000000000000000000000001DFBD5
:1083900000000000000000000000000BFFF70000DC
:1083A000000000000000000004FFFFF100000000DA
:1083B000000000000000DFFFFFA000000000000040
:1083C0000000007FFFFFFF30000000000000000001
:1083D0001FFFFFFFFC00000000000000000AFFFF7D
:1083E000FFFFF60000000000000003FFFD888FFF84
:1083F000E000000000000000CFFF8000CFFF800001
:1084000000000000006FFFF9000DFFFF20000000DA
:1084100000000EFFFFA000EFFFFB000000000008BF
:10842000FFFFFB000FFFFFF40000000002FFFFFF53
:10843000C000FFFFFFD000000000BFFFFFFD001FD6
:10844000FFFFFF700000004FFFFFFFFDCDFFFFFFAC
:10845000FF1000000DFFFFFFFE306FFFFFFFFA006F
:108460000007FFFFFFFF8000BFFFFFFFF30001FFDA
:10847000FFFFFFF8000CFFFFFFFFC0009FFFFFFFA3
:10848000FFF417FFFFFFFFFF500FFFFFFFFFFFFF8E
:10849000FFFFFFFFFFFB00DFFFFFFFFFFFFFFFFF0F
:1084A000FFFFFF9002BCCCCCCCCCCCCCCCCCCCCC89
:1084B000900000000000000000000000000000002C
:1084C00000000000003C5000000000000000000020
:1084D0007FF50012222000000000229FFF50FFFFC6
:1084E000FE2000000CFFFFFFF5FFFFFFE20000CFC2
:1084F000FFFFFFFFFFFFFFFD100BFFFFFFFFF84532
:1085000055BFFF60AFFFD5AFFF8000000BF80AFF3B
:10851000FE108FF800000000709FFFE2004F800007
:1085200000000008FFFE20000000000000007FFFA8
:10853000F310002A3000000006FFFF41DA007FF34D
:108540000000005FFFF40DFF908FFF30EFFFFFFF93
:10855000502EFFFFFFFFF3FFFFFFF60002EFFFFFCC
:10856000FFFEFFFFFF7000003FFFFFFFFA67777518
:108570000000000377BFFFA0000000000000000023
:108580008FFA0000000000000000006FA000000053
:10859000000000000000020000000000004E70001B
:1085A0000000000000004FFF700000000000004FBE
:1085B000FFFF7000000000004FFFFFFF7000000091
:1085C000004FFFFCFFFF700000004FFFFA05FFFFA8
:1085D0007000004FFFFA0005FFFF70004FFFF90029
:1085E0000006FFFF703FFFF900000006FFFF7AFF63
:1085F000F90000000006FFFF2EF900000000000651
:10860000FF5025000000000000044009D3000000D6
:10861000000001CB18FFE30000000001CFFC9FFF2A
:10862000E300000001CFFFD0BFFFE3000001CFFF58
:10863000D100BFFFE30001CFFFD10000BFFFE30186
:10864000CFFFD1000000BFFFE4CFFFD1000000004A
:10865000BFFFFFFFD10000000000BFFFFFD10000FF
:1086600000000000BFFFD100000000000000BFD1EB
:108670000000000000000000610000000000002772
:1086800010000000000000000000000002EFD10018
:10869000000000000000000000002EFFFD103FFF62
:1086A000FFFFFFFFE0000002EFFFFFD13FFFFFFFF2
:1086B000FFFFF100002EFFFFFFFD15BBBBBBBBEFB3
:1086C000F10000DFFBEFDCFFB000000000AFF100C5
:1086D000009FC0EFD1DF7000000000AFF100000389
:1086E00000EFD0030000000000AFF100000000EF39
:1086F000D0000000000000AFF100000000EFD0004B
:108700000000000000AFF100000000EFD00000000A
:10871000000750AFF119300000EFD0000000008FCB
:10872000F6AFF3DFE00000EFD0000000005FFFEFE6
:10873000FEFFD00000EFFFFFFFFFFC17FFFFFFFD74
:10874000100000EFFFFFFFFFFF806FFFFFD1000071
:10875000006BBBBBBBBBBA3006FFFC1000000000C7
:10876000000000000000006FC100000000000000D9
:1087700000000000000200000005788888710000F9
:1087800000000000AFFFFFFFFD100000000000FF31
:10879000FFFFFFFFD10000000000FFFFFFFFFFFE13
:1087A000CCCCCCCB91FFFFFFFFFFFFFFFFFFFFFC17
:1087B000FFFFFFFFFFFFFFFFFFFFFFFFFFFFFFFFC9
:1087C000FFFFFFFFFFFFFFFFFFFFFFFFFFFFFFFFB9
:1087D000FFFFFFFFFFFFFFFFFFFFFFFFFFFFFFFFA9
:1087E000FFFFFFFFFFFFFFFFFFFFFFFFFFFFFFFF99
:1087F000FFFFFFFFFFFFFFFFFFFFFFFFFFFFFFFF89
:10880000FFFFFFFFFFFFFFFFFFFFFFFFFFFFFFFF78
:10881000FFFFFFFFFFFFFFFFFFFFFFFFFFFFEFFF78
:10882000FFFFFFFFFFFFFFFFFD4EFFFFFFFFFFFF0B
:10883000FFFFFFE400000000000000000000000057
:1088400000000003FC1000000000000000003FFFDB
:10885000C10000000000000003FFFFFC100000004A
:108860000000003FFFFFFFC1000000000003FFFF0A
:10887000FFFFFC10000000003FFFFFFFFFFFC100F3
:10888000000003FFFFFFFFFFFFFC00000006FFFFEB
:10889000FFFFFFFFFF100000001111EFFFF91110A3
:1088A000000000000000EFFFF900000000000000E1
:1088B00000EFFFF90000000000000000EFFFF900EA
:1088C00000000000000000EFFFF9000000000000C1
:1088D0000000EFFFF90000000000000000EFFFF9CA
:1088E00000000000CFFFFFE0DFFFF80EFFFFFCFFFE
:1088F000FFFFF32666503FFFFFFFFFFFFFFE522200
:1089000025EFFFFFFFFFFFFFFFFFFFFFFFFFFFFF61
:10891000FFFFFFFFFFFFFFF16E0BFFFFFFFFFFFFFA
:10892000FFFFF6AF5DFFBFFFFFFFFFFFFFFFFFFF92
:10893000FB0000000000000000020000000000003A
:108940000000000007FFC851000000000000000008
:10895000EFFFFFE0000000000000005FFFFFFF00EE
:108960000000000000000CFFFFFFE000000000001E
:108970000003FFFFFFFD000000000000008FFFFF6D
:10898000FFA000000000000002DFFFFFF700000072
:108990000000000001CFFFFF3000000000000000D9
:1089A00000DFFFD000000000000000003FFFF800E3
:1089B000000000000000000CFFFF1000000000009D
:1089C000000008FFFF800000000000000005FFFF1E
:1089D000D000000005B8000006FFFFF30000018E84
:1089E000FFF60008FFFFF6000009FFFFFFF44DFF50
:1089F000FFF8000000EFFFFFFFFFFFFFF80000009F
:108A00000BFFFFFFFFFFFFF6000000007FFFFFFFEF
:108A1000FFFFC20000000004FFFFFFFFFE60000038
:108A20000000000FFFFFFFB5000000000000007B0A
:108A3000B9740000000000000000018CDA20000082
:108A4000000020001DFFFFF30000008FFF80AFFF3C
:108A5000FFFD00000AFFFFF1EFE10CFF2000BFFF68
:108A6000FE30FFD00AFF300BFFFFE300BFFCBFFF6B
:108A700010CFFFFE30003FFFFFFFDCFFFFE30000F1
:108A800003DFFFFFFFFFFE20000000012DFFFFFFBF
:108A9000E2000000000002FFFFFF300000000000C5
:108AA0000BFFFFFFC0000000018CEFFFFFFFFC0089
:108AB00000001DFFFFFFFFFFFFC00000AFFFFFFF33
:108AC00033EFFFFC0000EFE10CFF202EFFFFC100A1
:108AD000FFD00AFF3002EFFFFC10BFFCBFFF000019
:108AE0001DFFFFC03FFFFFF7000001CFFFD103DFF5
:108AF000FE6000000004750000011000000000008E
:108B0000000000000012222222010000000003FFEA
:108B1000FFFFFE0E7000000005FFFFFFFE0EF700D6
:108B2000000005FFFFFFFE0EFF70012205FFFFFFA3
:108B3000FE0EFFF2DFFF25FFFFFFFF100000FFFF2B
:108B400025FFFFFFFFFFFFF3FFFF25FFFFFFFFFFF5
:108B5000FFF3FFFF25FFFFFFFFFFFFF3FFFF25FFF1
:108B6000FFFFFFFFFFF3FFFF25FFFFFFFFFFFFF307
:108B7000FFFF25FFFFFFFFFFFFF3FFFF25FFFFFFC5
:108B8000FFFFFFF3FFFF25FFFFFFFFFFFFF3FFFFE7
:108B900025FFFFFFFFFFFFF3FFFF25FFFFFFFFFFA5
:108BA000FFF3FFFF25FFFFFFFFFFFFF3FFFF24FFA2
:108BB000FFFFFFFFFFF2FFFF5056666666666650D6
:108BC000FFFFE400000000000000FFFFFFFFFFFFC9
:108BD000FE000000FFFFFFFFFFFFFE0000008BCC48
:108BE000CCCCCCCCB70000002ACCCCCCCCCCCC911B
:108BF0000000CFFFFFFFFFFFFFFD1000FFFFFFFFA3
:108C0000FFFFFFFFD100FFC00000000003FFFD10C9
:108C1000FFC00000000001FFFFD0FFC00000000007
:108C200001FFFFF5FFC00000000001FFFFF6FFC0DD
:108C30000000000001FFFFF6FFFBBBBBBBBBBCFF9E
:108C4000FFF6FFFFFFFFFFFFFFFFFFF6FFFFFFFF46
:108C5000FFFFFFFFFFF6FFFFFFFE513BFFFFFFF6A9
:108C6000FFFFFFF30000CFFFFFF6FFFFFFE0000074
:108C70008FFFFFF6FFFFFFF000009FFFFFF6FFFFF3
:108C8000FFF90004FFFFFFF6FFFFFFFFDABFFFFF62
:108C9000FFF6EFFFFFFFFFFFFFFFFFF56FFFFFFF97
:108CA000FFFFFFFFFFB0002222222222222221000A
:108CB000CEEEEEEEEEEEEEEEEED1FFFFFFFFFFFFAB
:108CC000FFFFFFF4FFFFFFFFFFFFFFFFFFF3133383
:108CD000333333333333332000000000000000000F
:108CE0000000000000000000000000000000000084
:108CF000000000000000DFFFFFFFFFFFFFFFFFE2BB
:108D0000FFFFFFFFFFFFFFFFFFF4FFFFFFFFFFFF7E
:108D1000FFFFFFF312222222222222222210000031
:108D20000000000000000000000000000000000043
:108D3000000000000000000000000000DFFFFFFF57
:108D4000FFFFFFFFFFE2FFFFFFFFFFFFFFFFFFF45B
:108D5000FFFFFFFFFFFFFFFFFFF31222222222226D
:108D60002222221002444444444444444444207F88
:108D7000FFFFFFFFFFFFFFFFFFF7FFFFFFFFFFFF0B
:108D8000FFFFFFFFFFFFFFFFFFFFFFFFFFFFFFFFF3
:108D90007FFFFFFFFFFFFFFFFFFFF704EFFFFFFF76
:108DA000FFFFFFFFFE40B11BFFFFFFFFFFFFFFB113
:108DB0003EFE507FFFFFFFFFFFF707FFFFF903EFC6
:108DC000FFFFFFFE31BFFFFFFFD31BFFFFFFB14ED1
:108DD000FFFFFFFFFF806FFFF609FFFFFFFFFFFFB1
:108DE000FB129922CFFFFFFFFFFFFFFFF8338FFF3A
:108DF000FFFFFFFFFFFFFFFFFFFFFFFFFFFFFFFF83
:108E0000FFFFFFFFFFFFFFFFFFEFFFFFFFFFFFFF82
:108E1000FFFFFFFD4EFFFFFFFFFFFFFFFFFFE4002F
:108E20000344444300000008FFFFFFF8000000BFB8
:108E3000FFFFFF6000000DFFFFFFF1000000FFFFDC
:108E4000FFFC0000002FFFFFFF70000004FFFFFF8A
:108E5000F20000006FFFFFFE66665108FFFFFFFF94
:108E6000FFFFA0AFFFFFFFFFFFF60CFFFFFFFFFFBD
:108E7000FD00FFFFFFFFFFFF400DFFFFFFFFFFB003
:108E800000012222FFFFF2000000002FFFF8000087
:108E9000000006FFFE0000000000AFFF60000000C1
:108EA000000EFFC00000000002FFF3000000000001
:108EB0005FFA000000000009FF100000000000CF72
:108EC000700000000000069000000000000000108C
:108ED00000000000000000001CFF900000000000E7
:108EE0008CCCDFBCFCCCC6000000FFFFFE01FFFF06
:108EF000FC000000FFFFFFDEFFFFFC000000FFFFA3
:108F0000FFFFFFFFFC000000FFFFFF9200000000DA
:108F10000000FFFFFC01222222010000FFFFF80EEB
:108F2000FFFFFC0E7000FFFFF81FFFFFFC0EF700B5
:108F3000FFFFF81FFFFFFC0EFF70FFFFF81FFFFF92
:108F4000FC0EFFF2FFFFF81FFFFFFE100000FFFF07
:108F5000F81FFFFFFFFFFFF3FFFFF81FFFFFFFFFFB
:108F6000FFF3FFFFF81FFFFFFFFFFFF3FFFFF81FF7
:108F7000FFFFFFFFFFF3FFFFF81FFFFFFFFFFFF300
:108F80005888841FFFFFFFFFFFF30000001FFFFF53
:108F9000FFFFFFF30000001FFFFFFFFFFFF30000D4
:108FA000001FFFFFFFFFFFF300000008AAAAAAAA04
:108FB000AA80000000000000000000000000000087
:108FC0006FA00000000000000000BFF000000000E3
:108FD00000000028EFF940000000000008FFFFFF3C
:108FE000FB1000000000AFFFFFFFFFC00000000506
:108FF000FFFFFFFFFFF80000000DFFFFFFFFFFFF77
:109000000000001FFFFFFFFFFFFF5000003FFFFFBA
:10901000FFFFFFFF7000004FFFFFFFFFFFFF80001B
:10902000005FFFFFFFFFFFFF9000008FFFFFFFFFCC
:10903000FFFFC00000CFFFFFFFFFFFFFF00002FFB8
:10904000FFFFFFFFFFFFF6000BFFFFFFFFFFFFFF2C
:10905000FE109FFFFFFFFFFFFFFFFFC0FFFFFFFFAF
:10906000FFFFFFFFFFF36CDDDDDDDDDDDDDDDD902E
:10907000000000000000000000000000000FFFFFE3
:109080004000000000000009FFFD0000000000009B
:1090900000007B810000000019BBBBBBBBBBBBBB9E
:1090A000BBBBBBB70CFFFFFFFFFFFFFFFFFFFFFFD7
:1090B000F7FFFFFFFFFFFFFFFFFFFFFFFFBFFD0009
:1090C0008F107F105F303F501FFCFFC007E006F09D
:1090D00004F202F400FFCFFC008F007F105F303FEE
:1090E000501FFCFFFFFFFFFFFFFFFFFFFFFFFFCF52
:1090F000FFFE66BF66AF768F867FFFFCFFFFD00660
:10910000F005F103F301FFFFCFFFFD007F005F10CB
:109110003F301FFFFCFFFFFFFFFFFFFFFFFFFFFFD1
:10912000FFCFFE66CF76666666669FA67FFCFFC0B1
:1091300007E00000000002F400FFCFFC007E00000A
:109140000000002F400FFCFFFCCEFCCCCCCCCCCDE3
:10915000FDCCFFBDFFFFFFFFFFFFFFFFFFFFFFF99C
:109160004EFFFFFFFFFFFFFFFFFFFFFC10000000AF
:1091700000000000000000210000000000000000CE
:1091800000005CFF5000000000000000006DFFFFC9
:10919000E0000000000000017EFFFFFFD0000000A3
:1091A0000000029FFFFFFFFF600000000003AFFF11
:1091B000FFFFFFFE0000000004BFFFFFFFFFFFF8FE
:1091C00000000005DFFFFFFFFFFFFFF1000007EFDA
:1091D000FFFFFFFFFFFFFF900004EFFFFFFFFFFF18
:1091E000FFFFFF20000EFFFFFFFFFFFFFFFFFA0062
:1091F000000EFFFFFFFFFFFFFFFFF3000005FFFF73
:10920000FFFFFFFFFFFFC0000000012222227FFFBF
:10921000FFFF40000000000000006FFFFFFD0000A6
:109220000000000000006FFFFFF6000000000000DB
:1092300000006FFFFFE000000000000000006FFF73
:10924000FF7000000000000000006FFFFF00000042
:109250000000000000006FFFF800000000000000A8
:1092600000005FFFF10000000000000000002FFF81
:109270009000000000000000000005B800000000A1
:109280000037777777740500000FFFFFFFFFA0FA24
:109290000000FFFFFFFFFA0FFA000FFFFFFFFFA024
:1092A000FFFA00FFFFFFFFFA0FFFFA0FFFFFFFFFBC
:1092B000A0FFFFF6FFFFFFFFFA0000000FFFFFFF18
:1092C000FFE3222221FFFFFFFFFFFFFFFF8FFFFFD2
:1092D000FFFFFFFFFFF8FFFFFFFFFFFFFFFF8FFF15
:1092E000FFFFFFFFFFFFF8FFFFFFFFFFFFFFFF8F05
:1092F000FFFFFFFFFFFFFFF8FFFFFFFFFFFFFFFF85
:109300008FFFFFFFFFFFFFFFF8FFFFFFFFFFFFFFE4
:10931000FF8FFFFFFFFFFFFFFFF8FFFFFFFFFFFFD4
:10932000FFFF8FFFFFFFFFFFFFFFF8FFFFFFFFFFC4
:10933000FFFFFF8FFFFFFFFFFFFFFFF7BFFFFFFFF5
:10934000FFFFFFFE400000000000000000000000E2
:1093500000000000000000269CDEDCB85000000089
:10936000000000018DFFFFFFFFFFFFB500000000C0
:1093700001AFFFFFFFFFFFFFFFFFD50000006FFF02
:10938000FFFFDB999ACFFFFFFFB1000AFFFFFC61EF
:109390000000000039EFFFFE40CFFFFB300000006F
:1093A00000000007FFFFF4AFFF60000000000000B6
:1093B00000001BFFF20AD20000049CEFEDB6200073
:1093C000008E3000000006EFFFFFFFFFFA200000D4
:1093D00000000002CFFFFFFFFFFFFFF700000000CB
:1093E000001FFFFFFB8789DFFFFF80000000000BED
:1093F000FFE600000003AFFF400000000000BA10CD
:109400000000000005D40000000000000000000182
:1094100000000000000000000000000001CFF60086
:10942000000000000000000000000BFFFF30000003
:1094300000000000000000000FFFFF7000000000AF
:109440000000000000000DFFFF50000000000000C1
:109450000000000003FFFA00000000000000000010
:1094600000000015300000000000000000000000B7
:109470000000000000000000004EFFFFFFFFFFFFA4
:10948000FFFFFFFFFFF600EFFFFFFFFFFFFFFFFF04
:10949000FFFFFFFF00FFEBBBBBBBBBBBBBBBBBBB53
:1094A000BDFF50FFC000000000000000000007FFEB
:1094B000F9FFC0EFFFFFFFFFFFFFFFFF07FFFAFF0E
:1094C000C0EFFFFFFFFFFFFFFFFF037FFAFFC0EFCB
:1094D000FFFFFFFFFFFFFFFF001FFAFFC0EFFFFFCF
:1094E000FFFFFFFFFFFF001FFAFFC0EFFFFFFFFFBF
:1094F000FFFFFFFF05DFFAFFC0788888888888882B
:10950000888807FFFAFFC00000000000000000008C
:1095100007FFF6FFFFFFFFFFFFFFFFFFFFFFFFFF5C
:1095200010CFFFFFFFFFFFFFFFFFFFFFFFFD001951
:10953000BBBBBBBBBBBBBBBBBBBBBB920000000090
:1095400000000000000000000000004EFFFFFFFFD1
:10955000FFFFFFFFFFFFFFF600EFFFFFFFFFFFFF33
:10956000FFFFFFFFFFFF00FFEBBBBBBBBBBBBBBBFA
:10957000BBBBBDFF50FFC0000000000000000000AA
:1095800007FFF9FFC0EFFFFFFFFFFFFD000007FF30
:10959000FAFFC0EFFFFFFFFFFFFD0000037FFAFFB0
:1095A000C0EFFFFFFFFFFFFD0000001FFAFFC0EF4D
:1095B000FFFFFFFFFFFD0000001FFAFFC0EFFFFFEE
:1095C000FFFFFFFD000005DFFAFFC078888888886C
:1095D0008886000007FFFAFFC000000000000000BE
:1095E000000007FFF6FFFFFFFFFFFFFFFFFFFFFF8A
:1095F000FFFF10CFFFFFFFFFFFFFFFFFFFFFFFFD9C
:109600000019BBBBBBBBBBBBBBBBBBBBBB920000A6
:10961000000000000000000000000000004EFFFFFE
:10962000FFFFFFFFFFFFFFFFFFF600EFFFFFFFFF62
:10963000FFFFFFFFFFFFFFFF00FFEBBBBBBBBBBBA1
:10964000BBBBBBBBBDFF50FFC00000000000000063
:10965000000007FFF9FFC0EFFFFFFFFB0000000065
:1096600007FFFAFFC0EFFFFFFFFB00000000037FD2
:10967000FAFFC0EFFFFFFFFB00000000001FFAFF32
:10968000C0EFFFFFFFFB00000000001FFAFFC0EF6C
:10969000FFFFFFFB0000000005DFFAFFC0788888AD
:1096A00088850000000007FFFAFFC00000000000EE
:1096B0000000000007FFF6FFFFFFFFFFFFFFFFFFB7
:1096C000FFFFFFFF10CFFFFFFFFFFFFFFFFFFFFFC9
:1096D000FFFD0019BBBBBBBBBBBBBBBBBBBBBB92DA
:1096E0000000000000000000000000000000004E2C
:1096F000FFFFFFFFFFFFFFFFFFFFFFF600EFFFFF92
:10970000FFFFFFFFFFFFFFFFFFFF00FFEBBBBBBB48
:10971000BBBBBBBBBBBBBDFF50FFC000000000001C
:109720000000000007FFF9FFC0EFFFF90000000094
:10973000000007FFFAFFC0EFFFF900000000000083
:10974000037FFAFFC0EFFFF9000000000000001FD8
:10975000FAFFC0EFFFF9000000000000001FFAFF51
:10976000C0EFFFF900000000000005DFFAFFC0783D
:10977000888400000000000007FFFAFFC00000001E
:1097800000000000000007FFF6FFFFFFFFFFFFFFE4
:10979000FFFFFFFFFFFF10CFFFFFFFFFFFFFFFFFF8
:1097A000FFFFFFFD0019BBBBBBBBBBBBBBBBBBBB58
:1097B000BB9200000000000000000000000000005C
:1097C000004EFFFFFFFFFFFFFFFFFFFFFFF600EF71
:1097D000FFFFFFFFFFFFFFFFFFFFFFFF00FFEBBBF0
:1097E000BBBBBBBBBBBBBBBBBDFF50FFC0000000D6
:1097F00000000000000007FFF9FFC00000000000AB
:109800000000000007FFFAFFC00000000000000099
:109810000000037FFAFFC00000000000000000000D
:10982000001FFAFFC0000000000000000000001F41
:10983000FAFFC000000000000000000005DFFAFF92
:10984000C000000000000000000007FFFAFFC00099
:10985000000000000000000007FFF6FFFFFFFFFF11
:10986000FFFFFFFFFFFFFFFF10CFFFFFFFFFFFFF27
:10987000FFFFFFFFFFFD0019BBBBBBBBBBBBBBBBFF
:10988000BBBBBB920000000000000000189200006B
:1098900000000000000000000012DFFE10000000C9
:1098A0000000000000001CFFFFFF5000000000004F
:1098B00000000000CF76FFFF200000000000000045
:1098C0000005F6004CD50000000000003300000D3C
:1098D000D000000000000000001CFFD2004F60001C
:1098E000000000000C4000AFFFFC01DE00000000A3
:1098F00000001FFA10FFFFFFFFFFFFFFFFFFFFFF4A
:10990000FFFFF5DFFFFF88889FE8888888888FFF42
:10991000915FFFF8000007F3000000000FC3000490
:10992000BB60000000EB000000000400000000002D
:109930000000008F30088883000000000000000055
:10994000001EC12FFFF7000000000000000000040F
:10995000FFFFFFF700000000000000000000279F4D
:10996000FFF700000000000000000000002FFFF6DD
:1099700000000000000000000000000000000000E7
:109980000000000000110000000000029EFFFFC761
:1099900000000007FFFFDFFFFD200008FFFFF2DFF0
:1099A000FFFE0003FFFFFF11DFFFF900AFFFFFF134
:1099B00001EFFFF00FFFFFFF1212EFFF53FFF47FE5
:1099C000F13D13FFF86FFF407F13F50CFFB8FFFF69
:1099D0004071350AFFFD9FFFFF400008FFFFEAFFCF
:1099E000FFFF3006FFFFFEAFFFFFF4006FFFFFE950
:1099F000FFFFF400007FFFFE8FFFF40613508FFF80
:109A0000D6FFF407F13F409FFB3FFF47FF13D11DF7
:109A1000FF90FFFFFFF1211DFFF50AFFFFFF202E42
:109A2000FFFF002FFFFFF22EFFFF80006FFFFF4EB2
:109A3000FFFFE000004EFFFFFFFFC2000000059C9B
:109A4000DDC94000000000000222221000000000DA
:109A50000000CFFFFFE1000000ACCCCDFFFFFFFD19
:109A6000CCCCC1FFFFFFFFFFFFFFFFFFF4DFFFFFD5
:109A7000FFFFFFFFFFFFE20000000000000000000A
:109A80000007CCCCCCCCCCCCCCCA000AFFFFFFFF6B
:109A9000FFFFFFFE000AFFFFFFFFFFFFFFFE000AC0
:109AA000FFE1EFF2CFF3BFFE000AFFD0DFF0BFF11E
:109AB0009FFE000AFFD0DFF0BFF19FFE000AFFD03B
:109AC000DFF0BFF19FFE000AFFD0DFF0BFF19FFE85
:109AD000000AFFD0DFF0BFF19FFE000AFFD0DFF0E9
:109AE000BFF19FFE000AFFD0DFF0BFF19FFE000A2A
:109AF000FFD0DFF0BFF19FFE000AFFD0DFF0BFF123
:109B00009FFE000AFFE1EFF1CFF3AFFE0009FFFF78
:109B1000FFFFFFFFFFFD0006FFFFFFFFFFFFFFFA54
:109B200000007BCCCCCCCCCCCB9100000000000062
:109B3000000000013000000000000000000004FFF1
:109B4000D1000000000000000004FFFFD100000071
:109B50000000000003FFFFFFD10000000000000133
:109B60000CFFFFFFB0000000000004F40CFFFFFF3B
:109B7000000000000004FFF40CFFFFA00000000044
:109B800004FFFFF40CFFB00000000004FFFFFFF42F
:109B90000CB00000000004FFFFFFFFF40000000015
:109BA0000004FFFFFFFFFFB00000000004FFFFFF05
:109BB000FFFFB00000000004FFFFFFFFFFB0000048
:109BC000000004FFFFFFFFFFB00000000004FFFFE4
:109BD000FFFFFFB00000000004FFFFFFFFFFB00029
:109BE00000000003FFFFFFFFFFB000000000008F38
:109BF000FFFFFFFFB000000000000AFFFFFFFFB003
:109C0000000000000000CFFFFFFFB00000000000D8
:109C1000000EFFFFFFB000000000000000FFFFFF8C
:109C2000B00000000000000008B97540000000000E
:109C30000000000000000002688888888888888802
:109C400075000000005FFFFFFFFFFFFFFFFFFFC089
:109C5000000005FFFFFFFFFFFFFFFFFFFFF5000014
:109C60005FFFFFFFFFFFFFFFFFFFFFF70005FFFFA5
:109C7000FFFF80CFFFC08FFFFFF8005FFFFFFFFCFB
:109C8000000CFC000CFFFFF805FFFFFFFFFF50007A
:109C900090005FFFFFF85FFFFFFFFFFFF50000058B
:109CA000FFFFFFF8EFFFFFFFFFFFFF40004FFFFF49
:109CB000FFF8BFFFFFFFFFFFFC00000CFFFFFFF8F6
:109CC0000CFFFFFFFFFFC0001000CFFFFFF800CF29
:109CD000FFFFFFFD0005F5000DFFFFF8000CFFFF83
:109CE000FFFE205FFF502EFFFFF80000CFFFFFFFB9
:109CF000E8FFFFF8EFFFFFF800000CFFFFFFFFFF9A
:109D0000FFFFFFFFFFF7000000CFFFFFFFFFFFFF98
:109D1000FFFFFFF200000009EFFFFFFFFFFFFFFF63
:109D2000FD500000000000000000000002EFFFFFF7
:109D3000FFFE700002EFFFFFFFFFFF5002EFBBFCD2
:109D4000BFDBBFF902EFD02F40E701FFA2EFFD021A
:109D5000F40E701FFAEFFFD02F40E701FFAFFFFDB9
:109D600024F62E823FFAFFFFFFFFFFFFFFFFAFFF4A
:109D7000FFFFFFFFFFFFFAFFFFFFFFFFFFFFFFAF48
:109D8000FFFFFFFFFFFFFFFAFFFFFFFFFFFFFFFFE8
:109D9000AFFFFFFFFFFFFFFFFAFFFFFFFFFFFFFF28
:109DA000FFAFFFFFFFFFFFFFFFFAFFFFFFFFFFFF18
:109DB000FFFFAFFFFFFFFFFFFFFFFAFFFFFFFFFF08
:109DC000FFFFFFAFFFFFFFFFFFFFFFFAFFFFFFFFF8
:109DD000FFFFFFFF99FFFFFFFFFFFFFFF409EFFF0A
:109DE000FFFFFFFFD50000000000000000000000A2
:109DF0002C000000000000000000002EF100000018
:109E00000000000000001EFF100003ED0000000035
:109E10000005FFF10004FFF000000000005FFF10EC
:109E200005FFFF000000000005FFF106FFFFF666DA
:109E3000666666669FFF17FFFFFFFFFFFFFFFFFFDE
:109E4000FFF1DFFFFFFFFFFFFFFFFFFFFF13EFFF4C
:109E5000FFFFFFFFFFFFFFFFD002EFFFF111111126
:109E6000111111100002DFFF0000000000000000CF
:109E70000001DFF000000000000000000001B80059
:109E800000000000000000000000000000000000D2
:109E90000000F005000000000000E00504100100D3
:109EA0002000A008070701093900700F0F100000FB
:109EB000B100B00D0D1600FD40019012121000000F
:109EC000D001100F0F1100FF5002A0040307010979
:109ED0005B027007051502FC90027007061500FC76
:109EE000CF02D00809090008F802D00C0B0A0103C0
:109EF0002F030005030701FD3A037008070201055F
:109F000041030005030401004703C0070A15FFFED3
:109F1000B003B00E0D100100180420080610000058
:109F20004804A00C0C100000A804900C0C100000B9
:109F30000805B00E0F1000008005A00C0C100000EA
:109F4000E005900D0C1001004006200D0D100000E2
:109F5000A806300E0E1000001807900D0D1000001E
:109F600080070005030C010092070005031001FCA7
:109F7000AA07D00C0B0B0102E707D00C0B0701045A
:109F80000E08D00C0B0B01024B08A00C0C100000AB
:109F9000AB08C016151401FC7D0920101210FF003B
:109FA0000D0AA0100E1002007D0AE00F0F10010034
:109FB000F50A301210100200750BC00E0C100200D2
:109FC000D50B000E0C100200350C00110F10010013
:109FD000AD0CE0110E1002001D0DD00603100200A2
:109FE000350D500B0B10FF008D0DD00F0E10020021
:109FF000FD0D100D0B100200550E00151110020082
:10A00000DD0EE0110E1002004D0F80121110010044
:10A01000D50FE00F0D1002003D108012121301FD4C
:10A02000E81000100D1002005011B00D0D100000CE
:10A03000B811F00C0D100000201260110E1002007B
:10A040009012B00F1110FF001813C0181910000063
:10A05000E013D00E0F1000005814400E1010FF0037
:10A06000D814700E0E10000048155007051502FC9C
:10A070007D15C0070A15FFFEE6155007061500FC02
:10A080002516D00C0B0A01035C16000B0B0300FE17
:10A090006D16300D0703020E7816200D0B0C010013
:10A0A000BA16000F0D1102002917900C0C0C0000BD
:10A0B0007117000F0D110000E017700D0D0C00005E
:10A0C0002E18C007091100007B18300F0E1000FC7D
:10A0D000EB18000F0C1102005119200604110100A9
:10A0E000731940060815FDFCC719900D0C110200EC
:10A0F0002D1A200603110200471A4017140C020003
:10A10000BF1A000F0C0C0200071B000E0E0C000003
:10A110005B1B000F0D1002FCC31B000F0D1000FC99
:10A120002B1C0009070C0200551C000B0B0C000037
:10A13000971C2009090F0000DB1CE00E0C0C01002D
:10A14000231D500C0E0CFF00771DC013140C0000D3
:10A15000EF1D200C0C0C0000371E500C0E10FFFCE5
:10A16000A71E700B0B0C0000E91EC007071501FCB1
:10A17000331F9006031502FC531FC007071500FC90
:10A180009D1FD00C0B040106B31F300909080008FD
:10A19000D71FF00605050104E41F00161717FFFD81
:10A1A000ED20001616110000A8210016161400FE5E
:10A1B00084220016161100003F23200F101000000B
:10A1C000BF230016161700FDBC240016161700FD4D
:10A1D000B925C018191400FEB3260016161700FD85
:10A1E000B027C0181911000085280016161700FDA9
:10A1F0008229000B0B1200FFE5298010111200FFCD
:10A200007E2AC018191600FD912B001616110000A9
:10A210004C2C200F101700FD042D40130F1502FECB
:10A22000A22D4013141800FC922E4013141400FEAB
:10A230005A2F4013141400FE223040130F1502FE53
:10A24000C03040131514FFFE9231C00D0C1401FEF6
:10A250000A32C00D0C1401FE82324013141400FEA9
:10A260004A334013140500067C33C018191100004E
:10A270005134801B1C1700FD9335C0181B17FFFDC0
:10A28000CA360016161500FEB1374013130C000233
:10A2900023384013130C00029538801B1C1200FF5A
:10A2A00091390016161100004C3A0016161700FDE1
:10A2B000493B00161717FFFD523C4013141400FED3
:10A2C0001A3D4013141700FD003E4013141400FE05
:10A2D000C83E4013141200FF7C3F00161611000008
:10A2E0003740C00D0F17FFFDE4404013141700FD69
:10A2F000CA414013141700FDB042C01819110000E4
:10A30000854300161817FFFD99448010111700FDB2
:10A310005D45801B1C1500FE8346801B1C0F000141
:10A320005547801B1C0F00012748801B1C0F000194
:10A33000F948801B1C0F0001CB49801B1C0F00013A
:10A340009D4A801B1C1200FF994B4013111701FD01
:10A350005D4C4013141700FD434D00161717FFFD09
:10A360004C4E801B1C1100003A4F8010111700FD4D
:10A37000FE4F2016170E00010000721F51EF58EF1C
:10A380005BEF5CEF5DEF61EF63EF65EF69EF6CEF43
:10A3900071EF76EF77EF78EF8EEF93EF98EF9BEF1B
:10A3A0009CEF9DEFA1EFA2EFA3EFA4EFB7EFB8EF03
:10A3B000BEEFC0EFC1EFC4EFC7EFC8EFC9EFCBEFFF
:10A3C000E3EFE5EF14F015F017F019F030F037F087
:10A3D0003AF043F06CF074F0ABF03BF190F191F196
:10A3E00092F193F194F1D7F1E3F13DF254F2AAF432
:10A3F00012F7F2F7200000005F00010000000000EB
:10A400000000000000000200B0000000F3F7600050
:10A4100078A30408000000003E00030000000102D1
:10A420000003040502060708090A090A0B0C000DBF
:10A430000E0F101112130C1414000000151617182B
:10A4400019161A1B1C1D1D1E1F201D1D162122233F
:10A4500003241E2525262728292A2B002C002D2EF3
:10A460002F303132332D343435302D2D2E2E3637DA
:10A470003839333A3A3B3A3C290000093D0900009B
:10A4800000000000000000000000000000000000CC
:10A4900000000000000000000000000000000000BC
:10A4A00000000000000000000000000000000000AC
:10A4B0000000000000000000000000000102000396
:10A4C000040502060708090A090A0B0C0D0E0F10F5
:10A4D000110C12131415150000001617181917196E
:10A4E00019191719191A1919191917191719031BF5
:10A4F0001C1D1D1E1F202122230024002526272786
:10A5000027002726282926262A2A272A272A2B2CED
:10A510002D2E2E2F2E3000002309310900000000BF
:10A52000000000000000000000000000000000002B
:10A53000000000000000000000000000000000001B
:10A54000000000000000000000000000000000000B
:10A5500000000000000000000001000000000000FA
:10A5600000010000040000000002000000000000E4
:10A5700000000000000000000000010000000000DA
:10A580000000000000000000000110000AF80000B8
:10A590000000EDEB02110806F20211010F040B009E
:10A5A000000000000000000000001503FE00000095
:10A5B0000000000000000000000700F5000000009F
:10A5C00000F906070000FC00FE0400FC00FCFEF998
:10A5D00000000000FC0000FBFB0000FC00F9000094
:10A5E00000000000000000FCFC00FB00F600D500AD
:10A5F00000F900070B0000F904040C07FA0700003B
:10A60000EC0000000000000000000000F30000006B
:10A610000000000000000000000000F6FCEF00F267
:10A62000FE00000000010E00F5FDFF0100FA000031
:10A63000FEE60000000000000000000000E4FD0D48
:10A64000000000000000000000000000F200000018
:10A65000000000000000000C00040000F9000000F1
:10A6600000000000000000000000000000000D03DA
:10A6700001000000000000000000000000000000D9
:10A6800000000000000000000000000000000000CA
:10A690000000000000000000F300000000000000C7
:10A6A00000000000000000000000000000000002A8
:10A6B00007040BFC000007FCF4D0020A0701FB00B2
:10A6C0000D000B000B00DF00FC0B000CFC0704006E
:10A6D0000001FC0000FA1C001C000B000F05060B1B
:10A6E000000000F30000000001FE0002FAFBF90286
:10A6F00000FC000000F2000000000000000000006C
:10A7000000E9000000000000000000000000000060
:10A710000001ED00EA00000000FE0023FCFB040441
:10A72000FD00FB040000ED00000000000000000040
:10A730000000DE0004000000000000000000000037
:10A7400000EA00150000F3000C00E8DEE8F90B0059
:10A7500000E80004F800FB0000000000000000001A
:10A76000000000090BD50000000000000000000000
:10A77000000011000200000000000202FCF900FFCE
:10A78000FFFC0000FE000000F900FD00F8F900F7F2
:10A79000F4F4F900F900F900000000FD00000400E5
:10A7A00002FC000100000004FE000000FE0404FFA3
:10A7B000000000F900FF0000000000010005FE009D
:10A7C000FC00FA0000FE000B0000FC00000000008E
:10A7D000FF01FEFE0000FC00FC0000000000000085
:10A7E0000000FEFE00FCFC0000000000010000FE76
:10A7F00000FCFCFC000000000000000000FE000067
:10A800000000FEFB00FB00F5FEF5070000F9040761
:10A810000A00F7FFFC00FFEF04FE02ED0400000158
:10A82000EE00EDFDE1FE00EE00070A00050000006D
:10A83000000100FAFB00F5000000FC000000FC0035
:10A8400000000000FEFE00FEFB0000000000000013
:10A85000FCFC00FEFCFD0000FC000000000000000D
:10A8600000000000FDFD00FC00FE00F9040000FCFB
:10A87000020404000000000000FE000000000002CE
:10A880000000FC00FCFEFC000000000000000300D3
:10A89000FD00000000FCFB00F9000BFE01F50000CC
:10A8A0000AEEEEF1F90400FDE9FA00FA00F905FA02
:10A8B000E900F6000002FF03FE000400F5F300EEDD
:10A8C000F8F9F8F5FCF6FFF9F602000100FC0000CB
:10A8D000000200040000000000000000000000FC76
:10A8E00000FE00FFFC00FAF8F8FF00F50000000091
:10A8F0000000FD0000000001FE0000000400000058
:10A900000000000000110000000000000200000034
:10A91000FC0000000000000000000000FA0004003D
:10A92000000000000000000000000000FE00000029
:10A93000F900000000EEF5000000FBEE0000FC0452
:10A9400000F600000000000000000000FA0000F91E
:10A950000000000000000000000000000400FA00F9
:10A96000000000040002F9F900FCFCFC00000000FB
:10A970000000F500FC00FBFC00F8F7F5FD00F90015
:10A98000F5000000001C0000020000FB000400F1C4
:10A990000000000000DFFA0C0BFDF10004FB00EEEC
:10A9A000FEFB04E7FC050005F4FBF3F4F10000EB0B
:10A9B00000140000FE000000FEFEFCF6F4FFDF00C5
:10A9C0000000000000000000010000000000000086
:10A9D000000000000000000000FC00FEFCFB000086
:10A9E000F900FC0000000000000000000000000072
:10A9F0000000FF00F9000007FF0500F804FEFFF764
:10AA0000FC00FBFCFE00FBFA0000FDFFFEFAFC0070
:10AA100000FC0004FE00F8000000F900FA00FAFA59
:10AA2000040000000000000000F90400FB00FEFC30
:10AA3000F5FEFEFEFFFEFCFF0000000000FCFDFD39
:10AA40000000000004FE00FE000000FEFCFEFDFC15
:10AA5000FD00030EFF00F600FE0700FCF1FB050001
:10AA600000EFFA04FA0200FEFDF500FB020000FA16
:10AA70000000000404F9F900FAFCFBFCFC00FA02F7
:10AA8000F9FA0B00000000000000000004000000C4
:10AA900000000000000000000000000000000000B6
:10AAA00000000000FA0000000000000000000000AC
:10AAB0000000000000000000000000000000000096
:10AAC0000000000000000000000000000000000086
:10AAD000FE00000000000000000000000000000078
:10AAE0000000000000000000000000000000FDFC6D
:10AAF000000000000000000000000000FB0000FB60
:10AB00000000FCFC00000000FC00000000FE000053
:10AB1000000000FE00000000FB00F9000000F4004F
:10AB200002F80701FEEF0000F8FC00F2F7F6000063
:10AB3000F1FCF2F3EF00F7000318FB00F8FCFFFC58
:10AB4000FAF6FAF3F2F8FC0000FE00010000E7FD5F
:10AB50000B08F8F30001F500EEFEFC07E0FB010036
:10AB600000E9FCEEFCE60000E700150100FE000035
:10AB70000000FEFEF3FE00E900000000F500FD000D
:10AB8000FFF6EF0000FEFBF5FC00FE00000000F009
:10AB9000FCF4F5FDFAF7FCFA00F9FDF4FB00FCF912
:10ABA000FCF9000200FEF4000700FA0000000004B7
:10ABB0000002F90E00FCFCFC000000000000F500A3
:10ABC000FC00FBFC00F8F7F5FD00F9030E000000A7
:10ABD000001C0000020000FB000400000000000058
:10ABE0000000FF0000000000FEF90000000000FE71
:10ABF000000000FCFC0000F9FC0000F90006FE006B
:10AC000000000000000200000000050703FD00F541
:10AC1000FA000BF4F5F9F90E0604E1FE07FC00FC5E
:10AC200004FCF400FC04FBFDF5FD00000B0700F63E
:10AC300000EDFB0AFBF301FBF4F4FC0E0400FB0047
:10AC4000F600030CF8F3F2F70B0001E6FD04FAFE40
:10AC5000F800F8F3FBFBFD0000F8F9FC000B08FC22
:10AC6000ED00EDFB00F4ECFFF5FAF4F60A0000FB52
:10AC700000F9FD00FCFA0006F4040000ED00FCF809
:10AC8000FAFEF5F7F4F800F5FCF8F9F5FC00000120
:10AC900011FA00F5FC00FCF9F8F6F6F3FBF90700F1
:10ACA000FB00EEFC0207F5F3F9F40CFC02DFFA07F7
:10ACB000F8FAF300F5F1FCFCFDFCF9F5FF00000BE0
:10ACC0000AFEE900EBF808F3E8F9F4F1EEF4070006
:10ACD000000000FC000004FC0702F9070000F5FF7B
:10ACE00000FF000101FD000000000000FC0000006A
:10ACF00000030B0100FC00000000FEFEFC00000051
:10AD00000103000000000300FD000D00060101FB2F
:10AD10000007000000030000000000000000000029
:10AD2000000B000A0000000000000000000000000E
:10AD30000000EB00FC06000B00002304F9F90404FA
:10AD4000FE01EE000011EB0000000000000000001A
:10AD50000000E80D310000000000000000000000CD
:10AD600000EB0000000000000000000000000000F8
:10AD7000000000000000000000000000FA0000F9E0
:10AD8000FD000000000000000000000000000000C6
:10AD900000000000FE00F60000010000042DF9FD97
:10ADA0000B0AF60400000404FB0000000000000091
:10ADB00000000000D20A00000000000000000000B7
:10ADC00000000000000000F6000000F60000000097
:10ADD000F8FE000000F800FC00EF0000000000009A
:10ADE0000000000000E8000000000100000000007A
:10ADF00000FC0000F900FB00F6000000FA04FC0073
:10AE000000F6FCF80000F600FC00EF00FC0000E398
:10AE1000F9F2FCF30000E800F6FE0000000000007C
:10AE20000000FBFAFDFA00000000F800F805FC073E
:10AE300000FEF8FEFAF900FCFEFE02F6FF0000003C
:10AE4000E1FDFB00F800FEEFFD0000FEFD0000004C
:10AE5000000200FEFAFE06000000000000000000F4
:10AE600000000000000000000000000000000000E2
:10AE700000000000000000000000000000000000D2
:10AE8000000005000000000000F800FE000000F9CE
:10AE900004000000F6FCF90000F600FC00EF0000E2
:10AEA0000000DE00F9F3EE0000E800FEFB00000009
:10AEB0000000000000FCFBFEFB01000006FB000B95
:10AEC00011FCFCF504110608F6040F040A080A0038
:10AED000000000000000000000001611FAFC00FD58
:10AEE0001C0F1C0000000400000D0000FA00000010
:10AEF000000000000000FE0000000000000000054F
:10AF000000000000E2FCFDF2EF0000E8000000009D
:10AF100000000000000000000000000000FA000037
:10AF200000000000000000FE000000000000000023
:10AF30000500000000E2FCFDF2EF0000F20000005E
:10AF40000000000000000000000000000000000001
:10AF5000FD000000F80400FC030604F500FFFD04FA
:10AF6000000300000000F700FDFEF900FDF20016EE
:10AF7000FC00F8FE00FEFA00FCF6F9FC000000FA06
:10AF8000000000000000000000FE000000000000C3
:10AF900000000500000000E2FCFDF2EF0000E80008
:10AFA000000000000012000000000000000000008F
:10AFB000FA00F5FCFD0BFDFCF201FE01FEF60108B6
:10AFC00001030103F8F2FC00F3F9F6F1F200FAF9DB
:10AFD000FCFBFDFEFCFE00FEFF050005FE000B0075
:10AFE0000000000000000000000000FEFCFC00006B
:10AFF000F600FE00FA000000000000000000000063
:10B00000EB0000000000000000000000FCFC00FB62
:10B0100000000000FD0000FAFC0400FAF9FE00F652
:10B02000FEF8FEFC00FA0000000000000000000036
:10B0300000E8000B0000FA00000000FB00FC00002C
:10B04000FE0000FE00F800000FFBF4F5020404FF10
:10B05000F60205020B020CFEF60000F20000F5F607
:10B060000000F900FBFA00FB00FB00FE0500FDF507
:10B07000FC0D0000FD00F9000005F80004FC0300D1
:10B0800000F400FEFF00FC04FD000000F2FCF800EC
:10B09000F50000EF000DFC00FA000200FC00FCF5DA
:10B0A00000FC0400000000FE000004FB010000FCA6
:10B0B000FE00FC0000000000000000000000000096
:10B0C00000000000EA00080000FD00000000010090
:10B0D000FCFC0000000700080000000000EAEC0192
:10B0E0000F0B06F2020F000D000700000000000029
:10B0F000000000000013000000000000000000003D
:10B10000000000000000000058A504081CA404086A
:10B11000BAA404083D310000E84D0408889E0408E4
:10B12000F4A3040808B104081000022879FC0108FF
:10B13000FDF80108000000001800000004000000F5
:10B1400000FE010018B1040800000000000000002B
:10B150006C765F696E6465765F63726561746500C5
:10B160006C765F696E6465765F64656C65746500B6
:10B170006C765F696E6465765F6164645F65766551
:10B180006E745F6362006C765F696E6465765F679C
:10B1900065745F6576656E745F636F756E74006C61
:10B1A000765F696E6465765F6765745F6576656E08
:10B1B000745F647363006C765F696E6465765F725A
:10B1C000656D6F76655F6576656E74006C765F6938
:10B1D0006E6465765F72656D6F76655F6576656EC8
:10B1E000745F63625F776974685F757365725F64CB
:10B1F00061746100696E6465765F7363726F6C6C15
:10B200005F7468726F775F616E696D5F636200691A
:10B210006E6465765F7363726F6C6C5F7468726F77
:10B22000775F616E696D5F73746172740066696ED9
:10B23000645F747261636B5F656E64006368696C00
:10B240006472656E5F7265706F73006C765F6269C1
:10B250006E5F6465636F6465725F696E6974006CCC
:10B26000765F62696E5F6465636F6465725F676570
:10B27000745F61726561006765745F6465636F64C4
:10B2800065725F64617461006465636F64655F69C2
:10B290006E6465786564006C6F61645F696E646597
:10B2A000786564006465636F64655F616C70686194
:10B2B0005F6F6E6C79006465636F64655F636F6D6B
:10B2C00070726573736564006C765F696E69740093
:10B2D0006C765F676C6F62616C5F696E6974006C3D
:10B2E000765F636C65616E75705F646576696365D2
:10B2F00073006C765F63616368655F637265617438
:10B3000065006C765F63616368655F646573747222
:10B310006F79006C765F63616368655F6163717507
:10B32000697265006C765F63616368655F72656C06
:10B3300065617365006C765F63616368655F616416
:10B3400064006C765F63616368655F6163717569F2
:10B3500072655F6F725F637265617465006C765FC2
:10B3600063616368655F72657365727665006C76AC
:10B370005F63616368655F64726F70006C765F63C2
:10B38000616368655F65766963745F6F6E65006CA5
:10B39000765F63616368655F64726F705F616C6C38
:10B3A0000063616368655F65766963745F6F6E658E
:10B3B0005F696E7465726E616C5F6E6F5F6C6F63F8
:10B3C0006B0063616368655F6164645F696E746587
:10B3D000726E616C5F6E6F5F6C6F636B006C765F3B
:10B3E00063616368655F656E7472795F72657365CA
:10B3F000745F726566006C765F63616368655F6544
:10B400006E7472795F696E635F726566006C765FF9
:10B4100063616368655F656E7472795F6465635FBD
:10B42000726566006C765F63616368655F656E7404
:10B4300072795F6765745F726566006C765F6361E1
:10B440006368655F656E7472795F7365745F6E6F54
:10B4500064655F73697A65006C765F6361636865D4
:10B460005F656E7472795F7365745F696E76616C27
:10B470006964006C765F63616368655F656E7472B2
:10B48000795F69735F696E76616C6964006C765F81
:10B4900063616368655F656E7472795F6765745F29
:10B4A00064617461006C765F63616368655F656E9B
:10B4B0007472795F616371756972655F64617461EB
:10B4C000006C765F63616368655F656E7472795F57
:10B4D00072656C656173655F64617461006C765F51
:10B4E00063616368655F656E7472795F6765745FD9
:10B4F000656E747279006C765F63616368655F6521
:10B500006E7472795F7365745F6361636865006C04
:10B51000765F63616368655F656E7472795F6765A6
:10B52000745F6361636865006C765F63616368651F
:10B530005F656E7472795F616C6C6F63006C765FCF
:10B5400063616368655F656E7472795F696E697463
:10B55000006C765F63616368655F656E7472795FC6
:10B5600064656C65746500009D2A00084D900008B4
:10B57000E943000869670008A92400084D60030832
:10B58000E15200082D520008396F0008716203086B
:10B590009D2A00088D910008E943000869670008AA
:10B5A000A92400084D600308E15200082D5200084C
:10B5B000396F0008716203086765745F6362006138
:10B5C00064645F63620064726F705F636200616CE9
:10B5D0006C6F635F6E65775F6E6F646500616C6C46
:10B5E0006F635F636200696E69745F636E745F634B
:10B5F0006200696E69745F73697A655F6362006493
:10B60000657374726F795F63620072656D6F7665E2
:10B610005F63620064726F705F616C6C5F63620095
:10B620006765745F76696374696D5F6362007265F4
:10B6300073657276655F636F6E645F6362000000BE
:10B64000D77B000800000000197C0008D57D0008A9
:10B6500000000000177E00086C765F616E696D5F08
:10B660007374617274006C765F61727261795F6984
:10B670006E6974006C765F61727261795F72657376
:10B68000697A65006C765F61727261795F636F6E73
:10B69000636174006C765F61727261795F7075735B
:10B6A000685F6261636B006C765F61727261795F83
:10B6B0006174006C765F6576656E745F61646400CA
:10B6C0006C765F6576656E745F72656D6F76655FCB
:10B6D000647363006C765F6576656E745F6765742E
:10B6E0005F636F756E74006C765F6576656E745F10
:10B6F0006765745F647363006C765F6576656E740E
:10B700005F6473635F6765745F6362006C765F6537
:10B7100076656E745F6473635F6765745F75736588
:10B72000725F64617461006C765F6576656E745FEC
:10B7300072656D6F7665006C765F6576656E745FB9
:10B7400072656D6F76655F616C6C006C765F6673B9
:10B750005F6F70656E006C765F66735F6472765FB4
:10B760007265676973746572006C765F66735F7289
:10B770006561645F636163686564000000003C02AA
:10B780007804B306EE08280B610D990FD01106144A
:10B790003A166C189D1ACB1CF71E212148236C25E4
:10B7A0008E27AC29C72BDF2DF32F03321034183628
:10B7B0001D381C3A183C0E3E0040ED41D443B745BD
:10B7C00094476B493D4B084DCE4E8E504752FA532D
:10B7D000A6554C57EB58825A135C9D5D1F5F9A60CB
:10B7E0000E627A63DE643A668E67DA681E6A5A6BA6
:10B7F0008D6CB86DDA6EF46F04710D720C73027497
:10B80000EF74D375AE76807748780779BC79687A1B
:10B810000B7BA37B337CB87C347DA67D0E7E6D7E56
:10B82000C17E0C7F4C7F837FB07FD37FEC7FFB7F1B
:10B8300000800010161B2023272A2D30323537397F
:10B840003B3D4041434547494B4C4E505153545664
:10B8500057595A5B5D5E60616263656667686A6BD3
:10B860006C6D6E707172737475767778797A7B7C93
:10B870007D7E80808182838485868788898A8B8C7F
:10B880008D8E8F9090919293949596969798999A81
:10B890009B9B9C9D9E9FA0A0A1A2A3A3A4A5A6A79D
:10B8A000A7A8A9AAAAABACADADAEAFB0B0B1B2B2C9
:10B8B000B3B4B5B5B6B7B7B8B9B9BABBBBBCBDBD03
:10B8C000BEBFC0C0C1C1C2C3C3C4C5C5C6C7C7C847
:10B8D000C9C9CACBCBCCCCCDCECECFD0D0D1D1D292
:10B8E000D3D3D4D4D5D6D6D7D7D8D9D9DADADBDBE7
:10B8F000DCDDDDDEDEDFE0E0E1E1E2E2E3E3E4E542
:10B90000E5E6E6E7E7E8E8E9EAEAEBEBECECEDEDA3
:10B91000EEEEEFF0F0F1F1F2F2F3F3F4F4F5F5F608
:10B92000F6F7F7F8F8F9F9FAFAFBFBFCFCFDFDFE77
:10B93000FEFF3643F4631EE9B0279CB73A67B55162
:10B940003FF39621F4A903D4BC0088960050AF4C75
:10B950004AC38B39DCCD3BEBFF07C1FF0098FF22C8
:10B9600057FF4855798B7D609E9E9E5053EF7373B1
:10B97000E59A9AEFD2CDFFEEEBFF7A40EC9262F0BF
:10B98000B18FF4D0BBF8ECE4FCBC47ABC868BAD8C4
:10B9900093CEE7BEE1F5E5F3C2577ECD7595DB9D0D
:10B9A000B3E9C4D1F6E7EDC06B5CCB8679DAA89F2A
:10B9B000E9CAC5F6EAE8F5A542F6B564F9CA90FB0E
:10B9C000DEBBFDF2E3F6B629F7C34FFAD481FCE5FE
:10B9D000B3FEF5E1DAC626E1D04DEADE80F2EBB245
:10B9E000FAF7E09AA626ACB64DC4CB80DBDFB2F105
:10B9F000F2E06ABB6684C781A7D6A5C9E6C8E9F5A7
:10BA0000E865CC9C81D5AEA5E1C5C8EDDCE9F8F1CF
:10BA100057E1D475E7DC9CEEE6C3F4F0E7FBF95898
:10BA2000EEFF76F1FF9DF5FFC4F9FFE7FDFF28CAA1
:10BA3000FF4FD5FF82E0FFB3ECFFE1F8FF26A7FF41
:10BA40004DB7FF80CCFFB2E0FFE0F3FF4370FF652E
:10BA50008AFF91ABFFBCCCFFE7E9FB636E8D7F886B
:10BA6000A1A4AABCC8CCD7E9EBEF9C9078AEA49077
:10BA7000C5BEB0DCD8CFF1EFECBDBDBDE0E0E0EE7F
:10BA8000EEEEF5F5F5FAFAFA3539E52F2FD3282839
:10BA9000C61C1CB7601BD85B18C25714AD4F0E886C
:10BAA000AA248EA21F7B9A1B6A8C144AB1355EA809
:10BAB0002D51A02745921B31AB49399F3F3093351B
:10BAC000287E231AE5881ED27619C06515A1470D78
:10BAD000E59B03D18802BD77029B5701C1AC00A74B
:10BAE00097008F83006460007B89006B79005C693C
:10BAF00000404D0047A0433C8E38327D2E205E1B17
:10BB000042B37C389F682F8B551E693333CAC02BD4
:10BB1000B4AF249D9E17778235D8FD2DC0FB25A894
:10BB2000F9177FF500B3FF00A0FF008FFF006FFF44
:10BB3000008CFB007CF5006CEF0051E61E51F419FF
:10BB40004AE61543D80C36BF414C6D37405D2E3464
:10BB50004E23273E7A6E54645A454F473738322673
:10BB60007575756161614242422121216C765F7277
:10BB7000625F696E6974006C765F72625F696E7392
:10BB8000657274006C765F72625F66696E64006CE9
:10BB9000765F72625F72656D6F7665006C765F725C
:10BBA000625F64726F705F6E6F6465006C765F7267
:10BBB000625F64726F70006C765F72625F6465735F
:10BBC00074726F79006C765F72625F6D696E696D19
:10BBD000756D006C765F72625F6D6178696D756D11
:10BBE0000072625F6372656174655F6E6F646500A9
:10BBF00072625F64656C6574655F636F6C6F720021
:10BC0000FFFFFF0000010000FF000000FF00000038
:10BC10000F000000C44D0408FFFFFF1F00010000DB
:10BC200000040402040404040404040000000000EE
:10BC300006060606060604000606060600000000C4
:10BC400000000000000000050200000000000000ED
:10BC500004000000000000000200020202000200D6
:10BC600002020200000000000200000000000000CC
:10BC700002000000000000000101050505010500AB
:10BC8000100101000000001022220C0C32323200A0
:10BC90000032321000000000000000000004040424
:10BCA000040404040404040404040404006C765F23
:10BCB0007374796C655F72656769737465725F70C0
:10BCC000726F70006C765F7374796C655F72656D0E
:10BCD0006F76655F70726F70006C765F7374796CED
:10BCE000655F7365745F70726F7000000514030800
:10BCF000D1120308411203086C765F746578745F93
:10BD00007365745F746578745F76666D74000000A7
:10BD1000BD110308BD13030879120308A512030817
:10BD20006C765F74696D65725F63726561746500DE
:10BD30006C765F74696D65725F7365745F636200D2
:10BD40006C765F74696D65725F7061757365006CA8
:10BD5000765F74696D65725F726573756D65006C91
:10BD6000765F74696D65725F7365745F7065726923
:10BD70006F64006C765F74696D65725F7265616493
:10BD800079006C765F74696D65725F7365745F725C
:10BD900065706561745F636F756E74006C765F7457
:10BDA000696D65725F7365745F6175746F5F6465FB
:10BDB0006C657465006C765F74696D65725F736540
:10BDC000745F757365725F64617461006C765F7433
:10BDD000696D65725F7265736574006C765F73750B
:10BDE000626A6563745F6164645F6F6273657276D3
:10BDF00065725F6F626A006C765F7375626A656315
:10BE0000745F6164645F6F627365727665725F7799
:10BE10006974685F746172676574006C765F6F62E5
:10BE20007365727665725F72656D6F7665006C76AC
:10BE30005F6F627365727665725F6765745F746168
:10BE400072676574006C765F7375626A6563745FB0
:10BE50006E6F74696679006C765F6F627365727677
:10BE600065725F6765745F757365725F6461746145
:10BE7000006C765F6D656D5F696E6974006C765FEE
:10BE80006D656D5F6164645F706F6F6C00626C6F95
:10BE9000636B5F7072657600626C6F636B5F6E657B
:10BEA000787400616C69676E5F757000616C6967BA
:10BEB0006E5F646F776E00616C69676E5F7074723D
:10BEC000007365617263685F7375697461626C6544
:10BED0005F626C6F636B0072656D6F76655F667233
:10BEE00065655F626C6F636B00696E736572745F2A
:10BEF000667265655F626C6F636B00626C6F636B2B
:10BF00005F73706C697400626C6F636B5F61627306
:10BF10006F726200626C6F636B5F6D657267655F05
:10BF20007072657600626C6F636B5F6D65726765DA
:10BF30005F6E65787400626C6F636B5F7472696DBD
:10BF40005F6672656500626C6F636B5F7472696DCA
:10BF50005F7573656400626C6F636B5F6C6F6361C8
:10BF600074655F6672656500626C6F636B5F7072AB
:10BF700065706172655F7573656400696E7465678D
:10BF8000726974795F77616C6B6572006C765F744F
:10BF90006C73665F636865636B0064656661756C8E
:10BFA000745F77616C6B6572006C765F746C73663E
:10BFB0005F6164645F706F6F6C006C765F746C734C
:10BFC000665F72656D6F76655F706F6F6C006C7623
:10BFD0005F746C73665F637265617465006C765F35
:10BFE000746C73665F6D656D616C69676E006C760D
:10BFF0005F746C73665F66726565006C765F746C07
:10C0000073665F7265616C6C6F63006C765F7265FE
:10C01000616C6C6F63001D1C68696B6A6E6C6D628D
:10C02000610000002CE60308A5A000080000000045
:10C0300015A10008000000008CD3040800000000D7
:10C0400000000000010600006C765F6172635F61B2
:10C050006C69676E5F6F626A5F746F5F616E676C59
:10C0600065006C765F6172635F726F746174655FA7
:10C070006F626A5F746F5F616E676C6500000000DD
:10C080002CE60308FBB6000853B7000871B7000898
:10C090000000000090D30408C60000000900000062
:10C0A000400700002CE6030871C2000800000000F1
:10C0B000000000000000000094D30408FFFFFF3FD1
:10C0C000FFFFFF3FC40200009CD30408A4D3040870
:10C0D000ACD3040898D30408B4D30408BCD3040830
:10C0E000D0D304082CE60308F1C2000829C30008D5
:10C0F00041C3000800000000C4D30408C6000000CB
:10C100006300000085040000616C6C6F63617465FE
:10C110005F627574746F6E5F61726561735F616E8B
:10C12000645F636F6E74726F6C7300002CE60308BB
:10C1300045D80008000000000000000000000000DA
:10C14000E8D304089400000094000000C4460000F6
:10C150006C765F63616C656E6461725F7365745F5A
:10C16000686967686C6967687465645F6461746551
:10C17000730000002CE6030855410308000000008E
:10C18000000000000000000048D404086400002003
:10C1900021000000000000006D6F6E74685F65761E
:10C1A000656E745F63620076616C75655F6368617C
:10C1B0006E6765645F6576656E745F63620000003C
:10C1C0002CE60308354203080000000000000000D0
:10C1D0000000000018D7040864000020FFFFFF3FA4
:10C1E000000000002CE60308E9DB00083DDC000845
:10C1F000BDDC00080000000034D704086400002003
:10C20000C6000000800700006C765F63686172748E
:10C210005F7365745F74797065006C765F636861E5
:10C2200072745F6765745F785F73746172745F7056
:10C230006F696E74006C765F63686172745F6765C6
:10C24000745F706F696E745F706F735F62795F693E
:10C2500064006C765F63686172745F6164645F73CD
:10C260006572696573006C765F63686172745F7292
:10C27000656D6F76655F736572696573006C765F77
:10C2800063686172745F686964655F73657269652C
:10C2900073006C765F63686172745F7365745F735B
:10C2A00065726965735F636F6C6F72006C765F6354
:10C2B000686172745F6765745F7365726965735FE7
:10C2C000636F6C6F72006C765F63686172745F732A
:10C2D00065745F785F73746172745F706F696E7498
:10C2E000006C765F63686172745F6164645F63753C
:10C2F00072736F72006C765F63686172745F7365EE
:10C30000745F637572736F725F706F73006C765FCA
:10C3100063686172745F7365745F637572736F7263
:10C320005F706F696E74006C765F63686172745FD2
:10C330006765745F637572736F725F706F696E7437
:10C34000006C765F63686172745F7365745F616CC3
:10C350006C5F76616C7565006C765F6368617274A2
:10C360005F7365745F6E6578745F76616C75650088
:10C370006C765F63686172745F7365745F6E657815
:10C38000745F76616C756532006C765F63686172AC
:10C39000745F7365745F76616C75655F62795F6900
:10C3A00064006C765F63686172745F7365745F7656
:10C3B000616C75655F62795F696432006C765F639A
:10C3C000686172745F7365745F6578745F795F61CB
:10C3D00072726179006C765F63686172745F736515
:10C3E000745F6578745F785F6172726179006C76F2
:10C3F0005F63686172745F6765745F795F617272B1
:10C400006179006C765F63686172745F6765745F01
:10C41000785F6172726179006E65775F706F696EC7
:10C4200074735F616C6C6F63000000002CE603089E
:10C4300071EC0008B1EC0008CDEC00080000000031
:10C440003CD70408FFFFFF3FFFFFFF3F440300000E
:10C450006C765F636865636B626F785F7365745F4A
:10C4600074657874000000002CE6030871E601088A
:10C4700061E7010889E701080000000028D70408E7
:10C4800063000000FFFFFF3F050500002CE60308E6
:10C49000C3F30108F5F30108B9EC0108000000003E
:10C4A00048D704080000000000000000000300005E
:10C4B0006C765F64726F70646F776E5F7365745FC4
:10C4C0006F7074696F6E73006C765F64726F706406
:10C4D0006F776E5F7365745F6F7074696F6E735F93
:10C4E000737461746963006C765F64726F70646FFB
:10C4F000776E5F6164645F6F7074696F6E000000D7
:10C500002CE60308450E02083112020859120208EF
:10C510000000000058D70408FFFFFF3FFFFFFF3F68
:10C52000C00500006C765F696D6167655F73657457
:10C530005F73726300000000E4C00408D136020893
:10C5400000000000000000000000000060D70408A8
:10C5500064000020320000200105000070D70408AC
:10C56000C8D704085CD404089CD70408CCD70408B6
:10C5700024D90408E0D70408D4D70408ACD70408A9
:10C58000C0D70408C4D70408F4D7040898D3040813
:10C5900084D704088CD70408D0D7040898D7040897
:10C5A000A0D70408A4D70408A8D70408B0D7040863
:10C5B000B4D7040810D40408FCD7040898D304089E
:10C5C00088D7040878D70408E4D70408DCD704081F
:10C5D00094D70408D8D7040890D70408BCD7040817
:10C5E000B8D704087CD7040874D7040880D7040897
:10C5F00098D30408F8D70408ECD704086CD70408CB
:10C60000F0D70408E8D70408D0D3040825030404AD
:10C6100004040404040404040404040404040404DA
:10C6200004040701260303040304030403040304AE
:10C6300003040304030403040701010501050104C5
:10C6400001040104010401040104010401050105C0
:10C6500001052203020106000201220370D704082B
:10C6600040D8040858D8040810D8040844D804084E
:10C670004CD8040860D8040850D8040820D804080E
:10C6800038D804083CD80408F4D7040898D3040820
:10C6900068D8040800D8040848D804080CD804084E
:10C6A00014D8040818D804081CD8040824D804088E
:10C6B00028D804082CD80408FCD7040898D3040808
:10C6C00088D7040878D7040864D804085CD804081C
:10C6D00008D8040854D8040804D8040834D8040836
:10C6E00030D804087CD7040874D7040880D704081D
:10C6F00098D304086CD80408ECD704086CD7040855
:10C70000F0D70408E8D70408D0D3040825030404AC
:10C7100004040404040404040404040404040404D9
:10C7200004040701260303040304030403040304AD
:10C7300003040304030403040701010501050104C4
:10C7400001040104010401040104010401050105BF
:10C75000010522030201060002012203A0D80408F9
:10C76000A4D80408A8D80408ACD80408B0D8040891
:10C77000B4D80408B8D80408BCD80408C0D8040841
:10C780009CD80408F4D7040898D3040868D804088F
:10C7900094D8040880D8040898D8040890D80408CD
:10C7A000CCD804087CD8040870D80408D4D804086D
:10C7B00074D80408C8D80408D0D8040898D304084A
:10C7C000E0D80408D8D8040878D8040888D8040821
:10C7D0008CD80408E8D80408ECD80408DCD804088D
:10C7E000E4D80408C4D8040888D3040884D804080A
:10C7F00098D30408F8D70408ECD704086CD70408C9
:10C80000F0D70408E8D70408D0D3040801040104D1
:10C8100001040104010401040104010401040104F0
:10C8200002012203010401040104010401040104C2
:10C8300001040104010401040104010401040104D0
:10C8400001040104010401040104010401040104C0
:10C85000010422030201060002012203A0D80408F9
:10C86000A4D80408A8D80408F8D7040898D3040862
:10C87000ACD80408B0D80408B4D80408E8D7040831
:10C8800098D30408B8D80408BCD80408C0D8040851
:10C89000F4D7040898D30408F0D804089CD80408F6
:10C8A0007CD70408ECD70408F0D70408D0D30408D8
:10C8B0000100010001002203010001000100220328
:10C8C000010001000100020001000100010001005F
:10C8D000010000002CE60308F9390208793A020841
:10C8E000B13A020800000000F4D80408FFFFFF3F3F
:10C8F000FFFFFF3F000600006C765F6C6162656CB5
:10C900005F7365745F74657874006C765F6C6162E8
:10C91000656C5F7365745F746578745F666D7400D1
:10C920006C765F6C6162656C5F6765745F6C657483
:10C930007465725F706F73006C765F6C6162656CBA
:10C940005F6765745F6C65747465725F6F6E006CB1
:10C95000765F6C6162656C5F69735F636861725F6B
:10C96000756E6465725F706F73006C765F6C616288
:10C97000656C5F696E735F74657874006C765F6C6C
:10C980006162656C5F7365745F646F745F746D7012
:10C99000000000002CE603085150020800000000CF
:10C9A0008D50020800000000FCD8040813000000AD
:10C9B00013000000000300002CE603089353020854
:10C9C00000000000C15302080000000000D9040864
:10C9D000FFFFFF3FFFFFFF3F800300002CE603083F
:10C9E0000000000000000000000000000000000047
:10C9F00014D9040894000000C600000000000000E4
:10CA0000A4C00408000000000000000000000000B6
:10CA10000000000008D9040864000020FFFFFF3F69
:10CA200000000000D4C8040800000000000000005E
:10CA300000000000000000001CD904086400002071
:10CA4000FFFFFF3F000000002CE603080D60020816
:10CA50006D610208000000000000000060D90408B9
:10CA600094000000C6000000C00600002CE6030889
:10CA700075610208A96102080000000000000000C2
:10CA800028D9040864000020FFFFFF3F4003000096
:10CA90002CE60308496102080000000000000000C5
:10CAA0000000000054D9040864000020FFFFFF3F8D
:10CAB000000000002CE60308C76102080000000027
:10CAC000000000000000000034D9040864000020C9
:10CAD000FFFFFF3F000000002CE6030800000000FD
:10CAE00000000000000000000000000044D904081D
:10CAF000FFFFFF3FFFFFFF3F000000002CE60308A1
:10CB00000000000000000000000000000000000025
:10CB10000000000000000000000000000000000015
:10CB20002CE60308000000000000000000000000E8
:10CB300000000000000000000000000000000000F5
:10CB4000000000002CE603080000000000000000C8
:10CB500000000000000000000000000000000000D5
:10CB600000000000000000002CE6030800000000A8
:10CB700000000000000000000000000000000000B5
:10CB80000000000000000000000000006C765F6DF7
:10CB9000656E755F7365745F70616765006C765F65
:10CBA0006D656E755F7365745F706167655F7469ED
:10CBB000746C65002CE60308000000000000000013
:10CBC0000000000000000000D8D90408C6000000E2
:10CBD000FFFFFF3FC00300002CE603080000000039
:10CBE000000000000000000000000000A8D90408B8
:10CBF0006400002021000000C00200002CE60308B1
:10CC00000000000000000000000000000000000024
:10CC1000C8D9040864000020FFFFFF3FC0020000E5
:10CC20002CE60308000000000000000000000000E7
:10CC300000000000B8D904086400002021000000B2
:10CC4000C00200002CE60308000000000000000005
:10CC5000000000000000000080D90408FFFFFF3F33
:10CC600064000020C40200002CE60308000000005D
:10CC700000000000000000000000000068D9040867
:10CC80002100000064000020C40200002CE603081C
:10CC90000000000000000000000000000000000094
:10CCA00098D904086400002064000020C00200003D
:10CCB0006C765F6D7367626F785F637265617465D0
:10CCC000006C765F6D7367626F785F6164645F7438
:10CCD00069746C65006C765F6D7367626F785F6115
:10CCE00064645F6865616465725F627574746F6EB9
:10CCF000006C765F6D7367626F785F6164645F6616
:10CD00006F6F7465725F627574746F6E00000000FF
:10CD10002CE6030891CF02080000000009D00208A9
:10CD200000000000F0D90408FFFFFF3F630000008F
:10CD300005040000D4C80408000000000000000042
:10CD400081D7020800000000E0D9040800000000BC
:10CD500000000000000600006C765F726F6C6C656E
:10CD6000725F7365745F6F7074696F6E730000003B
:10CD70002CE60308B7DB020815DC020849DC0208D0
:10CD800000000000F8D904080000000000000000C6
:10CD9000410600006C765F7363616C655F73657458
:10CDA0005F6C696E655F6E6565646C655F76616C0E
:10CDB0007565006C765F7363616C655F6164645F69
:10CDC00073656374696F6E0080C0040809E402082B
:10CDD000000000008DE402080000000000DA0408F2
:10CDE0000000000000000000450A00002CE60308D7
:10CDF00075EB0208A3EB0208F1EB0208000000004B
:10CE000008DA0408FFFFFF3FFFFFFF3FC0040000F8
:10CE10006C765F7370616E5F737461636B5F696E74
:10CE20006974006C765F7370616E67726F75705FA6
:10CE30006E65775F7370616E006C765F7370616EA4
:10CE40005F7365745F74657874006C765F736E6988
:10CE5000707065745F70757368007370616E5F7475
:10CE60006578745F636865636B000000D4CF040865
:10CE700015F202080000000069F20208000000003C
:10CE80005CDA040863000000000000008108000074
:10CE900024C0040815F7020800000000000000008C
:10CEA0000000000064DA0408000000000000000038
:10CEB000000000002CE60308250103084D010308CB
:10CEC00055010308000000006CDA04082700000088
:10CED00017000000040300002CE6030841050308C6
:10CEE0007D050308E90503080000000074DA040862
:10CEF000FFFFFF3FFFFFFF3F850400006C765F747C
:10CF000061626C655F7365745F63656C6C5F7661AD
:10CF10006C7565006C765F7461626C655F736574D7
:10CF20005F63656C6C5F76616C75655F666D7400E0
:10CF30006C765F7461626C655F7365745F726F7746
:10CF40005F636F756E74006C765F7461626C655FB1
:10CF50007365745F636F6C756D6E5F636F756E7410
:10CF6000006C765F7461626C655F6164645F6365C9
:10CF70006C6C5F6374726C006C765F7461626C657C
:10CF80005F636C6561725F63656C6C5F6374726C28
:10CF9000006C765F7461626C655F7365745F636576
:10CFA0006C6C5F757365725F646174610000000092
:10CFB0002CE60308D1080308000000003509030827
:10CFC000000000007CDA04086400002064000020F7
:10CFD000400300002CE603086D1803085D1A0308DF
:10CFE000891A03080000000084DA0408C600000063
:10CFF00063000000450700006C765F74657874611B
:10D000007265615F6164645F63686172006C765F22
:10D0100074657874617265615F6164645F7465787A
:10D0200074006C765F74657874617265615F6465C5
:10D030006C6574655F63686172006C765F746578B7
:10D0400074617265615F7365745F74657874006C98
:10D05000765F74657874617265615F7365745F7023
:10D060006C616365686F6C6465725F746578740089
:10D070006C765F74657874617265615F7365745F07
:10D0800070617373776F72645F6D6F6465006C7647
:10D090005F74657874617265615F7365745F7061F8
:10D0A0007373776F72645F62756C6C6574000000F7
:10D0B0002CE60308412503080000000000000000E2
:10D0C0000000000098DA04080000000000000000E2
:10D0D000000300002CE6030881250308000000007F
:10D0E000000000000000000090DA040800000000CA
:10D0F00000000000000300002CE60308E93D0308DF
:10D10000000000000000000000000000A4DA040895
:10D110006400002064000020C00200006F626A000A
:10D1200041737365727465642061742065787072F0
:10D13000657373696F6E3A202573202573206D6FB8
:10D1400064652072657175697265732073637265B9
:10D15000656E2073697A65642062756666657228FB
:10D160007329000049742773206120626967206574
:10D170006E6469616E2073797374656D2062757475
:10D18000204C565F4249475F454E4449414E5F53EC
:10D19000595354454D206973206E6F7420656E613C
:10D1A000626C656420696E206C765F636F6E662EBC
:10D1B0006800000054726163650000005761726E80
:10D1C00000000000496E666F000000005573657234
:10D1D000000000004572726F7200000021626C6FE7
:10D1E000636B5F69735F6672656528626C6F636B02
:10D1F0005F6E65787428626C6F636B292920262620
:10D200002022626C6F636B732073686F756C64208F
:10D210006861766520636F616C6573636564220085
:10D22000626C6F636B5F73697A652872656D6169A3
:10D230006E696E6729203E3D20626C6F636B5F7381
:10D24000697A655F6D696E2026262022626C6F63A5
:10D250006B2073706C6974207769746820696E76CE
:10D26000616C69642073697A65220000626C6F6387
:10D270006B5F69735F6672656528707265762920D9
:10D28000262620227072657620626C6F636B20699F
:10D2900073206E6F7420667265652074686F7567A1
:10D2A00068206D61726B65642061732073756368BB
:10D2B00022000000626C6F636B5F746F5F7074724A
:10D2C0002872656D61696E696E6729203D3D206138
:10D2D0006C69676E5F70747228626C6F636B5F74E9
:10D2E0006F5F7074722872656D61696E696E67290F
:10D2F0002C20414C49474E5F53495A452920262648
:10D30000202272656D61696E696E6720626C6F6361
:10D310006B206E6F7420616C69676E65642070723B
:10D320006F7065726C792200626C6F636B5F746FF3
:10D330005F70747228626C6F636B29203D3D2061C1
:10D340006C69676E5F70747228626C6F636B5F7478
:10D350006F5F70747228626C6F636B292C20414C74
:10D3600049474E5F53495A45292026262022626CA0
:10D370006F636B206E6F7420616C69676E656420EB
:10D3800070726F7065726C792200000061726300C8
:10D390006261720062746E000A00000042746E31B5
:10D3A0000000000042746E320000000042746E33D0
:10D3B0000000000042746E340000000042746E35BC
:10D3C0000000000062746E6D617472697800000084
:10D3D0000000000053610000576500005468000021
:10D3E0004D6F00004672000063616C656E6461728F
:10D3F0000000000053750000547500004A756E650A
:10D40000000000004D6172636800000041707269A5
:10D410006C000000446563656D6265720000000089
:10D4200053657074656D6265720000004E6F7665BD
:10D430006D626572000000004F63746F6265720078
:10D44000417567757374000063616C656E64617229
:10D450002D6865616465722D6172726F77000000DE
:10D460004D6179004A756C79000000004A616E7563
:10D470006172790046656272756172790000000020
:10D48000323032350A323032340A323032330A32F4
:10D490003032320A323032310A323032300A3230EF
:10D4A00031390A323031380A323031370A323031CC
:10D4B000360A323031350A323031340A32303133C3
:10D4C0000A323031320A323031310A323031300AE8
:10D4D000323030390A323030380A323030370A329E
:10D4E0003030360A323030350A323030340A323099
:10D4F00030330A323030320A323030310A32303092
:10D50000300A313939390A313939380A313939373C
:10D510000A313939360A313939350A313939340A5B
:10D52000313939330A313939320A313939310A312D
:10D530003939300A313938390A313938380A31390C
:10D5400038370A313938360A313938350A313938FD
:10D55000340A313938330A313938320A31393831FD
:10D560000A313938300A313937390A313937380A0E
:10D57000313937370A313937360A313937350A31D7
:10D580003937340A313937330A313937320A3139C8
:10D5900037310A313937300A313936390A313936BB
:10D5A000380A313936370A313936360A31393635A3
:10D5B0000A313936340A313936330A313936320ACA
:10D5C000313936310A313936300A313935390A3193
:10D5D0003935380A313935370A313935360A313972
:10D5E00035350A313935340A313935330A3139356F
:10D5F000320A313935310A313935300A3139343965
:10D600000A313934380A313934370A313934360A73
:10D61000313934350A313934340A313934330A3145
:10D620003934320A313934310A313934300A313936
:10D6300033390A313933380A313933370A3139331A
:10D64000360A313933350A313933340A3139333313
:10D650000A313933320A313933310A313933300A38
:10D66000313932390A313932380A313932370A31EF
:10D670003932360A313932350A313932340A3139E0
:10D6800032330A313932320A313932310A313932E0
:10D69000300A313931390A313931380A31393137C3
:10D6A0000A313931360A313931350A313931340AE2
:10D6B000313931330A313931320A313931310A31B4
:10D6C0003931300A313930390A313930380A313993
:10D6D00030370A313930360A313930350A3139308C
:10D6E000340A313930330A313930320A3139303184
:10D6F0000000000030310A30320A30330A30340A78
:10D7000030350A30360A30370A30380A30390A31B3
:10D71000300A31310A31320063616C656E646172C6
:10D720002D6865616465722D64726F70646F776EC9
:10D730000000000063686172740000006368656344
:10D740006B626F780000000064726F70646F776EB8
:10D750002D6C697374000000696D616765000000DD
:10D760006B6579626F617264000000002000000048
:10D77000312300002C0000002D0000002E000000CE
:10D780003A000000414243005F00000061000000D9
:10D7900062000000630000006400000065000000FB
:10D7A00066000000670000006800000069000000DB
:10D7B0006A0000006B0000006D0000006E000000B9
:10D7C0006F00000070000000710000007200000097
:10D7D0007300000075000000760000007800000073
:10D7E000790000007A000000EF808C00EF81930048
:10D7F000EF819400EF959A00EF849C00EFA2A200C5
:10D80000410000004200000043000000440000000E
:10D8100045000000460000004700000048000000EE
:10D82000490000004A0000004B0000004C000000CE
:10D830004D0000004E0000004F00000050000000AE
:10D84000510000005200000053000000540000008E
:10D85000550000005600000057000000580000006E
:10D86000590000005A00000061626300EF808D00E3
:10D87000210000002300000024000000250000001B
:10D8800026000000270000002800000029000000FA
:10D890002A0000002B0000002F00000030000000D4
:10D8A00031000000320000003300000034000000AE
:10D8B000350000003600000037000000380000008E
:10D8C000390000003B0000003C0000003D0000006B
:10D8D0003E0000003F000000400000005B00000030
:10D8E0005C0000005D0000007B0000007D00000087
:10D8F0002B2F2D006C6162656C0000006C6564006C
:10D900006C696E65000000006C6973742D62746E42
:10D91000000000006C697374000000006C6973748F
:10D920002D746578740000006D656E752D706167EB
:10D93000650000006D656E752D73656374696F6EAB
:10D94000000000006D656E752D7365706172617405
:10D950006F7200006D656E752D636F6E7400000050
:10D960006D656E75000000006D7367626F782D68DD
:10D9700065616465722D627574746F6E00000000DD
:10D980006D7367626F782D666F6F7465722D627547
:10D9900074746F6E000000006D7367626F782D62A3
:10D9A00061636B64726F70006D7367626F782D686E
:10D9B00065616465720000006D7367626F782D6643
:10D9C0006F6F7465720000006D7367626F782D630E
:10D9D0006F6E74656E7400006D7367626F7800001F
:10D9E000726F6C6C65722D6C6162656C000000007A
:10D9F000726F6C6C657200007363616C650000008F
:10DA0000736C6964657200007370616E00000000E1
:10DA10007370616E206472617720737461636B2030
:10DA20006F766572666C6F772C20706C65617365BC
:10DA300020736574204C565F5350414E5F534E49DE
:10DA4000505045545F535441434B5F53495A45200E
:10DA5000746F6F206C617267657200007370696E1D
:10DA6000626F78007370696E6E65720073776974A7
:10DA7000636800007461626C650000007461627626
:10DA800069657700746578746172656100000000F3
:10DA900074696C650000000074696C65766965776F
:10DAA0000000000077696E00C8DA0408000000205A
:10DAB0002C010000D00200084CDB04082C010020DF
:10DAC000FC85000020230008C132018210033F12B0
:10DAD0007A12F01A40511EB4D10408C4041ABC04CE
:10DAE0001AD4041ACC041EF4D30408E0041AF8046F
:10DAF0001AD8041ADC041AE4041AD4041E6CD404E0
:10DB00000874041A04041A0C041A60041AFC181A83
:10DB100064081A40041A20041A38041A2C041A142F
:10DB2000041EF4D6040880081B5CC5041AC6041A37
:10DB3000C7045AC8109904811A0C241A0C241A0C10
:0CDB4000241AB00439109904C119BFD197
:0400000508000131BD
:00000001FF
